ISO-10303-21;
HEADER;
FILE_DESCRIPTION((''),'2;1');
FILE_NAME('MOUNTINGCLIP','2026-08-08T18:58:56',('Julian'),(''),
'CREO PARAMETRIC BY PTC INC, 2025102','CREO PARAMETRIC BY PTC INC, 2025102','');
FILE_SCHEMA(('CONFIG_CONTROL_DESIGN'));
ENDSEC;
DATA;
#1=CARTESIAN_POINT('',(-1.6E0,1.482502267295E1,1.3E0));
#2=DIRECTION('',(0.E0,1.E0,0.E0));
#3=DIRECTION('',(-1.E0,0.E0,0.E0));
#4=AXIS2_PLACEMENT_3D('',#1,#2,#3);
#6=DIRECTION('',(0.E0,0.E0,-1.E0));
#7=VECTOR('',#6,8.956161492299E-1);
#8=CARTESIAN_POINT('',(-1.8E0,1.68E1,8.956161492299E-1));
#9=LINE('',#8,#7);
#10=CARTESIAN_POINT('',(-1.8E0,1.67E1,8.956161492299E-1));
#11=DIRECTION('',(-1.E0,0.E0,0.E0));
#12=DIRECTION('',(0.E0,1.736481776669E-1,9.848077530122E-1));
#13=AXIS2_PLACEMENT_3D('',#10,#11,#12);
#15=DIRECTION('',(0.E0,9.848077530122E-1,-1.736481776669E-1));
#16=VECTOR('',#15,1.604146007366E0);
#17=CARTESIAN_POINT('',(-1.8E0,1.513758939275E1,1.272653955422E0));
#18=LINE('',#17,#16);
#19=CARTESIAN_POINT('',(-1.8E0,1.482502267295E1,-5.E-1));
#20=DIRECTION('',(-1.E0,0.E0,0.E0));
#21=DIRECTION('',(0.E0,0.E0,1.E0));
#22=AXIS2_PLACEMENT_3D('',#19,#20,#21);
#24=DIRECTION('',(0.E0,1.E0,0.E0));
#25=VECTOR('',#24,2.965004534590E1);
#26=CARTESIAN_POINT('',(-1.8E0,-1.482502267295E1,1.3E0));
#27=LINE('',#26,#25);
#28=CARTESIAN_POINT('',(-1.8E0,-1.482502267295E1,-5.E-1));
#29=DIRECTION('',(-1.E0,0.E0,0.E0));
#30=DIRECTION('',(0.E0,-1.736481776669E-1,9.848077530122E-1));
#31=AXIS2_PLACEMENT_3D('',#28,#29,#30);
#33=DIRECTION('',(0.E0,9.848077530122E-1,1.736481776669E-1));
#34=VECTOR('',#33,1.604146007366E0);
#35=CARTESIAN_POINT('',(-1.8E0,-1.671736481777E1,9.940969245311E-1));
#36=LINE('',#35,#34);
#37=CARTESIAN_POINT('',(-1.8E0,-1.67E1,8.956161492299E-1));
#38=DIRECTION('',(-1.E0,0.E0,0.E0));
#39=DIRECTION('',(0.E0,-1.E0,0.E0));
#40=AXIS2_PLACEMENT_3D('',#37,#38,#39);
#42=DIRECTION('',(0.E0,0.E0,1.E0));
#43=VECTOR('',#42,8.956161492299E-1);
#44=CARTESIAN_POINT('',(-1.8E0,-1.68E1,0.E0));
#45=LINE('',#44,#43);
#46=CARTESIAN_POINT('',(-1.6E0,1.68E1,8.956161492299E-1));
#47=DIRECTION('',(0.E0,0.E0,-1.E0));
#48=DIRECTION('',(-1.E0,-1.776356839400E-14,0.E0));
#49=AXIS2_PLACEMENT_3D('',#46,#47,#48);
#51=DIRECTION('',(0.E0,0.E0,-1.E0));
#52=VECTOR('',#51,8.956161495229E-1);
#53=CARTESIAN_POINT('',(-1.6E0,1.7E1,8.956161495229E-1));
#54=LINE('',#53,#52);
#55=DIRECTION('',(0.E0,0.E0,1.E0));
#56=VECTOR('',#55,8.956161495089E-1);
#57=CARTESIAN_POINT('',(1.6E0,1.7E1,0.E0));
#58=LINE('',#57,#56);
#59=DIRECTION('',(1.E0,0.E0,-4.360192762398E-12));
#60=VECTOR('',#59,3.2E0);
#61=CARTESIAN_POINT('',(-1.6E0,1.7E1,8.956161495229E-1));
#62=LINE('',#61,#60);
#63=CARTESIAN_POINT('',(-1.6E0,1.68E1,0.E0));
#64=DIRECTION('',(0.E0,0.E0,-1.E0));
#65=DIRECTION('',(-1.E0,-1.776356839400E-14,0.E0));
#66=AXIS2_PLACEMENT_3D('',#63,#64,#65);
#68=DIRECTION('',(0.E0,-1.E0,0.E0));
#69=VECTOR('',#68,3.36E1);
#70=CARTESIAN_POINT('',(-1.8E0,1.68E1,0.E0));
#71=LINE('',#70,#69);
#72=CARTESIAN_POINT('',(-1.6E0,-1.68E1,0.E0));
#73=DIRECTION('',(0.E0,0.E0,-1.E0));
#74=DIRECTION('',(0.E0,-1.E0,0.E0));
#75=AXIS2_PLACEMENT_3D('',#72,#73,#74);
#77=DIRECTION('',(1.E0,0.E0,0.E0));
#78=VECTOR('',#77,3.2E0);
#79=CARTESIAN_POINT('',(-1.6E0,-1.7E1,0.E0));
#80=LINE('',#79,#78);
#81=CARTESIAN_POINT('',(1.6E0,-1.68E1,0.E0));
#82=DIRECTION('',(0.E0,0.E0,-1.E0));
#83=DIRECTION('',(1.E0,1.776356839400E-14,0.E0));
#84=AXIS2_PLACEMENT_3D('',#81,#82,#83);
#86=DIRECTION('',(0.E0,1.E0,0.E0));
#87=VECTOR('',#86,3.36E1);
#88=CARTESIAN_POINT('',(1.8E0,-1.68E1,0.E0));
#89=LINE('',#88,#87);
#90=CARTESIAN_POINT('',(1.6E0,1.68E1,0.E0));
#91=DIRECTION('',(0.E0,0.E0,-1.E0));
#92=DIRECTION('',(0.E0,1.E0,0.E0));
#93=AXIS2_PLACEMENT_3D('',#90,#91,#92);
#95=DIRECTION('',(-1.E0,0.E0,0.E0));
#96=VECTOR('',#95,3.2E0);
#97=CARTESIAN_POINT('',(1.6E0,1.7E1,0.E0));
#98=LINE('',#97,#96);
#99=CARTESIAN_POINT('',(-1.6E0,-1.68E1,8.956161492299E-1));
#100=DIRECTION('',(0.E0,0.E0,1.E0));
#101=DIRECTION('',(-1.E0,0.E0,0.E0));
#102=AXIS2_PLACEMENT_3D('',#99,#100,#101);
#104=CARTESIAN_POINT('',(-1.6E0,-1.671736481777E1,9.940969245311E-1));
#105=DIRECTION('',(0.E0,9.848077530122E-1,1.736481776669E-1));
#106=DIRECTION('',(-1.E0,0.E0,0.E0));
#107=AXIS2_PLACEMENT_3D('',#104,#105,#106);
#109=CARTESIAN_POINT('',(-1.6E0,-1.513758939275E1,1.272653955422E0));
#110=DIRECTION('',(0.E0,9.848077530122E-1,1.736481776669E-1));
#111=DIRECTION('',(-1.E0,0.E0,0.E0));
#112=AXIS2_PLACEMENT_3D('',#109,#110,#111);
#114=CARTESIAN_POINT('',(-1.6E0,-1.482502267295E1,1.3E0));
#115=DIRECTION('',(0.E0,1.E0,0.E0));
#116=DIRECTION('',(-1.E0,0.E0,0.E0));
#117=AXIS2_PLACEMENT_3D('',#114,#115,#116);
#119=DIRECTION('',(0.E0,1.E0,0.E0));
#120=VECTOR('',#119,2.965004534590E1);
#121=CARTESIAN_POINT('',(-1.6E0,-1.482502267295E1,1.5E0));
#122=LINE('',#121,#120);
#123=DIRECTION('',(-1.E0,0.E0,0.E0));
#124=VECTOR('',#123,3.2E0);
#125=CARTESIAN_POINT('',(1.6E0,1.482502267295E1,1.5E0));
#126=LINE('',#125,#124);
#127=DIRECTION('',(0.E0,-1.E0,0.E0));
#128=VECTOR('',#127,2.965004534590E1);
#129=CARTESIAN_POINT('',(1.6E0,1.482502267295E1,1.5E0));
#130=LINE('',#129,#128);
#131=DIRECTION('',(1.E0,0.E0,0.E0));
#132=VECTOR('',#131,3.2E0);
#133=CARTESIAN_POINT('',(-1.6E0,-1.482502267295E1,1.5E0));
#134=LINE('',#133,#132);
#135=CARTESIAN_POINT('',(-1.6E0,1.482502267295E1,-5.E-1));
#136=DIRECTION('',(-1.E0,0.E0,0.E0));
#137=DIRECTION('',(0.E0,0.E0,1.E0));
#138=AXIS2_PLACEMENT_3D('',#135,#136,#137);
#140=CARTESIAN_POINT('',(1.6E0,1.482502267295E1,-5.E-1));
#141=DIRECTION('',(1.E0,0.E0,0.E0));
#142=DIRECTION('',(0.E0,1.736481776669E-1,9.848077530122E-1));
#143=AXIS2_PLACEMENT_3D('',#140,#141,#142);
#145=DIRECTION('',(0.E0,9.848077530122E-1,-1.736481776669E-1));
#146=VECTOR('',#145,1.604146007357E0);
#147=CARTESIAN_POINT('',(-1.6E0,1.517231902828E1,1.469615506024E0));
#148=LINE('',#147,#146);
#149=DIRECTION('',(1.E0,-1.014943684652E-10,1.789617065651E-11));
#150=VECTOR('',#149,3.2E0);
#151=CARTESIAN_POINT('',(-1.6E0,1.675209445329E1,1.191058475135E0));
#152=LINE('',#151,#150);
#153=DIRECTION('',(0.E0,-9.848077530122E-1,1.736481776669E-1));
#154=VECTOR('',#153,1.604146007027E0);
#155=CARTESIAN_POINT('',(1.6E0,1.675209445297E1,1.191058475192E0));
#156=LINE('',#155,#154);
#157=DIRECTION('',(-1.E0,0.E0,0.E0));
#158=VECTOR('',#157,3.2E0);
#159=CARTESIAN_POINT('',(1.6E0,1.517231902828E1,1.469615506024E0));
#160=LINE('',#159,#158);
#161=CARTESIAN_POINT('',(-1.6E0,1.513758939275E1,1.272653955422E0));
#162=DIRECTION('',(0.E0,9.848077530122E-1,-1.736481776669E-1));
#163=DIRECTION('',(-1.E0,0.E0,0.E0));
#164=AXIS2_PLACEMENT_3D('',#161,#162,#163);
#166=CARTESIAN_POINT('',(-1.6E0,1.671736481777E1,9.940969245311E-1));
#167=DIRECTION('',(0.E0,9.848077530122E-1,-1.736481776669E-1));
#168=DIRECTION('',(-1.E0,0.E0,0.E0));
#169=AXIS2_PLACEMENT_3D('',#166,#167,#168);
#171=CARTESIAN_POINT('',(-1.6E0,1.67E1,8.956161492299E-1));
#172=DIRECTION('',(-1.E0,0.E0,0.E0));
#173=DIRECTION('',(0.E0,1.736481776669E-1,9.848077530122E-1));
#174=AXIS2_PLACEMENT_3D('',#171,#172,#173);
#176=CARTESIAN_POINT('',(1.6E0,1.67E1,8.956161492299E-1));
#177=DIRECTION('',(1.E0,0.E0,0.E0));
#178=DIRECTION('',(0.E0,1.E0,0.E0));
#179=AXIS2_PLACEMENT_3D('',#176,#177,#178);
#181=CARTESIAN_POINT('',(1.6E0,1.68E1,8.956161492299E-1));
#182=DIRECTION('',(0.E0,0.E0,1.E0));
#183=DIRECTION('',(1.E0,0.E0,0.E0));
#184=AXIS2_PLACEMENT_3D('',#181,#182,#183);
#186=DIRECTION('',(0.E0,0.E0,-1.E0));
#187=VECTOR('',#186,8.956161492299E-1);
#188=CARTESIAN_POINT('',(1.8E0,-1.68E1,8.956161492299E-1));
#189=LINE('',#188,#187);
#190=CARTESIAN_POINT('',(1.8E0,-1.67E1,8.956161492299E-1));
#191=DIRECTION('',(1.E0,0.E0,0.E0));
#192=DIRECTION('',(0.E0,-1.736481776675E-1,9.848077530121E-1));
#193=AXIS2_PLACEMENT_3D('',#190,#191,#192);
#195=DIRECTION('',(0.E0,-9.848077530122E-1,-1.736481776669E-1));
#196=VECTOR('',#195,1.604146007366E0);
#197=CARTESIAN_POINT('',(1.8E0,-1.513758939275E1,1.272653955422E0));
#198=LINE('',#197,#196);
#199=CARTESIAN_POINT('',(1.8E0,-1.482502267295E1,-5.E-1));
#200=DIRECTION('',(1.E0,0.E0,0.E0));
#201=DIRECTION('',(0.E0,-2.960594732334E-14,1.E0));
#202=AXIS2_PLACEMENT_3D('',#199,#200,#201);
#204=DIRECTION('',(0.E0,-1.E0,0.E0));
#205=VECTOR('',#204,2.965004534590E1);
#206=CARTESIAN_POINT('',(1.8E0,1.482502267295E1,1.3E0));
#207=LINE('',#206,#205);
#208=CARTESIAN_POINT('',(1.8E0,1.482502267295E1,-5.E-1));
#209=DIRECTION('',(1.E0,0.E0,0.E0));
#210=DIRECTION('',(0.E0,1.736481776669E-1,9.848077530122E-1));
#211=AXIS2_PLACEMENT_3D('',#208,#209,#210);
#213=DIRECTION('',(0.E0,-9.848077530122E-1,1.736481776669E-1));
#214=VECTOR('',#213,1.604146007366E0);
#215=CARTESIAN_POINT('',(1.8E0,1.671736481777E1,9.940969245311E-1));
#216=LINE('',#215,#214);
#217=CARTESIAN_POINT('',(1.8E0,1.67E1,8.956161492299E-1));
#218=DIRECTION('',(1.E0,0.E0,0.E0));
#219=DIRECTION('',(0.E0,1.E0,0.E0));
#220=AXIS2_PLACEMENT_3D('',#217,#218,#219);
#222=DIRECTION('',(0.E0,0.E0,1.E0));
#223=VECTOR('',#222,8.956161492299E-1);
#224=CARTESIAN_POINT('',(1.8E0,1.68E1,0.E0));
#225=LINE('',#224,#223);
#226=CARTESIAN_POINT('',(1.6E0,-1.68E1,8.956161492299E-1));
#227=DIRECTION('',(0.E0,0.E0,-1.E0));
#228=DIRECTION('',(1.E0,1.776356839400E-14,0.E0));
#229=AXIS2_PLACEMENT_3D('',#226,#227,#228);
#231=DIRECTION('',(0.E0,2.380068970897E-14,1.E0));
#232=VECTOR('',#231,8.956161495089E-1);
#233=CARTESIAN_POINT('',(-1.6E0,-1.7E1,0.E0));
#234=LINE('',#233,#232);
#235=DIRECTION('',(-1.E0,0.E0,-4.360158067929E-12));
#236=VECTOR('',#235,3.2E0);
#237=CARTESIAN_POINT('',(1.6E0,-1.7E1,8.956161495229E-1));
#238=LINE('',#237,#236);
#239=DIRECTION('',(0.E0,-2.380068970860E-14,-1.E0));
#240=VECTOR('',#239,8.956161495229E-1);
#241=CARTESIAN_POINT('',(1.6E0,-1.7E1,8.956161495229E-1));
#242=LINE('',#241,#240);
#243=CARTESIAN_POINT('',(-1.6E0,-1.67E1,8.956161492299E-1));
#244=DIRECTION('',(-1.E0,0.E0,0.E0));
#245=DIRECTION('',(0.E0,-1.E0,0.E0));
#246=AXIS2_PLACEMENT_3D('',#243,#244,#245);
#248=CARTESIAN_POINT('',(1.6E0,-1.67E1,8.956161492299E-1));
#249=DIRECTION('',(1.E0,0.E0,0.E0));
#250=DIRECTION('',(0.E0,-1.736481776669E-1,9.848077530122E-1));
#251=AXIS2_PLACEMENT_3D('',#248,#249,#250);
#253=DIRECTION('',(0.E0,9.848077530122E-1,1.736481776669E-1));
#254=VECTOR('',#253,1.604146007027E0);
#255=CARTESIAN_POINT('',(-1.6E0,-1.675209445297E1,1.191058475192E0));
#256=LINE('',#255,#254);
#257=DIRECTION('',(1.E0,0.E0,0.E0));
#258=VECTOR('',#257,3.2E0);
#259=CARTESIAN_POINT('',(-1.6E0,-1.517231902828E1,1.469615506024E0));
#260=LINE('',#259,#258);
#261=DIRECTION('',(0.E0,-9.848077530122E-1,-1.736481776669E-1));
#262=VECTOR('',#261,1.604146007357E0);
#263=CARTESIAN_POINT('',(1.6E0,-1.517231902828E1,1.469615506024E0));
#264=LINE('',#263,#262);
#265=DIRECTION('',(-1.E0,1.014943684652E-10,1.789617065651E-11));
#266=VECTOR('',#265,3.2E0);
#267=CARTESIAN_POINT('',(1.6E0,-1.675209445329E1,1.191058475135E0));
#268=LINE('',#267,#266);
#269=CARTESIAN_POINT('',(-1.6E0,-1.482502267295E1,-5.E-1));
#270=DIRECTION('',(-1.E0,0.E0,0.E0));
#271=DIRECTION('',(0.E0,-1.736481776669E-1,9.848077530122E-1));
#272=AXIS2_PLACEMENT_3D('',#269,#270,#271);
#274=CARTESIAN_POINT('',(1.6E0,-1.482502267295E1,-5.E-1));
#275=DIRECTION('',(1.E0,0.E0,0.E0));
#276=DIRECTION('',(0.E0,0.E0,1.E0));
#277=AXIS2_PLACEMENT_3D('',#274,#275,#276);
#279=CARTESIAN_POINT('',(1.6E0,-1.482502267295E1,1.3E0));
#280=DIRECTION('',(0.E0,-1.E0,0.E0));
#281=DIRECTION('',(1.E0,0.E0,0.E0));
#282=AXIS2_PLACEMENT_3D('',#279,#280,#281);
#284=CARTESIAN_POINT('',(1.6E0,-1.513758939275E1,1.272653955422E0));
#285=DIRECTION('',(0.E0,-9.848077530122E-1,-1.736481776669E-1));
#286=DIRECTION('',(1.E0,0.E0,0.E0));
#287=AXIS2_PLACEMENT_3D('',#284,#285,#286);
#289=CARTESIAN_POINT('',(1.6E0,-1.671736481777E1,9.940969245311E-1));
#290=DIRECTION('',(0.E0,-9.848077530122E-1,-1.736481776669E-1));
#291=DIRECTION('',(1.E0,0.E0,0.E0));
#292=AXIS2_PLACEMENT_3D('',#289,#290,#291);
#294=CARTESIAN_POINT('',(1.6E0,1.482502267295E1,1.3E0));
#295=DIRECTION('',(0.E0,-1.E0,0.E0));
#296=DIRECTION('',(1.E0,0.E0,0.E0));
#297=AXIS2_PLACEMENT_3D('',#294,#295,#296);
#299=CARTESIAN_POINT('',(1.6E0,1.513758939275E1,1.272653955422E0));
#300=DIRECTION('',(0.E0,-9.848077530122E-1,1.736481776669E-1));
#301=DIRECTION('',(1.E0,0.E0,0.E0));
#302=AXIS2_PLACEMENT_3D('',#299,#300,#301);
#304=CARTESIAN_POINT('',(1.6E0,1.671736481777E1,9.940969245311E-1));
#305=DIRECTION('',(0.E0,-9.848077530122E-1,1.736481776669E-1));
#306=DIRECTION('',(1.E0,0.E0,0.E0));
#307=AXIS2_PLACEMENT_3D('',#304,#305,#306);
#309=CARTESIAN_POINT('',(-1.6E0,1.7E1,8.956161495229E-1));
#310=CARTESIAN_POINT('',(-1.6E0,1.7E1,0.E0));
#311=VERTEX_POINT('',#309);
#312=VERTEX_POINT('',#310);
#313=CARTESIAN_POINT('',(-1.8E0,1.68E1,8.956161492299E-1));
#314=CARTESIAN_POINT('',(-1.8E0,1.68E1,0.E0));
#315=VERTEX_POINT('',#313);
#316=VERTEX_POINT('',#314);
#317=CARTESIAN_POINT('',(-1.8E0,1.671736481777E1,9.940969245311E-1));
#318=VERTEX_POINT('',#317);
#319=CARTESIAN_POINT('',(-1.6E0,1.675209445330E1,1.191058475134E0));
#320=VERTEX_POINT('',#319);
#321=CARTESIAN_POINT('',(-1.8E0,1.513758939275E1,1.272653955422E0));
#322=VERTEX_POINT('',#321);
#323=CARTESIAN_POINT('',(-1.6E0,1.517231902828E1,1.469615506024E0));
#324=VERTEX_POINT('',#323);
#325=CARTESIAN_POINT('',(-1.8E0,1.482502267295E1,1.3E0));
#326=VERTEX_POINT('',#325);
#327=CARTESIAN_POINT('',(-1.6E0,1.482502267295E1,1.5E0));
#328=VERTEX_POINT('',#327);
#329=CARTESIAN_POINT('',(-1.8E0,-1.482502267295E1,1.3E0));
#330=VERTEX_POINT('',#329);
#331=CARTESIAN_POINT('',(-1.6E0,-1.482502267295E1,1.5E0));
#332=VERTEX_POINT('',#331);
#333=CARTESIAN_POINT('',(-1.8E0,-1.513758939275E1,1.272653955422E0));
#334=VERTEX_POINT('',#333);
#335=CARTESIAN_POINT('',(-1.6E0,-1.517231902828E1,1.469615506024E0));
#336=VERTEX_POINT('',#335);
#337=CARTESIAN_POINT('',(-1.8E0,-1.671736481777E1,9.940969245311E-1));
#338=VERTEX_POINT('',#337);
#339=CARTESIAN_POINT('',(-1.6E0,-1.675209445297E1,1.191058475192E0));
#340=VERTEX_POINT('',#339);
#341=CARTESIAN_POINT('',(-1.8E0,-1.68E1,8.956161492299E-1));
#342=VERTEX_POINT('',#341);
#343=CARTESIAN_POINT('',(-1.6E0,-1.7E1,8.956161492299E-1));
#344=VERTEX_POINT('',#343);
#345=CARTESIAN_POINT('',(-1.8E0,-1.68E1,0.E0));
#346=VERTEX_POINT('',#345);
#347=CARTESIAN_POINT('',(-1.6E0,-1.7E1,0.E0));
#348=VERTEX_POINT('',#347);
#349=CARTESIAN_POINT('',(1.6E0,-1.7E1,8.956161495229E-1));
#350=CARTESIAN_POINT('',(1.6E0,-1.7E1,0.E0));
#351=VERTEX_POINT('',#349);
#352=VERTEX_POINT('',#350);
#353=CARTESIAN_POINT('',(1.8E0,-1.68E1,8.956161492299E-1));
#354=CARTESIAN_POINT('',(1.8E0,-1.68E1,0.E0));
#355=VERTEX_POINT('',#353);
#356=VERTEX_POINT('',#354);
#357=CARTESIAN_POINT('',(1.8E0,-1.671736481777E1,9.940969245311E-1));
#358=VERTEX_POINT('',#357);
#359=CARTESIAN_POINT('',(1.6E0,-1.675209445330E1,1.191058475134E0));
#360=VERTEX_POINT('',#359);
#361=CARTESIAN_POINT('',(1.8E0,-1.513758939275E1,1.272653955422E0));
#362=VERTEX_POINT('',#361);
#363=CARTESIAN_POINT('',(1.6E0,-1.517231902828E1,1.469615506024E0));
#364=VERTEX_POINT('',#363);
#365=CARTESIAN_POINT('',(1.8E0,-1.482502267295E1,1.3E0));
#366=VERTEX_POINT('',#365);
#367=CARTESIAN_POINT('',(1.6E0,-1.482502267295E1,1.5E0));
#368=VERTEX_POINT('',#367);
#369=CARTESIAN_POINT('',(1.8E0,1.482502267295E1,1.3E0));
#370=VERTEX_POINT('',#369);
#371=CARTESIAN_POINT('',(1.6E0,1.482502267295E1,1.5E0));
#372=VERTEX_POINT('',#371);
#373=CARTESIAN_POINT('',(1.8E0,1.513758939275E1,1.272653955422E0));
#374=VERTEX_POINT('',#373);
#375=CARTESIAN_POINT('',(1.6E0,1.517231902828E1,1.469615506024E0));
#376=VERTEX_POINT('',#375);
#377=CARTESIAN_POINT('',(1.8E0,1.671736481777E1,9.940969245311E-1));
#378=VERTEX_POINT('',#377);
#379=CARTESIAN_POINT('',(1.6E0,1.675209445297E1,1.191058475192E0));
#380=VERTEX_POINT('',#379);
#381=CARTESIAN_POINT('',(1.8E0,1.68E1,8.956161492299E-1));
#382=VERTEX_POINT('',#381);
#383=CARTESIAN_POINT('',(1.6E0,1.7E1,8.956161492299E-1));
#384=VERTEX_POINT('',#383);
#385=CARTESIAN_POINT('',(1.8E0,1.68E1,0.E0));
#386=VERTEX_POINT('',#385);
#387=CARTESIAN_POINT('',(1.6E0,1.7E1,0.E0));
#388=VERTEX_POINT('',#387);
#389=CARTESIAN_POINT('',(-1.6E0,1.482502267295E1,-5.E-1));
#390=DIRECTION('',(-1.E0,0.E0,0.E0));
#391=DIRECTION('',(0.E0,-7.688324254755E-3,9.999704443983E-1));
#392=AXIS2_PLACEMENT_3D('',#389,#390,#391);
#393=TOROIDAL_SURFACE('',#392,1.8E0,2.E-1);
#395=ORIENTED_EDGE('',*,*,#394,.T.);
#397=ORIENTED_EDGE('',*,*,#396,.T.);
#399=ORIENTED_EDGE('',*,*,#398,.F.);
#401=ORIENTED_EDGE('',*,*,#400,.F.);
#402=EDGE_LOOP('',(#395,#397,#399,#401));
#403=FACE_OUTER_BOUND('',#402,.F.);
#404=ADVANCED_FACE('',(#403),#393,.T.);
#405=CARTESIAN_POINT('',(-1.8E0,1.7E1,0.E0));
#406=DIRECTION('',(-1.E0,0.E0,0.E0));
#407=DIRECTION('',(0.E0,-1.E0,0.E0));
#408=AXIS2_PLACEMENT_3D('',#405,#406,#407);
#409=PLANE('',#408);
#411=ORIENTED_EDGE('',*,*,#410,.F.);
#413=ORIENTED_EDGE('',*,*,#412,.F.);
#415=ORIENTED_EDGE('',*,*,#414,.F.);
#416=ORIENTED_EDGE('',*,*,#394,.F.);
#418=ORIENTED_EDGE('',*,*,#417,.F.);
#420=ORIENTED_EDGE('',*,*,#419,.F.);
#422=ORIENTED_EDGE('',*,*,#421,.F.);
#424=ORIENTED_EDGE('',*,*,#423,.F.);
#426=ORIENTED_EDGE('',*,*,#425,.F.);
#428=ORIENTED_EDGE('',*,*,#427,.F.);
#429=EDGE_LOOP('',(#411,#413,#415,#416,#418,#420,#422,#424,#426,#428));
#430=FACE_OUTER_BOUND('',#429,.F.);
#431=ADVANCED_FACE('',(#430),#409,.T.);
#432=CARTESIAN_POINT('',(-1.6E0,1.68E1,9.186969492299E-1));
#433=DIRECTION('',(0.E0,0.E0,-1.E0));
#434=DIRECTION('',(-1.E0,0.E0,0.E0));
#435=AXIS2_PLACEMENT_3D('',#432,#433,#434);
#436=CYLINDRICAL_SURFACE('',#435,2.E-1);
#438=ORIENTED_EDGE('',*,*,#437,.F.);
#440=ORIENTED_EDGE('',*,*,#439,.F.);
#441=ORIENTED_EDGE('',*,*,#410,.T.);
#443=ORIENTED_EDGE('',*,*,#442,.T.);
#444=EDGE_LOOP('',(#438,#440,#441,#443));
#445=FACE_OUTER_BOUND('',#444,.F.);
#446=ADVANCED_FACE('',(#445),#436,.T.);
#447=CARTESIAN_POINT('',(1.8E0,1.7E1,0.E0));
#448=DIRECTION('',(0.E0,1.E0,0.E0));
#449=DIRECTION('',(-1.E0,0.E0,0.E0));
#450=AXIS2_PLACEMENT_3D('',#447,#448,#449);
#451=PLANE('',#450);
#452=ORIENTED_EDGE('',*,*,#437,.T.);
#454=ORIENTED_EDGE('',*,*,#453,.F.);
#456=ORIENTED_EDGE('',*,*,#455,.T.);
#458=ORIENTED_EDGE('',*,*,#457,.F.);
#459=EDGE_LOOP('',(#452,#454,#456,#458));
#460=FACE_OUTER_BOUND('',#459,.F.);
#461=ADVANCED_FACE('',(#460),#451,.T.);
#462=CARTESIAN_POINT('',(0.E0,0.E0,0.E0));
#463=DIRECTION('',(0.E0,0.E0,1.E0));
#464=DIRECTION('',(1.E0,0.E0,0.E0));
#465=AXIS2_PLACEMENT_3D('',#462,#463,#464);
#466=PLANE('',#465);
#467=ORIENTED_EDGE('',*,*,#442,.F.);
#468=ORIENTED_EDGE('',*,*,#427,.T.);
#470=ORIENTED_EDGE('',*,*,#469,.F.);
#472=ORIENTED_EDGE('',*,*,#471,.T.);
#474=ORIENTED_EDGE('',*,*,#473,.F.);
#476=ORIENTED_EDGE('',*,*,#475,.T.);
#478=ORIENTED_EDGE('',*,*,#477,.F.);
#479=ORIENTED_EDGE('',*,*,#453,.T.);
#480=EDGE_LOOP('',(#467,#468,#470,#472,#474,#476,#478,#479));
#481=FACE_OUTER_BOUND('',#480,.F.);
#482=ADVANCED_FACE('',(#481),#466,.F.);
#483=CARTESIAN_POINT('',(-1.6E0,-1.68E1,-9.1252E0));
#484=DIRECTION('',(0.E0,0.E0,1.E0));
#485=DIRECTION('',(-1.E0,1.776356839400E-14,0.E0));
#486=AXIS2_PLACEMENT_3D('',#483,#484,#485);
#487=CYLINDRICAL_SURFACE('',#486,2.E-1);
#488=ORIENTED_EDGE('',*,*,#425,.T.);
#490=ORIENTED_EDGE('',*,*,#489,.T.);
#492=ORIENTED_EDGE('',*,*,#491,.F.);
#493=ORIENTED_EDGE('',*,*,#469,.T.);
#494=EDGE_LOOP('',(#488,#490,#492,#493));
#495=FACE_OUTER_BOUND('',#494,.F.);
#496=ADVANCED_FACE('',(#495),#487,.T.);
#497=CARTESIAN_POINT('',(-1.588006719549E0,-1.699748508608E1,
8.597441459155E-1));
#498=CARTESIAN_POINT('',(-1.716401096345E0,-1.700514284261E1,
8.588207414140E-1));
#499=CARTESIAN_POINT('',(-1.807353308808E0,-1.691484475290E1,
8.697092649907E-1));
#500=CARTESIAN_POINT('',(-1.799640079203E0,-1.678737378061E1,
8.850802511493E-1));
#501=CARTESIAN_POINT('',(-1.588006719549E0,-1.701960607487E1,1.043192619546E0));
#502=CARTESIAN_POINT('',(-1.716401096345E0,-1.702783326212E1,1.046991481176E0));
#503=CARTESIAN_POINT('',(-1.807353308808E0,-1.693082060713E1,1.002196383944E0));
#504=CARTESIAN_POINT('',(-1.799640079203E0,-1.679387089428E1,
9.389605545232E-1));
#505=CARTESIAN_POINT('',(-1.588006719549E0,-1.690083346335E1,1.184740305410E0));
#506=CARTESIAN_POINT('',(-1.716401096345E0,-1.690600324777E1,1.192182837820E0));
#507=CARTESIAN_POINT('',(-1.807353308808E0,-1.684504261835E1,1.104422609780E0));
#508=CARTESIAN_POINT('',(-1.799640079203E0,-1.675898641574E1,
9.805342569657E-1));
#509=CARTESIAN_POINT('',(-1.588006719549E0,-1.671633071480E1,1.194810876487E0));
#510=CARTESIAN_POINT('',(-1.716401096345E0,-1.671675109432E1,1.202512641999E0));
#511=CARTESIAN_POINT('',(-1.807353308808E0,-1.671179409843E1,1.111695610867E0));
#512=CARTESIAN_POINT('',(-1.799640079203E0,-1.670479646328E1,
9.834920653031E-1));
#513=(BOUNDED_SURFACE()B_SPLINE_SURFACE(3,3,((#497,#498,#499,#500),(#501,#502,
#503,#504),(#505,#506,#507,#508),(#509,#510,#511,#512)),.UNSPECIFIED.,.F.,.F.,
.F.)B_SPLINE_SURFACE_WITH_KNOTS((4,4),(4,4),(0.E0,1.E0),(0.E0,1.E0),
.UNSPECIFIED.)GEOMETRIC_REPRESENTATION_ITEM()RATIONAL_B_SPLINE_SURFACE(((
1.428303937607E0,1.107822642012E0,1.107822642012E0,1.428303937607E0),(
1.127010372782E0,8.741330020013E-1,8.741330020013E-1,1.127010372782E0),(
1.127010372782E0,8.741330020013E-1,8.741330020013E-1,1.127010372782E0),(
1.428303937607E0,1.107822642012E0,1.107822642012E0,1.428303937607E0)))REPRESENTATION_ITEM('')SURFACE());
#514=ORIENTED_EDGE('',*,*,#423,.T.);
#516=ORIENTED_EDGE('',*,*,#515,.T.);
#518=ORIENTED_EDGE('',*,*,#517,.F.);
#519=ORIENTED_EDGE('',*,*,#489,.F.);
#520=EDGE_LOOP('',(#514,#516,#518,#519));
#521=FACE_OUTER_BOUND('',#520,.F.);
#522=ADVANCED_FACE('',(#521),#513,.T.);
#523=CARTESIAN_POINT('',(-1.6E0,-1.673887656440E1,9.903038231974E-1));
#524=DIRECTION('',(0.E0,9.848077530122E-1,1.736481776669E-1));
#525=DIRECTION('',(-1.E0,0.E0,0.E0));
#526=AXIS2_PLACEMENT_3D('',#523,#524,#525);
#527=CYLINDRICAL_SURFACE('',#526,2.E-1);
#528=ORIENTED_EDGE('',*,*,#421,.T.);
#530=ORIENTED_EDGE('',*,*,#529,.T.);
#532=ORIENTED_EDGE('',*,*,#531,.F.);
#533=ORIENTED_EDGE('',*,*,#515,.F.);
#534=EDGE_LOOP('',(#528,#530,#532,#533));
#535=FACE_OUTER_BOUND('',#534,.F.);
#536=ADVANCED_FACE('',(#535),#527,.T.);
#537=CARTESIAN_POINT('',(-1.6E0,-1.482502267295E1,-5.E-1));
#538=DIRECTION('',(1.E0,0.E0,0.E0));
#539=DIRECTION('',(0.E0,-1.843934803775E-1,9.828525038856E-1));
#540=AXIS2_PLACEMENT_3D('',#537,#538,#539);
#541=TOROIDAL_SURFACE('',#540,1.8E0,2.E-1);
#542=ORIENTED_EDGE('',*,*,#419,.T.);
#544=ORIENTED_EDGE('',*,*,#543,.T.);
#546=ORIENTED_EDGE('',*,*,#545,.F.);
#547=ORIENTED_EDGE('',*,*,#529,.F.);
#548=EDGE_LOOP('',(#542,#544,#546,#547));
#549=FACE_OUTER_BOUND('',#548,.F.);
#550=ADVANCED_FACE('',(#549),#541,.T.);
#551=CARTESIAN_POINT('',(-1.6E0,-1.483839307295E1,1.3E0));
#552=DIRECTION('',(0.E0,1.E0,0.E0));
#553=DIRECTION('',(-1.E0,0.E0,0.E0));
#554=AXIS2_PLACEMENT_3D('',#551,#552,#553);
#555=CYLINDRICAL_SURFACE('',#554,2.E-1);
#556=ORIENTED_EDGE('',*,*,#417,.T.);
#557=ORIENTED_EDGE('',*,*,#400,.T.);
#559=ORIENTED_EDGE('',*,*,#558,.F.);
#560=ORIENTED_EDGE('',*,*,#543,.F.);
#561=EDGE_LOOP('',(#556,#557,#559,#560));
#562=FACE_OUTER_BOUND('',#561,.F.);
#563=ADVANCED_FACE('',(#562),#555,.T.);
#564=CARTESIAN_POINT('',(0.E0,0.E0,1.5E0));
#565=DIRECTION('',(0.E0,0.E0,1.E0));
#566=DIRECTION('',(1.E0,0.E0,0.E0));
#567=AXIS2_PLACEMENT_3D('',#564,#565,#566);
#568=PLANE('',#567);
#569=ORIENTED_EDGE('',*,*,#558,.T.);
#571=ORIENTED_EDGE('',*,*,#570,.F.);
#573=ORIENTED_EDGE('',*,*,#572,.T.);
#575=ORIENTED_EDGE('',*,*,#574,.F.);
#576=EDGE_LOOP('',(#569,#571,#573,#575));
#577=FACE_OUTER_BOUND('',#576,.F.);
#578=ADVANCED_FACE('',(#577),#568,.T.);
#579=CARTESIAN_POINT('',(5.8617E1,1.482502267295E1,-5.E-1));
#580=DIRECTION('',(-1.E0,0.E0,0.E0));
#581=DIRECTION('',(0.E0,0.E0,1.E0));
#582=AXIS2_PLACEMENT_3D('',#579,#580,#581);
#583=CYLINDRICAL_SURFACE('',#582,2.E0);
#584=ORIENTED_EDGE('',*,*,#398,.T.);
#586=ORIENTED_EDGE('',*,*,#585,.F.);
#588=ORIENTED_EDGE('',*,*,#587,.T.);
#589=ORIENTED_EDGE('',*,*,#570,.T.);
#590=EDGE_LOOP('',(#584,#586,#588,#589));
#591=FACE_OUTER_BOUND('',#590,.F.);
#592=ADVANCED_FACE('',(#591),#583,.T.);
#593=CARTESIAN_POINT('',(1.776356839400E-14,1.6E1,1.323673019292E0));
#594=DIRECTION('',(0.E0,1.736481776669E-1,9.848077530122E-1));
#595=DIRECTION('',(0.E0,9.848077530122E-1,-1.736481776669E-1));
#596=AXIS2_PLACEMENT_3D('',#593,#594,#595);
#597=PLANE('',#596);
#599=ORIENTED_EDGE('',*,*,#598,.T.);
#601=ORIENTED_EDGE('',*,*,#600,.T.);
#603=ORIENTED_EDGE('',*,*,#602,.T.);
#604=ORIENTED_EDGE('',*,*,#585,.T.);
#605=EDGE_LOOP('',(#599,#601,#603,#604));
#606=FACE_OUTER_BOUND('',#605,.F.);
#607=ADVANCED_FACE('',(#606),#597,.T.);
#608=CARTESIAN_POINT('',(-1.6E0,1.512244620089E1,1.275324108720E0));
#609=DIRECTION('',(0.E0,9.848077530122E-1,-1.736481776669E-1));
#610=DIRECTION('',(-1.E0,0.E0,0.E0));
#611=AXIS2_PLACEMENT_3D('',#608,#609,#610);
#612=CYLINDRICAL_SURFACE('',#611,2.E-1);
#613=ORIENTED_EDGE('',*,*,#414,.T.);
#615=ORIENTED_EDGE('',*,*,#614,.T.);
#616=ORIENTED_EDGE('',*,*,#598,.F.);
#617=ORIENTED_EDGE('',*,*,#396,.F.);
#618=EDGE_LOOP('',(#613,#615,#616,#617));
#619=FACE_OUTER_BOUND('',#618,.F.);
#620=ADVANCED_FACE('',(#619),#612,.T.);
#621=CARTESIAN_POINT('',(-1.799640079203E0,1.678737378060E1,8.850802511325E-1));
#622=CARTESIAN_POINT('',(-1.807353308808E0,1.691484475289E1,8.697092649495E-1));
#623=CARTESIAN_POINT('',(-1.716401096345E0,1.700514284261E1,8.588207413555E-1));
#624=CARTESIAN_POINT('',(-1.588006719549E0,1.699748508608E1,8.597441458585E-1));
#625=CARTESIAN_POINT('',(-1.799640079203E0,1.679387089427E1,9.389605543292E-1));
#626=CARTESIAN_POINT('',(-1.807353308808E0,1.693082060710E1,1.002196383467E0));
#627=CARTESIAN_POINT('',(-1.716401096345E0,1.702783326208E1,1.046991480499E0));
#628=CARTESIAN_POINT('',(-1.588006719549E0,1.701960607483E1,1.043192618885E0));
#629=CARTESIAN_POINT('',(-1.799640079203E0,1.675898641594E1,9.805342567160E-1));
#630=CARTESIAN_POINT('',(-1.807353308808E0,1.684504261884E1,1.104422609165E0));
#631=CARTESIAN_POINT('',(-1.716401096345E0,1.690600324846E1,1.192182836948E0));
#632=CARTESIAN_POINT('',(-1.588006719549E0,1.690083346402E1,1.184740304560E0));
#633=CARTESIAN_POINT('',(-1.799640079203E0,1.670479646367E1,9.834920652820E-1));
#634=CARTESIAN_POINT('',(-1.807353308808E0,1.671179409938E1,1.111695610815E0));
#635=CARTESIAN_POINT('',(-1.716401096345E0,1.671675109567E1,1.202512641925E0));
#636=CARTESIAN_POINT('',(-1.588006719549E0,1.671633071612E1,1.194810876415E0));
#637=(BOUNDED_SURFACE()B_SPLINE_SURFACE(3,3,((#621,#622,#623,#624),(#625,#626,
#627,#628),(#629,#630,#631,#632),(#633,#634,#635,#636)),.UNSPECIFIED.,.F.,.F.,
.F.)B_SPLINE_SURFACE_WITH_KNOTS((4,4),(4,4),(0.E0,1.E0),(0.E0,1.E0),
.UNSPECIFIED.)GEOMETRIC_REPRESENTATION_ITEM()RATIONAL_B_SPLINE_SURFACE(((
1.428303936305E0,1.107822641002E0,1.107822641002E0,1.428303936305E0),(
1.127010373216E0,8.741330023379E-1,8.741330023379E-1,1.127010373216E0),(
1.127010373216E0,8.741330023379E-1,8.741330023379E-1,1.127010373216E0),(
1.428303936305E0,1.107822641002E0,1.107822641002E0,1.428303936305E0)))REPRESENTATION_ITEM('')SURFACE());
#638=ORIENTED_EDGE('',*,*,#412,.T.);
#639=ORIENTED_EDGE('',*,*,#439,.T.);
#641=ORIENTED_EDGE('',*,*,#640,.F.);
#642=ORIENTED_EDGE('',*,*,#614,.F.);
#643=EDGE_LOOP('',(#638,#639,#641,#642));
#644=FACE_OUTER_BOUND('',#643,.F.);
#645=ADVANCED_FACE('',(#644),#637,.T.);
#646=CARTESIAN_POINT('',(-5.8617E1,1.67E1,8.956161492299E-1));
#647=DIRECTION('',(1.E0,0.E0,0.E0));
#648=DIRECTION('',(0.E0,1.E0,0.E0));
#649=AXIS2_PLACEMENT_3D('',#646,#647,#648);
#650=CYLINDRICAL_SURFACE('',#649,3.E-1);
#651=ORIENTED_EDGE('',*,*,#640,.T.);
#652=ORIENTED_EDGE('',*,*,#457,.T.);
#654=ORIENTED_EDGE('',*,*,#653,.T.);
#655=ORIENTED_EDGE('',*,*,#600,.F.);
#656=EDGE_LOOP('',(#651,#652,#654,#655));
#657=FACE_OUTER_BOUND('',#656,.F.);
#658=ADVANCED_FACE('',(#657),#650,.T.);
#659=CARTESIAN_POINT('',(1.588006719549E0,1.699748508608E1,8.597441459155E-1));
#660=CARTESIAN_POINT('',(1.716401096345E0,1.700514284261E1,8.588207414140E-1));
#661=CARTESIAN_POINT('',(1.807353308808E0,1.691484475290E1,8.697092649907E-1));
#662=CARTESIAN_POINT('',(1.799640079203E0,1.678737378061E1,8.850802511493E-1));
#663=CARTESIAN_POINT('',(1.588006719549E0,1.701960607487E1,1.043192619546E0));
#664=CARTESIAN_POINT('',(1.716401096345E0,1.702783326212E1,1.046991481176E0));
#665=CARTESIAN_POINT('',(1.807353308808E0,1.693082060713E1,1.002196383944E0));
#666=CARTESIAN_POINT('',(1.799640079203E0,1.679387089428E1,9.389605545232E-1));
#667=CARTESIAN_POINT('',(1.588006719549E0,1.690083346335E1,1.184740305410E0));
#668=CARTESIAN_POINT('',(1.716401096345E0,1.690600324777E1,1.192182837821E0));
#669=CARTESIAN_POINT('',(1.807353308808E0,1.684504261835E1,1.104422609780E0));
#670=CARTESIAN_POINT('',(1.799640079203E0,1.675898641574E1,9.805342569657E-1));
#671=CARTESIAN_POINT('',(1.588006719549E0,1.671633071480E1,1.194810876487E0));
#672=CARTESIAN_POINT('',(1.716401096345E0,1.671675109432E1,1.202512641999E0));
#673=CARTESIAN_POINT('',(1.807353308808E0,1.671179409843E1,1.111695610867E0));
#674=CARTESIAN_POINT('',(1.799640079203E0,1.670479646328E1,9.834920653031E-1));
#675=(BOUNDED_SURFACE()B_SPLINE_SURFACE(3,3,((#659,#660,#661,#662),(#663,#664,
#665,#666),(#667,#668,#669,#670),(#671,#672,#673,#674)),.UNSPECIFIED.,.F.,.F.,
.F.)B_SPLINE_SURFACE_WITH_KNOTS((4,4),(4,4),(0.E0,1.E0),(0.E0,1.E0),
.UNSPECIFIED.)GEOMETRIC_REPRESENTATION_ITEM()RATIONAL_B_SPLINE_SURFACE(((
1.428303937607E0,1.107822642012E0,1.107822642012E0,1.428303937607E0),(
1.127010372782E0,8.741330020013E-1,8.741330020013E-1,1.127010372782E0),(
1.127010372782E0,8.741330020013E-1,8.741330020013E-1,1.127010372782E0),(
1.428303937607E0,1.107822642012E0,1.107822642012E0,1.428303937607E0)))REPRESENTATION_ITEM('')SURFACE());
#677=ORIENTED_EDGE('',*,*,#676,.T.);
#679=ORIENTED_EDGE('',*,*,#678,.T.);
#680=ORIENTED_EDGE('',*,*,#653,.F.);
#682=ORIENTED_EDGE('',*,*,#681,.F.);
#683=EDGE_LOOP('',(#677,#679,#680,#682));
#684=FACE_OUTER_BOUND('',#683,.F.);
#685=ADVANCED_FACE('',(#684),#675,.T.);
#686=CARTESIAN_POINT('',(1.8E0,-1.7E1,0.E0));
#687=DIRECTION('',(1.E0,0.E0,0.E0));
#688=DIRECTION('',(0.E0,1.E0,0.E0));
#689=AXIS2_PLACEMENT_3D('',#686,#687,#688);
#690=PLANE('',#689);
#692=ORIENTED_EDGE('',*,*,#691,.F.);
#694=ORIENTED_EDGE('',*,*,#693,.F.);
#696=ORIENTED_EDGE('',*,*,#695,.F.);
#698=ORIENTED_EDGE('',*,*,#697,.F.);
#700=ORIENTED_EDGE('',*,*,#699,.F.);
#702=ORIENTED_EDGE('',*,*,#701,.F.);
#704=ORIENTED_EDGE('',*,*,#703,.F.);
#705=ORIENTED_EDGE('',*,*,#676,.F.);
#707=ORIENTED_EDGE('',*,*,#706,.F.);
#708=ORIENTED_EDGE('',*,*,#475,.F.);
#709=EDGE_LOOP('',(#692,#694,#696,#698,#700,#702,#704,#705,#707,#708));
#710=FACE_OUTER_BOUND('',#709,.F.);
#711=ADVANCED_FACE('',(#710),#690,.T.);
#712=CARTESIAN_POINT('',(1.6E0,-1.68E1,9.186969492299E-1));
#713=DIRECTION('',(0.E0,0.E0,-1.E0));
#714=DIRECTION('',(1.E0,0.E0,0.E0));
#715=AXIS2_PLACEMENT_3D('',#712,#713,#714);
#716=CYLINDRICAL_SURFACE('',#715,2.E-1);
#718=ORIENTED_EDGE('',*,*,#717,.F.);
#720=ORIENTED_EDGE('',*,*,#719,.F.);
#721=ORIENTED_EDGE('',*,*,#691,.T.);
#722=ORIENTED_EDGE('',*,*,#473,.T.);
#723=EDGE_LOOP('',(#718,#720,#721,#722));
#724=FACE_OUTER_BOUND('',#723,.F.);
#725=ADVANCED_FACE('',(#724),#716,.T.);
#726=CARTESIAN_POINT('',(-1.8E0,-1.7E1,0.E0));
#727=DIRECTION('',(0.E0,-1.E0,0.E0));
#728=DIRECTION('',(1.E0,0.E0,0.E0));
#729=AXIS2_PLACEMENT_3D('',#726,#727,#728);
#730=PLANE('',#729);
#731=ORIENTED_EDGE('',*,*,#491,.T.);
#733=ORIENTED_EDGE('',*,*,#732,.F.);
#734=ORIENTED_EDGE('',*,*,#717,.T.);
#735=ORIENTED_EDGE('',*,*,#471,.F.);
#736=EDGE_LOOP('',(#731,#733,#734,#735));
#737=FACE_OUTER_BOUND('',#736,.F.);
#738=ADVANCED_FACE('',(#737),#730,.T.);
#739=CARTESIAN_POINT('',(5.8617E1,-1.67E1,8.956161492299E-1));
#740=DIRECTION('',(-1.E0,0.E0,0.E0));
#741=DIRECTION('',(0.E0,-1.E0,0.E0));
#742=AXIS2_PLACEMENT_3D('',#739,#740,#741);
#743=CYLINDRICAL_SURFACE('',#742,3.E-1);
#744=ORIENTED_EDGE('',*,*,#517,.T.);
#746=ORIENTED_EDGE('',*,*,#745,.F.);
#748=ORIENTED_EDGE('',*,*,#747,.T.);
#749=ORIENTED_EDGE('',*,*,#732,.T.);
#750=EDGE_LOOP('',(#744,#746,#748,#749));
#751=FACE_OUTER_BOUND('',#750,.F.);
#752=ADVANCED_FACE('',(#751),#743,.T.);
#753=CARTESIAN_POINT('',(0.E0,-1.6E1,1.323673019292E0));
#754=DIRECTION('',(0.E0,-1.736481776669E-1,9.848077530122E-1));
#755=DIRECTION('',(0.E0,-9.848077530122E-1,-1.736481776669E-1));
#756=AXIS2_PLACEMENT_3D('',#753,#754,#755);
#757=PLANE('',#756);
#758=ORIENTED_EDGE('',*,*,#531,.T.);
#760=ORIENTED_EDGE('',*,*,#759,.T.);
#762=ORIENTED_EDGE('',*,*,#761,.T.);
#763=ORIENTED_EDGE('',*,*,#745,.T.);
#764=EDGE_LOOP('',(#758,#760,#762,#763));
#765=FACE_OUTER_BOUND('',#764,.F.);
#766=ADVANCED_FACE('',(#765),#757,.T.);
#767=CARTESIAN_POINT('',(-5.8617E1,-1.482502267295E1,-5.E-1));
#768=DIRECTION('',(1.E0,0.E0,0.E0));
#769=DIRECTION('',(0.E0,0.E0,1.E0));
#770=AXIS2_PLACEMENT_3D('',#767,#768,#769);
#771=CYLINDRICAL_SURFACE('',#770,2.E0);
#772=ORIENTED_EDGE('',*,*,#545,.T.);
#773=ORIENTED_EDGE('',*,*,#574,.T.);
#775=ORIENTED_EDGE('',*,*,#774,.T.);
#776=ORIENTED_EDGE('',*,*,#759,.F.);
#777=EDGE_LOOP('',(#772,#773,#775,#776));
#778=FACE_OUTER_BOUND('',#777,.F.);
#779=ADVANCED_FACE('',(#778),#771,.T.);
#780=CARTESIAN_POINT('',(1.6E0,-1.482502267295E1,-5.E-1));
#781=DIRECTION('',(1.E0,0.E0,0.E0));
#782=DIRECTION('',(0.E0,7.688324254755E-3,9.999704443983E-1));
#783=AXIS2_PLACEMENT_3D('',#780,#781,#782);
#784=TOROIDAL_SURFACE('',#783,1.8E0,2.E-1);
#785=ORIENTED_EDGE('',*,*,#697,.T.);
#787=ORIENTED_EDGE('',*,*,#786,.T.);
#788=ORIENTED_EDGE('',*,*,#774,.F.);
#790=ORIENTED_EDGE('',*,*,#789,.F.);
#791=EDGE_LOOP('',(#785,#787,#788,#790));
#792=FACE_OUTER_BOUND('',#791,.F.);
#793=ADVANCED_FACE('',(#792),#784,.T.);
#794=CARTESIAN_POINT('',(1.6E0,-1.512244620089E1,1.275324108720E0));
#795=DIRECTION('',(0.E0,-9.848077530122E-1,-1.736481776669E-1));
#796=DIRECTION('',(1.E0,0.E0,0.E0));
#797=AXIS2_PLACEMENT_3D('',#794,#795,#796);
#798=CYLINDRICAL_SURFACE('',#797,2.E-1);
#799=ORIENTED_EDGE('',*,*,#695,.T.);
#801=ORIENTED_EDGE('',*,*,#800,.T.);
#802=ORIENTED_EDGE('',*,*,#761,.F.);
#803=ORIENTED_EDGE('',*,*,#786,.F.);
#804=EDGE_LOOP('',(#799,#801,#802,#803));
#805=FACE_OUTER_BOUND('',#804,.F.);
#806=ADVANCED_FACE('',(#805),#798,.T.);
#807=CARTESIAN_POINT('',(1.799640079203E0,-1.678737378060E1,8.850802511325E-1));
#808=CARTESIAN_POINT('',(1.807353308808E0,-1.691484475289E1,8.697092649495E-1));
#809=CARTESIAN_POINT('',(1.716401096345E0,-1.700514284261E1,8.588207413555E-1));
#810=CARTESIAN_POINT('',(1.588006719549E0,-1.699748508608E1,8.597441458585E-1));
#811=CARTESIAN_POINT('',(1.799640079203E0,-1.679387089427E1,9.389605543292E-1));
#812=CARTESIAN_POINT('',(1.807353308808E0,-1.693082060709E1,1.002196383467E0));
#813=CARTESIAN_POINT('',(1.716401096345E0,-1.702783326208E1,1.046991480499E0));
#814=CARTESIAN_POINT('',(1.588006719549E0,-1.701960607483E1,1.043192618885E0));
#815=CARTESIAN_POINT('',(1.799640079203E0,-1.675898641594E1,9.805342567160E-1));
#816=CARTESIAN_POINT('',(1.807353308808E0,-1.684504261884E1,1.104422609165E0));
#817=CARTESIAN_POINT('',(1.716401096345E0,-1.690600324846E1,1.192182836948E0));
#818=CARTESIAN_POINT('',(1.588006719549E0,-1.690083346402E1,1.184740304560E0));
#819=CARTESIAN_POINT('',(1.799640079203E0,-1.670479646367E1,9.834920652820E-1));
#820=CARTESIAN_POINT('',(1.807353308808E0,-1.671179409938E1,1.111695610815E0));
#821=CARTESIAN_POINT('',(1.716401096345E0,-1.671675109567E1,1.202512641925E0));
#822=CARTESIAN_POINT('',(1.588006719549E0,-1.671633071612E1,1.194810876415E0));
#823=(BOUNDED_SURFACE()B_SPLINE_SURFACE(3,3,((#807,#808,#809,#810),(#811,#812,
#813,#814),(#815,#816,#817,#818),(#819,#820,#821,#822)),.UNSPECIFIED.,.F.,.F.,
.F.)B_SPLINE_SURFACE_WITH_KNOTS((4,4),(4,4),(0.E0,1.E0),(0.E0,1.E0),
.UNSPECIFIED.)GEOMETRIC_REPRESENTATION_ITEM()RATIONAL_B_SPLINE_SURFACE(((
1.428303936305E0,1.107822641002E0,1.107822641002E0,1.428303936305E0),(
1.127010373216E0,8.741330023379E-1,8.741330023379E-1,1.127010373216E0),(
1.127010373216E0,8.741330023379E-1,8.741330023379E-1,1.127010373216E0),(
1.428303936305E0,1.107822641002E0,1.107822641002E0,1.428303936305E0)))REPRESENTATION_ITEM('')SURFACE());
#824=ORIENTED_EDGE('',*,*,#693,.T.);
#825=ORIENTED_EDGE('',*,*,#719,.T.);
#826=ORIENTED_EDGE('',*,*,#747,.F.);
#827=ORIENTED_EDGE('',*,*,#800,.F.);
#828=EDGE_LOOP('',(#824,#825,#826,#827));
#829=FACE_OUTER_BOUND('',#828,.F.);
#830=ADVANCED_FACE('',(#829),#823,.T.);
#831=CARTESIAN_POINT('',(1.6E0,1.484810347295E1,1.3E0));
#832=DIRECTION('',(0.E0,-1.E0,0.E0));
#833=DIRECTION('',(1.E0,0.E0,0.E0));
#834=AXIS2_PLACEMENT_3D('',#831,#832,#833);
#835=CYLINDRICAL_SURFACE('',#834,2.E-1);
#836=ORIENTED_EDGE('',*,*,#699,.T.);
#837=ORIENTED_EDGE('',*,*,#789,.T.);
#838=ORIENTED_EDGE('',*,*,#572,.F.);
#840=ORIENTED_EDGE('',*,*,#839,.F.);
#841=EDGE_LOOP('',(#836,#837,#838,#840));
#842=FACE_OUTER_BOUND('',#841,.F.);
#843=ADVANCED_FACE('',(#842),#835,.T.);
#844=CARTESIAN_POINT('',(1.6E0,1.482502267295E1,-5.E-1));
#845=DIRECTION('',(-1.E0,0.E0,0.E0));
#846=DIRECTION('',(0.E0,1.843934803775E-1,9.828525038856E-1));
#847=AXIS2_PLACEMENT_3D('',#844,#845,#846);
#848=TOROIDAL_SURFACE('',#847,1.8E0,2.E-1);
#849=ORIENTED_EDGE('',*,*,#701,.T.);
#850=ORIENTED_EDGE('',*,*,#839,.T.);
#851=ORIENTED_EDGE('',*,*,#587,.F.);
#853=ORIENTED_EDGE('',*,*,#852,.F.);
#854=EDGE_LOOP('',(#849,#850,#851,#853));
#855=FACE_OUTER_BOUND('',#854,.F.);
#856=ADVANCED_FACE('',(#855),#848,.T.);
#857=CARTESIAN_POINT('',(1.6E0,1.673887656440E1,9.903038231974E-1));
#858=DIRECTION('',(0.E0,-9.848077530122E-1,1.736481776669E-1));
#859=DIRECTION('',(1.E0,0.E0,0.E0));
#860=AXIS2_PLACEMENT_3D('',#857,#858,#859);
#861=CYLINDRICAL_SURFACE('',#860,2.E-1);
#862=ORIENTED_EDGE('',*,*,#703,.T.);
#863=ORIENTED_EDGE('',*,*,#852,.T.);
#864=ORIENTED_EDGE('',*,*,#602,.F.);
#865=ORIENTED_EDGE('',*,*,#678,.F.);
#866=EDGE_LOOP('',(#862,#863,#864,#865));
#867=FACE_OUTER_BOUND('',#866,.F.);
#868=ADVANCED_FACE('',(#867),#861,.T.);
#869=CARTESIAN_POINT('',(1.6E0,1.68E1,-9.1252E0));
#870=DIRECTION('',(0.E0,0.E0,1.E0));
#871=DIRECTION('',(1.E0,-1.776356839400E-14,0.E0));
#872=AXIS2_PLACEMENT_3D('',#869,#870,#871);
#873=CYLINDRICAL_SURFACE('',#872,2.E-1);
#874=ORIENTED_EDGE('',*,*,#706,.T.);
#875=ORIENTED_EDGE('',*,*,#681,.T.);
#876=ORIENTED_EDGE('',*,*,#455,.F.);
#877=ORIENTED_EDGE('',*,*,#477,.T.);
#878=EDGE_LOOP('',(#874,#875,#876,#877));
#879=FACE_OUTER_BOUND('',#878,.F.);
#880=ADVANCED_FACE('',(#879),#873,.T.);
#883=CARTESIAN_POINT('',(1.426308309182E1,-1.237114822160E1,4.8E0));
#884=CARTESIAN_POINT('',(1.426308309182E1,-1.237114822160E1,4.810655546834E0));
#885=CARTESIAN_POINT('',(1.426120687668E1,-1.237031844533E1,4.831997607462E0));
#886=CARTESIAN_POINT('',(1.425203078813E1,-1.236621407671E1,4.864900867617E0));
#887=CARTESIAN_POINT('',(1.423641120175E1,-1.235905308611E1,4.896311415750E0));
#888=CARTESIAN_POINT('',(1.421516158119E1,-1.234896163977E1,4.924832198211E0));
#889=CARTESIAN_POINT('',(1.419665718343E1,-1.233976308932E1,4.942291374373E0));
#890=CARTESIAN_POINT('',(1.418630090041E1,-1.233444683765E1,4.950421125335E0));
#892=CARTESIAN_POINT('',(1.445E1,-1.23E1,4.8E0));
#893=DIRECTION('',(0.E0,0.E0,1.E0));
#894=DIRECTION('',(-1.E0,1.776356839400E-14,0.E0));
#895=AXIS2_PLACEMENT_3D('',#892,#893,#894);
#897=CARTESIAN_POINT('',(1.405E1,-1.23E1,4.8E0));
#898=DIRECTION('',(0.E0,1.E0,0.E0));
#899=DIRECTION('',(7.071067811859E-1,0.E0,7.071067811872E-1));
#900=AXIS2_PLACEMENT_3D('',#897,#898,#899);
#902=DIRECTION('',(0.E0,0.E0,1.E0));
#903=VECTOR('',#902,4.8E0);
#904=CARTESIAN_POINT('',(1.426308309182E1,-1.237114822160E1,0.E0));
#905=LINE('',#904,#903);
#906=CARTESIAN_POINT('',(1.487132034356E1,1.1E1,0.E0));
#907=DIRECTION('',(0.E0,0.E0,-1.E0));
#908=DIRECTION('',(-4.054915011589E-1,9.140988144002E-1,0.E0));
#909=AXIS2_PLACEMENT_3D('',#906,#907,#908);
#911=CARTESIAN_POINT('',(1.445E1,1.23E1,0.E0));
#912=DIRECTION('',(0.E0,0.E0,-1.E0));
#913=DIRECTION('',(-1.E0,0.E0,0.E0));
#914=AXIS2_PLACEMENT_3D('',#911,#912,#913);
#916=DIRECTION('',(0.E0,-1.E0,0.E0));
#917=VECTOR('',#916,2.46E1);
#918=CARTESIAN_POINT('',(1.425E1,1.23E1,0.E0));
#919=LINE('',#918,#917);
#920=CARTESIAN_POINT('',(1.445E1,-1.23E1,0.E0));
#921=DIRECTION('',(0.E0,0.E0,-1.E0));
#922=DIRECTION('',(-9.345845408939E-1,-3.557411080016E-1,0.E0));
#923=AXIS2_PLACEMENT_3D('',#920,#921,#922);
#925=CARTESIAN_POINT('',(1.487132034356E1,-1.1E1,0.E0));
#926=DIRECTION('',(0.E0,0.E0,-1.E0));
#927=DIRECTION('',(0.E0,-1.E0,0.E0));
#928=AXIS2_PLACEMENT_3D('',#925,#926,#927);
#930=DIRECTION('',(1.E0,0.E0,0.E0));
#931=VECTOR('',#930,1.178679656440E0);
#932=CARTESIAN_POINT('',(1.487132034356E1,-1.25E1,0.E0));
#933=LINE('',#932,#931);
#934=CARTESIAN_POINT('',(1.605E1,-1.23E1,0.E0));
#935=DIRECTION('',(0.E0,0.E0,-1.E0));
#936=DIRECTION('',(1.E0,0.E0,0.E0));
#937=AXIS2_PLACEMENT_3D('',#934,#935,#936);
#939=DIRECTION('',(0.E0,1.E0,0.E0));
#940=VECTOR('',#939,2.46E1);
#941=CARTESIAN_POINT('',(1.625E1,-1.23E1,0.E0));
#942=LINE('',#941,#940);
#943=CARTESIAN_POINT('',(1.605E1,1.23E1,0.E0));
#944=DIRECTION('',(0.E0,0.E0,-1.E0));
#945=DIRECTION('',(0.E0,1.E0,0.E0));
#946=AXIS2_PLACEMENT_3D('',#943,#944,#945);
#948=DIRECTION('',(-1.E0,0.E0,0.E0));
#949=VECTOR('',#948,1.178679656440E0);
#950=CARTESIAN_POINT('',(1.605E1,1.25E1,0.E0));
#951=LINE('',#950,#949);
#952=CARTESIAN_POINT('',(1.381066017178E1,1.206066017178E1,5.2E0));
#953=CARTESIAN_POINT('',(1.381178527448E1,1.206178527448E1,5.199419003847E0));
#954=CARTESIAN_POINT('',(1.381403910036E1,1.206403193947E1,5.198256897448E0));
#955=CARTESIAN_POINT('',(1.381743072117E1,1.206739132687E1,5.196513589410E0));
#956=CARTESIAN_POINT('',(1.382083318356E1,1.207074004940E1,5.194770081347E0));
#957=CARTESIAN_POINT('',(1.382424646653E1,1.207407806683E1,5.193026387921E0));
#958=CARTESIAN_POINT('',(1.382767054694E1,1.207740533195E1,5.191282506716E0));
#959=CARTESIAN_POINT('',(1.383110540529E1,1.208072179632E1,5.189538440785E0));
#960=CARTESIAN_POINT('',(1.383455102417E1,1.208402740878E1,5.187794192789E0));
#961=CARTESIAN_POINT('',(1.383800738863E1,1.208732211583E1,5.186049766782E0));
#962=CARTESIAN_POINT('',(1.384147448604E1,1.209060586159E1,5.184305167914E0));
#963=CARTESIAN_POINT('',(1.384495230614E1,1.209387858784E1,5.182560402766E0));
#964=CARTESIAN_POINT('',(1.384844084098E1,1.209714023401E1,5.180815479353E0));
#965=CARTESIAN_POINT('',(1.385194008488E1,1.210039073726E1,5.179070407461E0));
#966=CARTESIAN_POINT('',(1.385545003441E1,1.210363003246E1,5.177325198646E0));
#967=CARTESIAN_POINT('',(1.385897068837E1,1.210685805227E1,5.175579866443E0));
#968=CARTESIAN_POINT('',(1.386250204772E1,1.211007472718E1,5.173834426678E0));
#969=CARTESIAN_POINT('',(1.386604411555E1,1.211327998551E1,5.172088897255E0));
#970=CARTESIAN_POINT('',(1.386959689705E1,1.211647375355E1,5.170343298805E0));
#971=CARTESIAN_POINT('',(1.387316039938E1,1.211965595534E1,5.168597654166E0));
#972=CARTESIAN_POINT('',(1.387673463189E1,1.212282651367E1,5.166851990362E0));
#973=CARTESIAN_POINT('',(1.388031960518E1,1.212598534665E1,5.165106331628E0));
#974=CARTESIAN_POINT('',(1.388391533398E1,1.212913238097E1,5.163360727805E0));
#975=CARTESIAN_POINT('',(1.388752182653E1,1.213226750233E1,5.161615146635E0));
#976=CARTESIAN_POINT('',(1.389113912367E1,1.213539074102E1,5.159869878622E0));
#977=CARTESIAN_POINT('',(1.389476715269E1,1.213850157965E1,5.158124025384E0));
#978=CARTESIAN_POINT('',(1.389840627228E1,1.214160153702E1,5.156381142966E0));
#979=CARTESIAN_POINT('',(1.390205523852E1,1.214468452539E1,5.154628180813E0));
#980=CARTESIAN_POINT('',(1.390571879552E1,1.214777283806E1,5.152914083462E0));
#981=CARTESIAN_POINT('',(1.390937934633E1,1.215078284218E1,5.151056445359E0));
#982=CARTESIAN_POINT('',(1.391186156756E1,1.215294509451E1,5.150176342537E0));
#983=CARTESIAN_POINT('',(1.391310817851E1,1.215404910901E1,5.149787588300E0));
#985=CARTESIAN_POINT('',(1.197720779386E1,9.944365081390E0,5.2E0));
#986=DIRECTION('',(7.071067811865E-1,7.071067811865E-1,0.E0));
#987=DIRECTION('',(0.E0,0.E0,-1.E0));
#988=AXIS2_PLACEMENT_3D('',#985,#986,#987);
#990=DIRECTION('',(-2.171406241553E-6,-2.171414324637E-6,9.999999999953E-1));
#991=VECTOR('',#990,1.219241086240E0);
#992=CARTESIAN_POINT('',(1.381066017178E1,1.206066017178E1,5.2E0));
#993=LINE('',#992,#991);
#994=CARTESIAN_POINT('',(1.289142120156E1,1.114142120156E1,6.799999980971E0));
#995=CARTESIAN_POINT('',(1.294570070142E1,1.119570070142E1,6.799999993773E0));
#996=CARTESIAN_POINT('',(1.305178444987E1,1.130178444987E1,6.793251112430E0));
#997=CARTESIAN_POINT('',(1.320477851125E1,1.145477851125E1,6.764808880744E0));
#998=CARTESIAN_POINT('',(1.334777165915E1,1.159777165915E1,6.720000866410E0));
#999=CARTESIAN_POINT('',(1.347039736075E1,1.172039736075E1,6.666406579143E0));
#1000=CARTESIAN_POINT('',(1.358777898360E1,1.183777898360E1,6.600697338826E0));
#1001=CARTESIAN_POINT('',(1.370410380872E1,1.195410380873E1,6.518059221686E0));
#1002=CARTESIAN_POINT('',(1.377591113934E1,1.202591113933E1,6.453987155303E0));
#1003=CARTESIAN_POINT('',(1.381065752431E1,1.206065752430E1,6.419241086234E0));
#1005=DIRECTION('',(-7.071067811865E-1,-7.071067811865E-1,1.274639994614E-8));
#1006=VECTOR('',#1005,1.492893000065E0);
#1007=CARTESIAN_POINT('',(1.289142120156E1,1.114142120156E1,6.799999980971E0));
#1008=LINE('',#1007,#1006);
#1009=DIRECTION('',(-4.041211809636E-13,-4.041211809636E-13,-1.E0));
#1010=VECTOR('',#1009,1.6E0);
#1011=CARTESIAN_POINT('',(1.183578643763E1,1.008578643763E1,6.8E0));
#1012=LINE('',#1011,#1010);
#1013=DIRECTION('',(7.071067811865E-1,7.071067811865E-1,0.E0));
#1014=VECTOR('',#1013,2.792893218813E0);
#1015=CARTESIAN_POINT('',(1.183578643763E1,1.008578643763E1,5.2E0));
#1016=LINE('',#1015,#1014);
#1017=CARTESIAN_POINT('',(1.303284273396E1,1.099999999250E1,6.999999998211E0));
#1018=CARTESIAN_POINT('',(1.308700401090E1,1.106249328846E1,7.000000115147E0));
#1019=CARTESIAN_POINT('',(1.319332006329E1,1.118516578584E1,6.992205476308E0));
#1020=CARTESIAN_POINT('',(1.334620982654E1,1.136157748892E1,6.959386435287E0));
#1021=CARTESIAN_POINT('',(1.348921930082E1,1.152658811076E1,6.907683212022E0));
#1022=CARTESIAN_POINT('',(1.361182797188E1,1.166806002867E1,6.845849360884E0));
#1023=CARTESIAN_POINT('',(1.372922327682E1,1.180351560480E1,6.770013802684E0));
#1024=CARTESIAN_POINT('',(1.384548396645E1,1.193766306452E1,6.674731429057E0));
#1025=CARTESIAN_POINT('',(1.391743292343E1,1.202068190943E1,6.600638942338E0));
#1026=CARTESIAN_POINT('',(1.395208764615E1,1.206066690057E1,6.560653442888E0));
#1028=CARTESIAN_POINT('',(1.303284271220E1,1.099999999972E1,6.8E0));
#1029=DIRECTION('',(7.071067811865E-1,7.071067811865E-1,0.E0));
#1030=DIRECTION('',(-7.071067811865E-1,7.071067811865E-1,-4.757249705278E-8));
#1031=AXIS2_PLACEMENT_3D('',#1028,#1029,#1030);
#1033=DIRECTION('',(-1.E0,-4.367478316550E-9,-1.041970626840E-9));
#1034=VECTOR('',#1033,1.717157266042E0);
#1035=CARTESIAN_POINT('',(1.475E1,1.1E1,7.E0));
#1036=LINE('',#1035,#1034);
#1037=DIRECTION('',(0.E0,1.E0,0.E0));
#1038=VECTOR('',#1037,2.2E1);
#1039=CARTESIAN_POINT('',(1.475E1,-1.1E1,7.E0));
#1040=LINE('',#1039,#1038);
#1041=DIRECTION('',(-1.E0,7.727681866162E-9,3.752300697876E-9));
#1042=VECTOR('',#1041,1.717157249514E0);
#1043=CARTESIAN_POINT('',(1.475E1,-1.1E1,7.E0));
#1044=LINE('',#1043,#1042);
#1045=DIRECTION('',(7.071067983616E-1,-7.071067640115E-1,4.315975308219E-9));
#1046=VECTOR('',#1045,1.492893236308E0);
#1047=CARTESIAN_POINT('',(1.197720779386E1,-9.944365081390E0,7.E0));
#1048=LINE('',#1047,#1046);
#1049=CARTESIAN_POINT('',(1.325E1,-8.671572875254E0,7.E0));
#1050=DIRECTION('',(0.E0,0.E0,1.E0));
#1051=DIRECTION('',(-1.E0,0.E0,0.E0));
#1052=AXIS2_PLACEMENT_3D('',#1049,#1050,#1051);
#1054=DIRECTION('',(0.E0,-1.E0,0.E0));
#1055=VECTOR('',#1054,1.734314575051E1);
#1056=CARTESIAN_POINT('',(1.145E1,8.671572875254E0,7.E0));
#1057=LINE('',#1056,#1055);
#1058=CARTESIAN_POINT('',(1.325E1,8.671572875254E0,7.E0));
#1059=DIRECTION('',(0.E0,0.E0,1.E0));
#1060=DIRECTION('',(-7.071067811866E-1,7.071067811865E-1,0.E0));
#1061=AXIS2_PLACEMENT_3D('',#1058,#1059,#1060);
#1063=DIRECTION('',(-7.071067908937E-1,-7.071067714794E-1,1.198495987726E-9));
#1064=VECTOR('',#1063,1.492893228702E0);
#1065=CARTESIAN_POINT('',(1.303284273396E1,1.099999999250E1,6.999999998211E0));
#1066=LINE('',#1065,#1064);
#1067=DIRECTION('',(0.E0,0.E0,1.E0));
#1068=VECTOR('',#1067,5.5E0);
#1069=CARTESIAN_POINT('',(1.487132034356E1,1.25E1,0.E0));
#1070=LINE('',#1069,#1068);
#1071=DIRECTION('',(2.906765737207E-14,2.098638160227E-8,-1.E0));
#1072=VECTOR('',#1071,5.499999999988E0);
#1073=CARTESIAN_POINT('',(1.605E1,1.249999988457E1,5.499999999988E0));
#1074=LINE('',#1073,#1072);
#1075=DIRECTION('',(-1.E0,9.792745482758E-8,9.869824152533E-12));
#1076=VECTOR('',#1075,1.178679656440E0);
#1077=CARTESIAN_POINT('',(1.605E1,1.249999988457E1,5.499999999988E0));
#1078=LINE('',#1077,#1076);
#1079=CARTESIAN_POINT('',(1.605E1,1.23E1,5.499999997291E0));
#1080=DIRECTION('',(0.E0,0.E0,1.E0));
#1081=DIRECTION('',(1.E0,0.E0,0.E0));
#1082=AXIS2_PLACEMENT_3D('',#1079,#1080,#1081);
#1084=CARTESIAN_POINT('',(1.475E1,1.1E1,7.E0));
#1085=CARTESIAN_POINT('',(1.481134958821E1,1.105317322609E1,6.999997014644E0));
#1086=CARTESIAN_POINT('',(1.493356314627E1,1.115908610550E1,6.992584989419E0));
#1087=CARTESIAN_POINT('',(1.511696513854E1,1.131803723133E1,6.958301874881E0));
#1088=CARTESIAN_POINT('',(1.528940068417E1,1.146748019908E1,6.903485173946E0));
#1089=CARTESIAN_POINT('',(1.545172753920E1,1.160816393951E1,6.829603529985E0));
#1090=CARTESIAN_POINT('',(1.559906259221E1,1.173585412178E1,6.740439668777E0));
#1091=CARTESIAN_POINT('',(1.573175715903E1,1.185085614756E1,6.638058475450E0));
#1092=CARTESIAN_POINT('',(1.584784492332E1,1.195146553643E1,6.526188070939E0));
#1093=CARTESIAN_POINT('',(1.594789478134E1,1.203817544312E1,6.407111457325E0));
#1094=CARTESIAN_POINT('',(1.603245021164E1,1.211145684788E1,6.282665024210E0));
#1095=CARTESIAN_POINT('',(1.610163256696E1,1.217141492045E1,6.155619381537E0));
#1096=CARTESIAN_POINT('',(1.615696570881E1,1.221937030395E1,6.026225572370E0));
#1097=CARTESIAN_POINT('',(1.619915887955E1,1.225593779389E1,5.895074469028E0));
#1098=CARTESIAN_POINT('',(1.622839001305E1,1.228127115901E1,5.764769048854E0));
#1099=CARTESIAN_POINT('',(1.624586062290E1,1.229641291999E1,5.635052995966E0));
#1100=CARTESIAN_POINT('',(1.624999918316E1,1.229999882254E1,5.545218449878E0));
#1101=CARTESIAN_POINT('',(1.624999991892E1,1.23E1,5.499999999995E0));
#1103=CARTESIAN_POINT('',(1.605E1,1.249999988457E1,5.499999999988E0));
#1104=CARTESIAN_POINT('',(1.604999887618E1,1.249999874518E1,5.545218449024E0));
#1105=CARTESIAN_POINT('',(1.604641291757E1,1.249586082656E1,5.635052994066E0));
#1106=CARTESIAN_POINT('',(1.603127121238E1,1.247838995716E1,5.764769057146E0));
#1107=CARTESIAN_POINT('',(1.600593778499E1,1.244915889391E1,5.895074468513E0));
#1108=CARTESIAN_POINT('',(1.596937026306E1,1.240696570850E1,6.026225561496E0));
#1109=CARTESIAN_POINT('',(1.592141484283E1,1.235163257996E1,6.155619355698E0));
#1110=CARTESIAN_POINT('',(1.586145675835E1,1.228245023213E1,6.282664989752E0));
#1111=CARTESIAN_POINT('',(1.578817536469E1,1.219789480657E1,6.407111424360E0));
#1112=CARTESIAN_POINT('',(1.570146548157E1,1.209784494616E1,6.526188047027E0));
#1113=CARTESIAN_POINT('',(1.560085611520E1,1.198175717585E1,6.638058461536E0));
#1114=CARTESIAN_POINT('',(1.548585410953E1,1.184906260021E1,6.740439663828E0));
#1115=CARTESIAN_POINT('',(1.535816393775E1,1.170172754067E1,6.829603529290E0));
#1116=CARTESIAN_POINT('',(1.521748019667E1,1.153940068625E1,6.903485173253E0));
#1117=CARTESIAN_POINT('',(1.506803723467E1,1.136696513599E1,6.958301875569E0));
#1118=CARTESIAN_POINT('',(1.490908610457E1,1.118356314697E1,6.992584989228E0));
#1119=CARTESIAN_POINT('',(1.480317322607E1,1.106134958818E1,6.999997014644E0));
#1120=CARTESIAN_POINT('',(1.475E1,1.1E1,7.E0));
#1122=DIRECTION('',(2.114120983064E-9,1.E0,3.578348096605E-13));
#1123=VECTOR('',#1122,2.46E1);
#1124=CARTESIAN_POINT('',(1.624999986692E1,-1.23E1,5.499999999986E0));
#1125=LINE('',#1124,#1123);
#1126=DIRECTION('',(1.474096804219E-8,2.067033413122E-14,-1.E0));
#1127=VECTOR('',#1126,5.499999999995E0);
#1128=CARTESIAN_POINT('',(1.624999991892E1,1.23E1,5.499999999995E0));
#1129=LINE('',#1128,#1127);
#1130=DIRECTION('',(2.419685462103E-8,-3.875687649610E-14,-1.E0));
#1131=VECTOR('',#1130,5.499999999986E0);
#1132=CARTESIAN_POINT('',(1.624999986692E1,-1.23E1,5.499999999986E0));
#1133=LINE('',#1132,#1131);
#1134=CARTESIAN_POINT('',(1.605E1,-1.23E1,5.499999997060E0));
#1135=DIRECTION('',(0.E0,0.E0,1.E0));
#1136=DIRECTION('',(1.776356839400E-14,-1.E0,0.E0));
#1137=AXIS2_PLACEMENT_3D('',#1134,#1135,#1136);
#1139=CARTESIAN_POINT('',(1.475E1,-1.1E1,7.E0));
#1140=CARTESIAN_POINT('',(1.480408053504E1,-1.106239633550E1,6.999996856689E0));
#1141=CARTESIAN_POINT('',(1.491119276472E1,-1.118599397092E1,6.992246918696E0));
#1142=CARTESIAN_POINT('',(1.506803496174E1,-1.136696250941E1,6.958237180162E0));
#1143=CARTESIAN_POINT('',(1.521776008598E1,-1.153972363340E1,6.903393078206E0));
#1144=CARTESIAN_POINT('',(1.535849534909E1,-1.170210994084E1,6.829394536868E0));
#1145=CARTESIAN_POINT('',(1.548611831148E1,-1.184936742871E1,6.740230628893E0));
#1146=CARTESIAN_POINT('',(1.560108762762E1,-1.198202425293E1,6.637825495739E0));
#1147=CARTESIAN_POINT('',(1.570162385491E1,-1.209802759731E1,6.525988441624E0));
#1148=CARTESIAN_POINT('',(1.578828393076E1,-1.219801995532E1,6.406942877097E0));
#1149=CARTESIAN_POINT('',(1.586151514575E1,-1.228251747383E1,6.282548738125E0));
#1150=CARTESIAN_POINT('',(1.592142704450E1,-1.235164654974E1,6.155585134824E0));
#1151=CARTESIAN_POINT('',(1.596937208374E1,-1.240696776316E1,6.026220909771E0));
#1152=CARTESIAN_POINT('',(1.600594591292E1,-1.244916824109E1,5.895043062915E0));
#1153=CARTESIAN_POINT('',(1.603127153535E1,-1.247839047697E1,5.764753009636E0));
#1154=CARTESIAN_POINT('',(1.604640595556E1,-1.249585257297E1,5.635130903628E0));
#1155=CARTESIAN_POINT('',(1.604999877189E1,-1.249999914010E1,5.545253437439E0));
#1156=CARTESIAN_POINT('',(1.605E1,-1.249999990753E1,5.499999999994E0));
#1158=CARTESIAN_POINT('',(1.624999986692E1,-1.23E1,5.499999999986E0));
#1159=CARTESIAN_POINT('',(1.624999867E1,-1.229999882899E1,5.545253436475E0));
#1160=CARTESIAN_POINT('',(1.624585279157E1,-1.229640595441E1,5.635130901554E0));
#1161=CARTESIAN_POINT('',(1.622839041699E1,-1.228127159306E1,5.764753018596E0));
#1162=CARTESIAN_POINT('',(1.619916825629E1,-1.225594590772E1,5.895043063221E0));
#1163=CARTESIAN_POINT('',(1.615696776245E1,-1.221937204340E1,6.026220899133E0));
#1164=CARTESIAN_POINT('',(1.610164656317E1,-1.217142696438E1,6.155585108171E0));
#1165=CARTESIAN_POINT('',(1.603251749547E1,-1.211151505090E1,6.282548701642E0));
#1166=CARTESIAN_POINT('',(1.594801998259E1,-1.203828384581E1,6.406942841405E0));
#1167=CARTESIAN_POINT('',(1.584802762241E1,-1.195162379449E1,6.525988415286E0));
#1168=CARTESIAN_POINT('',(1.573202427201E1,-1.185108759080E1,6.637825479913E0));
#1169=CARTESIAN_POINT('',(1.559936743802E1,-1.173611829714E1,6.740230623095E0));
#1170=CARTESIAN_POINT('',(1.545210994330E1,-1.160849534592E1,6.829394535677E0));
#1171=CARTESIAN_POINT('',(1.528972363570E1,-1.146776008334E1,6.903393077464E0));
#1172=CARTESIAN_POINT('',(1.511696250664E1,-1.131803496536E1,6.958237180902E0));
#1173=CARTESIAN_POINT('',(1.493599397168E1,-1.116119276371E1,6.992246918490E0));
#1174=CARTESIAN_POINT('',(1.481239633548E1,-1.105408053502E1,6.999996856689E0));
#1175=CARTESIAN_POINT('',(1.475E1,-1.1E1,7.E0));
#1177=DIRECTION('',(-1.E0,-7.845120679524E-8,5.322229957958E-12));
#1178=VECTOR('',#1177,1.178679656440E0);
#1179=CARTESIAN_POINT('',(1.605E1,-1.249999990753E1,5.499999999994E0));
#1180=LINE('',#1179,#1178);
#1181=DIRECTION('',(2.583791766403E-14,-1.681251663143E-8,-1.E0));
#1182=VECTOR('',#1181,5.499999999994E0);
#1183=CARTESIAN_POINT('',(1.605E1,-1.249999990753E1,5.499999999994E0));
#1184=LINE('',#1183,#1182);
#1185=DIRECTION('',(0.E0,0.E0,-1.E0));
#1186=VECTOR('',#1185,5.5E0);
#1187=CARTESIAN_POINT('',(1.487132034356E1,-1.25E1,5.5E0));
#1188=LINE('',#1187,#1186);
#1189=CARTESIAN_POINT('',(1.487132034356E1,-1.25E1,5.5E0));
#1190=CARTESIAN_POINT('',(1.481764579456E1,-1.249999715836E1,5.561928215169E0));
#1191=CARTESIAN_POINT('',(1.471341898249E1,-1.249218408344E1,5.682195964913E0));
#1192=CARTESIAN_POINT('',(1.457173220089E1,-1.246277674472E1,5.845677842825E0));
#1193=CARTESIAN_POINT('',(1.443291755834E1,-1.241524566199E1,6.005849638700E0));
#1194=CARTESIAN_POINT('',(1.430646055922E1,-1.235412593198E1,6.151761304420E0));
#1195=CARTESIAN_POINT('',(1.418097078926E1,-1.227480269712E1,6.296556928726E0));
#1196=CARTESIAN_POINT('',(1.405943847926E1,-1.217565496165E1,6.436786987386E0));
#1197=CARTESIAN_POINT('',(1.398665941134E1,-1.210055622585E1,6.520763371866E0));
#1198=CARTESIAN_POINT('',(1.395208452591E1,-1.206066340452E1,6.560656938993E0));
#1200=CARTESIAN_POINT('',(1.381065571367E1,-1.206065571365E1,6.419242968040E0));
#1201=CARTESIAN_POINT('',(1.385055907296E1,-1.210055907304E1,6.384659636433E0));
#1202=CARTESIAN_POINT('',(1.393453238206E1,-1.217565364057E1,6.311882466697E0));
#1203=CARTESIAN_POINT('',(1.407476366424E1,-1.227480304367E1,6.190349374026E0));
#1204=CARTESIAN_POINT('',(1.421955896785E1,-1.235412583697E1,6.064859826287E0));
#1205=CARTESIAN_POINT('',(1.436547072361E1,-1.241524568729E1,5.938402773479E0));
#1206=CARTESIAN_POINT('',(1.452564249461E1,-1.246277673765E1,5.799588144522E0));
#1207=CARTESIAN_POINT('',(1.468912438032E1,-1.249218408545E1,5.657901360451E0));
#1208=CARTESIAN_POINT('',(1.480939212839E1,-1.249999715836E1,5.553674549002E0));
#1209=CARTESIAN_POINT('',(1.487132034356E1,-1.25E1,5.5E0));
#1211=CARTESIAN_POINT('',(1.395208452591E1,-1.206066340452E1,6.560656938993E0));
#1212=CARTESIAN_POINT('',(1.392612703900E1,-1.203071305856E1,6.590607486390E0));
#1213=CARTESIAN_POINT('',(1.386910942274E1,-1.196492325633E1,6.651301303521E0));
#1214=CARTESIAN_POINT('',(1.376775684985E1,-1.184797762581E1,6.740498528608E0));
#1215=CARTESIAN_POINT('',(1.364812660735E1,-1.170994298751E1,6.824968720615E0));
#1216=CARTESIAN_POINT('',(1.350980080997E1,-1.155033584321E1,6.899313735209E0));
#1217=CARTESIAN_POINT('',(1.335749644575E1,-1.137460040786E1,6.956496297266E0));
#1218=CARTESIAN_POINT('',(1.319688421301E1,-1.118927806421E1,6.991999191997E0));
#1219=CARTESIAN_POINT('',(1.308783606297E1,-1.106345341574E1,7.000000216573E0));
#1220=CARTESIAN_POINT('',(1.303284275049E1,-1.099999998673E1,7.000000006443E0));
#1222=CARTESIAN_POINT('',(1.395207972297E1,-1.191923701050E1,6.419240620585E0));
#1223=DIRECTION('',(-5.773510249895E-1,5.773510249895E-1,5.773487575870E-1));
#1224=DIRECTION('',(-7.071067811865E-1,-7.071067811865E-1,0.E0));
#1225=AXIS2_PLACEMENT_3D('',#1222,#1223,#1224);
#1227=DIRECTION('',(3.656459937080E-6,-3.656472351617E-6,-9.999999999866E-1));
#1228=VECTOR('',#1227,1.219242968056E0);
#1229=CARTESIAN_POINT('',(1.381065571367E1,-1.206065571365E1,6.419242968040E0));
#1230=LINE('',#1229,#1228);
#1231=DIRECTION('',(-7.071067811865E-1,7.071067811865E-1,0.E0));
#1232=VECTOR('',#1231,2.792893218812E0);
#1233=CARTESIAN_POINT('',(1.381066017178E1,-1.206066017178E1,5.2E0));
#1234=LINE('',#1233,#1232);
#1235=DIRECTION('',(2.164934898019E-13,-2.176037128265E-13,-1.E0));
#1236=VECTOR('',#1235,1.6E0);
#1237=CARTESIAN_POINT('',(1.183578643763E1,-1.008578643763E1,6.8E0));
#1238=LINE('',#1237,#1236);
#1239=DIRECTION('',(7.071067811865E-1,-7.071067811865E-1,-1.182715906495E-8));
#1240=VECTOR('',#1239,1.492893021026E0);
#1241=CARTESIAN_POINT('',(1.183578643763E1,-1.008578643763E1,6.8E0));
#1242=LINE('',#1241,#1240);
#1243=CARTESIAN_POINT('',(1.381065571367E1,-1.206065571365E1,6.419242968040E0));
#1244=CARTESIAN_POINT('',(1.378465072421E1,-1.203465072420E1,6.445247697078E0));
#1245=CARTESIAN_POINT('',(1.372770847027E1,-1.197770847027E1,6.497774102296E0));
#1246=CARTESIAN_POINT('',(1.362631619601E1,-1.187631619601E1,6.575113947106E0));
#1247=CARTESIAN_POINT('',(1.350668630381E1,-1.175668630381E1,6.648316941359E0));
#1248=CARTESIAN_POINT('',(1.336833659308E1,-1.161833659308E1,6.712753801756E0));
#1249=CARTESIAN_POINT('',(1.321605102121E1,-1.146605102121E1,6.762309037657E0));
#1250=CARTESIAN_POINT('',(1.305531294996E1,-1.130531294996E1,6.793075724222E0));
#1251=CARTESIAN_POINT('',(1.294654398839E1,-1.119654398839E1,6.800000104197E0));
#1252=CARTESIAN_POINT('',(1.289142121638E1,-1.114142121638E1,6.799999982343E0));
#1254=CARTESIAN_POINT('',(1.391310815856E1,-1.215404912897E1,5.149787929345E0));
#1255=CARTESIAN_POINT('',(1.391186153567E1,-1.215294504906E1,5.150176540504E0));
#1256=CARTESIAN_POINT('',(1.390937923792E1,-1.215078276098E1,5.151056411737E0));
#1257=CARTESIAN_POINT('',(1.390571872198E1,-1.214777277401E1,5.152914141053E0));
#1258=CARTESIAN_POINT('',(1.390205515969E1,-1.214468445957E1,5.154628212212E0));
#1259=CARTESIAN_POINT('',(1.389840619889E1,-1.214160147453E1,5.156381179679E0));
#1260=CARTESIAN_POINT('',(1.389476708187E1,-1.213850151914E1,5.158124058856E0));
#1261=CARTESIAN_POINT('',(1.389113905616E1,-1.213539068289E1,5.159869911200E0));
#1262=CARTESIAN_POINT('',(1.388752176210E1,-1.213226744650E1,5.161615177691E0));
#1263=CARTESIAN_POINT('',(1.388391527268E1,-1.212913232747E1,5.163360757449E0));
#1264=CARTESIAN_POINT('',(1.388031954696E1,-1.212598529551E1,5.165106359893E0));
#1265=CARTESIAN_POINT('',(1.387673457675E1,-1.212282646492E1,5.166852017266E0));
#1266=CARTESIAN_POINT('',(1.387316034731E1,-1.211965590897E1,5.168597679592E0));
#1267=CARTESIAN_POINT('',(1.386959684801E1,-1.211647370960E1,5.170343322845E0));
#1268=CARTESIAN_POINT('',(1.386604406954E1,-1.211327994400E1,5.172088919881E0));
#1269=CARTESIAN_POINT('',(1.386250200471E1,-1.211007468813E1,5.173834447867E0));
#1270=CARTESIAN_POINT('',(1.385897064835E1,-1.210685801569E1,5.175579886259E0));
#1271=CARTESIAN_POINT('',(1.385544999737E1,-1.210362999837E1,5.177325217002E0));
#1272=CARTESIAN_POINT('',(1.385194005079E1,-1.210039070569E1,5.179070424426E0));
#1273=CARTESIAN_POINT('',(1.384844080983E1,-1.209714020497E1,5.180815494908E0));
#1274=CARTESIAN_POINT('',(1.384495227791E1,-1.209387856135E1,5.182560416898E0));
#1275=CARTESIAN_POINT('',(1.384147446071E1,-1.209060583767E1,5.184305180639E0));
#1276=CARTESIAN_POINT('',(1.383800736618E1,-1.208732209449E1,5.186049778089E0));
#1277=CARTESIAN_POINT('',(1.383455100459E1,-1.208402739005E1,5.187794202681E0));
#1278=CARTESIAN_POINT('',(1.383110538856E1,-1.208072178021E1,5.189538449265E0));
#1279=CARTESIAN_POINT('',(1.382767053304E1,-1.207740531848E1,5.191282513784E0));
#1280=CARTESIAN_POINT('',(1.382424645545E1,-1.207407805602E1,5.193026393572E0));
#1281=CARTESIAN_POINT('',(1.382083317528E1,-1.207074004127E1,5.194770085587E0));
#1282=CARTESIAN_POINT('',(1.381743071567E1,-1.206739132143E1,5.196513592235E0));
#1283=CARTESIAN_POINT('',(1.381403909761E1,-1.206403193674E1,5.198256898860E0));
#1284=CARTESIAN_POINT('',(1.381178527357E1,-1.206178527357E1,5.199419004318E0));
#1285=CARTESIAN_POINT('',(1.381066017178E1,-1.206066017178E1,5.2E0));
#1287=CARTESIAN_POINT('',(1.418630090041E1,-1.233444683765E1,4.950421125335E0));
#1288=CARTESIAN_POINT('',(1.417982795549E1,-1.233112404276E1,4.957995967737E0));
#1289=CARTESIAN_POINT('',(1.416581534611E1,-1.232381278310E1,4.973470914398E0));
#1290=CARTESIAN_POINT('',(1.414158389721E1,-1.231063977851E1,4.997422505632E0));
#1291=CARTESIAN_POINT('',(1.411389390461E1,-1.229487177120E1,5.022102306852E0));
#1292=CARTESIAN_POINT('',(1.408252551349E1,-1.227605237096E1,5.047398936930E0));
#1293=CARTESIAN_POINT('',(1.404720278726E1,-1.225359489336E1,5.073176098676E0));
#1294=CARTESIAN_POINT('',(1.400739201626E1,-1.222658108351E1,5.099318294570E0));
#1295=CARTESIAN_POINT('',(1.396314510655E1,-1.219430355140E1,5.125161843052E0));
#1296=CARTESIAN_POINT('',(1.393027967131E1,-1.216830671329E1,5.141843223555E0));
#1297=CARTESIAN_POINT('',(1.391310815856E1,-1.215404912897E1,5.149787929345E0));
#1299=CARTESIAN_POINT('',(1.418630090041E1,-1.233444683765E1,4.950421125335E0));
#1300=CARTESIAN_POINT('',(1.418680318902E1,-1.232883659255E1,4.948642244766E0));
#1301=CARTESIAN_POINT('',(1.418815269614E1,-1.231746475048E1,4.945353695865E0));
#1302=CARTESIAN_POINT('',(1.419020952530E1,-1.230585109026E1,4.942633220499E0));
#1303=CARTESIAN_POINT('',(1.419142136866E1,-1.23E1,4.941421368657E0));
#1305=CARTESIAN_POINT('',(1.405E1,-1.201715728753E1,5.000000003032E0));
#1306=CARTESIAN_POINT('',(1.405571396006E1,-1.202858561240E1,5.000000028199E0));
#1307=CARTESIAN_POINT('',(1.406692482859E1,-1.205100674065E1,4.999509781264E0));
#1308=CARTESIAN_POINT('',(1.408301038026E1,-1.208317801156E1,4.997473092662E0));
#1309=CARTESIAN_POINT('',(1.409851296004E1,-1.211418288194E1,4.994237118414E0));
#1310=CARTESIAN_POINT('',(1.411335509929E1,-1.214386721245E1,4.989905612958E0));
#1311=CARTESIAN_POINT('',(1.412756866914E1,-1.217229435271E1,4.984550817967E0));
#1312=CARTESIAN_POINT('',(1.414121216378E1,-1.219958143183E1,4.978201185251E0));
#1313=CARTESIAN_POINT('',(1.415437544486E1,-1.222590812917E1,4.970828726458E0));
#1314=CARTESIAN_POINT('',(1.416714001637E1,-1.225143743585E1,4.962352465548E0));
#1315=CARTESIAN_POINT('',(1.417953584053E1,-1.227622942125E1,4.952661201259E0));
#1316=CARTESIAN_POINT('',(1.418751300274E1,-1.229218366982E1,4.945329690896E0));
#1317=CARTESIAN_POINT('',(1.419142136866E1,-1.23E1,4.941421368657E0));
#1319=CARTESIAN_POINT('',(1.405E1,-1.201715728753E1,5.200000024255E0));
#1320=DIRECTION('',(7.071067811865E-1,-7.071067811865E-1,1.554131057374E-8));
#1321=DIRECTION('',(-6.844591447147E-1,-6.844591502327E-1,-2.510604526388E-1));
#1322=AXIS2_PLACEMENT_3D('',#1319,#1320,#1321);
#1324=DIRECTION('',(0.E0,0.E0,-1.E0));
#1325=VECTOR('',#1324,4.8E0);
#1326=CARTESIAN_POINT('',(1.425E1,-1.23E1,4.8E0));
#1327=LINE('',#1326,#1325);
#1328=DIRECTION('',(0.E0,0.E0,-1.E0));
#1329=VECTOR('',#1328,4.8E0);
#1330=CARTESIAN_POINT('',(1.425E1,1.23E1,4.8E0));
#1331=LINE('',#1330,#1329);
#1332=DIRECTION('',(0.E0,-1.E0,0.E0));
#1333=VECTOR('',#1332,2.46E1);
#1334=CARTESIAN_POINT('',(1.425E1,1.23E1,4.8E0));
#1335=LINE('',#1334,#1333);
#1336=DIRECTION('',(0.E0,0.E0,-1.E0));
#1337=VECTOR('',#1336,4.8E0);
#1338=CARTESIAN_POINT('',(1.426308309182E1,1.237114822160E1,4.8E0));
#1339=LINE('',#1338,#1337);
#1340=CARTESIAN_POINT('',(1.418630129088E1,1.233444703809E1,4.950420818818E0));
#1341=CARTESIAN_POINT('',(1.419662462675E1,1.233974637299E1,4.942316895090E0));
#1342=CARTESIAN_POINT('',(1.421509547728E1,1.234893012629E1,4.924919735019E0));
#1343=CARTESIAN_POINT('',(1.423647738198E1,1.235908413207E1,4.896205870347E0));
#1344=CARTESIAN_POINT('',(1.425198742677E1,1.236619406868E1,4.864983431690E0));
#1345=CARTESIAN_POINT('',(1.426119801261E1,1.237031467947E1,4.832073817940E0));
#1346=CARTESIAN_POINT('',(1.426308309182E1,1.237114822160E1,4.810692045315E0));
#1347=CARTESIAN_POINT('',(1.426308309182E1,1.237114822160E1,4.8E0));
#1349=CARTESIAN_POINT('',(1.418630129088E1,1.233444703809E1,4.950420818818E0));
#1350=CARTESIAN_POINT('',(1.418680417940E1,1.232882982951E1,4.948639738495E0));
#1351=CARTESIAN_POINT('',(1.418815462706E1,1.231745070162E1,4.945350178393E0));
#1352=CARTESIAN_POINT('',(1.419021118192E1,1.230584417729E1,4.942631539770E0));
#1353=CARTESIAN_POINT('',(1.419142135676E1,1.23E1,4.941421356756E0));
#1355=CARTESIAN_POINT('',(1.405E1,1.23E1,4.8E0));
#1356=DIRECTION('',(0.E0,-1.E0,0.E0));
#1357=DIRECTION('',(1.E0,0.E0,0.E0));
#1358=AXIS2_PLACEMENT_3D('',#1355,#1356,#1357);
#1360=CARTESIAN_POINT('',(1.445E1,1.23E1,4.8E0));
#1361=DIRECTION('',(0.E0,0.E0,1.E0));
#1362=DIRECTION('',(-9.345845408939E-1,3.557411080015E-1,0.E0));
#1363=AXIS2_PLACEMENT_3D('',#1360,#1361,#1362);
#1365=CARTESIAN_POINT('',(1.391310817851E1,1.215404910901E1,5.149787588300E0));
#1366=CARTESIAN_POINT('',(1.393035519571E1,1.216836938502E1,5.141809364237E0));
#1367=CARTESIAN_POINT('',(1.396329036189E1,1.219441218294E1,5.125080646958E0));
#1368=CARTESIAN_POINT('',(1.400729345831E1,1.222650537168E1,5.099370118667E0));
#1369=CARTESIAN_POINT('',(1.404680820374E1,1.225333507021E1,5.073447650919E0));
#1370=CARTESIAN_POINT('',(1.408231255997E1,1.227592276249E1,5.047565691905E0));
#1371=CARTESIAN_POINT('',(1.411368810825E1,1.229475098330E1,5.022275163411E0));
#1372=CARTESIAN_POINT('',(1.414142116400E1,1.231055029878E1,4.997578467301E0));
#1373=CARTESIAN_POINT('',(1.416580086323E1,1.232380581080E1,4.973490029184E0));
#1374=CARTESIAN_POINT('',(1.417982739409E1,1.233112375697E1,4.957996501636E0));
#1375=CARTESIAN_POINT('',(1.418630129088E1,1.233444703809E1,4.950420818818E0));
#1377=CARTESIAN_POINT('',(1.405E1,1.201715728753E1,5.200000044741E0));
#1378=DIRECTION('',(7.071067811865E-1,7.071067811866E-1,-3.378802885884E-8));
#1379=DIRECTION('',(-2.389174812762E-8,-2.389173924584E-8,-1.E0));
#1380=AXIS2_PLACEMENT_3D('',#1377,#1378,#1379);
#1382=CARTESIAN_POINT('',(1.419142135676E1,1.23E1,4.941421356756E0));
#1383=CARTESIAN_POINT('',(1.418649372653E1,1.229014098334E1,4.946348939626E0));
#1384=CARTESIAN_POINT('',(1.417657465882E1,1.227030937645E1,4.955240071415E0));
#1385=CARTESIAN_POINT('',(1.416184127603E1,1.224084006241E1,4.966124076536E0));
#1386=CARTESIAN_POINT('',(1.414687805251E1,1.221091413128E1,4.975252797503E0));
#1387=CARTESIAN_POINT('',(1.413168818613E1,1.218053401171E1,4.982812625092E0));
#1388=CARTESIAN_POINT('',(1.411627484511E1,1.214970719470E1,4.988938376430E0));
#1389=CARTESIAN_POINT('',(1.410059411734E1,1.211834553182E1,4.993727027914E0));
#1390=CARTESIAN_POINT('',(1.408445400092E1,1.208606528655E1,4.997242297405E0));
#1391=CARTESIAN_POINT('',(1.406780356918E1,1.205276398137E1,4.999452636870E0));
#1392=CARTESIAN_POINT('',(1.405602519311E1,1.202920755529E1,4.999999985756E0));
#1393=CARTESIAN_POINT('',(1.405E1,1.201715728753E1,5.000000005593E0));
#1395=DIRECTION('',(7.071067811865E-1,7.071067811865E-1,1.907857061573E-9));
#1396=VECTOR('',#1395,2.931370849899E0);
#1397=CARTESIAN_POINT('',(1.197720779386E1,9.944365081390E0,5.E0));
#1398=LINE('',#1397,#1396);
#1399=CARTESIAN_POINT('',(1.325E1,8.671572875254E0,5.E0));
#1400=DIRECTION('',(0.E0,0.E0,-1.E0));
#1401=DIRECTION('',(-1.E0,0.E0,0.E0));
#1402=AXIS2_PLACEMENT_3D('',#1399,#1400,#1401);
#1404=DIRECTION('',(0.E0,1.E0,0.E0));
#1405=VECTOR('',#1404,1.734314575051E1);
#1406=CARTESIAN_POINT('',(1.145E1,-8.671572875254E0,5.E0));
#1407=LINE('',#1406,#1405);
#1408=CARTESIAN_POINT('',(1.325E1,-8.671572875254E0,5.E0));
#1409=DIRECTION('',(0.E0,0.E0,-1.E0));
#1410=DIRECTION('',(-7.071067811865E-1,-7.071067811865E-1,0.E0));
#1411=AXIS2_PLACEMENT_3D('',#1408,#1409,#1410);
#1413=DIRECTION('',(-7.071067811865E-1,7.071067811865E-1,-1.034271239645E-9));
#1414=VECTOR('',#1413,2.931370849898E0);
#1415=CARTESIAN_POINT('',(1.405E1,-1.201715728753E1,5.000000003032E0));
#1416=LINE('',#1415,#1414);
#1417=DIRECTION('',(0.E0,-1.E0,-1.065478648649E-10));
#1418=VECTOR('',#1417,2.403431457505E1);
#1419=CARTESIAN_POINT('',(1.405E1,1.201715728753E1,5.000000005593E0));
#1420=LINE('',#1419,#1418);
#1421=CARTESIAN_POINT('',(1.145E1,8.671572875254E0,5.2E0));
#1422=DIRECTION('',(0.E0,1.E0,0.E0));
#1423=DIRECTION('',(0.E0,0.E0,-1.E0));
#1424=AXIS2_PLACEMENT_3D('',#1421,#1422,#1423);
#1426=CARTESIAN_POINT('',(1.325E1,8.671572875254E0,6.8E0));
#1427=DIRECTION('',(0.E0,0.E0,1.E0));
#1428=DIRECTION('',(-7.071067811865E-1,7.071067811865E-1,0.E0));
#1429=AXIS2_PLACEMENT_3D('',#1426,#1427,#1428);
#1431=CARTESIAN_POINT('',(1.325E1,8.671572875254E0,5.2E0));
#1432=DIRECTION('',(0.E0,0.E0,-1.E0));
#1433=DIRECTION('',(-1.E0,0.E0,0.E0));
#1434=AXIS2_PLACEMENT_3D('',#1431,#1432,#1433);
#1436=CARTESIAN_POINT('',(1.197720779386E1,9.944365081390E0,6.8E0));
#1437=DIRECTION('',(-7.071067811865E-1,-7.071067811865E-1,0.E0));
#1438=DIRECTION('',(0.E0,0.E0,1.E0));
#1439=AXIS2_PLACEMENT_3D('',#1436,#1437,#1438);
#1441=CARTESIAN_POINT('',(1.145E1,8.671572875254E0,6.8E0));
#1442=DIRECTION('',(0.E0,-1.E0,0.E0));
#1443=DIRECTION('',(0.E0,0.E0,1.E0));
#1444=AXIS2_PLACEMENT_3D('',#1441,#1442,#1443);
#1446=CARTESIAN_POINT('',(1.145E1,-8.671572875254E0,6.8E0));
#1447=DIRECTION('',(0.E0,-1.E0,0.E0));
#1448=DIRECTION('',(0.E0,0.E0,1.E0));
#1449=AXIS2_PLACEMENT_3D('',#1446,#1447,#1448);
#1451=CARTESIAN_POINT('',(1.303284271208E1,-1.099999999961E1,6.8E0));
#1452=DIRECTION('',(-7.071067811865E-1,7.071067811865E-1,0.E0));
#1453=DIRECTION('',(-7.071067811865E-1,-7.071067811865E-1,-4.413902576772E-8));
#1454=AXIS2_PLACEMENT_3D('',#1451,#1452,#1453);
#1456=CARTESIAN_POINT('',(1.197720779386E1,-9.944365081390E0,6.8E0));
#1457=DIRECTION('',(7.071067811865E-1,-7.071067811865E-1,0.E0));
#1458=DIRECTION('',(0.E0,0.E0,1.E0));
#1459=AXIS2_PLACEMENT_3D('',#1456,#1457,#1458);
#1461=CARTESIAN_POINT('',(1.325E1,-8.671572875254E0,6.8E0));
#1462=DIRECTION('',(0.E0,0.E0,1.E0));
#1463=DIRECTION('',(-1.E0,0.E0,0.E0));
#1464=AXIS2_PLACEMENT_3D('',#1461,#1462,#1463);
#1466=CARTESIAN_POINT('',(1.325E1,-8.671572875254E0,5.2E0));
#1467=DIRECTION('',(0.E0,0.E0,-1.E0));
#1468=DIRECTION('',(-7.071067811865E-1,-7.071067811865E-1,0.E0));
#1469=AXIS2_PLACEMENT_3D('',#1466,#1467,#1468);
#1471=CARTESIAN_POINT('',(1.197720779386E1,-9.944365081390E0,5.2E0));
#1472=DIRECTION('',(-7.071067811865E-1,7.071067811865E-1,0.E0));
#1473=DIRECTION('',(0.E0,0.E0,-1.E0));
#1474=AXIS2_PLACEMENT_3D('',#1471,#1472,#1473);
#1476=CARTESIAN_POINT('',(1.145E1,-8.671572875254E0,5.2E0));
#1477=DIRECTION('',(0.E0,1.E0,0.E0));
#1478=DIRECTION('',(0.E0,0.E0,-1.E0));
#1479=AXIS2_PLACEMENT_3D('',#1476,#1477,#1478);
#1481=DIRECTION('',(0.E0,-1.E0,0.E0));
#1482=VECTOR('',#1481,1.734314575051E1);
#1483=CARTESIAN_POINT('',(1.125E1,8.671572875253E0,6.8E0));
#1484=LINE('',#1483,#1482);
#1485=DIRECTION('',(0.E0,0.E0,-1.E0));
#1486=VECTOR('',#1485,1.6E0);
#1487=CARTESIAN_POINT('',(1.125E1,-8.671572875253E0,6.8E0));
#1488=LINE('',#1487,#1486);
#1489=DIRECTION('',(0.E0,1.E0,0.E0));
#1490=VECTOR('',#1489,1.734314575051E1);
#1491=CARTESIAN_POINT('',(1.125E1,-8.671572875253E0,5.2E0));
#1492=LINE('',#1491,#1490);
#1493=DIRECTION('',(0.E0,0.E0,-1.E0));
#1494=VECTOR('',#1493,1.6E0);
#1495=CARTESIAN_POINT('',(1.125E1,8.671572875253E0,6.8E0));
#1496=LINE('',#1495,#1494);
#1497=CARTESIAN_POINT('',(1.395208152785E1,1.191923881538E1,6.419238815705E0));
#1498=DIRECTION('',(5.773502691216E-1,5.773502693256E-1,-5.773502691216E-1));
#1499=DIRECTION('',(-7.071067812698E-1,7.071067811033E-1,8.329781309158E-11));
#1500=AXIS2_PLACEMENT_3D('',#1497,#1498,#1499);
#1502=CARTESIAN_POINT('',(1.487132034356E1,1.25E1,5.5E0));
#1503=CARTESIAN_POINT('',(1.480690913102E1,1.249999644839E1,5.555827099608E0));
#1504=CARTESIAN_POINT('',(1.468199613528E1,1.249176355367E1,5.664078855074E0));
#1505=CARTESIAN_POINT('',(1.450691464426E1,1.245841263282E1,5.815819065331E0));
#1506=CARTESIAN_POINT('',(1.434812976316E1,1.240902939236E1,5.953431552449E0));
#1507=CARTESIAN_POINT('',(1.419548568153E1,1.234254833174E1,6.085723365588E0));
#1508=CARTESIAN_POINT('',(1.405412125508E1,1.226119152985E1,6.208239370001E0));
#1509=CARTESIAN_POINT('',(1.392732533950E1,1.216922812048E1,6.318128758262E0));
#1510=CARTESIAN_POINT('',(1.384824058413E1,1.209824058417E1,6.386668787473E0));
#1511=CARTESIAN_POINT('',(1.381065752431E1,1.206065752430E1,6.419241086234E0));
#1513=CARTESIAN_POINT('',(1.395208764615E1,1.206066690057E1,6.560653442888E0));
#1514=CARTESIAN_POINT('',(1.398464961664E1,1.209823728466E1,6.523082205795E0));
#1515=CARTESIAN_POINT('',(1.405319248183E1,1.216922965333E1,6.443993867073E0));
#1516=CARTESIAN_POINT('',(1.416308072467E1,1.226119112259E1,6.317199387916E0));
#1517=CARTESIAN_POINT('',(1.428559704055E1,1.234254844233E1,6.175834578984E0));
#1518=CARTESIAN_POINT('',(1.441788877211E1,1.240902936336E1,6.023190600981E0));
#1519=CARTESIAN_POINT('',(1.455550128240E1,1.245841264082E1,5.864405692981E0));
#1520=CARTESIAN_POINT('',(1.470724148725E1,1.249176355139E1,5.689324210045E0));
#1521=CARTESIAN_POINT('',(1.481549324395E1,1.249999644839E1,5.564411212534E0));
#1522=CARTESIAN_POINT('',(1.487132034356E1,1.25E1,5.5E0));
#1524=CARTESIAN_POINT('',(1.197720779386E1,9.944365081390E0,7.E0));
#1525=CARTESIAN_POINT('',(1.145E1,8.671572875254E0,7.E0));
#1526=VERTEX_POINT('',#1524);
#1527=VERTEX_POINT('',#1525);
#1528=CARTESIAN_POINT('',(1.183578643763E1,1.008578643763E1,6.8E0));
#1529=CARTESIAN_POINT('',(1.125E1,8.671572875254E0,6.8E0));
#1530=VERTEX_POINT('',#1528);
#1531=VERTEX_POINT('',#1529);
#1532=CARTESIAN_POINT('',(1.145E1,-8.671572875254E0,7.E0));
#1533=VERTEX_POINT('',#1532);
#1534=CARTESIAN_POINT('',(1.125E1,-8.671572875253E0,6.8E0));
#1535=VERTEX_POINT('',#1534);
#1536=CARTESIAN_POINT('',(1.197720779386E1,-9.944365081390E0,7.E0));
#1537=VERTEX_POINT('',#1536);
#1538=CARTESIAN_POINT('',(1.183578643763E1,-1.008578643763E1,6.8E0));
#1539=VERTEX_POINT('',#1538);
#1540=CARTESIAN_POINT('',(1.425E1,-1.23E1,4.8E0));
#1541=CARTESIAN_POINT('',(1.425E1,-1.23E1,0.E0));
#1542=VERTEX_POINT('',#1540);
#1543=VERTEX_POINT('',#1541);
#1544=CARTESIAN_POINT('',(1.197720779386E1,9.944365081390E0,5.E0));
#1545=CARTESIAN_POINT('',(1.405E1,1.201715728753E1,5.000000005593E0));
#1546=VERTEX_POINT('',#1544);
#1547=VERTEX_POINT('',#1545);
#1548=CARTESIAN_POINT('',(1.145E1,8.671572875254E0,5.E0));
#1549=VERTEX_POINT('',#1548);
#1550=CARTESIAN_POINT('',(1.125E1,8.671572875254E0,5.2E0));
#1551=CARTESIAN_POINT('',(1.183578643763E1,1.008578643763E1,5.2E0));
#1552=VERTEX_POINT('',#1550);
#1553=VERTEX_POINT('',#1551);
#1554=CARTESIAN_POINT('',(1.145E1,-8.671572875254E0,5.E0));
#1555=VERTEX_POINT('',#1554);
#1556=CARTESIAN_POINT('',(1.125E1,-8.671572875253E0,5.2E0));
#1557=VERTEX_POINT('',#1556);
#1558=CARTESIAN_POINT('',(1.197720779386E1,-9.944365081390E0,5.E0));
#1559=VERTEX_POINT('',#1558);
#1560=CARTESIAN_POINT('',(1.183578643763E1,-1.008578643763E1,5.2E0));
#1561=VERTEX_POINT('',#1560);
#1562=CARTESIAN_POINT('',(1.405E1,-1.201715728753E1,5.000000003032E0));
#1563=VERTEX_POINT('',#1562);
#1564=CARTESIAN_POINT('',(1.425E1,1.23E1,4.8E0));
#1565=CARTESIAN_POINT('',(1.425E1,1.23E1,0.E0));
#1566=VERTEX_POINT('',#1564);
#1567=VERTEX_POINT('',#1565);
#1568=CARTESIAN_POINT('',(1.419142135624E1,1.23E1,4.941421356237E0));
#1569=VERTEX_POINT('',#1568);
#1570=VERTEX_POINT('',#1317);
#1571=VERTEX_POINT('',#952);
#1572=VERTEX_POINT('',#983);
#1573=VERTEX_POINT('',#1375);
#1574=VERTEX_POINT('',#1347);
#1575=CARTESIAN_POINT('',(1.426308309182E1,1.237114822160E1,0.E0));
#1576=VERTEX_POINT('',#1575);
#1577=CARTESIAN_POINT('',(1.487132034356E1,1.25E1,0.E0));
#1578=CARTESIAN_POINT('',(1.487132034356E1,1.25E1,5.5E0));
#1579=VERTEX_POINT('',#1577);
#1580=VERTEX_POINT('',#1578);
#1581=CARTESIAN_POINT('',(1.381065752431E1,1.206065752430E1,6.419241086234E0));
#1582=VERTEX_POINT('',#1581);
#1583=CARTESIAN_POINT('',(1.605E1,1.249999988457E1,5.499999999988E0));
#1584=VERTEX_POINT('',#1583);
#1585=CARTESIAN_POINT('',(1.475E1,1.1E1,7.E0));
#1586=CARTESIAN_POINT('',(1.303284273396E1,1.099999999250E1,6.999999998211E0));
#1587=VERTEX_POINT('',#1585);
#1588=VERTEX_POINT('',#1586);
#1589=CARTESIAN_POINT('',(1.475E1,-1.1E1,7.E0));
#1590=CARTESIAN_POINT('',(1.303284275049E1,-1.099999998673E1,7.000000006443E0));
#1591=VERTEX_POINT('',#1589);
#1592=VERTEX_POINT('',#1590);
#1593=CARTESIAN_POINT('',(1.605E1,-1.249999990753E1,5.499999999994E0));
#1594=CARTESIAN_POINT('',(1.487132034356E1,-1.25E1,5.5E0));
#1595=VERTEX_POINT('',#1593);
#1596=VERTEX_POINT('',#1594);
#1597=CARTESIAN_POINT('',(1.426308309182E1,-1.237114822160E1,0.E0));
#1598=CARTESIAN_POINT('',(1.426308309182E1,-1.237114822160E1,4.8E0));
#1599=VERTEX_POINT('',#1597);
#1600=VERTEX_POINT('',#1598);
#1601=VERTEX_POINT('',#890);
#1602=VERTEX_POINT('',#1297);
#1603=VERTEX_POINT('',#1285);
#1604=CARTESIAN_POINT('',(1.381065571367E1,-1.206065571365E1,6.419242968040E0));
#1605=VERTEX_POINT('',#1604);
#1606=CARTESIAN_POINT('',(1.487132034356E1,-1.25E1,0.E0));
#1607=VERTEX_POINT('',#1606);
#1608=VERTEX_POINT('',#1252);
#1609=CARTESIAN_POINT('',(1.289142135596E1,1.114142135596E1,6.799999990486E0));
#1610=VERTEX_POINT('',#1609);
#1611=CARTESIAN_POINT('',(1.395207974658E1,-1.206065807723E1,6.560662266324E0));
#1612=VERTEX_POINT('',#1611);
#1613=CARTESIAN_POINT('',(1.395208152784E1,1.206066017160E1,6.560660171959E0));
#1614=VERTEX_POINT('',#1613);
#1615=CARTESIAN_POINT('',(1.625E1,-1.23E1,0.E0));
#1616=CARTESIAN_POINT('',(1.605E1,-1.25E1,0.E0));
#1617=VERTEX_POINT('',#1615);
#1618=VERTEX_POINT('',#1616);
#1619=CARTESIAN_POINT('',(1.605E1,1.25E1,0.E0));
#1620=CARTESIAN_POINT('',(1.625E1,1.23E1,0.E0));
#1621=VERTEX_POINT('',#1619);
#1622=VERTEX_POINT('',#1620);
#1623=CARTESIAN_POINT('',(1.624999986692E1,-1.23E1,5.499999999986E0));
#1624=CARTESIAN_POINT('',(1.624999991892E1,1.23E1,5.499999999995E0));
#1625=VERTEX_POINT('',#1623);
#1626=VERTEX_POINT('',#1624);
#1627=CARTESIAN_POINT('',(1.405E1,-1.23E1,4.8E0));
#1628=DIRECTION('',(0.E0,-1.E0,0.E0));
#1629=DIRECTION('',(9.967542221350E-1,0.E0,-8.050478654122E-2));
#1630=AXIS2_PLACEMENT_3D('',#1627,#1628,#1629);
#1631=TOROIDAL_SURFACE('',#1630,4.E-1,2.E-1);
#1633=ORIENTED_EDGE('',*,*,#1632,.F.);
#1635=ORIENTED_EDGE('',*,*,#1634,.F.);
#1637=ORIENTED_EDGE('',*,*,#1636,.F.);
#1639=ORIENTED_EDGE('',*,*,#1638,.F.);
#1640=EDGE_LOOP('',(#1633,#1635,#1637,#1639));
#1641=FACE_OUTER_BOUND('',#1640,.F.);
#1642=ADVANCED_FACE('',(#1641),#1631,.T.);
#1643=CARTESIAN_POINT('',(1.487132034356E1,-1.1E1,1.61252E1));
#1644=DIRECTION('',(0.E0,0.E0,-1.E0));
#1645=DIRECTION('',(0.E0,-1.E0,0.E0));
#1646=AXIS2_PLACEMENT_3D('',#1643,#1644,#1645);
#1647=CYLINDRICAL_SURFACE('',#1646,1.5E0);
#1649=ORIENTED_EDGE('',*,*,#1648,.T.);
#1650=ORIENTED_EDGE('',*,*,#1632,.T.);
#1652=ORIENTED_EDGE('',*,*,#1651,.T.);
#1654=ORIENTED_EDGE('',*,*,#1653,.T.);
#1656=ORIENTED_EDGE('',*,*,#1655,.F.);
#1658=ORIENTED_EDGE('',*,*,#1657,.T.);
#1660=ORIENTED_EDGE('',*,*,#1659,.T.);
#1662=ORIENTED_EDGE('',*,*,#1661,.T.);
#1663=EDGE_LOOP('',(#1649,#1650,#1652,#1654,#1656,#1658,#1660,#1662));
#1664=FACE_OUTER_BOUND('',#1663,.F.);
#1665=ADVANCED_FACE('',(#1664),#1647,.T.);
#1666=CARTESIAN_POINT('',(1.445E1,-1.23E1,1.61252E1));
#1667=DIRECTION('',(0.E0,0.E0,-1.E0));
#1668=DIRECTION('',(0.E0,-1.E0,0.E0));
#1669=AXIS2_PLACEMENT_3D('',#1666,#1667,#1668);
#1670=CYLINDRICAL_SURFACE('',#1669,2.E-1);
#1671=ORIENTED_EDGE('',*,*,#1648,.F.);
#1673=ORIENTED_EDGE('',*,*,#1672,.T.);
#1675=ORIENTED_EDGE('',*,*,#1674,.F.);
#1676=ORIENTED_EDGE('',*,*,#1634,.T.);
#1677=EDGE_LOOP('',(#1671,#1673,#1675,#1676));
#1678=FACE_OUTER_BOUND('',#1677,.F.);
#1679=ADVANCED_FACE('',(#1678),#1670,.T.);
#1680=CARTESIAN_POINT('',(0.E0,0.E0,0.E0));
#1681=DIRECTION('',(0.E0,0.E0,1.E0));
#1682=DIRECTION('',(1.E0,0.E0,0.E0));
#1683=AXIS2_PLACEMENT_3D('',#1680,#1681,#1682);
#1684=PLANE('',#1683);
#1686=ORIENTED_EDGE('',*,*,#1685,.F.);
#1688=ORIENTED_EDGE('',*,*,#1687,.F.);
#1690=ORIENTED_EDGE('',*,*,#1689,.T.);
#1691=ORIENTED_EDGE('',*,*,#1672,.F.);
#1692=ORIENTED_EDGE('',*,*,#1661,.F.);
#1694=ORIENTED_EDGE('',*,*,#1693,.T.);
#1696=ORIENTED_EDGE('',*,*,#1695,.F.);
#1698=ORIENTED_EDGE('',*,*,#1697,.T.);
#1700=ORIENTED_EDGE('',*,*,#1699,.F.);
#1702=ORIENTED_EDGE('',*,*,#1701,.T.);
#1703=EDGE_LOOP('',(#1686,#1688,#1690,#1691,#1692,#1694,#1696,#1698,#1700,
#1702));
#1704=FACE_OUTER_BOUND('',#1703,.F.);
#1705=ADVANCED_FACE('',(#1704),#1684,.F.);
#1706=CARTESIAN_POINT('',(1.487132034356E1,1.1E1,-9.1252E0));
#1707=DIRECTION('',(0.E0,0.E0,1.E0));
#1708=DIRECTION('',(0.E0,1.E0,0.E0));
#1709=AXIS2_PLACEMENT_3D('',#1706,#1707,#1708);
#1710=CYLINDRICAL_SURFACE('',#1709,1.5E0);
#1712=ORIENTED_EDGE('',*,*,#1711,.T.);
#1714=ORIENTED_EDGE('',*,*,#1713,.T.);
#1716=ORIENTED_EDGE('',*,*,#1715,.T.);
#1718=ORIENTED_EDGE('',*,*,#1717,.T.);
#1719=ORIENTED_EDGE('',*,*,#1685,.T.);
#1721=ORIENTED_EDGE('',*,*,#1720,.T.);
#1723=ORIENTED_EDGE('',*,*,#1722,.T.);
#1725=ORIENTED_EDGE('',*,*,#1724,.F.);
#1726=EDGE_LOOP('',(#1712,#1714,#1716,#1718,#1719,#1721,#1723,#1725));
#1727=FACE_OUTER_BOUND('',#1726,.F.);
#1728=ADVANCED_FACE('',(#1727),#1710,.T.);
#1729=CARTESIAN_POINT('',(1.196176203618E1,9.928919323704E0,5.2E0));
#1730=DIRECTION('',(7.071067811865E-1,7.071067811865E-1,0.E0));
#1731=DIRECTION('',(0.E0,0.E0,-1.E0));
#1732=AXIS2_PLACEMENT_3D('',#1729,#1730,#1731);
#1733=CYLINDRICAL_SURFACE('',#1732,2.E-1);
#1734=ORIENTED_EDGE('',*,*,#1711,.F.);
#1736=ORIENTED_EDGE('',*,*,#1735,.F.);
#1738=ORIENTED_EDGE('',*,*,#1737,.F.);
#1740=ORIENTED_EDGE('',*,*,#1739,.T.);
#1742=ORIENTED_EDGE('',*,*,#1741,.T.);
#1743=EDGE_LOOP('',(#1734,#1736,#1738,#1740,#1742));
#1744=FACE_OUTER_BOUND('',#1743,.F.);
#1745=ADVANCED_FACE('',(#1744),#1733,.T.);
#1746=CARTESIAN_POINT('',(1.425E1,1.25E1,7.E0));
#1747=DIRECTION('',(-7.071067811865E-1,7.071067811865E-1,0.E0));
#1748=DIRECTION('',(-7.071067811865E-1,-7.071067811865E-1,0.E0));
#1749=AXIS2_PLACEMENT_3D('',#1746,#1747,#1748);
#1750=PLANE('',#1749);
#1751=ORIENTED_EDGE('',*,*,#1724,.T.);
#1753=ORIENTED_EDGE('',*,*,#1752,.F.);
#1755=ORIENTED_EDGE('',*,*,#1754,.T.);
#1757=ORIENTED_EDGE('',*,*,#1756,.T.);
#1758=ORIENTED_EDGE('',*,*,#1735,.T.);
#1759=EDGE_LOOP('',(#1751,#1753,#1755,#1757,#1758));
#1760=FACE_OUTER_BOUND('',#1759,.F.);
#1761=ADVANCED_FACE('',(#1760),#1750,.T.);
#1762=CARTESIAN_POINT('',(1.288199329556E1,1.113148429069E1,6.787970473788E0));
#1763=CARTESIAN_POINT('',(1.293450069405E1,1.118399168918E1,6.788363144576E0));
#1764=CARTESIAN_POINT('',(1.303883102262E1,1.128832201775E1,6.782801401507E0));
#1765=CARTESIAN_POINT('',(1.319081549101E1,1.144030648613E1,6.756043747874E0));
#1766=CARTESIAN_POINT('',(1.333232105376E1,1.158181204889E1,6.713485194823E0));
#1767=CARTESIAN_POINT('',(1.346210398581E1,1.171159498094E1,6.658162445812E0));
#1768=CARTESIAN_POINT('',(1.358308198415E1,1.183257297927E1,6.590704914452E0));
#1769=CARTESIAN_POINT('',(1.369829457906E1,1.194778557419E1,6.509143826757E0));
#1770=CARTESIAN_POINT('',(1.377386123399E1,1.202335222911E1,6.441904540733E0));
#1771=CARTESIAN_POINT('',(1.381126905468E1,1.206076004981E1,6.404173081907E0));
#1772=CARTESIAN_POINT('',(1.381388106384E1,1.206337205897E1,6.401515541391E0));
#1773=CARTESIAN_POINT('',(1.287605884613E1,1.113645799694E1,6.916363076102E0));
#1774=CARTESIAN_POINT('',(1.293117131184E1,1.119157046266E1,6.916775289930E0));
#1775=CARTESIAN_POINT('',(1.304067424922E1,1.130107340003E1,6.910939238531E0));
#1776=CARTESIAN_POINT('',(1.320035241241E1,1.146075156322E1,6.882834672632E0));
#1777=CARTESIAN_POINT('',(1.334932407421E1,1.160972322502E1,6.838042485681E0));
#1778=CARTESIAN_POINT('',(1.348635847912E1,1.174675762993E1,6.779642963908E0));
#1779=CARTESIAN_POINT('',(1.361458665840E1,1.187498580922E1,6.708161791342E0));
#1780=CARTESIAN_POINT('',(1.373732023871E1,1.199771938953E1,6.621305359561E0));
#1781=CARTESIAN_POINT('',(1.381834986021E1,1.207874901102E1,6.549235087189E0));
#1782=CARTESIAN_POINT('',(1.385863470919E1,1.211903386E1,6.508602006736E0));
#1783=CARTESIAN_POINT('',(1.386144849867E1,1.212184764948E1,6.505739204718E0));
#1784=CARTESIAN_POINT('',(1.294003150323E1,1.107180476714E1,7.007314021908E0));
#1785=CARTESIAN_POINT('',(1.299698935040E1,1.112876261431E1,7.007740079664E0));
#1786=CARTESIAN_POINT('',(1.311015646822E1,1.124192973213E1,7.001709713316E0));
#1787=CARTESIAN_POINT('',(1.327528470258E1,1.140705796649E1,6.972651019669E0));
#1788=CARTESIAN_POINT('',(1.342954521091E1,1.156131847482E1,6.926276567758E0));
#1789=CARTESIAN_POINT('',(1.357171642513E1,1.170348968904E1,6.865697517041E0));
#1790=CARTESIAN_POINT('',(1.370508049856E1,1.183685376247E1,6.791366071433E0));
#1791=CARTESIAN_POINT('',(1.383314180588E1,1.196491506979E1,6.700758515800E0));
#1792=CARTESIAN_POINT('',(1.391804129190E1,1.204981455581E1,6.625266062013E0));
#1793=CARTESIAN_POINT('',(1.396036417453E1,1.209213743844E1,6.582577526444E0));
#1794=CARTESIAN_POINT('',(1.396332090145E1,1.209509416536E1,6.579569320972E0));
#1795=CARTESIAN_POINT('',(1.303084890949E1,1.098104507726E1,6.999600871669E0));
#1796=CARTESIAN_POINT('',(1.308765025797E1,1.103784642573E1,7.000025755382E0));
#1797=CARTESIAN_POINT('',(1.320050663274E1,1.115070280050E1,6.994011868032E0));
#1798=CARTESIAN_POINT('',(1.336517267050E1,1.131536883827E1,6.965034089769E0));
#1799=CARTESIAN_POINT('',(1.351898465499E1,1.146918082275E1,6.918793822799E0));
#1800=CARTESIAN_POINT('',(1.366072023897E1,1.161091640674E1,6.858399608359E0));
#1801=CARTESIAN_POINT('',(1.379364875978E1,1.174384492754E1,6.784309881888E0));
#1802=CARTESIAN_POINT('',(1.392125824597E1,1.187145441374E1,6.694020442594E0));
#1803=CARTESIAN_POINT('',(1.400582954577E1,1.195602571354E1,6.618818208981E0));
#1804=CARTESIAN_POINT('',(1.404797959172E1,1.199817575948E1,6.576303987533E0));
#1805=CARTESIAN_POINT('',(1.405092419675E1,1.200112036451E1,6.573308113090E0));
#1806=(BOUNDED_SURFACE()B_SPLINE_SURFACE(3,3,((#1762,#1763,#1764,#1765,#1766,
#1767,#1768,#1769,#1770,#1771,#1772),(#1773,#1774,#1775,#1776,#1777,#1778,#1779,
#1780,#1781,#1782,#1783),(#1784,#1785,#1786,#1787,#1788,#1789,#1790,#1791,#1792,
#1793,#1794),(#1795,#1796,#1797,#1798,#1799,#1800,#1801,#1802,#1803,#1804,
#1805)),.UNSPECIFIED.,.F.,.F.,.F.)B_SPLINE_SURFACE_WITH_KNOTS((4,4),(4,1,1,1,1,
1,1,1,4),(0.E0,1.E0),(3.641306985169E-3,1.637560661931E-1,3.215717468477E-1,
4.703612484589E-1,6.050112264358E-1,7.356257904992E-1,8.682244432286E-1,1.E0,
1.009925116958E0),.UNSPECIFIED.)GEOMETRIC_REPRESENTATION_ITEM()RATIONAL_B_SPLINE_SURFACE(((1.202333821349E0,1.202333821349E0,1.202333821349E0,1.202333821349E0,
1.202333821349E0,1.202333821349E0,1.202333821349E0,1.202333821349E0,
1.202333821349E0,1.202333821349E0,1.202333821349E0),(9.325553928837E-1,
9.325553928837E-1,9.325553928837E-1,9.325553928837E-1,9.325553928837E-1,
9.325553928837E-1,9.325553928837E-1,9.325553928837E-1,9.325553928837E-1,
9.325553928837E-1,9.325553928837E-1),(9.325553928837E-1,9.325553928837E-1,
9.325553928837E-1,9.325553928837E-1,9.325553928837E-1,9.325553928837E-1,
9.325553928837E-1,9.325553928837E-1,9.325553928837E-1,9.325553928837E-1,
9.325553928837E-1),(1.202333821349E0,1.202333821349E0,1.202333821349E0,
1.202333821349E0,1.202333821349E0,1.202333821349E0,1.202333821349E0,
1.202333821349E0,1.202333821349E0,1.202333821349E0,1.202333821349E0)))REPRESENTATION_ITEM('')SURFACE());
#1808=ORIENTED_EDGE('',*,*,#1807,.F.);
#1809=ORIENTED_EDGE('',*,*,#1752,.T.);
#1811=ORIENTED_EDGE('',*,*,#1810,.T.);
#1813=ORIENTED_EDGE('',*,*,#1812,.F.);
#1814=EDGE_LOOP('',(#1808,#1809,#1811,#1813));
#1815=FACE_OUTER_BOUND('',#1814,.F.);
#1816=ADVANCED_FACE('',(#1815),#1806,.T.);
#1817=CARTESIAN_POINT('',(5.8617E1,5.658415728753E1,6.8E0));
#1818=DIRECTION('',(-7.071067811865E-1,-7.071067811865E-1,0.E0));
#1819=DIRECTION('',(0.E0,0.E0,1.E0));
#1820=AXIS2_PLACEMENT_3D('',#1817,#1818,#1819);
#1821=CYLINDRICAL_SURFACE('',#1820,2.E-1);
#1822=ORIENTED_EDGE('',*,*,#1807,.T.);
#1824=ORIENTED_EDGE('',*,*,#1823,.T.);
#1826=ORIENTED_EDGE('',*,*,#1825,.T.);
#1827=ORIENTED_EDGE('',*,*,#1754,.F.);
#1828=EDGE_LOOP('',(#1822,#1824,#1826,#1827));
#1829=FACE_OUTER_BOUND('',#1828,.F.);
#1830=ADVANCED_FACE('',(#1829),#1821,.T.);
#1831=CARTESIAN_POINT('',(0.E0,0.E0,7.E0));
#1832=DIRECTION('',(0.E0,0.E0,1.E0));
#1833=DIRECTION('',(1.E0,0.E0,0.E0));
#1834=AXIS2_PLACEMENT_3D('',#1831,#1832,#1833);
#1835=PLANE('',#1834);
#1837=ORIENTED_EDGE('',*,*,#1836,.F.);
#1839=ORIENTED_EDGE('',*,*,#1838,.F.);
#1841=ORIENTED_EDGE('',*,*,#1840,.T.);
#1843=ORIENTED_EDGE('',*,*,#1842,.F.);
#1845=ORIENTED_EDGE('',*,*,#1844,.F.);
#1847=ORIENTED_EDGE('',*,*,#1846,.F.);
#1849=ORIENTED_EDGE('',*,*,#1848,.F.);
#1850=ORIENTED_EDGE('',*,*,#1823,.F.);
#1851=EDGE_LOOP('',(#1837,#1839,#1841,#1843,#1845,#1847,#1849,#1850));
#1852=FACE_OUTER_BOUND('',#1851,.F.);
#1853=ADVANCED_FACE('',(#1852),#1835,.T.);
#1854=CARTESIAN_POINT('',(5.8617E1,1.1E1,5.5E0));
#1855=DIRECTION('',(-1.E0,0.E0,0.E0));
#1856=DIRECTION('',(0.E0,0.E0,1.E0));
#1857=AXIS2_PLACEMENT_3D('',#1854,#1855,#1856);
#1858=CYLINDRICAL_SURFACE('',#1857,1.5E0);
#1860=ORIENTED_EDGE('',*,*,#1859,.F.);
#1862=ORIENTED_EDGE('',*,*,#1861,.T.);
#1863=ORIENTED_EDGE('',*,*,#1836,.T.);
#1864=ORIENTED_EDGE('',*,*,#1812,.T.);
#1866=ORIENTED_EDGE('',*,*,#1865,.T.);
#1867=EDGE_LOOP('',(#1860,#1862,#1863,#1864,#1866));
#1868=FACE_OUTER_BOUND('',#1867,.F.);
#1869=ADVANCED_FACE('',(#1868),#1858,.T.);
#1870=CARTESIAN_POINT('',(1.625E1,1.25E1,0.E0));
#1871=DIRECTION('',(0.E0,1.E0,0.E0));
#1872=DIRECTION('',(-1.E0,0.E0,0.E0));
#1873=AXIS2_PLACEMENT_3D('',#1870,#1871,#1872);
#1874=PLANE('',#1873);
#1875=ORIENTED_EDGE('',*,*,#1720,.F.);
#1876=ORIENTED_EDGE('',*,*,#1701,.F.);
#1878=ORIENTED_EDGE('',*,*,#1877,.F.);
#1879=ORIENTED_EDGE('',*,*,#1859,.T.);
#1880=EDGE_LOOP('',(#1875,#1876,#1878,#1879));
#1881=FACE_OUTER_BOUND('',#1880,.F.);
#1882=ADVANCED_FACE('',(#1881),#1874,.T.);
#1883=CARTESIAN_POINT('',(1.605E1,1.23E1,1.61252E1));
#1884=DIRECTION('',(0.E0,0.E0,-1.E0));
#1885=DIRECTION('',(0.E0,1.E0,0.E0));
#1886=AXIS2_PLACEMENT_3D('',#1883,#1884,#1885);
#1887=CYLINDRICAL_SURFACE('',#1886,2.E-1);
#1889=ORIENTED_EDGE('',*,*,#1888,.T.);
#1890=ORIENTED_EDGE('',*,*,#1877,.T.);
#1891=ORIENTED_EDGE('',*,*,#1699,.T.);
#1893=ORIENTED_EDGE('',*,*,#1892,.F.);
#1894=EDGE_LOOP('',(#1889,#1890,#1891,#1893));
#1895=FACE_OUTER_BOUND('',#1894,.F.);
#1896=ADVANCED_FACE('',(#1895),#1887,.T.);
#1897=CARTESIAN_POINT('',(1.624939177904E1,1.228778987831E1,5.472718626274E0));
#1898=CARTESIAN_POINT('',(1.624946842575E1,1.228785676820E1,5.476923849292E0));
#1899=CARTESIAN_POINT('',(1.625015504175E1,1.228845604978E1,5.525989525386E0));
#1900=CARTESIAN_POINT('',(1.624686714680E1,1.228558619923E1,5.619401276491E0));
#1901=CARTESIAN_POINT('',(1.623028659888E1,1.227111486759E1,5.752119641118E0));
#1902=CARTESIAN_POINT('',(1.620183447997E1,1.224628640952E1,5.883716395747E0));
#1903=CARTESIAN_POINT('',(1.616073676134E1,1.221043202097E1,6.014992843379E0));
#1904=CARTESIAN_POINT('',(1.610619947560E1,1.216286863448E1,6.145353098931E0));
#1905=CARTESIAN_POINT('',(1.603746347643E1,1.210294643268E1,6.273736381111E0));
#1906=CARTESIAN_POINT('',(1.595367042744E1,1.202993191778E1,6.398864687196E0));
#1907=CARTESIAN_POINT('',(1.585404909693E1,1.194317006551E1,6.519040707399E0));
#1908=CARTESIAN_POINT('',(1.573820218424E1,1.184233338592E1,6.632020533351E0));
#1909=CARTESIAN_POINT('',(1.560622974995E1,1.172752832984E1,6.735119017965E0));
#1910=CARTESIAN_POINT('',(1.545873611633E1,1.159929978360E1,6.825503409831E0));
#1911=CARTESIAN_POINT('',(1.529739907389E1,1.145912430899E1,6.900057135675E0));
#1912=CARTESIAN_POINT('',(1.512426000739E1,1.130879115598E1,6.956090793558E0));
#1913=CARTESIAN_POINT('',(1.494332893423E1,1.115179410250E1,6.990998838568E0));
#1914=CARTESIAN_POINT('',(1.481351117185E1,1.103922219413E1,6.999738282022E0));
#1915=CARTESIAN_POINT('',(1.474497507667E1,1.097981193335E1,6.999672421160E0));
#1916=CARTESIAN_POINT('',(1.473821997425E1,1.097395649459E1,6.999620642988E0));
#1917=CARTESIAN_POINT('',(1.625706062290E1,1.241616245819E1,5.470223405920E0));
#1918=CARTESIAN_POINT('',(1.625715097722E1,1.241623610047E1,5.474813002648E0));
#1919=CARTESIAN_POINT('',(1.625796074493E1,1.241689544020E1,5.528365455996E0));
#1920=CARTESIAN_POINT('',(1.625407928631E1,1.241373638756E1,5.630342473900E0));
#1921=CARTESIAN_POINT('',(1.623456987777E1,1.239785113957E1,5.774728945793E0));
#1922=CARTESIAN_POINT('',(1.620130808836E1,1.237073817965E1,5.916908405896E0));
#1923=CARTESIAN_POINT('',(1.615370310045E1,1.233186754057E1,6.057329766605E0));
#1924=CARTESIAN_POINT('',(1.609124145847E1,1.228074704717E1,6.195024898379E0));
#1925=CARTESIAN_POINT('',(1.601350786886E1,1.221693969425E1,6.328658305902E0));
#1926=CARTESIAN_POINT('',(1.592000489916E1,1.213991533701E1,6.456778124344E0));
#1927=CARTESIAN_POINT('',(1.581033961209E1,1.204920524591E1,6.577599994680E0));
#1928=CARTESIAN_POINT('',(1.568451217814E1,1.194464695919E1,6.688877437306E0));
#1929=CARTESIAN_POINT('',(1.554302707723E1,1.182648588201E1,6.788004694011E0));
#1930=CARTESIAN_POINT('',(1.538687517785E1,1.169537416326E1,6.872310123222E0));
#1931=CARTESIAN_POINT('',(1.521811843362E1,1.155287686322E1,6.938932982867E0));
#1932=CARTESIAN_POINT('',(1.503911813223E1,1.140084122119E1,6.985501873544E0));
#1933=CARTESIAN_POINT('',(1.485418169082E1,1.124281246265E1,7.009867904206E0));
#1934=CARTESIAN_POINT('',(1.472296858080E1,1.112999738375E1,7.010785047226E0));
#1935=CARTESIAN_POINT('',(1.465412111480E1,1.107060195314E1,7.006567902211E0));
#1936=CARTESIAN_POINT('',(1.464733941798E1,1.106474941751E1,7.006106806798E0));
#1937=CARTESIAN_POINT('',(1.616609327038E1,1.250709932646E1,5.470223967503E0));
#1938=CARTESIAN_POINT('',(1.616618832718E1,1.250717775202E1,5.474813304778E0));
#1939=CARTESIAN_POINT('',(1.616704047087E1,1.250787963588E1,5.528364124384E0));
#1940=CARTESIAN_POINT('',(1.616295339169E1,1.250451571758E1,5.630354392474E0));
#1941=CARTESIAN_POINT('',(1.614245230908E1,1.248762887622E1,5.774407567954E0));
#1942=CARTESIAN_POINT('',(1.610764069306E1,1.245889761554E1,5.915563444399E0));
#1943=CARTESIAN_POINT('',(1.605810615033E1,1.241789031787E1,6.053971928972E0));
#1944=CARTESIAN_POINT('',(1.599358327294E1,1.236425003275E1,6.188441727944E0));
#1945=CARTESIAN_POINT('',(1.591394706669E1,1.229769050740E1,6.317512560322E0));
#1946=CARTESIAN_POINT('',(1.581900874903E1,1.221782564867E1,6.439692570987E0));
#1947=CARTESIAN_POINT('',(1.570869064976E1,1.212431869491E1,6.553245331688E0));
#1948=CARTESIAN_POINT('',(1.558329764631E1,1.201712408743E1,6.656066754697E0));
#1949=CARTESIAN_POINT('',(1.544361184439E1,1.189658566418E1,6.745779395629E0));
#1950=CARTESIAN_POINT('',(1.529085677976E1,1.176343155695E1,6.820006811209E0));
#1951=CARTESIAN_POINT('',(1.512725641633E1,1.161928951678E1,6.876268226958E0));
#1952=CARTESIAN_POINT('',(1.495526555177E1,1.146604786160E1,6.912588428084E0));
#1953=CARTESIAN_POINT('',(1.477914279932E1,1.130728826142E1,6.927306705206E0));
#1954=CARTESIAN_POINT('',(1.465529196404E1,1.119430092480E1,6.922168010737E0));
#1955=CARTESIAN_POINT('',(1.459063005847E1,1.113491599962E1,6.915039320849E0));
#1956=CARTESIAN_POINT('',(1.458426377813E1,1.112906552052E1,6.914294056729E0));
#1957=CARTESIAN_POINT('',(1.603772314524E1,1.249938757942E1,5.472719933002E0));
#1958=CARTESIAN_POINT('',(1.603781073398E1,1.249946559934E1,5.476924552308E0));
#1959=CARTESIAN_POINT('',(1.603859595312E1,1.250016387532E1,5.525986426908E0));
#1960=CARTESIAN_POINT('',(1.603482960713E1,1.249681733031E1,5.619429009389E0));
#1961=CARTESIAN_POINT('',(1.601594156877E1,1.248001542737E1,5.751371838677E0));
#1962=CARTESIAN_POINT('',(1.598388321453E1,1.245142140395E1,5.880586853611E0));
#1963=CARTESIAN_POINT('',(1.593829568475E1,1.241059530199E1,6.007179612755E0));
#1964=CARTESIAN_POINT('',(1.587896218508E1,1.235716870353E1,6.130034958373E0));
#1965=CARTESIAN_POINT('',(1.580579905626E1,1.229084257151E1,6.247801749902E0));
#1966=CARTESIAN_POINT('',(1.571866614814E1,1.221121859669E1,6.359108932667E0));
#1967=CARTESIAN_POINT('',(1.561752581260E1,1.211794882613E1,6.462370725263E0));
#1968=CARTESIAN_POINT('',(1.550268976048E1,1.201097778737E1,6.555674545810E0));
#1969=CARTESIAN_POINT('',(1.537490404977E1,1.189064097092E1,6.636866502386E0));
#1970=CARTESIAN_POINT('',(1.523531438776E1,1.175766006499E1,6.703800729797E0));
#1971=CARTESIAN_POINT('',(1.508597554081E1,1.161365750422E1,6.754244787577E0));
#1972=CARTESIAN_POINT('',(1.492914647868E1,1.146051812294E1,6.786431141396E0));
#1973=CARTESIAN_POINT('',(1.476872365875E1,1.130182050054E1,6.798890178555E0));
#1974=CARTESIAN_POINT('',(1.465603690647E1,1.118884777195E1,6.793538513358E0));
#1975=CARTESIAN_POINT('',(1.459724004008E1,1.112946195588E1,6.786697884313E0));
#1976=CARTESIAN_POINT('',(1.459145155520E1,1.112361130238E1,6.785984884282E0));
#1977=(BOUNDED_SURFACE()B_SPLINE_SURFACE(3,3,((#1897,#1898,#1899,#1900,#1901,
#1902,#1903,#1904,#1905,#1906,#1907,#1908,#1909,#1910,#1911,#1912,#1913,#1914,
#1915,#1916),(#1917,#1918,#1919,#1920,#1921,#1922,#1923,#1924,#1925,#1926,#1927,
#1928,#1929,#1930,#1931,#1932,#1933,#1934,#1935,#1936),(#1937,#1938,#1939,#1940,
#1941,#1942,#1943,#1944,#1945,#1946,#1947,#1948,#1949,#1950,#1951,#1952,#1953,
#1954,#1955,#1956),(#1957,#1958,#1959,#1960,#1961,#1962,#1963,#1964,#1965,#1966,
#1967,#1968,#1969,#1970,#1971,#1972,#1973,#1974,#1975,#1976)),.UNSPECIFIED.,.F.,
.F.,.F.)B_SPLINE_SURFACE_WITH_KNOTS((4,4),(4,1,1,1,1,1,1,1,1,1,1,1,1,1,1,1,1,4),
(0.E0,1.E0),(-4.551137613871E-3,0.E0,4.853881196205E-2,9.634638094045E-2,
1.452775631730E-1,1.964524266285E-1,2.500583312914E-1,3.066715050143E-1,
3.671240985834E-1,4.316872094799E-1,5.007532967718E-1,5.746020038593E-1,
6.529001524939E-1,7.355985465879E-1,8.216706467106E-1,9.107081373605E-1,1.E0,
1.009760727026E0),.UNSPECIFIED.)GEOMETRIC_REPRESENTATION_ITEM()RATIONAL_B_SPLINE_SURFACE(((1.202333583976E0,1.202333583976E0,1.202333583976E0,1.202333583976E0,
1.202333583976E0,1.202333583976E0,1.202333583976E0,1.202333583976E0,
1.202333583976E0,1.202333583976E0,1.202333583976E0,1.202333583976E0,
1.202333583976E0,1.202333583976E0,1.202333583976E0,1.202333583976E0,
1.202333583976E0,1.202333583976E0,1.202333583976E0,1.202333583976E0),(
9.325554720079E-1,9.325554720079E-1,9.325554720079E-1,9.325554720079E-1,
9.325554720079E-1,9.325554720079E-1,9.325554720079E-1,9.325554720079E-1,
9.325554720079E-1,9.325554720079E-1,9.325554720079E-1,9.325554720079E-1,
9.325554720079E-1,9.325554720079E-1,9.325554720079E-1,9.325554720079E-1,
9.325554720079E-1,9.325554720079E-1,9.325554720079E-1,9.325554720079E-1),(
9.325554720079E-1,9.325554720079E-1,9.325554720079E-1,9.325554720079E-1,
9.325554720079E-1,9.325554720079E-1,9.325554720079E-1,9.325554720079E-1,
9.325554720079E-1,9.325554720079E-1,9.325554720079E-1,9.325554720079E-1,
9.325554720079E-1,9.325554720079E-1,9.325554720079E-1,9.325554720079E-1,
9.325554720079E-1,9.325554720079E-1,9.325554720079E-1,9.325554720079E-1),(
1.202333583976E0,1.202333583976E0,1.202333583976E0,1.202333583976E0,
1.202333583976E0,1.202333583976E0,1.202333583976E0,1.202333583976E0,
1.202333583976E0,1.202333583976E0,1.202333583976E0,1.202333583976E0,
1.202333583976E0,1.202333583976E0,1.202333583976E0,1.202333583976E0,
1.202333583976E0,1.202333583976E0,1.202333583976E0,1.202333583976E0)))REPRESENTATION_ITEM('')SURFACE());
#1978=ORIENTED_EDGE('',*,*,#1888,.F.);
#1980=ORIENTED_EDGE('',*,*,#1979,.F.);
#1981=ORIENTED_EDGE('',*,*,#1861,.F.);
#1982=EDGE_LOOP('',(#1978,#1980,#1981));
#1983=FACE_OUTER_BOUND('',#1982,.F.);
#1984=ADVANCED_FACE('',(#1983),#1977,.T.);
#1985=CARTESIAN_POINT('',(1.475E1,-6.13224E1,5.5E0));
#1986=DIRECTION('',(0.E0,1.E0,0.E0));
#1987=DIRECTION('',(0.E0,0.E0,1.E0));
#1988=AXIS2_PLACEMENT_3D('',#1985,#1986,#1987);
#1989=CYLINDRICAL_SURFACE('',#1988,1.5E0);
#1991=ORIENTED_EDGE('',*,*,#1990,.F.);
#1993=ORIENTED_EDGE('',*,*,#1992,.T.);
#1994=ORIENTED_EDGE('',*,*,#1838,.T.);
#1995=ORIENTED_EDGE('',*,*,#1979,.T.);
#1996=EDGE_LOOP('',(#1991,#1993,#1994,#1995));
#1997=FACE_OUTER_BOUND('',#1996,.F.);
#1998=ADVANCED_FACE('',(#1997),#1989,.T.);
#1999=CARTESIAN_POINT('',(1.625E1,-1.25E1,0.E0));
#2000=DIRECTION('',(1.E0,0.E0,0.E0));
#2001=DIRECTION('',(0.E0,1.E0,0.E0));
#2002=AXIS2_PLACEMENT_3D('',#1999,#2000,#2001);
#2003=PLANE('',#2002);
#2004=ORIENTED_EDGE('',*,*,#1990,.T.);
#2005=ORIENTED_EDGE('',*,*,#1892,.T.);
#2006=ORIENTED_EDGE('',*,*,#1697,.F.);
#2008=ORIENTED_EDGE('',*,*,#2007,.F.);
#2009=EDGE_LOOP('',(#2004,#2005,#2006,#2008));
#2010=FACE_OUTER_BOUND('',#2009,.F.);
#2011=ADVANCED_FACE('',(#2010),#2003,.T.);
#2012=CARTESIAN_POINT('',(1.605E1,-1.23E1,1.61252E1));
#2013=DIRECTION('',(0.E0,0.E0,-1.E0));
#2014=DIRECTION('',(1.E0,0.E0,0.E0));
#2015=AXIS2_PLACEMENT_3D('',#2012,#2013,#2014);
#2016=CYLINDRICAL_SURFACE('',#2015,2.E-1);
#2018=ORIENTED_EDGE('',*,*,#2017,.T.);
#2019=ORIENTED_EDGE('',*,*,#2007,.T.);
#2020=ORIENTED_EDGE('',*,*,#1695,.T.);
#2022=ORIENTED_EDGE('',*,*,#2021,.F.);
#2023=EDGE_LOOP('',(#2018,#2019,#2020,#2022));
#2024=FACE_OUTER_BOUND('',#2023,.F.);
#2025=ADVANCED_FACE('',(#2024),#2016,.T.);
#2026=CARTESIAN_POINT('',(1.603778989761E1,-1.249939180743E1,5.472718033453E0));
#2027=CARTESIAN_POINT('',(1.603784976870E1,-1.249946041026E1,5.476482895056E0));
#2028=CARTESIAN_POINT('',(1.603846307749E1,-1.250016309427E1,5.525168167950E0));
#2029=CARTESIAN_POINT('',(1.603567134793E1,-1.249696470400E1,5.618213745093E0));
#2030=CARTESIAN_POINT('',(1.602127742564E1,-1.248047286494E1,5.751029954015E0));
#2031=CARTESIAN_POINT('',(1.599652291659E1,-1.245210553778E1,5.882695911511E0));
#2032=CARTESIAN_POINT('',(1.596073414581E1,-1.241108312552E1,6.014047933106E0));
#2033=CARTESIAN_POINT('',(1.591323443952E1,-1.235661899812E1,6.144471289919E0));
#2034=CARTESIAN_POINT('',(1.585338330684E1,-1.228796472138E1,6.272900785238E0));
#2035=CARTESIAN_POINT('',(1.578044326640E1,-1.220425741093E1,6.398077987859E0));
#2036=CARTESIAN_POINT('',(1.569374854253E1,-1.210471349784E1,6.518320776482E0));
#2037=CARTESIAN_POINT('',(1.559296107796E1,-1.198892352928E1,6.631391936420E0));
#2038=CARTESIAN_POINT('',(1.547818302270E1,-1.185698258347E1,6.734599429138E0));
#2039=CARTESIAN_POINT('',(1.534991782437E1,-1.170944726325E1,6.825129157404E0));
#2040=CARTESIAN_POINT('',(1.520971551580E1,-1.154807976940E1,6.899794111795E0));
#2041=CARTESIAN_POINT('',(1.505967329421E1,-1.137527617641E1,6.955804203777E0));
#2042=CARTESIAN_POINT('',(1.490251511806E1,-1.119416021866E1,6.990905875263E0));
#2043=CARTESIAN_POINT('',(1.478974544272E1,-1.106411478927E1,6.999738619737E0));
#2044=CARTESIAN_POINT('',(1.472981210498E1,-1.099497528093E1,6.999672472346E0));
#2045=CARTESIAN_POINT('',(1.472395675575E1,-1.098822028329E1,6.999620729543E0));
#2046=CARTESIAN_POINT('',(1.616616248827E1,-1.250706065025E1,5.470222759184E0));
#2047=CARTESIAN_POINT('',(1.616622839398E1,-1.250714152542E1,5.474331743296E0));
#2048=CARTESIAN_POINT('',(1.616690312552E1,-1.250797023275E1,5.527468797066E0));
#2049=CARTESIAN_POINT('',(1.616383002631E1,-1.250419434757E1,5.629047631915E0));
#2050=CARTESIAN_POINT('',(1.614802920007E1,-1.248478849753E1,5.773546991575E0));
#2051=CARTESIAN_POINT('',(1.612099559208E1,-1.245162367295E1,5.915811074505E0));
#2052=CARTESIAN_POINT('',(1.608219370374E1,-1.240410215425E1,6.056325300861E0));
#2053=CARTESIAN_POINT('',(1.603113842207E1,-1.234171904150E1,6.194100131664E0));
#2054=CARTESIAN_POINT('',(1.596740274707E1,-1.226407109140E1,6.327795500242E0));
#2055=CARTESIAN_POINT('',(1.589045231843E1,-1.217065552494E1,6.455979855929E0));
#2056=CARTESIAN_POINT('',(1.579980746433E1,-1.206106608494E1,6.576883517492E0));
#2057=CARTESIAN_POINT('',(1.569529525268E1,-1.193529043241E1,6.688265683401E0));
#2058=CARTESIAN_POINT('',(1.557715730638E1,-1.179382886333E1,6.787512563902E0));
#2059=CARTESIAN_POINT('',(1.544600396510E1,-1.163762296478E1,6.871968667364E0));
#2060=CARTESIAN_POINT('',(1.530347613952E1,-1.146882596149E1,6.938705636922E0));
#2061=CARTESIAN_POINT('',(1.515173197771E1,-1.129016495083E1,6.985272172918E0));
#2062=CARTESIAN_POINT('',(1.499353614153E1,-1.110502528873E1,7.009824874570E0));
#2063=CARTESIAN_POINT('',(1.488052044111E1,-1.097357500290E1,7.010821945453E0));
#2064=CARTESIAN_POINT('',(1.482060212343E1,-1.090412132127E1,7.006567966608E0));
#2065=CARTESIAN_POINT('',(1.481474968467E1,-1.089733972210E1,7.006106912969E0));
#2066=CARTESIAN_POINT('',(1.625709937341E1,-1.241609331600E1,5.470223320449E0));
#2067=CARTESIAN_POINT('',(1.625716955395E1,-1.241617840247E1,5.474332072031E0));
#2068=CARTESIAN_POINT('',(1.625788779627E1,-1.241705047019E1,5.527467357731E0));
#2069=CARTESIAN_POINT('',(1.625461537975E1,-1.241307449899E1,5.629060493139E0));
#2070=CARTESIAN_POINT('',(1.623781792750E1,-1.239268170392E1,5.773230837577E0));
#2071=CARTESIAN_POINT('',(1.620916984592E1,-1.235797015326E1,5.914477722938E0));
#2072=CARTESIAN_POINT('',(1.616823351809E1,-1.230851997280E1,6.052986364384E0));
#2073=CARTESIAN_POINT('',(1.611465952938E1,-1.224407469444E1,6.187543467597E0));
#2074=CARTESIAN_POINT('',(1.604817211292E1,-1.216452162579E1,6.316684354410E0));
#2075=CARTESIAN_POINT('',(1.596838079582E1,-1.206966636905E1,6.438936747756E0));
#2076=CARTESIAN_POINT('',(1.587493773895E1,-1.195941803682E1,6.552577562405E0));
#2077=CARTESIAN_POINT('',(1.576778698199E1,-1.183406952701E1,6.655507245178E0));
#2078=CARTESIAN_POINT('',(1.564726894798E1,-1.169439964236E1,6.745339962194E0));
#2079=CARTESIAN_POINT('',(1.551406969704E1,-1.154158460672E1,6.819712462420E0));
#2080=CARTESIAN_POINT('',(1.536989451611E1,-1.137793904968E1,6.876082864579E0));
#2081=CARTESIAN_POINT('',(1.521694472979E1,-1.120626859607E1,6.912417123831E0));
#2082=CARTESIAN_POINT('',(1.505801383349E1,-1.102994162232E1,6.927304743468E0));
#2083=CARTESIAN_POINT('',(1.494482385324E1,-1.090586156090E1,6.922230587689E0));
#2084=CARTESIAN_POINT('',(1.488491617549E1,-1.084063024684E1,6.915039412007E0));
#2085=CARTESIAN_POINT('',(1.487906579847E1,-1.083426405231E1,6.914294191857E0));
#2086=CARTESIAN_POINT('',(1.624938764987E1,-1.228772320425E1,5.472719339439E0));
#2087=CARTESIAN_POINT('',(1.624945746789E1,-1.228780160618E1,5.476483659976E0));
#2088=CARTESIAN_POINT('',(1.625017202037E1,-1.228860518394E1,5.525164818814E0));
#2089=CARTESIAN_POINT('',(1.624691650656E1,-1.228494122073E1,5.618243671410E0));
#2090=CARTESIAN_POINT('',(1.623020357122E1,-1.226615289496E1,5.750294306700E0));
#2091=CARTESIAN_POINT('',(1.620169240189E1,-1.223418654675E1,5.879593383927E0));
#2092=CARTESIAN_POINT('',(1.616093708100E1,-1.218867640112E1,6.006278682461E0));
#2093=CARTESIAN_POINT('',(1.610757668628E1,-1.212941389509E1,6.129214825211E0));
#2094=CARTESIAN_POINT('',(1.604132262584E1,-1.205632666681E1,6.247046661477E0));
#2095=CARTESIAN_POINT('',(1.596177222470E1,-1.196926939309E1,6.358420995262E0));
#2096=CARTESIAN_POINT('',(1.586856646390E1,-1.186819232748E1,6.461764127824E0));
#2097=CARTESIAN_POINT('',(1.576163946358E1,-1.175339626186E1,6.555167510161E0));
#2098=CARTESIAN_POINT('',(1.564132326822E1,-1.162562432181E1,6.636469526025E0));
#2099=CARTESIAN_POINT('',(1.550829751662E1,-1.148597907797E1,6.703536082268E0));
#2100=CARTESIAN_POINT('',(1.536426203643E1,-1.133659829828E1,6.754079445549E0));
#2101=CARTESIAN_POINT('',(1.521141449072E1,-1.118006077990E1,6.786280422490E0));
#2102=CARTESIAN_POINT('',(1.505254592974E1,-1.101945074825E1,6.798892763861E0));
#2103=CARTESIAN_POINT('',(1.493937072895E1,-1.090655482774E1,6.793598590383E0));
#2104=CARTESIAN_POINT('',(1.487946214891E1,-1.084724019393E1,6.786697985801E0));
#2105=CARTESIAN_POINT('',(1.487361159704E1,-1.084145178634E1,6.785985026211E0));
#2106=(BOUNDED_SURFACE()B_SPLINE_SURFACE(3,3,((#2026,#2027,#2028,#2029,#2030,
#2031,#2032,#2033,#2034,#2035,#2036,#2037,#2038,#2039,#2040,#2041,#2042,#2043,
#2044,#2045),(#2046,#2047,#2048,#2049,#2050,#2051,#2052,#2053,#2054,#2055,#2056,
#2057,#2058,#2059,#2060,#2061,#2062,#2063,#2064,#2065),(#2066,#2067,#2068,#2069,
#2070,#2071,#2072,#2073,#2074,#2075,#2076,#2077,#2078,#2079,#2080,#2081,#2082,
#2083,#2084,#2085),(#2086,#2087,#2088,#2089,#2090,#2091,#2092,#2093,#2094,#2095,
#2096,#2097,#2098,#2099,#2100,#2101,#2102,#2103,#2104,#2105)),.UNSPECIFIED.,.F.,
.F.,.F.)B_SPLINE_SURFACE_WITH_KNOTS((4,4),(4,1,1,1,1,1,1,1,1,1,1,1,1,1,1,1,1,4),
(0.E0,1.E0),(-4.072543401368E-3,0.E0,4.858107978023E-2,9.637561598282E-2,
1.452912388654E-1,1.964615649740E-1,2.500468830797E-1,3.066155927745E-1,
3.670234447541E-1,4.315455065097E-1,5.005697078969E-1,5.743938254350E-1,
6.526727970661E-1,7.354232045778E-1,8.214249951395E-1,9.098804637241E-1,1.E0,
1.009755756127E0),.UNSPECIFIED.)GEOMETRIC_REPRESENTATION_ITEM()RATIONAL_B_SPLINE_SURFACE(((1.202333536719E0,1.202333536719E0,1.202333536719E0,1.202333536719E0,
1.202333536719E0,1.202333536719E0,1.202333536719E0,1.202333536719E0,
1.202333536719E0,1.202333536719E0,1.202333536719E0,1.202333536719E0,
1.202333536719E0,1.202333536719E0,1.202333536719E0,1.202333536719E0,
1.202333536719E0,1.202333536719E0,1.202333536719E0,1.202333536719E0),(
9.325554877604E-1,9.325554877604E-1,9.325554877604E-1,9.325554877604E-1,
9.325554877604E-1,9.325554877604E-1,9.325554877604E-1,9.325554877604E-1,
9.325554877604E-1,9.325554877604E-1,9.325554877604E-1,9.325554877604E-1,
9.325554877604E-1,9.325554877604E-1,9.325554877604E-1,9.325554877604E-1,
9.325554877604E-1,9.325554877604E-1,9.325554877604E-1,9.325554877604E-1),(
9.325554877604E-1,9.325554877604E-1,9.325554877604E-1,9.325554877604E-1,
9.325554877604E-1,9.325554877604E-1,9.325554877604E-1,9.325554877604E-1,
9.325554877604E-1,9.325554877604E-1,9.325554877604E-1,9.325554877604E-1,
9.325554877604E-1,9.325554877604E-1,9.325554877604E-1,9.325554877604E-1,
9.325554877604E-1,9.325554877604E-1,9.325554877604E-1,9.325554877604E-1),(
1.202333536719E0,1.202333536719E0,1.202333536719E0,1.202333536719E0,
1.202333536719E0,1.202333536719E0,1.202333536719E0,1.202333536719E0,
1.202333536719E0,1.202333536719E0,1.202333536719E0,1.202333536719E0,
1.202333536719E0,1.202333536719E0,1.202333536719E0,1.202333536719E0,
1.202333536719E0,1.202333536719E0,1.202333536719E0,1.202333536719E0)))REPRESENTATION_ITEM('')SURFACE());
#2107=ORIENTED_EDGE('',*,*,#2017,.F.);
#2109=ORIENTED_EDGE('',*,*,#2108,.F.);
#2110=ORIENTED_EDGE('',*,*,#1992,.F.);
#2111=EDGE_LOOP('',(#2107,#2109,#2110));
#2112=FACE_OUTER_BOUND('',#2111,.F.);
#2113=ADVANCED_FACE('',(#2112),#2106,.T.);
#2114=CARTESIAN_POINT('',(5.8617E1,-1.1E1,5.5E0));
#2115=DIRECTION('',(-1.E0,0.E0,0.E0));
#2116=DIRECTION('',(0.E0,-1.E0,0.E0));
#2117=AXIS2_PLACEMENT_3D('',#2114,#2115,#2116);
#2118=CYLINDRICAL_SURFACE('',#2117,1.5E0);
#2119=ORIENTED_EDGE('',*,*,#1840,.F.);
#2120=ORIENTED_EDGE('',*,*,#2108,.T.);
#2122=ORIENTED_EDGE('',*,*,#2121,.T.);
#2124=ORIENTED_EDGE('',*,*,#2123,.T.);
#2126=ORIENTED_EDGE('',*,*,#2125,.T.);
#2127=EDGE_LOOP('',(#2119,#2120,#2122,#2124,#2126));
#2128=FACE_OUTER_BOUND('',#2127,.F.);
#2129=ADVANCED_FACE('',(#2128),#2118,.T.);
#2130=CARTESIAN_POINT('',(1.425E1,-1.25E1,0.E0));
#2131=DIRECTION('',(0.E0,-1.E0,0.E0));
#2132=DIRECTION('',(1.E0,0.E0,0.E0));
#2133=AXIS2_PLACEMENT_3D('',#2130,#2131,#2132);
#2134=PLANE('',#2133);
#2135=ORIENTED_EDGE('',*,*,#2121,.F.);
#2136=ORIENTED_EDGE('',*,*,#2021,.T.);
#2137=ORIENTED_EDGE('',*,*,#1693,.F.);
#2138=ORIENTED_EDGE('',*,*,#1659,.F.);
#2139=EDGE_LOOP('',(#2135,#2136,#2137,#2138));
#2140=FACE_OUTER_BOUND('',#2139,.F.);
#2141=ADVANCED_FACE('',(#2140),#2134,.T.);
#2142=CARTESIAN_POINT('',(1.487406009429E1,-1.249966281844E1,5.481792789063E0));
#2143=CARTESIAN_POINT('',(1.487031948136E1,-1.249966914001E1,5.485035315418E0));
#2144=CARTESIAN_POINT('',(1.480665925397E1,-1.249954009695E1,5.540219808837E0));
#2145=CARTESIAN_POINT('',(1.468747319345E1,-1.249173635267E1,5.643571395177E0));
#2146=CARTESIAN_POINT('',(1.451937418988E1,-1.246095016011E1,5.789426484997E0));
#2147=CARTESIAN_POINT('',(1.436189545589E1,-1.241360910330E1,5.926146720064E0));
#2148=CARTESIAN_POINT('',(1.421164391696E1,-1.235003399291E1,6.056667707484E0));
#2149=CARTESIAN_POINT('',(1.406787404899E1,-1.226993397381E1,6.181630752906E0));
#2150=CARTESIAN_POINT('',(1.393148342907E1,-1.217270047239E1,6.300251118565E0));
#2151=CARTESIAN_POINT('',(1.384313844526E1,-1.209331844693E1,6.377132539866E0));
#2152=CARTESIAN_POINT('',(1.380006205583E1,-1.204947217676E1,6.414631171772E0));
#2153=CARTESIAN_POINT('',(1.379709793744E1,-1.204642930996E1,6.417211535427E0));
#2154=CARTESIAN_POINT('',(1.493238521081E1,-1.250417890251E1,5.540084115990E0));
#2155=CARTESIAN_POINT('',(1.492863383930E1,-1.250433069609E1,5.543326060224E0));
#2156=CARTESIAN_POINT('',(1.486477677329E1,-1.250667678691E1,5.598505452186E0));
#2157=CARTESIAN_POINT('',(1.474478110319E1,-1.250348467511E1,5.701996119269E0));
#2158=CARTESIAN_POINT('',(1.457438858693E1,-1.247900559360E1,5.848434226262E0));
#2159=CARTESIAN_POINT('',(1.441369469457E1,-1.243726347449E1,5.986074386784E0));
#2160=CARTESIAN_POINT('',(1.425933364215E1,-1.237859262335E1,6.117858465816E0));
#2161=CARTESIAN_POINT('',(1.411057286797E1,-1.230258631672E1,6.244448567154E0));
#2162=CARTESIAN_POINT('',(1.396833505946E1,-1.220840663595E1,6.365086477964E0));
#2163=CARTESIAN_POINT('',(1.387540754464E1,-1.213022137273E1,6.443641615069E0));
#2164=CARTESIAN_POINT('',(1.382987580838E1,-1.208667023958E1,6.482066704343E0));
#2165=CARTESIAN_POINT('',(1.382674165560E1,-1.208364621960E1,6.484711376696E0));
#2166=CARTESIAN_POINT('',(1.498264623952E1,-1.246250983046E1,5.590656914890E0));
#2167=CARTESIAN_POINT('',(1.497899923996E1,-1.246278699849E1,5.593898354083E0));
#2168=CARTESIAN_POINT('',(1.491690658332E1,-1.246727346248E1,5.649073320087E0));
#2169=CARTESIAN_POINT('',(1.479983354989E1,-1.246829907299E1,5.752684651818E0));
#2170=CARTESIAN_POINT('',(1.463256903324E1,-1.245019951472E1,5.899628576945E0));
#2171=CARTESIAN_POINT('',(1.447388491045E1,-1.241472866642E1,6.038066852856E0));
#2172=CARTESIAN_POINT('',(1.432054205230E1,-1.236222273424E1,6.170946773782E0));
#2173=CARTESIAN_POINT('',(1.417184173855E1,-1.229218381867E1,6.298948487721E0));
#2174=CARTESIAN_POINT('',(1.402870105815E1,-1.220359452965E1,6.421336794527E0));
#2175=CARTESIAN_POINT('',(1.393450241625E1,-1.212885429143E1,6.501344025745E0));
#2176=CARTESIAN_POINT('',(1.388816018195E1,-1.208689017804E1,6.540572897412E0));
#2177=CARTESIAN_POINT('',(1.388496932584E1,-1.208397488340E1,6.543273363156E0));
#2178=CARTESIAN_POINT('',(1.500820511315E1,-1.238844944696E1,5.616769912230E0));
#2179=CARTESIAN_POINT('',(1.500474306550E1,-1.238879038880E1,5.620011090647E0));
#2180=CARTESIAN_POINT('',(1.494579198821E1,-1.239437393073E1,5.675183771331E0));
#2181=CARTESIAN_POINT('',(1.483440634805E1,-1.239782714745E1,5.778857407615E0));
#2182=CARTESIAN_POINT('',(1.467465587170E1,-1.238406769083E1,5.926062509262E0));
#2183=CARTESIAN_POINT('',(1.452254114604E1,-1.235346444786E1,6.064912887833E0));
#2184=CARTESIAN_POINT('',(1.437500713387E1,-1.230634330173E1,6.198358640929E0));
#2185=CARTESIAN_POINT('',(1.423139863277E1,-1.224217005148E1,6.327089233571E0));
#2186=CARTESIAN_POINT('',(1.409259827772E1,-1.215985712026E1,6.450381348095E0));
#2187=CARTESIAN_POINT('',(1.400086069788E1,-1.208966975227E1,6.531138360432E0));
#2188=CARTESIAN_POINT('',(1.395562111604E1,-1.205005918522E1,6.570782260887E0));
#2189=CARTESIAN_POINT('',(1.395250565836E1,-1.204730650275E1,6.573511535254E0));
#2190=(BOUNDED_SURFACE()B_SPLINE_SURFACE(3,3,((#2142,#2143,#2144,#2145,#2146,
#2147,#2148,#2149,#2150,#2151,#2152,#2153),(#2154,#2155,#2156,#2157,#2158,#2159,
#2160,#2161,#2162,#2163,#2164,#2165),(#2166,#2167,#2168,#2169,#2170,#2171,#2172,
#2173,#2174,#2175,#2176,#2177),(#2178,#2179,#2180,#2181,#2182,#2183,#2184,#2185,
#2186,#2187,#2188,#2189)),.UNSPECIFIED.,.F.,.F.,.F.)B_SPLINE_SURFACE_WITH_KNOTS(
(4,4),(4,1,1,1,1,1,1,1,1,4),(0.E0,1.E0),(-9.938698559976E-3,0.E0,
1.592255348051E-1,3.074831354145E-1,4.512313394831E-1,5.887259040598E-1,
7.269117336170E-1,8.657253201125E-1,1.E0,1.009956135932E0),.UNSPECIFIED.)GEOMETRIC_REPRESENTATION_ITEM()RATIONAL_B_SPLINE_SURFACE(((1.090225171461E0,
1.090225171461E0,1.090225171461E0,1.090225171461E0,1.090225171461E0,
1.090225171461E0,1.090225171461E0,1.090225171461E0,1.090225171461E0,
1.090225171461E0,1.090225171461E0,1.090225171461E0),(9.699249428462E-1,
9.699249428462E-1,9.699249428462E-1,9.699249428462E-1,9.699249428462E-1,
9.699249428462E-1,9.699249428462E-1,9.699249428462E-1,9.699249428462E-1,
9.699249428462E-1,9.699249428462E-1,9.699249428462E-1),(9.699249428462E-1,
9.699249428462E-1,9.699249428462E-1,9.699249428462E-1,9.699249428462E-1,
9.699249428462E-1,9.699249428462E-1,9.699249428462E-1,9.699249428462E-1,
9.699249428462E-1,9.699249428462E-1,9.699249428462E-1),(1.090225171461E0,
1.090225171461E0,1.090225171461E0,1.090225171461E0,1.090225171461E0,
1.090225171461E0,1.090225171461E0,1.090225171461E0,1.090225171461E0,
1.090225171461E0,1.090225171461E0,1.090225171461E0)))REPRESENTATION_ITEM('')SURFACE());
#2192=ORIENTED_EDGE('',*,*,#2191,.T.);
#2193=ORIENTED_EDGE('',*,*,#2123,.F.);
#2194=ORIENTED_EDGE('',*,*,#1657,.F.);
#2195=EDGE_LOOP('',(#2192,#2193,#2194));
#2196=FACE_OUTER_BOUND('',#2195,.F.);
#2197=ADVANCED_FACE('',(#2196),#2190,.T.);
#2198=CARTESIAN_POINT('',(1.381387915068E1,-1.206337014581E1,6.401517410327E0));
#2199=CARTESIAN_POINT('',(1.381126639506E1,-1.206075739019E1,6.404175729927E0));
#2200=CARTESIAN_POINT('',(1.378072562768E1,-1.203021662281E1,6.434980813892E0));
#2201=CARTESIAN_POINT('',(1.371638101889E1,-1.196587201402E1,6.493589071794E0));
#2202=CARTESIAN_POINT('',(1.361256357442E1,-1.186205456954E1,6.571408186426E0));
#2203=CARTESIAN_POINT('',(1.349077778168E1,-1.174026877680E1,6.644124078611E0));
#2204=CARTESIAN_POINT('',(1.335186844406E1,-1.160135943918E1,6.706821691124E0));
#2205=CARTESIAN_POINT('',(1.319928352311E1,-1.144877451824E1,6.754427858448E0));
#2206=CARTESIAN_POINT('',(1.304104766038E1,-1.129053865551E1,6.782699639893E0));
#2207=CARTESIAN_POINT('',(1.293423474234E1,-1.118372573747E1,6.788361262812E0));
#2208=CARTESIAN_POINT('',(1.288199343522E1,-1.113148443035E1,6.787970454232E0));
#2209=CARTESIAN_POINT('',(1.386144643524E1,-1.212184558741E1,6.505741219914E0));
#2210=CARTESIAN_POINT('',(1.385863184733E1,-1.211903099951E1,6.508604868870E0));
#2211=CARTESIAN_POINT('',(1.382574223396E1,-1.208614138613E1,6.541778954735E0));
#2212=CARTESIAN_POINT('',(1.375669277596E1,-1.201709192813E1,6.604655242134E0));
#2213=CARTESIAN_POINT('',(1.364593379846E1,-1.190633295064E1,6.687653457167E0));
#2214=CARTESIAN_POINT('',(1.351668620318E1,-1.177708535536E1,6.764801182485E0));
#2215=CARTESIAN_POINT('',(1.336991912572E1,-1.163031827790E1,6.831024717690E0));
#2216=CARTESIAN_POINT('',(1.320924984804E1,-1.146964900022E1,6.881137745275E0));
#2217=CARTESIAN_POINT('',(1.304300080273E1,-1.130339995490E1,6.910832362754E0));
#2218=CARTESIAN_POINT('',(1.293089216385E1,-1.119129131603E1,6.916773397770E0));
#2219=CARTESIAN_POINT('',(1.287605899154E1,-1.113645814371E1,6.916363081995E0));
#2220=CARTESIAN_POINT('',(1.396331874227E1,-1.209509198099E1,6.579571433750E0));
#2221=CARTESIAN_POINT('',(1.396036118012E1,-1.209213441883E1,6.582580534215E0));
#2222=CARTESIAN_POINT('',(1.392580768780E1,-1.205758092651E1,6.617432777092E0));
#2223=CARTESIAN_POINT('',(1.385342540187E1,-1.198519864059E1,6.683332457434E0));
#2224=CARTESIAN_POINT('',(1.373774917112E1,-1.186952240984E1,6.769999451142E0));
#2225=CARTESIAN_POINT('',(1.360321577331E1,-1.173498901203E1,6.850286604862E0));
#2226=CARTESIAN_POINT('',(1.345088241866E1,-1.158265565738E1,6.919007838312E0));
#2227=CARTESIAN_POINT('',(1.328448633260E1,-1.141625957132E1,6.970896679215E0));
#2228=CARTESIAN_POINT('',(1.311256089735E1,-1.124433413606E1,7.001599207354E0));
#2229=CARTESIAN_POINT('',(1.299670086804E1,-1.112847410676E1,7.007738172717E0));
#2230=CARTESIAN_POINT('',(1.294003166650E1,-1.107180490522E1,7.007314038407E0));
#2231=CARTESIAN_POINT('',(1.405092204834E1,-1.200111817003E1,6.573310200072E0));
#2232=CARTESIAN_POINT('',(1.404797661124E1,-1.199817273293E1,6.576306965398E0));
#2233=CARTESIAN_POINT('',(1.401356422558E1,-1.196376034727E1,6.611016890752E0));
#2234=CARTESIAN_POINT('',(1.394146458295E1,-1.189166070463E1,6.676660169701E0));
#2235=CARTESIAN_POINT('',(1.382620536401E1,-1.177640148570E1,6.763016029532E0));
#2236=CARTESIAN_POINT('',(1.369212023315E1,-1.164231635484E1,6.843036941373E0));
#2237=CARTESIAN_POINT('',(1.354025893134E1,-1.149045505303E1,6.911546355413E0));
#2238=CARTESIAN_POINT('',(1.337434851210E1,-1.132454463379E1,6.963284596967E0));
#2239=CARTESIAN_POINT('',(1.320290446790E1,-1.115310058959E1,6.993901648391E0));
#2240=CARTESIAN_POINT('',(1.308736257843E1,-1.103755870012E1,7.000023828103E0));
#2241=CARTESIAN_POINT('',(1.303084908290E1,-1.098104520458E1,6.999600865685E0));
#2242=(BOUNDED_SURFACE()B_SPLINE_SURFACE(3,3,((#2198,#2199,#2200,#2201,#2202,
#2203,#2204,#2205,#2206,#2207,#2208),(#2209,#2210,#2211,#2212,#2213,#2214,#2215,
#2216,#2217,#2218,#2219),(#2220,#2221,#2222,#2223,#2224,#2225,#2226,#2227,#2228,
#2229,#2230),(#2231,#2232,#2233,#2234,#2235,#2236,#2237,#2238,#2239,#2240,
#2241)),.UNSPECIFIED.,.F.,.F.,.F.)B_SPLINE_SURFACE_WITH_KNOTS((4,4),(4,1,1,1,1,
1,1,1,4),(0.E0,1.E0),(-9.872387564645E-3,0.E0,1.051690311835E-1,
2.241969334981E-1,3.584844021651E-1,5.075095678465E-1,6.670815312671E-1,
8.323391808621E-1,9.907408363016E-1),.UNSPECIFIED.)GEOMETRIC_REPRESENTATION_ITEM()RATIONAL_B_SPLINE_SURFACE(((1.202333865480E0,1.202333865480E0,1.202333865480E0,
1.202333865480E0,1.202333865480E0,1.202333865480E0,1.202333865480E0,
1.202333865480E0,1.202333865480E0,1.202333865480E0,1.202333865480E0),(
9.325553781733E-1,9.325553781733E-1,9.325553781733E-1,9.325553781733E-1,
9.325553781733E-1,9.325553781732E-1,9.325553781733E-1,9.325553781733E-1,
9.325553781733E-1,9.325553781733E-1,9.325553781733E-1),(9.325553781733E-1,
9.325553781733E-1,9.325553781733E-1,9.325553781733E-1,9.325553781733E-1,
9.325553781732E-1,9.325553781733E-1,9.325553781733E-1,9.325553781733E-1,
9.325553781733E-1,9.325553781733E-1),(1.202333865480E0,1.202333865480E0,
1.202333865480E0,1.202333865480E0,1.202333865480E0,1.202333865480E0,
1.202333865480E0,1.202333865480E0,1.202333865480E0,1.202333865480E0,
1.202333865480E0)))REPRESENTATION_ITEM('')SURFACE());
#2244=ORIENTED_EDGE('',*,*,#2243,.T.);
#2246=ORIENTED_EDGE('',*,*,#2245,.T.);
#2247=ORIENTED_EDGE('',*,*,#2125,.F.);
#2248=ORIENTED_EDGE('',*,*,#2191,.F.);
#2249=EDGE_LOOP('',(#2244,#2246,#2247,#2248));
#2250=FACE_OUTER_BOUND('',#2249,.F.);
#2251=ADVANCED_FACE('',(#2250),#2242,.T.);
#2252=CARTESIAN_POINT('',(1.125E1,-9.5E0,7.E0));
#2253=DIRECTION('',(-7.071067811865E-1,-7.071067811865E-1,0.E0));
#2254=DIRECTION('',(7.071067811865E-1,-7.071067811865E-1,0.E0));
#2255=AXIS2_PLACEMENT_3D('',#2252,#2253,#2254);
#2256=PLANE('',#2255);
#2257=ORIENTED_EDGE('',*,*,#1655,.T.);
#2259=ORIENTED_EDGE('',*,*,#2258,.T.);
#2261=ORIENTED_EDGE('',*,*,#2260,.F.);
#2263=ORIENTED_EDGE('',*,*,#2262,.T.);
#2264=ORIENTED_EDGE('',*,*,#2243,.F.);
#2265=EDGE_LOOP('',(#2257,#2259,#2261,#2263,#2264));
#2266=FACE_OUTER_BOUND('',#2265,.F.);
#2267=ADVANCED_FACE('',(#2266),#2256,.T.);
#2268=CARTESIAN_POINT('',(5.8617E1,-5.658415728753E1,5.2E0));
#2269=DIRECTION('',(-7.071067811865E-1,7.071067811865E-1,0.E0));
#2270=DIRECTION('',(0.E0,0.E0,-1.E0));
#2271=AXIS2_PLACEMENT_3D('',#2268,#2269,#2270);
#2272=CYLINDRICAL_SURFACE('',#2271,2.E-1);
#2273=ORIENTED_EDGE('',*,*,#1653,.F.);
#2275=ORIENTED_EDGE('',*,*,#2274,.T.);
#2277=ORIENTED_EDGE('',*,*,#2276,.T.);
#2279=ORIENTED_EDGE('',*,*,#2278,.T.);
#2280=ORIENTED_EDGE('',*,*,#2258,.F.);
#2281=EDGE_LOOP('',(#2273,#2275,#2277,#2279,#2280));
#2282=FACE_OUTER_BOUND('',#2281,.F.);
#2283=ADVANCED_FACE('',(#2282),#2272,.T.);
#2284=CARTESIAN_POINT('',(1.390633292370E1,-1.215050332660E1,5.159568544971E0));
#2285=CARTESIAN_POINT('',(1.390680141658E1,-1.215102458515E1,5.159756207731E0));
#2286=CARTESIAN_POINT('',(1.391825377461E1,-1.216375673726E1,5.164316039007E0));
#2287=CARTESIAN_POINT('',(1.394082607345E1,-1.218837740307E1,5.172009942878E0));
#2288=CARTESIAN_POINT('',(1.397488184474E1,-1.222427560793E1,5.180047634742E0));
#2289=CARTESIAN_POINT('',(1.400897013020E1,-1.225910449962E1,5.184746494751E0));
#2290=CARTESIAN_POINT('',(1.404303858801E1,-1.229292293026E1,5.186221187031E0));
#2291=CARTESIAN_POINT('',(1.407704765596E1,-1.232578569580E1,5.184519501226E0));
#2292=CARTESIAN_POINT('',(1.411109482675E1,-1.235786172542E1,5.179592136840E0));
#2293=CARTESIAN_POINT('',(1.414535626062E1,-1.238937033130E1,5.171235662802E0));
#2294=CARTESIAN_POINT('',(1.417997095034E1,-1.242047558443E1,5.159066571620E0));
#2295=CARTESIAN_POINT('',(1.421346709453E1,-1.244991252100E1,5.143227967644E0));
#2296=CARTESIAN_POINT('',(1.423533439565E1,-1.246875206663E1,5.129973939570E0));
#2297=CARTESIAN_POINT('',(1.424550534771E1,-1.247743809611E1,5.123059909150E0));
#2298=CARTESIAN_POINT('',(1.392204120446E1,-1.213619356229E1,5.056650840668E0));
#2299=CARTESIAN_POINT('',(1.392237537751E1,-1.213671494803E1,5.056817984665E0));
#2300=CARTESIAN_POINT('',(1.393054665662E1,-1.214944975464E1,5.060883224559E0));
#2301=CARTESIAN_POINT('',(1.394676367310E1,-1.217405460963E1,5.067929498983E0));
#2302=CARTESIAN_POINT('',(1.397152567551E1,-1.220987305204E1,5.075870701300E0));
#2303=CARTESIAN_POINT('',(1.399657463062E1,-1.224457097142E1,5.081278784663E0));
#2304=CARTESIAN_POINT('',(1.402184945553E1,-1.227821000698E1,5.084220048862E0));
#2305=CARTESIAN_POINT('',(1.404730343247E1,-1.231084634156E1,5.084712037646E0));
#2306=CARTESIAN_POINT('',(1.407299765210E1,-1.234264798999E1,5.082705483362E0));
#2307=CARTESIAN_POINT('',(1.409905944229E1,-1.237383086023E1,5.078035472168E0));
#2308=CARTESIAN_POINT('',(1.412559467955E1,-1.240455387158E1,5.070393172281E0));
#2309=CARTESIAN_POINT('',(1.415147020055E1,-1.243356543904E1,5.059792708004E0));
#2310=CARTESIAN_POINT('',(1.416848390321E1,-1.245209022024E1,5.050563086685E0));
#2311=CARTESIAN_POINT('',(1.417642357542E1,-1.246062131813E1,5.045674637841E0));
#2312=CARTESIAN_POINT('',(1.398167798055E1,-1.207741971201E1,4.993147588084E0));
#2313=CARTESIAN_POINT('',(1.398192971689E1,-1.207794162016E1,4.993236832628E0));
#2314=CARTESIAN_POINT('',(1.398808260837E1,-1.209068732950E1,4.995403913316E0));
#2315=CARTESIAN_POINT('',(1.400017091510E1,-1.211522724542E1,4.998995380328E0));
#2316=CARTESIAN_POINT('',(1.401830640600E1,-1.215071808312E1,5.002545294088E0));
#2317=CARTESIAN_POINT('',(1.403636750449E1,-1.218487806583E1,5.004353928378E0));
#2318=CARTESIAN_POINT('',(1.405433435657E1,-1.221778028008E1,5.004488290635E0));
#2319=CARTESIAN_POINT('',(1.407219214681E1,-1.224948660499E1,5.002979821881E0));
#2320=CARTESIAN_POINT('',(1.408999620429E1,-1.228016129990E1,4.999806942826E0));
#2321=CARTESIAN_POINT('',(1.410784060261E1,-1.231000629082E1,4.994867242086E0));
#2322=CARTESIAN_POINT('',(1.412579768179E1,-1.233915933772E1,4.987966935535E0));
#2323=CARTESIAN_POINT('',(1.414310562017E1,-1.236642380578E1,4.979213549654E0));
#2324=CARTESIAN_POINT('',(1.415436249526E1,-1.238365576923E1,4.972013579835E0));
#2325=CARTESIAN_POINT('',(1.415958917339E1,-1.239155052360E1,4.968283372361E0));
#2326=CARTESIAN_POINT('',(1.405575708121E1,-1.200324129071E1,5.000456657327E0));
#2327=CARTESIAN_POINT('',(1.405601902309E1,-1.200376385820E1,5.000449137504E0));
#2328=CARTESIAN_POINT('',(1.406241416827E1,-1.201652332785E1,5.000252996730E0));
#2329=CARTESIAN_POINT('',(1.407464169300E1,-1.204098128423E1,4.999290636450E0));
#2330=CARTESIAN_POINT('',(1.409209427137E1,-1.207605865235E1,4.996325644466E0));
#2331=CARTESIAN_POINT('',(1.410867398817E1,-1.210953970567E1,4.992005830420E0));
#2332=CARTESIAN_POINT('',(1.412443180355E1,-1.214151197844E1,4.986447631498E0));
#2333=CARTESIAN_POINT('',(1.413940808884E1,-1.217204453901E1,4.979733657944E0));
#2334=CARTESIAN_POINT('',(1.415368590067E1,-1.220129690696E1,4.971883984408E0));
#2335=CARTESIAN_POINT('',(1.416735807845E1,-1.222945336163E1,4.962851784152E0));
#2336=CARTESIAN_POINT('',(1.418047958681E1,-1.225662495786E1,4.952541809716E0));
#2337=CARTESIAN_POINT('',(1.419250904720E1,-1.228168441343E1,4.941331191210E0));
#2338=CARTESIAN_POINT('',(1.419995220995E1,-1.229728471281E1,4.933162598420E0));
#2339=CARTESIAN_POINT('',(1.420332556360E1,-1.230437633860E1,4.929150623616E0));
#2340=(BOUNDED_SURFACE()B_SPLINE_SURFACE(3,3,((#2284,#2285,#2286,#2287,#2288,
#2289,#2290,#2291,#2292,#2293,#2294,#2295,#2296,#2297),(#2298,#2299,#2300,#2301,
#2302,#2303,#2304,#2305,#2306,#2307,#2308,#2309,#2310,#2311),(#2312,#2313,#2314,
#2315,#2316,#2317,#2318,#2319,#2320,#2321,#2322,#2323,#2324,#2325),(#2326,#2327,
#2328,#2329,#2330,#2331,#2332,#2333,#2334,#2335,#2336,#2337,#2338,#2339)),
.UNSPECIFIED.,.F.,.F.,.F.)B_SPLINE_SURFACE_WITH_KNOTS((4,4),(4,1,1,1,1,1,1,1,1,
1,1,4),(0.E0,1.E0),(2.746951896023E-2,2.859661966668E-2,5.499015124062E-2,
8.024319558744E-2,1.045955094725E-1,1.280745082449E-1,1.507942116571E-1,
1.729494020760E-1,1.947885594852E-1,2.165415363671E-1,2.383379369377E-1,
2.574906552629E-1),.UNSPECIFIED.)GEOMETRIC_REPRESENTATION_ITEM()RATIONAL_B_SPLINE_SURFACE(((1.141041036456E0,1.141041036456E0,1.141041036456E0,1.141041036456E0,
1.141041036456E0,1.141041036456E0,1.141041036456E0,1.141041036456E0,
1.141041036456E0,1.141041036456E0,1.141041036456E0,1.141041036456E0,
1.141041036456E0,1.141041036456E0),(9.529863211814E-1,9.529863211814E-1,
9.529863211814E-1,9.529863211814E-1,9.529863211814E-1,9.529863211814E-1,
9.529863211814E-1,9.529863211814E-1,9.529863211814E-1,9.529863211814E-1,
9.529863211814E-1,9.529863211814E-1,9.529863211814E-1,9.529863211814E-1),(
9.529863211814E-1,9.529863211814E-1,9.529863211814E-1,9.529863211814E-1,
9.529863211814E-1,9.529863211814E-1,9.529863211814E-1,9.529863211814E-1,
9.529863211814E-1,9.529863211814E-1,9.529863211814E-1,9.529863211814E-1,
9.529863211814E-1,9.529863211814E-1),(1.141041036456E0,1.141041036456E0,
1.141041036456E0,1.141041036456E0,1.141041036456E0,1.141041036456E0,
1.141041036456E0,1.141041036456E0,1.141041036456E0,1.141041036456E0,
1.141041036456E0,1.141041036456E0,1.141041036456E0,1.141041036456E0)))REPRESENTATION_ITEM('')SURFACE());
#2341=ORIENTED_EDGE('',*,*,#1651,.F.);
#2342=ORIENTED_EDGE('',*,*,#1638,.T.);
#2344=ORIENTED_EDGE('',*,*,#2343,.F.);
#2345=ORIENTED_EDGE('',*,*,#2274,.F.);
#2346=EDGE_LOOP('',(#2341,#2342,#2344,#2345));
#2347=FACE_OUTER_BOUND('',#2346,.F.);
#2348=ADVANCED_FACE('',(#2347),#2340,.T.);
#2349=CARTESIAN_POINT('',(1.405E1,6.13224E1,4.8E0));
#2350=DIRECTION('',(0.E0,-1.E0,0.E0));
#2351=DIRECTION('',(1.E0,0.E0,0.E0));
#2352=AXIS2_PLACEMENT_3D('',#2349,#2350,#2351);
#2353=CYLINDRICAL_SURFACE('',#2352,2.E-1);
#2355=ORIENTED_EDGE('',*,*,#2354,.F.);
#2357=ORIENTED_EDGE('',*,*,#2356,.T.);
#2359=ORIENTED_EDGE('',*,*,#2358,.T.);
#2361=ORIENTED_EDGE('',*,*,#2360,.T.);
#2362=ORIENTED_EDGE('',*,*,#2343,.T.);
#2363=ORIENTED_EDGE('',*,*,#1636,.T.);
#2364=EDGE_LOOP('',(#2355,#2357,#2359,#2361,#2362,#2363));
#2365=FACE_OUTER_BOUND('',#2364,.F.);
#2366=ADVANCED_FACE('',(#2365),#2353,.F.);
#2367=CARTESIAN_POINT('',(1.425E1,1.25E1,0.E0));
#2368=DIRECTION('',(-1.E0,0.E0,0.E0));
#2369=DIRECTION('',(0.E0,-1.E0,0.E0));
#2370=AXIS2_PLACEMENT_3D('',#2367,#2368,#2369);
#2371=PLANE('',#2370);
#2372=ORIENTED_EDGE('',*,*,#1674,.T.);
#2373=ORIENTED_EDGE('',*,*,#1689,.F.);
#2375=ORIENTED_EDGE('',*,*,#2374,.F.);
#2376=ORIENTED_EDGE('',*,*,#2354,.T.);
#2377=EDGE_LOOP('',(#2372,#2373,#2375,#2376));
#2378=FACE_OUTER_BOUND('',#2377,.F.);
#2379=ADVANCED_FACE('',(#2378),#2371,.T.);
#2380=CARTESIAN_POINT('',(1.445E1,1.23E1,1.61252E1));
#2381=DIRECTION('',(0.E0,0.E0,-1.E0));
#2382=DIRECTION('',(-1.E0,0.E0,0.E0));
#2383=AXIS2_PLACEMENT_3D('',#2380,#2381,#2382);
#2384=CYLINDRICAL_SURFACE('',#2383,2.E-1);
#2385=ORIENTED_EDGE('',*,*,#1717,.F.);
#2387=ORIENTED_EDGE('',*,*,#2386,.T.);
#2388=ORIENTED_EDGE('',*,*,#2374,.T.);
#2389=ORIENTED_EDGE('',*,*,#1687,.T.);
#2390=EDGE_LOOP('',(#2385,#2387,#2388,#2389));
#2391=FACE_OUTER_BOUND('',#2390,.F.);
#2392=ADVANCED_FACE('',(#2391),#2384,.T.);
#2393=CARTESIAN_POINT('',(1.405E1,1.23E1,4.8E0));
#2394=DIRECTION('',(0.E0,-1.E0,0.E0));
#2395=DIRECTION('',(9.970458808888E-1,0.E0,-7.680827691486E-2));
#2396=AXIS2_PLACEMENT_3D('',#2393,#2394,#2395);
#2397=TOROIDAL_SURFACE('',#2396,4.E-1,2.E-1);
#2398=ORIENTED_EDGE('',*,*,#1715,.F.);
#2400=ORIENTED_EDGE('',*,*,#2399,.T.);
#2401=ORIENTED_EDGE('',*,*,#2356,.F.);
#2402=ORIENTED_EDGE('',*,*,#2386,.F.);
#2403=EDGE_LOOP('',(#2398,#2400,#2401,#2402));
#2404=FACE_OUTER_BOUND('',#2403,.F.);
#2405=ADVANCED_FACE('',(#2404),#2397,.T.);
#2406=CARTESIAN_POINT('',(1.405576296554E1,1.200325301663E1,5.000456525953E0));
#2407=CARTESIAN_POINT('',(1.405850169251E1,1.200871671809E1,5.000377813377E0));
#2408=CARTESIAN_POINT('',(1.406749550642E1,1.202667865528E1,4.999934418703E0));
#2409=CARTESIAN_POINT('',(1.408242021018E1,1.205659210925E1,4.998186816687E0));
#2410=CARTESIAN_POINT('',(1.410025105438E1,1.209250809572E1,4.994414029403E0));
#2411=CARTESIAN_POINT('',(1.411736373315E1,1.212714865939E1,4.989157642437E0));
#2412=CARTESIAN_POINT('',(1.413395057030E1,1.216089582313E1,4.982402156835E0));
#2413=CARTESIAN_POINT('',(1.415012517116E1,1.219398087830E1,4.974055686722E0));
#2414=CARTESIAN_POINT('',(1.416595702423E1,1.222655217575E1,4.963949348912E0));
#2415=CARTESIAN_POINT('',(1.418152566816E1,1.225878607952E1,4.951780643628E0));
#2416=CARTESIAN_POINT('',(1.419393291237E1,1.228466134526E1,4.939876455863E0));
#2417=CARTESIAN_POINT('',(1.420105947960E1,1.229961234972E1,4.931845924366E0));
#2418=CARTESIAN_POINT('',(1.420332443918E1,1.230437380604E1,4.929152364799E0));
#2419=CARTESIAN_POINT('',(1.398168368820E1,1.207743137056E1,4.993149640984E0));
#2420=CARTESIAN_POINT('',(1.398431575986E1,1.208288818936E1,4.994082650445E0));
#2421=CARTESIAN_POINT('',(1.399306131614E1,1.210086157005E1,4.996973191192E0));
#2422=CARTESIAN_POINT('',(1.400813323854E1,1.213098135689E1,5.000798339610E0));
#2423=CARTESIAN_POINT('',(1.402707393027E1,1.216746021487E1,5.003662569071E0));
#2424=CARTESIAN_POINT('',(1.404615636263E1,1.220295651389E1,5.004670289147E0));
#2425=CARTESIAN_POINT('',(1.406556435328E1,1.223786426726E1,5.003789500658E0));
#2426=CARTESIAN_POINT('',(1.408544250579E1,1.227244477276E1,5.000861867279E0));
#2427=CARTESIAN_POINT('',(1.410592400515E1,1.230689421238E1,4.995596808815E0));
#2428=CARTESIAN_POINT('',(1.412720052018E1,1.234146493196E1,4.987502189203E0));
#2429=CARTESIAN_POINT('',(1.414521529156E1,1.236968953864E1,4.977998300693E0));
#2430=CARTESIAN_POINT('',(1.415607787901E1,1.238624739749E1,4.970789530277E0));
#2431=CARTESIAN_POINT('',(1.415958705438E1,1.239154822619E1,4.968285287202E0));
#2432=CARTESIAN_POINT('',(1.392204876418E1,1.213620520999E1,5.056654473575E0));
#2433=CARTESIAN_POINT('',(1.392554278852E1,1.214165657545E1,5.058401932260E0));
#2434=CARTESIAN_POINT('',(1.393720380460E1,1.215963902318E1,5.063912457704E0));
#2435=CARTESIAN_POINT('',(1.395757901562E1,1.218992229403E1,5.071767600598E0));
#2436=CARTESIAN_POINT('',(1.398363272825E1,1.222684713278E1,5.078844314207E0));
#2437=CARTESIAN_POINT('',(1.401029434413E1,1.226302145780E1,5.083239249509E0));
#2438=CARTESIAN_POINT('',(1.403780736484E1,1.229884878278E1,5.084901298674E0));
#2439=CARTESIAN_POINT('',(1.406638162080E1,1.233461418054E1,5.083584941027E0));
#2440=CARTESIAN_POINT('',(1.409622741522E1,1.237055173120E1,5.078839717785E0));
#2441=CARTESIAN_POINT('',(1.412765732162E1,1.240697398333E1,5.069910705271E0));
#2442=CARTESIAN_POINT('',(1.415464458225E1,1.243706004662E1,5.058271622346E0));
#2443=CARTESIAN_POINT('',(1.417108945135E1,1.245489106667E1,5.048958941706E0));
#2444=CARTESIAN_POINT('',(1.417642007227E1,1.246061925703E1,5.045677200620E0));
#2445=CARTESIAN_POINT('',(1.390634337320E1,1.215051509960E1,5.159572452638E0));
#2446=CARTESIAN_POINT('',(1.391124178459E1,1.215596513732E1,5.161534401188E0));
#2447=CARTESIAN_POINT('',(1.392754049277E1,1.217394979263E1,5.167655566658E0));
#2448=CARTESIAN_POINT('',(1.395575296772E1,1.220427286755E1,5.176005405725E0));
#2449=CARTESIAN_POINT('',(1.399140599751E1,1.224130629094E1,5.182787300526E0));
#2450=CARTESIAN_POINT('',(1.402750886585E1,1.227764569751E1,5.186017824991E0));
#2451=CARTESIAN_POINT('',(1.406440343888E1,1.231369691408E1,5.185633602065E0));
#2452=CARTESIAN_POINT('',(1.410236675254E1,1.234975080206E1,5.181324299215E0));
#2453=CARTESIAN_POINT('',(1.414166152058E1,1.238605066875E1,5.172520445952E0));
#2454=CARTESIAN_POINT('',(1.418267021705E1,1.242292372054E1,5.158261109225E0));
#2455=CARTESIAN_POINT('',(1.421755867854E1,1.245346299973E1,5.141007038245E0));
#2456=CARTESIAN_POINT('',(1.423867205405E1,1.247160400116E1,5.127705008323E0));
#2457=CARTESIAN_POINT('',(1.424550077649E1,1.247743624289E1,5.123063371555E0));
#2458=(BOUNDED_SURFACE()B_SPLINE_SURFACE(3,3,((#2406,#2407,#2408,#2409,#2410,
#2411,#2412,#2413,#2414,#2415,#2416,#2417,#2418),(#2419,#2420,#2421,#2422,#2423,
#2424,#2425,#2426,#2427,#2428,#2429,#2430,#2431),(#2432,#2433,#2434,#2435,#2436,
#2437,#2438,#2439,#2440,#2441,#2442,#2443,#2444),(#2445,#2446,#2447,#2448,#2449,
#2450,#2451,#2452,#2453,#2454,#2455,#2456,#2457)),.UNSPECIFIED.,.F.,.F.,.F.)B_SPLINE_SURFACE_WITH_KNOTS((4,4),(4,1,1,1,1,1,1,1,1,1,4),(0.E0,1.E0),(
1.752790306200E-2,2.943140299290E-2,5.666373374794E-2,8.280979971230E-2,
1.082694179178E-1,1.334291549677E-1,1.586174093187E-1,1.839818042791E-1,
2.098563003164E-1,2.368674465127E-1,2.498533354061E-1),.UNSPECIFIED.)GEOMETRIC_REPRESENTATION_ITEM()RATIONAL_B_SPLINE_SURFACE(((1.141040625266E0,
1.141040625266E0,1.141040625266E0,1.141040625266E0,1.141040625266E0,
1.141040625266E0,1.141040625266E0,1.141040625266E0,1.141040625266E0,
1.141040625266E0,1.141040625266E0,1.141040625266E0,1.141040625266E0),(
9.529864582446E-1,9.529864582446E-1,9.529864582446E-1,9.529864582446E-1,
9.529864582446E-1,9.529864582446E-1,9.529864582446E-1,9.529864582446E-1,
9.529864582446E-1,9.529864582446E-1,9.529864582446E-1,9.529864582446E-1,
9.529864582446E-1),(9.529864582446E-1,9.529864582446E-1,9.529864582446E-1,
9.529864582446E-1,9.529864582446E-1,9.529864582446E-1,9.529864582446E-1,
9.529864582446E-1,9.529864582446E-1,9.529864582446E-1,9.529864582446E-1,
9.529864582446E-1,9.529864582446E-1),(1.141040625266E0,1.141040625266E0,
1.141040625266E0,1.141040625266E0,1.141040625266E0,1.141040625266E0,
1.141040625266E0,1.141040625266E0,1.141040625266E0,1.141040625266E0,
1.141040625266E0,1.141040625266E0,1.141040625266E0)))REPRESENTATION_ITEM('')SURFACE());
#2459=ORIENTED_EDGE('',*,*,#1713,.F.);
#2460=ORIENTED_EDGE('',*,*,#1741,.F.);
#2461=ORIENTED_EDGE('',*,*,#2358,.F.);
#2462=ORIENTED_EDGE('',*,*,#2399,.F.);
#2463=EDGE_LOOP('',(#2459,#2460,#2461,#2462));
#2464=FACE_OUTER_BOUND('',#2463,.F.);
#2465=ADVANCED_FACE('',(#2464),#2458,.T.);
#2466=CARTESIAN_POINT('',(0.E0,0.E0,5.E0));
#2467=DIRECTION('',(0.E0,0.E0,1.E0));
#2468=DIRECTION('',(1.E0,0.E0,0.E0));
#2469=AXIS2_PLACEMENT_3D('',#2466,#2467,#2468);
#2470=PLANE('',#2469);
#2471=ORIENTED_EDGE('',*,*,#1739,.F.);
#2473=ORIENTED_EDGE('',*,*,#2472,.F.);
#2475=ORIENTED_EDGE('',*,*,#2474,.F.);
#2477=ORIENTED_EDGE('',*,*,#2476,.F.);
#2478=ORIENTED_EDGE('',*,*,#2276,.F.);
#2479=ORIENTED_EDGE('',*,*,#2360,.F.);
#2480=EDGE_LOOP('',(#2471,#2473,#2475,#2477,#2478,#2479));
#2481=FACE_OUTER_BOUND('',#2480,.F.);
#2482=ADVANCED_FACE('',(#2481),#2470,.F.);
#2483=CARTESIAN_POINT('',(1.325E1,8.671572875254E0,5.2E0));
#2484=DIRECTION('',(0.E0,0.E0,-1.E0));
#2485=DIRECTION('',(-9.999704443983E-1,-7.688324254756E-3,0.E0));
#2486=AXIS2_PLACEMENT_3D('',#2483,#2484,#2485);
#2487=TOROIDAL_SURFACE('',#2486,1.8E0,2.E-1);
#2488=ORIENTED_EDGE('',*,*,#2472,.T.);
#2489=ORIENTED_EDGE('',*,*,#1737,.T.);
#2491=ORIENTED_EDGE('',*,*,#2490,.F.);
#2493=ORIENTED_EDGE('',*,*,#2492,.F.);
#2494=EDGE_LOOP('',(#2488,#2489,#2491,#2493));
#2495=FACE_OUTER_BOUND('',#2494,.F.);
#2496=ADVANCED_FACE('',(#2495),#2487,.T.);
#2497=CARTESIAN_POINT('',(1.325E1,8.671572875254E0,1.61252E1));
#2498=DIRECTION('',(0.E0,0.E0,-1.E0));
#2499=DIRECTION('',(-1.E0,0.E0,0.E0));
#2500=AXIS2_PLACEMENT_3D('',#2497,#2498,#2499);
#2501=CYLINDRICAL_SURFACE('',#2500,2.E0);
#2503=ORIENTED_EDGE('',*,*,#2502,.T.);
#2505=ORIENTED_EDGE('',*,*,#2504,.T.);
#2506=ORIENTED_EDGE('',*,*,#2490,.T.);
#2507=ORIENTED_EDGE('',*,*,#1756,.F.);
#2508=EDGE_LOOP('',(#2503,#2505,#2506,#2507));
#2509=FACE_OUTER_BOUND('',#2508,.F.);
#2510=ADVANCED_FACE('',(#2509),#2501,.T.);
#2511=CARTESIAN_POINT('',(1.325E1,8.671572875254E0,6.8E0));
#2512=DIRECTION('',(0.E0,0.E0,-1.E0));
#2513=DIRECTION('',(-6.993418824312E-1,7.147873330422E-1,0.E0));
#2514=AXIS2_PLACEMENT_3D('',#2511,#2512,#2513);
#2515=TOROIDAL_SURFACE('',#2514,1.8E0,2.E-1);
#2516=ORIENTED_EDGE('',*,*,#1848,.T.);
#2518=ORIENTED_EDGE('',*,*,#2517,.T.);
#2519=ORIENTED_EDGE('',*,*,#2502,.F.);
#2520=ORIENTED_EDGE('',*,*,#1825,.F.);
#2521=EDGE_LOOP('',(#2516,#2518,#2519,#2520));
#2522=FACE_OUTER_BOUND('',#2521,.F.);
#2523=ADVANCED_FACE('',(#2522),#2515,.T.);
#2524=CARTESIAN_POINT('',(1.145E1,8.686949675254E0,6.8E0));
#2525=DIRECTION('',(0.E0,-1.E0,0.E0));
#2526=DIRECTION('',(0.E0,0.E0,1.E0));
#2527=AXIS2_PLACEMENT_3D('',#2524,#2525,#2526);
#2528=CYLINDRICAL_SURFACE('',#2527,2.E-1);
#2529=ORIENTED_EDGE('',*,*,#1846,.T.);
#2531=ORIENTED_EDGE('',*,*,#2530,.T.);
#2533=ORIENTED_EDGE('',*,*,#2532,.F.);
#2534=ORIENTED_EDGE('',*,*,#2517,.F.);
#2535=EDGE_LOOP('',(#2529,#2531,#2533,#2534));
#2536=FACE_OUTER_BOUND('',#2535,.F.);
#2537=ADVANCED_FACE('',(#2536),#2528,.T.);
#2538=CARTESIAN_POINT('',(1.325E1,-8.671572875254E0,6.8E0));
#2539=DIRECTION('',(0.E0,0.E0,-1.E0));
#2540=DIRECTION('',(-9.999403577353E-1,1.092158286551E-2,0.E0));
#2541=AXIS2_PLACEMENT_3D('',#2538,#2539,#2540);
#2542=TOROIDAL_SURFACE('',#2541,1.8E0,2.E-1);
#2543=ORIENTED_EDGE('',*,*,#1844,.T.);
#2545=ORIENTED_EDGE('',*,*,#2544,.T.);
#2547=ORIENTED_EDGE('',*,*,#2546,.F.);
#2548=ORIENTED_EDGE('',*,*,#2530,.F.);
#2549=EDGE_LOOP('',(#2543,#2545,#2547,#2548));
#2550=FACE_OUTER_BOUND('',#2549,.F.);
#2551=ADVANCED_FACE('',(#2550),#2542,.T.);
#2552=CARTESIAN_POINT('',(1.196633475431E1,-9.933492041837E0,6.8E0));
#2553=DIRECTION('',(7.071067811865E-1,-7.071067811865E-1,0.E0));
#2554=DIRECTION('',(0.E0,0.E0,1.E0));
#2555=AXIS2_PLACEMENT_3D('',#2552,#2553,#2554);
#2556=CYLINDRICAL_SURFACE('',#2555,2.E-1);
#2557=ORIENTED_EDGE('',*,*,#2245,.F.);
#2558=ORIENTED_EDGE('',*,*,#2262,.F.);
#2559=ORIENTED_EDGE('',*,*,#2544,.F.);
#2560=ORIENTED_EDGE('',*,*,#1842,.T.);
#2561=EDGE_LOOP('',(#2557,#2558,#2559,#2560));
#2562=FACE_OUTER_BOUND('',#2561,.F.);
#2563=ADVANCED_FACE('',(#2562),#2556,.T.);
#2564=CARTESIAN_POINT('',(1.325E1,-8.671572875254E0,1.61252E1));
#2565=DIRECTION('',(0.E0,0.E0,-1.E0));
#2566=DIRECTION('',(-7.071067811865E-1,-7.071067811865E-1,0.E0));
#2567=AXIS2_PLACEMENT_3D('',#2564,#2565,#2566);
#2568=CYLINDRICAL_SURFACE('',#2567,2.E0);
#2569=ORIENTED_EDGE('',*,*,#2546,.T.);
#2570=ORIENTED_EDGE('',*,*,#2260,.T.);
#2572=ORIENTED_EDGE('',*,*,#2571,.T.);
#2574=ORIENTED_EDGE('',*,*,#2573,.F.);
#2575=EDGE_LOOP('',(#2569,#2570,#2572,#2574));
#2576=FACE_OUTER_BOUND('',#2575,.F.);
#2577=ADVANCED_FACE('',(#2576),#2568,.T.);
#2578=CARTESIAN_POINT('',(1.325E1,-8.671572875254E0,5.2E0));
#2579=DIRECTION('',(0.E0,0.E0,-1.E0));
#2580=DIRECTION('',(-7.016494160037E-1,-7.125223484367E-1,0.E0));
#2581=AXIS2_PLACEMENT_3D('',#2578,#2579,#2580);
#2582=TOROIDAL_SURFACE('',#2581,1.8E0,2.E-1);
#2583=ORIENTED_EDGE('',*,*,#2476,.T.);
#2585=ORIENTED_EDGE('',*,*,#2584,.T.);
#2586=ORIENTED_EDGE('',*,*,#2571,.F.);
#2587=ORIENTED_EDGE('',*,*,#2278,.F.);
#2588=EDGE_LOOP('',(#2583,#2585,#2586,#2587));
#2589=FACE_OUTER_BOUND('',#2588,.F.);
#2590=ADVANCED_FACE('',(#2589),#2582,.T.);
#2591=CARTESIAN_POINT('',(1.145E1,-8.693416475254E0,5.2E0));
#2592=DIRECTION('',(0.E0,1.E0,0.E0));
#2593=DIRECTION('',(0.E0,0.E0,-1.E0));
#2594=AXIS2_PLACEMENT_3D('',#2591,#2592,#2593);
#2595=CYLINDRICAL_SURFACE('',#2594,2.E-1);
#2596=ORIENTED_EDGE('',*,*,#2474,.T.);
#2597=ORIENTED_EDGE('',*,*,#2492,.T.);
#2599=ORIENTED_EDGE('',*,*,#2598,.F.);
#2600=ORIENTED_EDGE('',*,*,#2584,.F.);
#2601=EDGE_LOOP('',(#2596,#2597,#2599,#2600));
#2602=FACE_OUTER_BOUND('',#2601,.F.);
#2603=ADVANCED_FACE('',(#2602),#2595,.T.);
#2604=CARTESIAN_POINT('',(1.125E1,9.5E0,7.E0));
#2605=DIRECTION('',(-1.E0,0.E0,0.E0));
#2606=DIRECTION('',(0.E0,-1.E0,0.E0));
#2607=AXIS2_PLACEMENT_3D('',#2604,#2605,#2606);
#2608=PLANE('',#2607);
#2609=ORIENTED_EDGE('',*,*,#2532,.T.);
#2610=ORIENTED_EDGE('',*,*,#2573,.T.);
#2611=ORIENTED_EDGE('',*,*,#2598,.T.);
#2612=ORIENTED_EDGE('',*,*,#2504,.F.);
#2613=EDGE_LOOP('',(#2609,#2610,#2611,#2612));
#2614=FACE_OUTER_BOUND('',#2613,.F.);
#2615=ADVANCED_FACE('',(#2614),#2608,.T.);
#2616=CARTESIAN_POINT('',(1.379709868731E1,1.204643004982E1,6.417210923919E0));
#2617=CARTESIAN_POINT('',(1.380006256039E1,1.204947267380E1,6.414630773433E0));
#2618=CARTESIAN_POINT('',(1.384060683406E1,1.209074168806E1,6.379336384639E0));
#2619=CARTESIAN_POINT('',(1.392293997147E1,1.216527539843E1,6.307685432791E0));
#2620=CARTESIAN_POINT('',(1.405161944814E1,1.225920027393E1,6.195764937992E0));
#2621=CARTESIAN_POINT('',(1.419158782426E1,1.234010480077E1,6.074095760678E0));
#2622=CARTESIAN_POINT('',(1.434258636195E1,1.240665301182E1,5.942915398033E0));
#2623=CARTESIAN_POINT('',(1.450487144099E1,1.245761363868E1,5.802013197067E0));
#2624=CARTESIAN_POINT('',(1.467923180525E1,1.249103550058E1,5.650718660724E0));
#2625=CARTESIAN_POINT('',(1.480400570926E1,1.249953350939E1,5.542520120084E0));
#2626=CARTESIAN_POINT('',(1.487032109905E1,1.249966929415E1,5.485033958887E0));
#2627=CARTESIAN_POINT('',(1.487406255530E1,1.249966305619E1,5.481790700505E0));
#2628=CARTESIAN_POINT('',(1.382674245171E1,1.208364693742E1,6.484710735161E0));
#2629=CARTESIAN_POINT('',(1.382987634595E1,1.208667071657E1,6.482066283344E0));
#2630=CARTESIAN_POINT('',(1.387273163460E1,1.212766194501E1,6.445899907237E0));
#2631=CARTESIAN_POINT('',(1.395935952251E1,1.220111125370E1,6.372677129275E0));
#2632=CARTESIAN_POINT('',(1.409366467564E1,1.229225366936E1,6.258803966065E0));
#2633=CARTESIAN_POINT('',(1.423864868489E1,1.236927698887E1,6.135486083297E0));
#2634=CARTESIAN_POINT('',(1.439392567909E1,1.243096930425E1,6.002979638739E0));
#2635=CARTESIAN_POINT('',(1.455964847019E1,1.247620417581E1,5.861084745950E0));
#2636=CARTESIAN_POINT('',(1.473647427825E1,1.250310222125E1,5.709156086931E0));
#2637=CARTESIAN_POINT('',(1.486211496850E1,1.250677335124E1,5.600805494341E0));
#2638=CARTESIAN_POINT('',(1.492863545818E1,1.250433077316E1,5.543324700158E0));
#2639=CARTESIAN_POINT('',(1.493238767886E1,1.250417903068E1,5.540082027961E0));
#2640=CARTESIAN_POINT('',(1.388497012749E1,1.208397556834E1,6.543272691901E0));
#2641=CARTESIAN_POINT('',(1.388816072110E1,1.208689063128E1,6.540572453087E0));
#2642=CARTESIAN_POINT('',(1.393177886396E1,1.212638812716E1,6.503649552150E0));
#2643=CARTESIAN_POINT('',(1.401961214688E1,1.219663671337E1,6.429063078331E0));
#2644=CARTESIAN_POINT('',(1.415486327392E1,1.228252350029E1,6.313495805449E0));
#2645=CARTESIAN_POINT('',(1.429992367555E1,1.235373841202E1,6.188747527312E0));
#2646=CARTESIAN_POINT('',(1.445430560516E1,1.240921721753E1,6.055090591363E0));
#2647=CARTESIAN_POINT('',(1.461806468833E1,1.244796137380E1,5.912334452083E0));
#2648=CARTESIAN_POINT('',(1.479172065230E1,1.246821275907E1,5.759855636494E0));
#2649=CARTESIAN_POINT('',(1.491431827357E1,1.246745927842E1,5.651373125613E0));
#2650=CARTESIAN_POINT('',(1.497900080835E1,1.246278701868E1,5.593896987782E0));
#2651=CARTESIAN_POINT('',(1.498264863654E1,1.246250987115E1,5.590654824152E0));
#2652=CARTESIAN_POINT('',(1.395250642876E1,1.204730715488E1,6.573510850222E0));
#2653=CARTESIAN_POINT('',(1.395562163060E1,1.205005961888E1,6.570781806086E0));
#2654=CARTESIAN_POINT('',(1.399820193694E1,1.208734191034E1,6.533468277531E0));
#2655=CARTESIAN_POINT('',(1.408375223377E1,1.215333299822E1,6.458177666530E0));
#2656=CARTESIAN_POINT('',(1.421495648355E1,1.223323077440E1,6.341735649030E0));
#2657=CARTESIAN_POINT('',(1.435512874840E1,1.229863285291E1,6.216248793768E0));
#2658=CARTESIAN_POINT('',(1.450373838828E1,1.234859741156E1,6.081997807642E0));
#2659=CARTESIAN_POINT('',(1.466078239580E1,1.238223453391E1,5.938796968267E0));
#2660=CARTESIAN_POINT('',(1.482668255097E1,1.239791667958E1,5.786034082225E0));
#2661=CARTESIAN_POINT('',(1.494333460450E1,1.239460554889E1,5.677483456029E0));
#2662=CARTESIAN_POINT('',(1.500474455341E1,1.238879038701E1,5.620009722481E0));
#2663=CARTESIAN_POINT('',(1.500820738955E1,1.238844944711E1,5.616767821446E0));
#2664=(BOUNDED_SURFACE()B_SPLINE_SURFACE(3,3,((#2616,#2617,#2618,#2619,#2620,
#2621,#2622,#2623,#2624,#2625,#2626,#2627),(#2628,#2629,#2630,#2631,#2632,#2633,
#2634,#2635,#2636,#2637,#2638,#2639),(#2640,#2641,#2642,#2643,#2644,#2645,#2646,
#2647,#2648,#2649,#2650,#2651),(#2652,#2653,#2654,#2655,#2656,#2657,#2658,#2659,
#2660,#2661,#2662,#2663)),.UNSPECIFIED.,.F.,.F.,.F.)B_SPLINE_SURFACE_WITH_KNOTS(
(4,4),(4,1,1,1,1,1,1,1,1,4),(0.E0,1.E0),(-9.955515821484E-3,0.E0,
1.257998552211E-1,2.545035122096E-1,3.901686960264E-1,5.316162876649E-1,
6.776084829700E-1,8.337470386677E-1,1.E0,1.009939301975E0),.UNSPECIFIED.)GEOMETRIC_REPRESENTATION_ITEM()RATIONAL_B_SPLINE_SURFACE(((1.090225142045E0,
1.090225142045E0,1.090225142045E0,1.090225142045E0,1.090225142045E0,
1.090225142045E0,1.090225142045E0,1.090225142045E0,1.090225142045E0,
1.090225142045E0,1.090225142045E0,1.090225142045E0),(9.699249526516E-1,
9.699249526516E-1,9.699249526516E-1,9.699249526516E-1,9.699249526516E-1,
9.699249526516E-1,9.699249526516E-1,9.699249526516E-1,9.699249526516E-1,
9.699249526516E-1,9.699249526516E-1,9.699249526516E-1),(9.699249526516E-1,
9.699249526516E-1,9.699249526516E-1,9.699249526516E-1,9.699249526516E-1,
9.699249526516E-1,9.699249526516E-1,9.699249526516E-1,9.699249526516E-1,
9.699249526516E-1,9.699249526516E-1,9.699249526516E-1),(1.090225142045E0,
1.090225142045E0,1.090225142045E0,1.090225142045E0,1.090225142045E0,
1.090225142045E0,1.090225142045E0,1.090225142045E0,1.090225142045E0,
1.090225142045E0,1.090225142045E0,1.090225142045E0)))REPRESENTATION_ITEM('')SURFACE());
#2665=ORIENTED_EDGE('',*,*,#1810,.F.);
#2666=ORIENTED_EDGE('',*,*,#1722,.F.);
#2667=ORIENTED_EDGE('',*,*,#1865,.F.);
#2668=EDGE_LOOP('',(#2665,#2666,#2667));
#2669=FACE_OUTER_BOUND('',#2668,.F.);
#2670=ADVANCED_FACE('',(#2669),#2664,.T.);
#2673=CARTESIAN_POINT('',(-1.426308309182E1,1.237114822160E1,4.8E0));
#2674=CARTESIAN_POINT('',(-1.426308309182E1,1.237114822160E1,4.810655546834E0));
#2675=CARTESIAN_POINT('',(-1.426120687668E1,1.237031844533E1,4.831997607462E0));
#2676=CARTESIAN_POINT('',(-1.425203078813E1,1.236621407671E1,4.864900867617E0));
#2677=CARTESIAN_POINT('',(-1.423641120175E1,1.235905308611E1,4.896311415750E0));
#2678=CARTESIAN_POINT('',(-1.421516158119E1,1.234896163977E1,4.924832198212E0));
#2679=CARTESIAN_POINT('',(-1.419665718343E1,1.233976308932E1,4.942291374373E0));
#2680=CARTESIAN_POINT('',(-1.418630090041E1,1.233444683765E1,4.950421125335E0));
#2682=CARTESIAN_POINT('',(-1.445E1,1.23E1,4.8E0));
#2683=DIRECTION('',(0.E0,0.E0,1.E0));
#2684=DIRECTION('',(1.E0,-1.776356839400E-14,0.E0));
#2685=AXIS2_PLACEMENT_3D('',#2682,#2683,#2684);
#2687=CARTESIAN_POINT('',(-1.405E1,1.23E1,4.8E0));
#2688=DIRECTION('',(0.E0,-1.E0,0.E0));
#2689=DIRECTION('',(-7.071067811859E-1,0.E0,7.071067811872E-1));
#2690=AXIS2_PLACEMENT_3D('',#2687,#2688,#2689);
#2692=DIRECTION('',(0.E0,0.E0,1.E0));
#2693=VECTOR('',#2692,4.8E0);
#2694=CARTESIAN_POINT('',(-1.426308309182E1,1.237114822160E1,0.E0));
#2695=LINE('',#2694,#2693);
#2696=CARTESIAN_POINT('',(-1.487132034356E1,-1.1E1,0.E0));
#2697=DIRECTION('',(0.E0,0.E0,-1.E0));
#2698=DIRECTION('',(4.054915011589E-1,-9.140988144002E-1,0.E0));
#2699=AXIS2_PLACEMENT_3D('',#2696,#2697,#2698);
#2701=CARTESIAN_POINT('',(-1.445E1,-1.23E1,0.E0));
#2702=DIRECTION('',(0.E0,0.E0,-1.E0));
#2703=DIRECTION('',(1.E0,0.E0,0.E0));
#2704=AXIS2_PLACEMENT_3D('',#2701,#2702,#2703);
#2706=DIRECTION('',(0.E0,1.E0,0.E0));
#2707=VECTOR('',#2706,2.46E1);
#2708=CARTESIAN_POINT('',(-1.425E1,-1.23E1,0.E0));
#2709=LINE('',#2708,#2707);
#2710=CARTESIAN_POINT('',(-1.445E1,1.23E1,0.E0));
#2711=DIRECTION('',(0.E0,0.E0,-1.E0));
#2712=DIRECTION('',(9.345845408939E-1,3.557411080016E-1,0.E0));
#2713=AXIS2_PLACEMENT_3D('',#2710,#2711,#2712);
#2715=CARTESIAN_POINT('',(-1.487132034356E1,1.1E1,0.E0));
#2716=DIRECTION('',(0.E0,0.E0,-1.E0));
#2717=DIRECTION('',(0.E0,1.E0,0.E0));
#2718=AXIS2_PLACEMENT_3D('',#2715,#2716,#2717);
#2720=DIRECTION('',(-1.E0,0.E0,0.E0));
#2721=VECTOR('',#2720,1.178679656440E0);
#2722=CARTESIAN_POINT('',(-1.487132034356E1,1.25E1,0.E0));
#2723=LINE('',#2722,#2721);
#2724=CARTESIAN_POINT('',(-1.605E1,1.23E1,0.E0));
#2725=DIRECTION('',(0.E0,0.E0,-1.E0));
#2726=DIRECTION('',(-1.E0,0.E0,0.E0));
#2727=AXIS2_PLACEMENT_3D('',#2724,#2725,#2726);
#2729=DIRECTION('',(0.E0,-1.E0,0.E0));
#2730=VECTOR('',#2729,2.46E1);
#2731=CARTESIAN_POINT('',(-1.625E1,1.23E1,0.E0));
#2732=LINE('',#2731,#2730);
#2733=CARTESIAN_POINT('',(-1.605E1,-1.23E1,0.E0));
#2734=DIRECTION('',(0.E0,0.E0,-1.E0));
#2735=DIRECTION('',(0.E0,-1.E0,0.E0));
#2736=AXIS2_PLACEMENT_3D('',#2733,#2734,#2735);
#2738=DIRECTION('',(1.E0,0.E0,0.E0));
#2739=VECTOR('',#2738,1.178679656440E0);
#2740=CARTESIAN_POINT('',(-1.605E1,-1.25E1,0.E0));
#2741=LINE('',#2740,#2739);
#2742=CARTESIAN_POINT('',(-1.381066017178E1,-1.206066017178E1,5.2E0));
#2743=CARTESIAN_POINT('',(-1.381178527448E1,-1.206178527448E1,
5.199419003847E0));
#2744=CARTESIAN_POINT('',(-1.381403910036E1,-1.206403193947E1,
5.198256897447E0));
#2745=CARTESIAN_POINT('',(-1.381743072118E1,-1.206739132687E1,
5.196513589409E0));
#2746=CARTESIAN_POINT('',(-1.382083318357E1,-1.207074004940E1,
5.194770081347E0));
#2747=CARTESIAN_POINT('',(-1.382424646653E1,-1.207407806683E1,
5.193026387919E0));
#2748=CARTESIAN_POINT('',(-1.382767054694E1,-1.207740533195E1,
5.191282506716E0));
#2749=CARTESIAN_POINT('',(-1.383110540530E1,-1.208072179632E1,
5.189538440782E0));
#2750=CARTESIAN_POINT('',(-1.383455102418E1,-1.208402740878E1,
5.187794192789E0));
#2751=CARTESIAN_POINT('',(-1.383800738863E1,-1.208732211583E1,
5.186049766777E0));
#2752=CARTESIAN_POINT('',(-1.384147448604E1,-1.209060586160E1,
5.184305167918E0));
#2753=CARTESIAN_POINT('',(-1.384495230615E1,-1.209387858784E1,
5.182560402752E0));
#2754=CARTESIAN_POINT('',(-1.384844084099E1,-1.209714023402E1,
5.180815479353E0));
#2755=CARTESIAN_POINT('',(-1.385194008488E1,-1.210039073726E1,
5.179070407453E0));
#2756=CARTESIAN_POINT('',(-1.385545003441E1,-1.210363003246E1,
5.177325198639E0));
#2757=CARTESIAN_POINT('',(-1.385897068838E1,-1.210685805228E1,
5.175579866446E0));
#2758=CARTESIAN_POINT('',(-1.386250204772E1,-1.211007472719E1,
5.173834426674E0));
#2759=CARTESIAN_POINT('',(-1.386604411555E1,-1.211327998552E1,
5.172088897242E0));
#2760=CARTESIAN_POINT('',(-1.386959689705E1,-1.211647375355E1,
5.170343298798E0));
#2761=CARTESIAN_POINT('',(-1.387316039939E1,-1.211965595534E1,
5.168597654144E0));
#2762=CARTESIAN_POINT('',(-1.387673463189E1,-1.212282651368E1,
5.166851990382E0));
#2763=CARTESIAN_POINT('',(-1.388031960518E1,-1.212598534665E1,
5.165106331610E0));
#2764=CARTESIAN_POINT('',(-1.388391533399E1,-1.212913238097E1,
5.163360727761E0));
#2765=CARTESIAN_POINT('',(-1.388752182654E1,-1.213226750234E1,
5.161615146636E0));
#2766=CARTESIAN_POINT('',(-1.389113912368E1,-1.213539074101E1,
5.159869878550E0));
#2767=CARTESIAN_POINT('',(-1.389476715268E1,-1.213850157966E1,
5.158124025438E0));
#2768=CARTESIAN_POINT('',(-1.389840627229E1,-1.214160153701E1,
5.156381142901E0));
#2769=CARTESIAN_POINT('',(-1.390205523852E1,-1.214468452539E1,
5.154628180797E0));
#2770=CARTESIAN_POINT('',(-1.390571879554E1,-1.214777283806E1,
5.152914083418E0));
#2771=CARTESIAN_POINT('',(-1.390937934632E1,-1.215078284220E1,
5.151056445406E0));
#2772=CARTESIAN_POINT('',(-1.391186156756E1,-1.215294509452E1,
5.150176342558E0));
#2773=CARTESIAN_POINT('',(-1.391310817851E1,-1.215404910901E1,
5.149787588300E0));
#2775=CARTESIAN_POINT('',(-1.197720779386E1,-9.944365081390E0,5.2E0));
#2776=DIRECTION('',(-7.071067811865E-1,-7.071067811865E-1,0.E0));
#2777=DIRECTION('',(0.E0,0.E0,-1.E0));
#2778=AXIS2_PLACEMENT_3D('',#2775,#2776,#2777);
#2780=DIRECTION('',(2.171406243010E-6,2.171414326094E-6,9.999999999953E-1));
#2781=VECTOR('',#2780,1.219241086240E0);
#2782=CARTESIAN_POINT('',(-1.381066017178E1,-1.206066017178E1,5.2E0));
#2783=LINE('',#2782,#2781);
#2784=CARTESIAN_POINT('',(-1.289142120156E1,-1.114142120156E1,
6.799999980971E0));
#2785=CARTESIAN_POINT('',(-1.294570070142E1,-1.119570070142E1,
6.799999993773E0));
#2786=CARTESIAN_POINT('',(-1.305178444987E1,-1.130178444987E1,
6.793251112430E0));
#2787=CARTESIAN_POINT('',(-1.320477851125E1,-1.145477851125E1,
6.764808880744E0));
#2788=CARTESIAN_POINT('',(-1.334777165915E1,-1.159777165915E1,
6.720000866410E0));
#2789=CARTESIAN_POINT('',(-1.347039736075E1,-1.172039736075E1,
6.666406579143E0));
#2790=CARTESIAN_POINT('',(-1.358777898360E1,-1.183777898360E1,
6.600697338826E0));
#2791=CARTESIAN_POINT('',(-1.370410380872E1,-1.195410380873E1,
6.518059221686E0));
#2792=CARTESIAN_POINT('',(-1.377591113934E1,-1.202591113933E1,
6.453987155303E0));
#2793=CARTESIAN_POINT('',(-1.381065752431E1,-1.206065752430E1,
6.419241086234E0));
#2795=DIRECTION('',(7.071067811865E-1,7.071067811865E-1,1.274640113601E-8));
#2796=VECTOR('',#2795,1.492893000065E0);
#2797=CARTESIAN_POINT('',(-1.289142120156E1,-1.114142120156E1,
6.799999980971E0));
#2798=LINE('',#2797,#2796);
#2799=DIRECTION('',(4.041211809636E-13,4.041211809636E-13,-1.E0));
#2800=VECTOR('',#2799,1.6E0);
#2801=CARTESIAN_POINT('',(-1.183578643763E1,-1.008578643763E1,6.8E0));
#2802=LINE('',#2801,#2800);
#2803=DIRECTION('',(-7.071067811865E-1,-7.071067811865E-1,0.E0));
#2804=VECTOR('',#2803,2.792893218813E0);
#2805=CARTESIAN_POINT('',(-1.183578643763E1,-1.008578643763E1,5.2E0));
#2806=LINE('',#2805,#2804);
#2807=CARTESIAN_POINT('',(-1.303284273396E1,-1.099999999250E1,
6.999999998211E0));
#2808=CARTESIAN_POINT('',(-1.308700401090E1,-1.106249328846E1,
7.000000115147E0));
#2809=CARTESIAN_POINT('',(-1.319332006329E1,-1.118516578584E1,
6.992205476308E0));
#2810=CARTESIAN_POINT('',(-1.334620982654E1,-1.136157748892E1,
6.959386435287E0));
#2811=CARTESIAN_POINT('',(-1.348921930082E1,-1.152658811076E1,
6.907683212022E0));
#2812=CARTESIAN_POINT('',(-1.361182797188E1,-1.166806002867E1,
6.845849360884E0));
#2813=CARTESIAN_POINT('',(-1.372922327682E1,-1.180351560480E1,
6.770013802684E0));
#2814=CARTESIAN_POINT('',(-1.384548396645E1,-1.193766306452E1,
6.674731429056E0));
#2815=CARTESIAN_POINT('',(-1.391743292343E1,-1.202068190943E1,
6.600638942338E0));
#2816=CARTESIAN_POINT('',(-1.395208764615E1,-1.206066690057E1,
6.560653442887E0));
#2818=CARTESIAN_POINT('',(-1.303284271220E1,-1.099999999972E1,6.8E0));
#2819=DIRECTION('',(-7.071067811865E-1,-7.071067811865E-1,0.E0));
#2820=DIRECTION('',(7.071067811865E-1,-7.071067811865E-1,-4.757250149368E-8));
#2821=AXIS2_PLACEMENT_3D('',#2818,#2819,#2820);
#2823=DIRECTION('',(1.E0,4.367478316550E-9,-1.041970109602E-9));
#2824=VECTOR('',#2823,1.717157266042E0);
#2825=CARTESIAN_POINT('',(-1.475E1,-1.1E1,7.E0));
#2826=LINE('',#2825,#2824);
#2827=DIRECTION('',(0.E0,-1.E0,0.E0));
#2828=VECTOR('',#2827,2.2E1);
#2829=CARTESIAN_POINT('',(-1.475E1,1.1E1,7.E0));
#2830=LINE('',#2829,#2828);
#2831=DIRECTION('',(1.E0,-7.727681866162E-9,3.752300697876E-9));
#2832=VECTOR('',#2831,1.717157249514E0);
#2833=CARTESIAN_POINT('',(-1.475E1,1.1E1,7.E0));
#2834=LINE('',#2833,#2832);
#2835=DIRECTION('',(-7.071067983616E-1,7.071067640115E-1,4.315974713281E-9));
#2836=VECTOR('',#2835,1.492893236308E0);
#2837=CARTESIAN_POINT('',(-1.197720779386E1,9.944365081390E0,7.E0));
#2838=LINE('',#2837,#2836);
#2839=CARTESIAN_POINT('',(-1.325E1,8.671572875254E0,7.E0));
#2840=DIRECTION('',(0.E0,0.E0,1.E0));
#2841=DIRECTION('',(1.E0,0.E0,0.E0));
#2842=AXIS2_PLACEMENT_3D('',#2839,#2840,#2841);
#2844=DIRECTION('',(0.E0,1.E0,0.E0));
#2845=VECTOR('',#2844,1.734314575051E1);
#2846=CARTESIAN_POINT('',(-1.145E1,-8.671572875254E0,7.E0));
#2847=LINE('',#2846,#2845);
#2848=CARTESIAN_POINT('',(-1.325E1,-8.671572875254E0,7.E0));
#2849=DIRECTION('',(0.E0,0.E0,1.E0));
#2850=DIRECTION('',(7.071067811866E-1,-7.071067811865E-1,0.E0));
#2851=AXIS2_PLACEMENT_3D('',#2848,#2849,#2850);
#2853=DIRECTION('',(7.071067908937E-1,7.071067714794E-1,1.198495987726E-9));
#2854=VECTOR('',#2853,1.492893228702E0);
#2855=CARTESIAN_POINT('',(-1.303284273396E1,-1.099999999250E1,
6.999999998211E0));
#2856=LINE('',#2855,#2854);
#2857=DIRECTION('',(0.E0,0.E0,1.E0));
#2858=VECTOR('',#2857,5.5E0);
#2859=CARTESIAN_POINT('',(-1.487132034356E1,-1.25E1,0.E0));
#2860=LINE('',#2859,#2858);
#2861=DIRECTION('',(-2.906765737207E-14,-2.098638160227E-8,-1.E0));
#2862=VECTOR('',#2861,5.499999999988E0);
#2863=CARTESIAN_POINT('',(-1.605E1,-1.249999988457E1,5.499999999988E0));
#2864=LINE('',#2863,#2862);
#2865=DIRECTION('',(1.E0,-9.792745482758E-8,9.869824152533E-12));
#2866=VECTOR('',#2865,1.178679656440E0);
#2867=CARTESIAN_POINT('',(-1.605E1,-1.249999988457E1,5.499999999988E0));
#2868=LINE('',#2867,#2866);
#2869=CARTESIAN_POINT('',(-1.605E1,-1.23E1,5.499999997291E0));
#2870=DIRECTION('',(0.E0,0.E0,1.E0));
#2871=DIRECTION('',(-1.E0,0.E0,0.E0));
#2872=AXIS2_PLACEMENT_3D('',#2869,#2870,#2871);
#2874=CARTESIAN_POINT('',(-1.475E1,-1.1E1,7.E0));
#2875=CARTESIAN_POINT('',(-1.481134958817E1,-1.105317322606E1,
6.999997014644E0));
#2876=CARTESIAN_POINT('',(-1.493356314618E1,-1.115908610542E1,
6.992584989428E0));
#2877=CARTESIAN_POINT('',(-1.511696513839E1,-1.131803723120E1,
6.958301874917E0));
#2878=CARTESIAN_POINT('',(-1.528940068394E1,-1.146748019889E1,
6.903485174029E0));
#2879=CARTESIAN_POINT('',(-1.545172753892E1,-1.160816393927E1,
6.829603530130E0));
#2880=CARTESIAN_POINT('',(-1.559906259196E1,-1.173585412156E1,
6.740439668946E0));
#2881=CARTESIAN_POINT('',(-1.573175715869E1,-1.185085614726E1,
6.638058475738E0));
#2882=CARTESIAN_POINT('',(-1.584784492283E1,-1.195146553600E1,
6.526188071461E0));
#2883=CARTESIAN_POINT('',(-1.594789478091E1,-1.203817544274E1,
6.407111457905E0));
#2884=CARTESIAN_POINT('',(-1.603245021139E1,-1.211145684766E1,
6.282665024645E0));
#2885=CARTESIAN_POINT('',(-1.610163256685E1,-1.217141492035E1,
6.155619381776E0));
#2886=CARTESIAN_POINT('',(-1.615696570876E1,-1.221937030391E1,
6.026225572499E0));
#2887=CARTESIAN_POINT('',(-1.619915887952E1,-1.225593779386E1,
5.895074469126E0));
#2888=CARTESIAN_POINT('',(-1.622839001302E1,-1.228127115898E1,
5.764769049010E0));
#2889=CARTESIAN_POINT('',(-1.624586062288E1,-1.229641291997E1,
5.635052996202E0));
#2890=CARTESIAN_POINT('',(-1.624999918316E1,-1.229999882254E1,
5.545218449977E0));
#2891=CARTESIAN_POINT('',(-1.624999991892E1,-1.23E1,5.499999999995E0));
#2893=CARTESIAN_POINT('',(-1.605E1,-1.249999988457E1,5.499999999988E0));
#2894=CARTESIAN_POINT('',(-1.604999887618E1,-1.249999874518E1,
5.545218449123E0));
#2895=CARTESIAN_POINT('',(-1.604641291756E1,-1.249586082654E1,
5.635052994302E0));
#2896=CARTESIAN_POINT('',(-1.603127121235E1,-1.247838995713E1,
5.764769057302E0));
#2897=CARTESIAN_POINT('',(-1.600593778497E1,-1.244915889388E1,
5.895074468611E0));
#2898=CARTESIAN_POINT('',(-1.596937026302E1,-1.240696570846E1,
6.026225561625E0));
#2899=CARTESIAN_POINT('',(-1.592141484273E1,-1.235163257985E1,
6.155619355937E0));
#2900=CARTESIAN_POINT('',(-1.586145675812E1,-1.228245023188E1,
6.282664990187E0));
#2901=CARTESIAN_POINT('',(-1.578817536431E1,-1.219789480614E1,
6.407111424940E0));
#2902=CARTESIAN_POINT('',(-1.570146548114E1,-1.209784494566E1,
6.526188047549E0));
#2903=CARTESIAN_POINT('',(-1.560085611490E1,-1.198175717550E1,
6.638058461824E0));
#2904=CARTESIAN_POINT('',(-1.548585410932E1,-1.184906259997E1,
6.740439663997E0));
#2905=CARTESIAN_POINT('',(-1.535816393751E1,-1.170172754039E1,
6.829603529435E0));
#2906=CARTESIAN_POINT('',(-1.521748019648E1,-1.153940068602E1,
6.903485173335E0));
#2907=CARTESIAN_POINT('',(-1.506803723454E1,-1.136696513583E1,
6.958301875605E0));
#2908=CARTESIAN_POINT('',(-1.490908610449E1,-1.118356314688E1,
6.992584989236E0));
#2909=CARTESIAN_POINT('',(-1.480317322604E1,-1.106134958815E1,
6.999997014644E0));
#2910=CARTESIAN_POINT('',(-1.475E1,-1.1E1,7.E0));
#2912=DIRECTION('',(-2.114120983064E-9,-1.E0,3.578709144743E-13));
#2913=VECTOR('',#2912,2.46E1);
#2914=CARTESIAN_POINT('',(-1.624999986692E1,1.23E1,5.499999999986E0));
#2915=LINE('',#2914,#2913);
#2916=DIRECTION('',(-1.474096804219E-8,-2.067033413122E-14,-1.E0));
#2917=VECTOR('',#2916,5.499999999995E0);
#2918=CARTESIAN_POINT('',(-1.624999991892E1,-1.23E1,5.499999999995E0));
#2919=LINE('',#2918,#2917);
#2920=DIRECTION('',(-2.419685462103E-8,3.875687649610E-14,-1.E0));
#2921=VECTOR('',#2920,5.499999999986E0);
#2922=CARTESIAN_POINT('',(-1.624999986692E1,1.23E1,5.499999999986E0));
#2923=LINE('',#2922,#2921);
#2924=CARTESIAN_POINT('',(-1.605E1,1.23E1,5.499999997060E0));
#2925=DIRECTION('',(0.E0,0.E0,1.E0));
#2926=DIRECTION('',(-1.776356839400E-14,1.E0,0.E0));
#2927=AXIS2_PLACEMENT_3D('',#2924,#2925,#2926);
#2929=CARTESIAN_POINT('',(-1.475E1,1.1E1,7.E0));
#2930=CARTESIAN_POINT('',(-1.480408053503E1,1.106239633550E1,6.999996856689E0));
#2931=CARTESIAN_POINT('',(-1.491119276471E1,1.118599397091E1,6.992246918698E0));
#2932=CARTESIAN_POINT('',(-1.506803496174E1,1.136696250941E1,6.958237180163E0));
#2933=CARTESIAN_POINT('',(-1.521776008599E1,1.153972363341E1,6.903393078200E0));
#2934=CARTESIAN_POINT('',(-1.535849534909E1,1.170210994084E1,6.829394536868E0));
#2935=CARTESIAN_POINT('',(-1.548611831144E1,1.184936742866E1,6.740230628925E0));
#2936=CARTESIAN_POINT('',(-1.560108762759E1,1.198202425289E1,6.637825495774E0));
#2937=CARTESIAN_POINT('',(-1.570162385488E1,1.209802759728E1,6.525988441660E0));
#2938=CARTESIAN_POINT('',(-1.578828393071E1,1.219801995527E1,6.406942877164E0));
#2939=CARTESIAN_POINT('',(-1.586151514571E1,1.228251747377E1,6.282548738216E0));
#2940=CARTESIAN_POINT('',(-1.592142704446E1,1.235164654969E1,6.155585134929E0));
#2941=CARTESIAN_POINT('',(-1.596937208371E1,1.240696776312E1,6.026220909865E0));
#2942=CARTESIAN_POINT('',(-1.600594591291E1,1.244916824107E1,5.895043062984E0));
#2943=CARTESIAN_POINT('',(-1.603127153533E1,1.247839047694E1,5.764753009768E0));
#2944=CARTESIAN_POINT('',(-1.604640595554E1,1.249585257295E1,5.635130903876E0));
#2945=CARTESIAN_POINT('',(-1.604999877189E1,1.249999914010E1,5.545253437544E0));
#2946=CARTESIAN_POINT('',(-1.605E1,1.249999990753E1,5.499999999994E0));
#2948=CARTESIAN_POINT('',(-1.624999986692E1,1.23E1,5.499999999986E0));
#2949=CARTESIAN_POINT('',(-1.624999867E1,1.229999882899E1,5.545253436580E0));
#2950=CARTESIAN_POINT('',(-1.624585279155E1,1.229640595439E1,5.635130901801E0));
#2951=CARTESIAN_POINT('',(-1.622839041696E1,1.228127159303E1,5.764753018727E0));
#2952=CARTESIAN_POINT('',(-1.619916825627E1,1.225594590770E1,5.895043063291E0));
#2953=CARTESIAN_POINT('',(-1.615696776241E1,1.221937204337E1,6.026220899227E0));
#2954=CARTESIAN_POINT('',(-1.610164656312E1,1.217142696434E1,6.155585108276E0));
#2955=CARTESIAN_POINT('',(-1.603251749541E1,1.211151505085E1,6.282548701733E0));
#2956=CARTESIAN_POINT('',(-1.594801998254E1,1.203828384577E1,6.406942841472E0));
#2957=CARTESIAN_POINT('',(-1.584802762238E1,1.195162379446E1,6.525988415322E0));
#2958=CARTESIAN_POINT('',(-1.573202427197E1,1.185108759076E1,6.637825479947E0));
#2959=CARTESIAN_POINT('',(-1.559936743797E1,1.173611829710E1,6.740230623127E0));
#2960=CARTESIAN_POINT('',(-1.545210994330E1,1.160849534592E1,6.829394535676E0));
#2961=CARTESIAN_POINT('',(-1.528972363571E1,1.146776008336E1,6.903393077458E0));
#2962=CARTESIAN_POINT('',(-1.511696250664E1,1.131803496537E1,6.958237180903E0));
#2963=CARTESIAN_POINT('',(-1.493599397166E1,1.116119276370E1,6.992246918492E0));
#2964=CARTESIAN_POINT('',(-1.481239633547E1,1.105408053501E1,6.999996856689E0));
#2965=CARTESIAN_POINT('',(-1.475E1,1.1E1,7.E0));
#2967=DIRECTION('',(1.E0,7.845120679524E-8,5.321476421223E-12));
#2968=VECTOR('',#2967,1.178679656440E0);
#2969=CARTESIAN_POINT('',(-1.605E1,1.249999990753E1,5.499999999994E0));
#2970=LINE('',#2969,#2968);
#2971=DIRECTION('',(-2.648386560563E-14,1.681251695440E-8,-1.E0));
#2972=VECTOR('',#2971,5.499999999994E0);
#2973=CARTESIAN_POINT('',(-1.605E1,1.249999990753E1,5.499999999994E0));
#2974=LINE('',#2973,#2972);
#2975=DIRECTION('',(0.E0,0.E0,-1.E0));
#2976=VECTOR('',#2975,5.5E0);
#2977=CARTESIAN_POINT('',(-1.487132034356E1,1.25E1,5.5E0));
#2978=LINE('',#2977,#2976);
#2979=CARTESIAN_POINT('',(-1.487132034356E1,1.25E1,5.5E0));
#2980=CARTESIAN_POINT('',(-1.481764579456E1,1.249999715836E1,5.561928215169E0));
#2981=CARTESIAN_POINT('',(-1.471341898249E1,1.249218408344E1,5.682195964913E0));
#2982=CARTESIAN_POINT('',(-1.457173220089E1,1.246277674472E1,5.845677842825E0));
#2983=CARTESIAN_POINT('',(-1.443291755834E1,1.241524566199E1,6.005849638700E0));
#2984=CARTESIAN_POINT('',(-1.430646055922E1,1.235412593198E1,6.151761304420E0));
#2985=CARTESIAN_POINT('',(-1.418097078926E1,1.227480269712E1,6.296556928726E0));
#2986=CARTESIAN_POINT('',(-1.405943847926E1,1.217565496165E1,6.436786987386E0));
#2987=CARTESIAN_POINT('',(-1.398665941134E1,1.210055622585E1,6.520763371866E0));
#2988=CARTESIAN_POINT('',(-1.395208452591E1,1.206066340452E1,6.560656938993E0));
#2990=CARTESIAN_POINT('',(-1.381065571367E1,1.206065571365E1,6.419242968040E0));
#2991=CARTESIAN_POINT('',(-1.385055907296E1,1.210055907304E1,6.384659636433E0));
#2992=CARTESIAN_POINT('',(-1.393453238206E1,1.217565364057E1,6.311882466697E0));
#2993=CARTESIAN_POINT('',(-1.407476366424E1,1.227480304367E1,6.190349374026E0));
#2994=CARTESIAN_POINT('',(-1.421955896785E1,1.235412583697E1,6.064859826287E0));
#2995=CARTESIAN_POINT('',(-1.436547072361E1,1.241524568729E1,5.938402773480E0));
#2996=CARTESIAN_POINT('',(-1.452564249461E1,1.246277673765E1,5.799588144522E0));
#2997=CARTESIAN_POINT('',(-1.468912438032E1,1.249218408545E1,5.657901360451E0));
#2998=CARTESIAN_POINT('',(-1.480939212839E1,1.249999715836E1,5.553674549002E0));
#2999=CARTESIAN_POINT('',(-1.487132034356E1,1.25E1,5.5E0));
#3001=CARTESIAN_POINT('',(-1.395208452591E1,1.206066340452E1,6.560656938993E0));
#3002=CARTESIAN_POINT('',(-1.392612703900E1,1.203071305856E1,6.590607486390E0));
#3003=CARTESIAN_POINT('',(-1.386910942274E1,1.196492325633E1,6.651301303521E0));
#3004=CARTESIAN_POINT('',(-1.376775684985E1,1.184797762581E1,6.740498528608E0));
#3005=CARTESIAN_POINT('',(-1.364812660735E1,1.170994298751E1,6.824968720615E0));
#3006=CARTESIAN_POINT('',(-1.350980080997E1,1.155033584321E1,6.899313735209E0));
#3007=CARTESIAN_POINT('',(-1.335749644575E1,1.137460040786E1,6.956496297266E0));
#3008=CARTESIAN_POINT('',(-1.319688421301E1,1.118927806421E1,6.991999191997E0));
#3009=CARTESIAN_POINT('',(-1.308783606297E1,1.106345341574E1,7.000000216573E0));
#3010=CARTESIAN_POINT('',(-1.303284275049E1,1.099999998673E1,7.000000006443E0));
#3012=CARTESIAN_POINT('',(-1.395207972297E1,1.191923701050E1,6.419240620585E0));
#3013=DIRECTION('',(5.773510249895E-1,-5.773510249895E-1,5.773487575870E-1));
#3014=DIRECTION('',(7.071067811865E-1,7.071067811865E-1,0.E0));
#3015=AXIS2_PLACEMENT_3D('',#3012,#3013,#3014);
#3017=DIRECTION('',(-3.656459935623E-6,3.656472350160E-6,-9.999999999866E-1));
#3018=VECTOR('',#3017,1.219242968056E0);
#3019=CARTESIAN_POINT('',(-1.381065571367E1,1.206065571365E1,6.419242968040E0));
#3020=LINE('',#3019,#3018);
#3021=DIRECTION('',(7.071067811865E-1,-7.071067811865E-1,0.E0));
#3022=VECTOR('',#3021,2.792893218812E0);
#3023=CARTESIAN_POINT('',(-1.381066017178E1,1.206066017178E1,5.2E0));
#3024=LINE('',#3023,#3022);
#3025=DIRECTION('',(-2.164934898019E-13,2.176037128265E-13,-1.E0));
#3026=VECTOR('',#3025,1.6E0);
#3027=CARTESIAN_POINT('',(-1.183578643763E1,1.008578643763E1,6.8E0));
#3028=LINE('',#3027,#3026);
#3029=DIRECTION('',(-7.071067811865E-1,7.071067811865E-1,-1.182715906495E-8));
#3030=VECTOR('',#3029,1.492893021026E0);
#3031=CARTESIAN_POINT('',(-1.183578643763E1,1.008578643763E1,6.8E0));
#3032=LINE('',#3031,#3030);
#3033=CARTESIAN_POINT('',(-1.381065571367E1,1.206065571365E1,6.419242968040E0));
#3034=CARTESIAN_POINT('',(-1.378465072421E1,1.203465072420E1,6.445247697078E0));
#3035=CARTESIAN_POINT('',(-1.372770847027E1,1.197770847027E1,6.497774102296E0));
#3036=CARTESIAN_POINT('',(-1.362631619601E1,1.187631619601E1,6.575113947106E0));
#3037=CARTESIAN_POINT('',(-1.350668630381E1,1.175668630381E1,6.648316941359E0));
#3038=CARTESIAN_POINT('',(-1.336833659308E1,1.161833659308E1,6.712753801756E0));
#3039=CARTESIAN_POINT('',(-1.321605102121E1,1.146605102121E1,6.762309037657E0));
#3040=CARTESIAN_POINT('',(-1.305531294996E1,1.130531294996E1,6.793075724222E0));
#3041=CARTESIAN_POINT('',(-1.294654398839E1,1.119654398839E1,6.800000104197E0));
#3042=CARTESIAN_POINT('',(-1.289142121638E1,1.114142121638E1,6.799999982343E0));
#3044=CARTESIAN_POINT('',(-1.391310815856E1,1.215404912897E1,5.149787929345E0));
#3045=CARTESIAN_POINT('',(-1.391186153566E1,1.215294504906E1,5.150176540516E0));
#3046=CARTESIAN_POINT('',(-1.390937923791E1,1.215078276098E1,5.151056411773E0));
#3047=CARTESIAN_POINT('',(-1.390571872196E1,1.214777277403E1,5.152914141168E0));
#3048=CARTESIAN_POINT('',(-1.390205515967E1,1.214468445958E1,5.154628212291E0));
#3049=CARTESIAN_POINT('',(-1.389840619889E1,1.214160147452E1,5.156381179665E0));
#3050=CARTESIAN_POINT('',(-1.389476708186E1,1.213850151915E1,5.158124058920E0));
#3051=CARTESIAN_POINT('',(-1.389113905615E1,1.213539068288E1,5.159869911194E0));
#3052=CARTESIAN_POINT('',(-1.388752176210E1,1.213226744649E1,5.161615177664E0));
#3053=CARTESIAN_POINT('',(-1.388391527267E1,1.212913232747E1,5.163360757462E0));
#3054=CARTESIAN_POINT('',(-1.388031954695E1,1.212598529551E1,5.165106359912E0));
#3055=CARTESIAN_POINT('',(-1.387673457674E1,1.212282646491E1,5.166852017267E0));
#3056=CARTESIAN_POINT('',(-1.387316034730E1,1.211965590896E1,5.168597679592E0));
#3057=CARTESIAN_POINT('',(-1.386959684801E1,1.211647370960E1,5.170343322837E0));
#3058=CARTESIAN_POINT('',(-1.386604406953E1,1.211327994400E1,5.172088919887E0));
#3059=CARTESIAN_POINT('',(-1.386250200471E1,1.211007468813E1,5.173834447887E0));
#3060=CARTESIAN_POINT('',(-1.385897064835E1,1.210685801569E1,5.175579886246E0));
#3061=CARTESIAN_POINT('',(-1.385544999736E1,1.210362999837E1,5.177325217016E0));
#3062=CARTESIAN_POINT('',(-1.385194005078E1,1.210039070569E1,5.179070424428E0));
#3063=CARTESIAN_POINT('',(-1.384844080982E1,1.209714020497E1,5.180815494909E0));
#3064=CARTESIAN_POINT('',(-1.384495227791E1,1.209387856135E1,5.182560416895E0));
#3065=CARTESIAN_POINT('',(-1.384147446071E1,1.209060583767E1,5.184305180643E0));
#3066=CARTESIAN_POINT('',(-1.383800736618E1,1.208732209449E1,5.186049778089E0));
#3067=CARTESIAN_POINT('',(-1.383455100459E1,1.208402739004E1,5.187794202686E0));
#3068=CARTESIAN_POINT('',(-1.383110538856E1,1.208072178021E1,5.189538449264E0));
#3069=CARTESIAN_POINT('',(-1.382767053304E1,1.207740531848E1,5.191282513785E0));
#3070=CARTESIAN_POINT('',(-1.382424645545E1,1.207407805602E1,5.193026393573E0));
#3071=CARTESIAN_POINT('',(-1.382083317528E1,1.207074004126E1,5.194770085587E0));
#3072=CARTESIAN_POINT('',(-1.381743071567E1,1.206739132143E1,5.196513592236E0));
#3073=CARTESIAN_POINT('',(-1.381403909761E1,1.206403193674E1,5.198256898861E0));
#3074=CARTESIAN_POINT('',(-1.381178527357E1,1.206178527357E1,5.199419004318E0));
#3075=CARTESIAN_POINT('',(-1.381066017178E1,1.206066017178E1,5.2E0));
#3077=CARTESIAN_POINT('',(-1.418630090041E1,1.233444683765E1,4.950421125335E0));
#3078=CARTESIAN_POINT('',(-1.418064576555E1,1.233154385401E1,4.957038940849E0));
#3079=CARTESIAN_POINT('',(-1.416855539914E1,1.232524641854E1,4.970480189864E0));
#3080=CARTESIAN_POINT('',(-1.414822356360E1,1.231428056451E1,4.991000266853E0));
#3081=CARTESIAN_POINT('',(-1.412514574763E1,1.230134128952E1,5.012274991891E0));
#3082=CARTESIAN_POINT('',(-1.409896969168E1,1.228601206334E1,5.034365950259E0));
#3083=CARTESIAN_POINT('',(-1.406932180713E1,1.226777396226E1,5.057257147845E0));
#3084=CARTESIAN_POINT('',(-1.403633928643E1,1.224635425381E1,5.080512802994E0));
#3085=CARTESIAN_POINT('',(-1.399925508775E1,1.222075872314E1,5.104220497407E0));
#3086=CARTESIAN_POINT('',(-1.395883873621E1,1.219093854203E1,5.127394223849E0));
#3087=CARTESIAN_POINT('',(-1.392878439015E1,1.216706517461E1,5.142535041982E0));
#3088=CARTESIAN_POINT('',(-1.391310815856E1,1.215404912897E1,5.149787929345E0));
#3090=CARTESIAN_POINT('',(-1.418630090041E1,1.233444683765E1,4.950421125335E0));
#3091=CARTESIAN_POINT('',(-1.418680319433E1,1.232883653323E1,4.948642225958E0));
#3092=CARTESIAN_POINT('',(-1.418815271386E1,1.231746463078E1,4.945353664589E0));
#3093=CARTESIAN_POINT('',(-1.419020953770E1,1.230585103039E1,4.942633208099E0));
#3094=CARTESIAN_POINT('',(-1.419142136866E1,1.23E1,4.941421368657E0));
#3096=CARTESIAN_POINT('',(-1.405E1,1.201715728753E1,5.000000003032E0));
#3097=CARTESIAN_POINT('',(-1.405571396006E1,1.202858561240E1,5.000000028199E0));
#3098=CARTESIAN_POINT('',(-1.406692482859E1,1.205100674065E1,4.999509781264E0));
#3099=CARTESIAN_POINT('',(-1.408301038026E1,1.208317801156E1,4.997473092662E0));
#3100=CARTESIAN_POINT('',(-1.409851296005E1,1.211418288194E1,4.994237118414E0));
#3101=CARTESIAN_POINT('',(-1.411335509929E1,1.214386721245E1,4.989905612958E0));
#3102=CARTESIAN_POINT('',(-1.412756866914E1,1.217229435271E1,4.984550817967E0));
#3103=CARTESIAN_POINT('',(-1.414121216378E1,1.219958143183E1,4.978201185251E0));
#3104=CARTESIAN_POINT('',(-1.415437544486E1,1.222590812917E1,4.970828726458E0));
#3105=CARTESIAN_POINT('',(-1.416714001637E1,1.225143743585E1,4.962352465548E0));
#3106=CARTESIAN_POINT('',(-1.417953584053E1,1.227622942125E1,4.952661201259E0));
#3107=CARTESIAN_POINT('',(-1.418751300274E1,1.229218366982E1,4.945329690896E0));
#3108=CARTESIAN_POINT('',(-1.419142136866E1,1.23E1,4.941421368657E0));
#3110=CARTESIAN_POINT('',(-1.405E1,1.201715728753E1,5.200000024255E0));
#3111=DIRECTION('',(-7.071067811865E-1,7.071067811866E-1,1.554126287178E-8));
#3112=DIRECTION('',(6.844591447147E-1,6.844591502327E-1,-2.510604526387E-1));
#3113=AXIS2_PLACEMENT_3D('',#3110,#3111,#3112);
#3115=DIRECTION('',(0.E0,0.E0,-1.E0));
#3116=VECTOR('',#3115,4.8E0);
#3117=CARTESIAN_POINT('',(-1.425E1,-1.23E1,4.8E0));
#3118=LINE('',#3117,#3116);
#3119=DIRECTION('',(0.E0,1.E0,0.E0));
#3120=VECTOR('',#3119,2.46E1);
#3121=CARTESIAN_POINT('',(-1.425E1,-1.23E1,4.8E0));
#3122=LINE('',#3121,#3120);
#3123=DIRECTION('',(0.E0,0.E0,-1.E0));
#3124=VECTOR('',#3123,4.8E0);
#3125=CARTESIAN_POINT('',(-1.425E1,1.23E1,4.8E0));
#3126=LINE('',#3125,#3124);
#3127=DIRECTION('',(0.E0,0.E0,-1.E0));
#3128=VECTOR('',#3127,4.8E0);
#3129=CARTESIAN_POINT('',(-1.426308309182E1,-1.237114822160E1,4.8E0));
#3130=LINE('',#3129,#3128);
#3131=CARTESIAN_POINT('',(-1.418630129088E1,-1.233444703809E1,
4.950420818818E0));
#3132=CARTESIAN_POINT('',(-1.419662462675E1,-1.233974637299E1,
4.942316895090E0));
#3133=CARTESIAN_POINT('',(-1.421509547728E1,-1.234893012629E1,
4.924919735019E0));
#3134=CARTESIAN_POINT('',(-1.423647738198E1,-1.235908413207E1,
4.896205870347E0));
#3135=CARTESIAN_POINT('',(-1.425198742677E1,-1.236619406868E1,
4.864983431690E0));
#3136=CARTESIAN_POINT('',(-1.426119801261E1,-1.237031467947E1,
4.832073817940E0));
#3137=CARTESIAN_POINT('',(-1.426308309182E1,-1.237114822160E1,
4.810692045315E0));
#3138=CARTESIAN_POINT('',(-1.426308309182E1,-1.237114822160E1,4.8E0));
#3140=CARTESIAN_POINT('',(-1.418630129088E1,-1.233444703809E1,
4.950420818818E0));
#3141=CARTESIAN_POINT('',(-1.418680418842E1,-1.232882972880E1,
4.948639706562E0));
#3142=CARTESIAN_POINT('',(-1.418815465716E1,-1.231745049838E1,
4.945350125310E0));
#3143=CARTESIAN_POINT('',(-1.419021120297E1,-1.230584407564E1,
4.942631518721E0));
#3144=CARTESIAN_POINT('',(-1.419142135676E1,-1.23E1,4.941421356756E0));
#3146=CARTESIAN_POINT('',(-1.405E1,-1.23E1,4.8E0));
#3147=DIRECTION('',(0.E0,1.E0,0.E0));
#3148=DIRECTION('',(-1.E0,0.E0,0.E0));
#3149=AXIS2_PLACEMENT_3D('',#3146,#3147,#3148);
#3151=CARTESIAN_POINT('',(-1.445E1,-1.23E1,4.8E0));
#3152=DIRECTION('',(0.E0,0.E0,1.E0));
#3153=DIRECTION('',(9.345845408939E-1,-3.557411080015E-1,0.E0));
#3154=AXIS2_PLACEMENT_3D('',#3151,#3152,#3153);
#3156=CARTESIAN_POINT('',(-1.391310817851E1,-1.215404910901E1,
5.149787588300E0));
#3157=CARTESIAN_POINT('',(-1.393035621201E1,-1.216837022886E1,
5.141808894111E0));
#3158=CARTESIAN_POINT('',(-1.396329360090E1,-1.219441473334E1,
5.125078991715E0));
#3159=CARTESIAN_POINT('',(-1.400730177369E1,-1.222651131006E1,
5.099365097584E0));
#3160=CARTESIAN_POINT('',(-1.404681969707E1,-1.225334262944E1,
5.073439721617E0));
#3161=CARTESIAN_POINT('',(-1.408232249483E1,-1.227592889467E1,
5.047558083829E0));
#3162=CARTESIAN_POINT('',(-1.411369850983E1,-1.229475706057E1,
5.022266361222E0));
#3163=CARTESIAN_POINT('',(-1.414142814728E1,-1.231055414402E1,
4.997571792469E0));
#3164=CARTESIAN_POINT('',(-1.416580322481E1,-1.232380704258E1,
4.973487434184E0));
#3165=CARTESIAN_POINT('',(-1.417982808484E1,-1.233112411156E1,
4.957995693326E0));
#3166=CARTESIAN_POINT('',(-1.418630129088E1,-1.233444703809E1,
4.950420818818E0));
#3168=CARTESIAN_POINT('',(-1.405E1,-1.201715728753E1,5.200000044741E0));
#3169=DIRECTION('',(-7.071067811865E-1,-7.071067811865E-1,-3.378802357834E-8));
#3170=DIRECTION('',(2.389174812762E-8,2.389173924584E-8,-1.E0));
#3171=AXIS2_PLACEMENT_3D('',#3168,#3169,#3170);
#3173=CARTESIAN_POINT('',(-1.419142135676E1,-1.23E1,4.941421356756E0));
#3174=CARTESIAN_POINT('',(-1.418649372653E1,-1.229014098334E1,
4.946348939626E0));
#3175=CARTESIAN_POINT('',(-1.417657465882E1,-1.227030937645E1,
4.955240071415E0));
#3176=CARTESIAN_POINT('',(-1.416184127603E1,-1.224084006241E1,
4.966124076536E0));
#3177=CARTESIAN_POINT('',(-1.414687805251E1,-1.221091413128E1,
4.975252797503E0));
#3178=CARTESIAN_POINT('',(-1.413168818613E1,-1.218053401171E1,
4.982812625092E0));
#3179=CARTESIAN_POINT('',(-1.411627484511E1,-1.214970719470E1,
4.988938376430E0));
#3180=CARTESIAN_POINT('',(-1.410059411734E1,-1.211834553182E1,
4.993727027914E0));
#3181=CARTESIAN_POINT('',(-1.408445400092E1,-1.208606528655E1,
4.997242297405E0));
#3182=CARTESIAN_POINT('',(-1.406780356918E1,-1.205276398137E1,
4.999452636870E0));
#3183=CARTESIAN_POINT('',(-1.405602519311E1,-1.202920755529E1,
4.999999985756E0));
#3184=CARTESIAN_POINT('',(-1.405E1,-1.201715728753E1,5.000000005593E0));
#3186=DIRECTION('',(-7.071067811865E-1,-7.071067811865E-1,1.907857061573E-9));
#3187=VECTOR('',#3186,2.931370849899E0);
#3188=CARTESIAN_POINT('',(-1.197720779386E1,-9.944365081390E0,5.E0));
#3189=LINE('',#3188,#3187);
#3190=CARTESIAN_POINT('',(-1.325E1,-8.671572875254E0,5.E0));
#3191=DIRECTION('',(0.E0,0.E0,-1.E0));
#3192=DIRECTION('',(1.E0,0.E0,0.E0));
#3193=AXIS2_PLACEMENT_3D('',#3190,#3191,#3192);
#3195=DIRECTION('',(0.E0,-1.E0,0.E0));
#3196=VECTOR('',#3195,1.734314575051E1);
#3197=CARTESIAN_POINT('',(-1.145E1,8.671572875254E0,5.E0));
#3198=LINE('',#3197,#3196);
#3199=CARTESIAN_POINT('',(-1.325E1,8.671572875254E0,5.E0));
#3200=DIRECTION('',(0.E0,0.E0,-1.E0));
#3201=DIRECTION('',(7.071067811865E-1,7.071067811865E-1,0.E0));
#3202=AXIS2_PLACEMENT_3D('',#3199,#3200,#3201);
#3204=DIRECTION('',(7.071067811865E-1,-7.071067811865E-1,-1.034271239645E-9));
#3205=VECTOR('',#3204,2.931370849898E0);
#3206=CARTESIAN_POINT('',(-1.405E1,1.201715728753E1,5.000000003032E0));
#3207=LINE('',#3206,#3205);
#3208=DIRECTION('',(0.E0,1.E0,-1.065478648649E-10));
#3209=VECTOR('',#3208,2.403431457505E1);
#3210=CARTESIAN_POINT('',(-1.405E1,-1.201715728753E1,5.000000005593E0));
#3211=LINE('',#3210,#3209);
#3212=CARTESIAN_POINT('',(-1.145E1,-8.671572875254E0,5.2E0));
#3213=DIRECTION('',(0.E0,-1.E0,0.E0));
#3214=DIRECTION('',(0.E0,0.E0,-1.E0));
#3215=AXIS2_PLACEMENT_3D('',#3212,#3213,#3214);
#3217=CARTESIAN_POINT('',(-1.325E1,-8.671572875254E0,6.8E0));
#3218=DIRECTION('',(0.E0,0.E0,1.E0));
#3219=DIRECTION('',(7.071067811865E-1,-7.071067811865E-1,0.E0));
#3220=AXIS2_PLACEMENT_3D('',#3217,#3218,#3219);
#3222=CARTESIAN_POINT('',(-1.325E1,-8.671572875254E0,5.2E0));
#3223=DIRECTION('',(0.E0,0.E0,-1.E0));
#3224=DIRECTION('',(1.E0,0.E0,0.E0));
#3225=AXIS2_PLACEMENT_3D('',#3222,#3223,#3224);
#3227=CARTESIAN_POINT('',(-1.197720779386E1,-9.944365081390E0,6.8E0));
#3228=DIRECTION('',(7.071067811865E-1,7.071067811865E-1,0.E0));
#3229=DIRECTION('',(0.E0,0.E0,1.E0));
#3230=AXIS2_PLACEMENT_3D('',#3227,#3228,#3229);
#3232=CARTESIAN_POINT('',(-1.145E1,-8.671572875254E0,6.8E0));
#3233=DIRECTION('',(0.E0,1.E0,0.E0));
#3234=DIRECTION('',(0.E0,0.E0,1.E0));
#3235=AXIS2_PLACEMENT_3D('',#3232,#3233,#3234);
#3237=CARTESIAN_POINT('',(-1.145E1,8.671572875254E0,6.8E0));
#3238=DIRECTION('',(0.E0,1.E0,0.E0));
#3239=DIRECTION('',(0.E0,0.E0,1.E0));
#3240=AXIS2_PLACEMENT_3D('',#3237,#3238,#3239);
#3242=CARTESIAN_POINT('',(-1.303284271208E1,1.099999999961E1,6.8E0));
#3243=DIRECTION('',(7.071067811865E-1,-7.071067811865E-1,0.E0));
#3244=DIRECTION('',(7.071067811865E-1,7.071067811865E-1,-4.413902576772E-8));
#3245=AXIS2_PLACEMENT_3D('',#3242,#3243,#3244);
#3247=CARTESIAN_POINT('',(-1.197720779386E1,9.944365081390E0,6.8E0));
#3248=DIRECTION('',(-7.071067811865E-1,7.071067811865E-1,0.E0));
#3249=DIRECTION('',(0.E0,0.E0,1.E0));
#3250=AXIS2_PLACEMENT_3D('',#3247,#3248,#3249);
#3252=CARTESIAN_POINT('',(-1.325E1,8.671572875254E0,6.8E0));
#3253=DIRECTION('',(0.E0,0.E0,1.E0));
#3254=DIRECTION('',(1.E0,0.E0,0.E0));
#3255=AXIS2_PLACEMENT_3D('',#3252,#3253,#3254);
#3257=CARTESIAN_POINT('',(-1.325E1,8.671572875254E0,5.2E0));
#3258=DIRECTION('',(0.E0,0.E0,-1.E0));
#3259=DIRECTION('',(7.071067811865E-1,7.071067811865E-1,0.E0));
#3260=AXIS2_PLACEMENT_3D('',#3257,#3258,#3259);
#3262=CARTESIAN_POINT('',(-1.197720779386E1,9.944365081390E0,5.2E0));
#3263=DIRECTION('',(7.071067811865E-1,-7.071067811865E-1,0.E0));
#3264=DIRECTION('',(0.E0,0.E0,-1.E0));
#3265=AXIS2_PLACEMENT_3D('',#3262,#3263,#3264);
#3267=CARTESIAN_POINT('',(-1.145E1,8.671572875254E0,5.2E0));
#3268=DIRECTION('',(0.E0,-1.E0,0.E0));
#3269=DIRECTION('',(0.E0,0.E0,-1.E0));
#3270=AXIS2_PLACEMENT_3D('',#3267,#3268,#3269);
#3272=DIRECTION('',(0.E0,1.E0,0.E0));
#3273=VECTOR('',#3272,1.734314575051E1);
#3274=CARTESIAN_POINT('',(-1.125E1,-8.671572875253E0,6.8E0));
#3275=LINE('',#3274,#3273);
#3276=DIRECTION('',(0.E0,0.E0,-1.E0));
#3277=VECTOR('',#3276,1.6E0);
#3278=CARTESIAN_POINT('',(-1.125E1,8.671572875253E0,6.8E0));
#3279=LINE('',#3278,#3277);
#3280=DIRECTION('',(0.E0,-1.E0,0.E0));
#3281=VECTOR('',#3280,1.734314575051E1);
#3282=CARTESIAN_POINT('',(-1.125E1,8.671572875253E0,5.2E0));
#3283=LINE('',#3282,#3281);
#3284=DIRECTION('',(0.E0,0.E0,-1.E0));
#3285=VECTOR('',#3284,1.6E0);
#3286=CARTESIAN_POINT('',(-1.125E1,-8.671572875253E0,6.8E0));
#3287=LINE('',#3286,#3285);
#3288=CARTESIAN_POINT('',(-1.395208152785E1,-1.191923881538E1,
6.419238815705E0));
#3289=DIRECTION('',(-5.773502691216E-1,-5.773502693256E-1,-5.773502691216E-1));
#3290=DIRECTION('',(7.071067812698E-1,-7.071067811033E-1,8.330225398367E-11));
#3291=AXIS2_PLACEMENT_3D('',#3288,#3289,#3290);
#3293=CARTESIAN_POINT('',(-1.487132034356E1,-1.25E1,5.5E0));
#3294=CARTESIAN_POINT('',(-1.480690913102E1,-1.249999644839E1,
5.555827099608E0));
#3295=CARTESIAN_POINT('',(-1.468199613528E1,-1.249176355367E1,
5.664078855074E0));
#3296=CARTESIAN_POINT('',(-1.450691464426E1,-1.245841263282E1,
5.815819065331E0));
#3297=CARTESIAN_POINT('',(-1.434812976316E1,-1.240902939236E1,
5.953431552449E0));
#3298=CARTESIAN_POINT('',(-1.419548568153E1,-1.234254833174E1,
6.085723365588E0));
#3299=CARTESIAN_POINT('',(-1.405412125508E1,-1.226119152985E1,
6.208239370001E0));
#3300=CARTESIAN_POINT('',(-1.392732533950E1,-1.216922812048E1,
6.318128758262E0));
#3301=CARTESIAN_POINT('',(-1.384824058413E1,-1.209824058417E1,
6.386668787473E0));
#3302=CARTESIAN_POINT('',(-1.381065752431E1,-1.206065752430E1,
6.419241086234E0));
#3304=CARTESIAN_POINT('',(-1.395208764615E1,-1.206066690057E1,
6.560653442887E0));
#3305=CARTESIAN_POINT('',(-1.398464961664E1,-1.209823728466E1,
6.523082205795E0));
#3306=CARTESIAN_POINT('',(-1.405319248183E1,-1.216922965333E1,
6.443993867073E0));
#3307=CARTESIAN_POINT('',(-1.416308072467E1,-1.226119112259E1,
6.317199387916E0));
#3308=CARTESIAN_POINT('',(-1.428559704055E1,-1.234254844233E1,
6.175834578984E0));
#3309=CARTESIAN_POINT('',(-1.441788877211E1,-1.240902936336E1,
6.023190600981E0));
#3310=CARTESIAN_POINT('',(-1.455550128240E1,-1.245841264082E1,
5.864405692981E0));
#3311=CARTESIAN_POINT('',(-1.470724148725E1,-1.249176355139E1,
5.689324210045E0));
#3312=CARTESIAN_POINT('',(-1.481549324395E1,-1.249999644839E1,
5.564411212534E0));
#3313=CARTESIAN_POINT('',(-1.487132034356E1,-1.25E1,5.5E0));
#3315=CARTESIAN_POINT('',(-1.197720779386E1,-9.944365081390E0,7.E0));
#3316=CARTESIAN_POINT('',(-1.145E1,-8.671572875254E0,7.E0));
#3317=VERTEX_POINT('',#3315);
#3318=VERTEX_POINT('',#3316);
#3319=CARTESIAN_POINT('',(-1.183578643763E1,-1.008578643763E1,6.8E0));
#3320=CARTESIAN_POINT('',(-1.125E1,-8.671572875254E0,6.8E0));
#3321=VERTEX_POINT('',#3319);
#3322=VERTEX_POINT('',#3320);
#3323=CARTESIAN_POINT('',(-1.145E1,8.671572875254E0,7.E0));
#3324=VERTEX_POINT('',#3323);
#3325=CARTESIAN_POINT('',(-1.125E1,8.671572875253E0,6.8E0));
#3326=VERTEX_POINT('',#3325);
#3327=CARTESIAN_POINT('',(-1.197720779386E1,9.944365081390E0,7.E0));
#3328=VERTEX_POINT('',#3327);
#3329=CARTESIAN_POINT('',(-1.183578643763E1,1.008578643763E1,6.8E0));
#3330=VERTEX_POINT('',#3329);
#3331=CARTESIAN_POINT('',(-1.425E1,-1.23E1,4.8E0));
#3332=CARTESIAN_POINT('',(-1.425E1,-1.23E1,0.E0));
#3333=VERTEX_POINT('',#3331);
#3334=VERTEX_POINT('',#3332);
#3335=CARTESIAN_POINT('',(-1.425E1,1.23E1,4.8E0));
#3336=CARTESIAN_POINT('',(-1.425E1,1.23E1,0.E0));
#3337=VERTEX_POINT('',#3335);
#3338=VERTEX_POINT('',#3336);
#3339=CARTESIAN_POINT('',(-1.197720779386E1,-9.944365081390E0,5.E0));
#3340=CARTESIAN_POINT('',(-1.405E1,-1.201715728753E1,5.000000005593E0));
#3341=VERTEX_POINT('',#3339);
#3342=VERTEX_POINT('',#3340);
#3343=CARTESIAN_POINT('',(-1.145E1,-8.671572875254E0,5.E0));
#3344=VERTEX_POINT('',#3343);
#3345=CARTESIAN_POINT('',(-1.125E1,-8.671572875254E0,5.2E0));
#3346=CARTESIAN_POINT('',(-1.183578643763E1,-1.008578643763E1,5.2E0));
#3347=VERTEX_POINT('',#3345);
#3348=VERTEX_POINT('',#3346);
#3349=CARTESIAN_POINT('',(-1.145E1,8.671572875254E0,5.E0));
#3350=VERTEX_POINT('',#3349);
#3351=CARTESIAN_POINT('',(-1.125E1,8.671572875253E0,5.2E0));
#3352=VERTEX_POINT('',#3351);
#3353=CARTESIAN_POINT('',(-1.197720779386E1,9.944365081390E0,5.E0));
#3354=VERTEX_POINT('',#3353);
#3355=CARTESIAN_POINT('',(-1.183578643763E1,1.008578643763E1,5.2E0));
#3356=VERTEX_POINT('',#3355);
#3357=CARTESIAN_POINT('',(-1.405E1,1.201715728753E1,5.000000003032E0));
#3358=VERTEX_POINT('',#3357);
#3359=CARTESIAN_POINT('',(-1.419142135624E1,-1.23E1,4.941421356237E0));
#3360=VERTEX_POINT('',#3359);
#3361=VERTEX_POINT('',#3108);
#3362=VERTEX_POINT('',#2742);
#3363=VERTEX_POINT('',#2773);
#3364=VERTEX_POINT('',#3166);
#3365=VERTEX_POINT('',#3138);
#3366=CARTESIAN_POINT('',(-1.426308309182E1,-1.237114822160E1,0.E0));
#3367=VERTEX_POINT('',#3366);
#3368=CARTESIAN_POINT('',(-1.487132034356E1,-1.25E1,0.E0));
#3369=CARTESIAN_POINT('',(-1.487132034356E1,-1.25E1,5.5E0));
#3370=VERTEX_POINT('',#3368);
#3371=VERTEX_POINT('',#3369);
#3372=CARTESIAN_POINT('',(-1.381065752431E1,-1.206065752430E1,
6.419241086234E0));
#3373=VERTEX_POINT('',#3372);
#3374=CARTESIAN_POINT('',(-1.605E1,-1.249999988457E1,5.499999999988E0));
#3375=VERTEX_POINT('',#3374);
#3376=CARTESIAN_POINT('',(-1.475E1,-1.1E1,7.E0));
#3377=CARTESIAN_POINT('',(-1.303284273396E1,-1.099999999250E1,
6.999999998211E0));
#3378=VERTEX_POINT('',#3376);
#3379=VERTEX_POINT('',#3377);
#3380=CARTESIAN_POINT('',(-1.475E1,1.1E1,7.E0));
#3381=CARTESIAN_POINT('',(-1.303284275049E1,1.099999998673E1,7.000000006443E0));
#3382=VERTEX_POINT('',#3380);
#3383=VERTEX_POINT('',#3381);
#3384=CARTESIAN_POINT('',(-1.605E1,1.249999990753E1,5.499999999994E0));
#3385=CARTESIAN_POINT('',(-1.487132034356E1,1.25E1,5.5E0));
#3386=VERTEX_POINT('',#3384);
#3387=VERTEX_POINT('',#3385);
#3388=CARTESIAN_POINT('',(-1.426308309182E1,1.237114822160E1,0.E0));
#3389=CARTESIAN_POINT('',(-1.426308309182E1,1.237114822160E1,4.8E0));
#3390=VERTEX_POINT('',#3388);
#3391=VERTEX_POINT('',#3389);
#3392=VERTEX_POINT('',#2680);
#3393=VERTEX_POINT('',#3088);
#3394=VERTEX_POINT('',#3075);
#3395=CARTESIAN_POINT('',(-1.381065571367E1,1.206065571365E1,6.419242968040E0));
#3396=VERTEX_POINT('',#3395);
#3397=CARTESIAN_POINT('',(-1.487132034356E1,1.25E1,0.E0));
#3398=VERTEX_POINT('',#3397);
#3399=VERTEX_POINT('',#3042);
#3400=CARTESIAN_POINT('',(-1.289142135596E1,-1.114142135596E1,
6.799999990485E0));
#3401=VERTEX_POINT('',#3400);
#3402=CARTESIAN_POINT('',(-1.395207974658E1,1.206065807723E1,6.560662266324E0));
#3403=VERTEX_POINT('',#3402);
#3404=CARTESIAN_POINT('',(-1.395208152784E1,-1.206066017160E1,
6.560660171959E0));
#3405=VERTEX_POINT('',#3404);
#3406=CARTESIAN_POINT('',(-1.625E1,1.23E1,0.E0));
#3407=CARTESIAN_POINT('',(-1.605E1,1.25E1,0.E0));
#3408=VERTEX_POINT('',#3406);
#3409=VERTEX_POINT('',#3407);
#3410=CARTESIAN_POINT('',(-1.605E1,-1.25E1,0.E0));
#3411=CARTESIAN_POINT('',(-1.625E1,-1.23E1,0.E0));
#3412=VERTEX_POINT('',#3410);
#3413=VERTEX_POINT('',#3411);
#3414=CARTESIAN_POINT('',(-1.624999986692E1,1.23E1,5.499999999986E0));
#3415=CARTESIAN_POINT('',(-1.624999991892E1,-1.23E1,5.499999999995E0));
#3416=VERTEX_POINT('',#3414);
#3417=VERTEX_POINT('',#3415);
#3418=CARTESIAN_POINT('',(-1.405E1,1.23E1,4.8E0));
#3419=DIRECTION('',(0.E0,1.E0,0.E0));
#3420=DIRECTION('',(-9.967542221350E-1,0.E0,-8.050478654122E-2));
#3421=AXIS2_PLACEMENT_3D('',#3418,#3419,#3420);
#3422=TOROIDAL_SURFACE('',#3421,4.E-1,2.E-1);
#3424=ORIENTED_EDGE('',*,*,#3423,.F.);
#3426=ORIENTED_EDGE('',*,*,#3425,.F.);
#3428=ORIENTED_EDGE('',*,*,#3427,.F.);
#3430=ORIENTED_EDGE('',*,*,#3429,.F.);
#3431=EDGE_LOOP('',(#3424,#3426,#3428,#3430));
#3432=FACE_OUTER_BOUND('',#3431,.F.);
#3433=ADVANCED_FACE('',(#3432),#3422,.T.);
#3434=CARTESIAN_POINT('',(-1.487132034356E1,1.1E1,1.61252E1));
#3435=DIRECTION('',(0.E0,0.E0,-1.E0));
#3436=DIRECTION('',(0.E0,1.E0,0.E0));
#3437=AXIS2_PLACEMENT_3D('',#3434,#3435,#3436);
#3438=CYLINDRICAL_SURFACE('',#3437,1.5E0);
#3440=ORIENTED_EDGE('',*,*,#3439,.T.);
#3441=ORIENTED_EDGE('',*,*,#3423,.T.);
#3443=ORIENTED_EDGE('',*,*,#3442,.T.);
#3445=ORIENTED_EDGE('',*,*,#3444,.T.);
#3447=ORIENTED_EDGE('',*,*,#3446,.F.);
#3449=ORIENTED_EDGE('',*,*,#3448,.T.);
#3451=ORIENTED_EDGE('',*,*,#3450,.T.);
#3453=ORIENTED_EDGE('',*,*,#3452,.T.);
#3454=EDGE_LOOP('',(#3440,#3441,#3443,#3445,#3447,#3449,#3451,#3453));
#3455=FACE_OUTER_BOUND('',#3454,.F.);
#3456=ADVANCED_FACE('',(#3455),#3438,.T.);
#3457=CARTESIAN_POINT('',(-1.445E1,1.23E1,1.61252E1));
#3458=DIRECTION('',(0.E0,0.E0,-1.E0));
#3459=DIRECTION('',(0.E0,1.E0,0.E0));
#3460=AXIS2_PLACEMENT_3D('',#3457,#3458,#3459);
#3461=CYLINDRICAL_SURFACE('',#3460,2.E-1);
#3462=ORIENTED_EDGE('',*,*,#3439,.F.);
#3464=ORIENTED_EDGE('',*,*,#3463,.T.);
#3466=ORIENTED_EDGE('',*,*,#3465,.F.);
#3467=ORIENTED_EDGE('',*,*,#3425,.T.);
#3468=EDGE_LOOP('',(#3462,#3464,#3466,#3467));
#3469=FACE_OUTER_BOUND('',#3468,.F.);
#3470=ADVANCED_FACE('',(#3469),#3461,.T.);
#3471=CARTESIAN_POINT('',(0.E0,0.E0,0.E0));
#3472=DIRECTION('',(0.E0,0.E0,1.E0));
#3473=DIRECTION('',(1.E0,0.E0,0.E0));
#3474=AXIS2_PLACEMENT_3D('',#3471,#3472,#3473);
#3475=PLANE('',#3474);
#3477=ORIENTED_EDGE('',*,*,#3476,.F.);
#3479=ORIENTED_EDGE('',*,*,#3478,.F.);
#3481=ORIENTED_EDGE('',*,*,#3480,.T.);
#3482=ORIENTED_EDGE('',*,*,#3463,.F.);
#3483=ORIENTED_EDGE('',*,*,#3452,.F.);
#3485=ORIENTED_EDGE('',*,*,#3484,.T.);
#3487=ORIENTED_EDGE('',*,*,#3486,.F.);
#3489=ORIENTED_EDGE('',*,*,#3488,.T.);
#3491=ORIENTED_EDGE('',*,*,#3490,.F.);
#3493=ORIENTED_EDGE('',*,*,#3492,.T.);
#3494=EDGE_LOOP('',(#3477,#3479,#3481,#3482,#3483,#3485,#3487,#3489,#3491,
#3493));
#3495=FACE_OUTER_BOUND('',#3494,.F.);
#3496=ADVANCED_FACE('',(#3495),#3475,.F.);
#3497=CARTESIAN_POINT('',(-1.487132034356E1,-1.1E1,-9.1252E0));
#3498=DIRECTION('',(0.E0,0.E0,1.E0));
#3499=DIRECTION('',(0.E0,-1.E0,0.E0));
#3500=AXIS2_PLACEMENT_3D('',#3497,#3498,#3499);
#3501=CYLINDRICAL_SURFACE('',#3500,1.5E0);
#3503=ORIENTED_EDGE('',*,*,#3502,.T.);
#3505=ORIENTED_EDGE('',*,*,#3504,.T.);
#3507=ORIENTED_EDGE('',*,*,#3506,.T.);
#3509=ORIENTED_EDGE('',*,*,#3508,.T.);
#3510=ORIENTED_EDGE('',*,*,#3476,.T.);
#3512=ORIENTED_EDGE('',*,*,#3511,.T.);
#3514=ORIENTED_EDGE('',*,*,#3513,.T.);
#3516=ORIENTED_EDGE('',*,*,#3515,.F.);
#3517=EDGE_LOOP('',(#3503,#3505,#3507,#3509,#3510,#3512,#3514,#3516));
#3518=FACE_OUTER_BOUND('',#3517,.F.);
#3519=ADVANCED_FACE('',(#3518),#3501,.T.);
#3520=CARTESIAN_POINT('',(-1.196176203618E1,-9.928919323704E0,5.2E0));
#3521=DIRECTION('',(-7.071067811865E-1,-7.071067811865E-1,0.E0));
#3522=DIRECTION('',(0.E0,0.E0,-1.E0));
#3523=AXIS2_PLACEMENT_3D('',#3520,#3521,#3522);
#3524=CYLINDRICAL_SURFACE('',#3523,2.E-1);
#3525=ORIENTED_EDGE('',*,*,#3502,.F.);
#3527=ORIENTED_EDGE('',*,*,#3526,.F.);
#3529=ORIENTED_EDGE('',*,*,#3528,.F.);
#3531=ORIENTED_EDGE('',*,*,#3530,.T.);
#3533=ORIENTED_EDGE('',*,*,#3532,.T.);
#3534=EDGE_LOOP('',(#3525,#3527,#3529,#3531,#3533));
#3535=FACE_OUTER_BOUND('',#3534,.F.);
#3536=ADVANCED_FACE('',(#3535),#3524,.T.);
#3537=CARTESIAN_POINT('',(-1.425E1,-1.25E1,7.E0));
#3538=DIRECTION('',(7.071067811865E-1,-7.071067811865E-1,0.E0));
#3539=DIRECTION('',(7.071067811865E-1,7.071067811865E-1,0.E0));
#3540=AXIS2_PLACEMENT_3D('',#3537,#3538,#3539);
#3541=PLANE('',#3540);
#3542=ORIENTED_EDGE('',*,*,#3515,.T.);
#3544=ORIENTED_EDGE('',*,*,#3543,.F.);
#3546=ORIENTED_EDGE('',*,*,#3545,.T.);
#3548=ORIENTED_EDGE('',*,*,#3547,.T.);
#3549=ORIENTED_EDGE('',*,*,#3526,.T.);
#3550=EDGE_LOOP('',(#3542,#3544,#3546,#3548,#3549));
#3551=FACE_OUTER_BOUND('',#3550,.F.);
#3552=ADVANCED_FACE('',(#3551),#3541,.T.);
#3553=CARTESIAN_POINT('',(-1.288199329556E1,-1.113148429069E1,
6.787970473788E0));
#3554=CARTESIAN_POINT('',(-1.293450069405E1,-1.118399168918E1,
6.788363144576E0));
#3555=CARTESIAN_POINT('',(-1.303883102262E1,-1.128832201775E1,
6.782801401507E0));
#3556=CARTESIAN_POINT('',(-1.319081549101E1,-1.144030648613E1,
6.756043747874E0));
#3557=CARTESIAN_POINT('',(-1.333232105376E1,-1.158181204889E1,
6.713485194823E0));
#3558=CARTESIAN_POINT('',(-1.346210398581E1,-1.171159498094E1,
6.658162445812E0));
#3559=CARTESIAN_POINT('',(-1.358308198415E1,-1.183257297927E1,
6.590704914452E0));
#3560=CARTESIAN_POINT('',(-1.369829457906E1,-1.194778557419E1,
6.509143826757E0));
#3561=CARTESIAN_POINT('',(-1.377386123399E1,-1.202335222911E1,
6.441904540733E0));
#3562=CARTESIAN_POINT('',(-1.381126905468E1,-1.206076004981E1,
6.404173081907E0));
#3563=CARTESIAN_POINT('',(-1.381388106384E1,-1.206337205897E1,
6.401515541391E0));
#3564=CARTESIAN_POINT('',(-1.287605884613E1,-1.113645799694E1,
6.916363076102E0));
#3565=CARTESIAN_POINT('',(-1.293117131184E1,-1.119157046266E1,
6.916775289930E0));
#3566=CARTESIAN_POINT('',(-1.304067424922E1,-1.130107340003E1,
6.910939238531E0));
#3567=CARTESIAN_POINT('',(-1.320035241241E1,-1.146075156322E1,
6.882834672632E0));
#3568=CARTESIAN_POINT('',(-1.334932407421E1,-1.160972322502E1,
6.838042485681E0));
#3569=CARTESIAN_POINT('',(-1.348635847912E1,-1.174675762993E1,
6.779642963908E0));
#3570=CARTESIAN_POINT('',(-1.361458665840E1,-1.187498580922E1,
6.708161791342E0));
#3571=CARTESIAN_POINT('',(-1.373732023871E1,-1.199771938953E1,
6.621305359561E0));
#3572=CARTESIAN_POINT('',(-1.381834986021E1,-1.207874901102E1,
6.549235087189E0));
#3573=CARTESIAN_POINT('',(-1.385863470919E1,-1.211903386E1,6.508602006736E0));
#3574=CARTESIAN_POINT('',(-1.386144849867E1,-1.212184764948E1,
6.505739204718E0));
#3575=CARTESIAN_POINT('',(-1.294003150323E1,-1.107180476714E1,
7.007314021908E0));
#3576=CARTESIAN_POINT('',(-1.299698935040E1,-1.112876261431E1,
7.007740079664E0));
#3577=CARTESIAN_POINT('',(-1.311015646822E1,-1.124192973213E1,
7.001709713316E0));
#3578=CARTESIAN_POINT('',(-1.327528470258E1,-1.140705796649E1,
6.972651019669E0));
#3579=CARTESIAN_POINT('',(-1.342954521091E1,-1.156131847482E1,
6.926276567758E0));
#3580=CARTESIAN_POINT('',(-1.357171642513E1,-1.170348968904E1,
6.865697517041E0));
#3581=CARTESIAN_POINT('',(-1.370508049856E1,-1.183685376247E1,
6.791366071433E0));
#3582=CARTESIAN_POINT('',(-1.383314180588E1,-1.196491506979E1,
6.700758515800E0));
#3583=CARTESIAN_POINT('',(-1.391804129190E1,-1.204981455581E1,
6.625266062013E0));
#3584=CARTESIAN_POINT('',(-1.396036417453E1,-1.209213743844E1,
6.582577526444E0));
#3585=CARTESIAN_POINT('',(-1.396332090145E1,-1.209509416536E1,
6.579569320972E0));
#3586=CARTESIAN_POINT('',(-1.303084890949E1,-1.098104507726E1,
6.999600871669E0));
#3587=CARTESIAN_POINT('',(-1.308765025797E1,-1.103784642573E1,
7.000025755382E0));
#3588=CARTESIAN_POINT('',(-1.320050663274E1,-1.115070280050E1,
6.994011868032E0));
#3589=CARTESIAN_POINT('',(-1.336517267050E1,-1.131536883827E1,
6.965034089769E0));
#3590=CARTESIAN_POINT('',(-1.351898465499E1,-1.146918082275E1,
6.918793822799E0));
#3591=CARTESIAN_POINT('',(-1.366072023897E1,-1.161091640674E1,
6.858399608359E0));
#3592=CARTESIAN_POINT('',(-1.379364875978E1,-1.174384492754E1,
6.784309881888E0));
#3593=CARTESIAN_POINT('',(-1.392125824597E1,-1.187145441374E1,
6.694020442594E0));
#3594=CARTESIAN_POINT('',(-1.400582954577E1,-1.195602571354E1,
6.618818208981E0));
#3595=CARTESIAN_POINT('',(-1.404797959172E1,-1.199817575948E1,
6.576303987533E0));
#3596=CARTESIAN_POINT('',(-1.405092419675E1,-1.200112036451E1,
6.573308113090E0));
#3597=(BOUNDED_SURFACE()B_SPLINE_SURFACE(3,3,((#3553,#3554,#3555,#3556,#3557,
#3558,#3559,#3560,#3561,#3562,#3563),(#3564,#3565,#3566,#3567,#3568,#3569,#3570,
#3571,#3572,#3573,#3574),(#3575,#3576,#3577,#3578,#3579,#3580,#3581,#3582,#3583,
#3584,#3585),(#3586,#3587,#3588,#3589,#3590,#3591,#3592,#3593,#3594,#3595,
#3596)),.UNSPECIFIED.,.F.,.F.,.F.)B_SPLINE_SURFACE_WITH_KNOTS((4,4),(4,1,1,1,1,
1,1,1,4),(0.E0,1.E0),(3.641306985162E-3,1.637560661932E-1,3.215717468477E-1,
4.703612484589E-1,6.050112264358E-1,7.356257904992E-1,8.682244432286E-1,1.E0,
1.009925116958E0),.UNSPECIFIED.)GEOMETRIC_REPRESENTATION_ITEM()RATIONAL_B_SPLINE_SURFACE(((1.202333821349E0,1.202333821349E0,1.202333821349E0,1.202333821349E0,
1.202333821349E0,1.202333821349E0,1.202333821349E0,1.202333821349E0,
1.202333821349E0,1.202333821349E0,1.202333821349E0),(9.325553928837E-1,
9.325553928837E-1,9.325553928837E-1,9.325553928837E-1,9.325553928837E-1,
9.325553928837E-1,9.325553928837E-1,9.325553928837E-1,9.325553928837E-1,
9.325553928837E-1,9.325553928837E-1),(9.325553928837E-1,9.325553928837E-1,
9.325553928837E-1,9.325553928837E-1,9.325553928837E-1,9.325553928837E-1,
9.325553928837E-1,9.325553928837E-1,9.325553928837E-1,9.325553928837E-1,
9.325553928837E-1),(1.202333821349E0,1.202333821349E0,1.202333821349E0,
1.202333821349E0,1.202333821349E0,1.202333821349E0,1.202333821349E0,
1.202333821349E0,1.202333821349E0,1.202333821349E0,1.202333821349E0)))REPRESENTATION_ITEM('')SURFACE());
#3599=ORIENTED_EDGE('',*,*,#3598,.F.);
#3600=ORIENTED_EDGE('',*,*,#3543,.T.);
#3602=ORIENTED_EDGE('',*,*,#3601,.T.);
#3604=ORIENTED_EDGE('',*,*,#3603,.F.);
#3605=EDGE_LOOP('',(#3599,#3600,#3602,#3604));
#3606=FACE_OUTER_BOUND('',#3605,.F.);
#3607=ADVANCED_FACE('',(#3606),#3597,.T.);
#3608=CARTESIAN_POINT('',(-5.8617E1,-5.658415728753E1,6.8E0));
#3609=DIRECTION('',(7.071067811865E-1,7.071067811865E-1,0.E0));
#3610=DIRECTION('',(0.E0,0.E0,1.E0));
#3611=AXIS2_PLACEMENT_3D('',#3608,#3609,#3610);
#3612=CYLINDRICAL_SURFACE('',#3611,2.E-1);
#3613=ORIENTED_EDGE('',*,*,#3598,.T.);
#3615=ORIENTED_EDGE('',*,*,#3614,.T.);
#3617=ORIENTED_EDGE('',*,*,#3616,.T.);
#3618=ORIENTED_EDGE('',*,*,#3545,.F.);
#3619=EDGE_LOOP('',(#3613,#3615,#3617,#3618));
#3620=FACE_OUTER_BOUND('',#3619,.F.);
#3621=ADVANCED_FACE('',(#3620),#3612,.T.);
#3622=CARTESIAN_POINT('',(0.E0,0.E0,7.E0));
#3623=DIRECTION('',(0.E0,0.E0,1.E0));
#3624=DIRECTION('',(1.E0,0.E0,0.E0));
#3625=AXIS2_PLACEMENT_3D('',#3622,#3623,#3624);
#3626=PLANE('',#3625);
#3628=ORIENTED_EDGE('',*,*,#3627,.F.);
#3630=ORIENTED_EDGE('',*,*,#3629,.F.);
#3632=ORIENTED_EDGE('',*,*,#3631,.T.);
#3634=ORIENTED_EDGE('',*,*,#3633,.F.);
#3636=ORIENTED_EDGE('',*,*,#3635,.F.);
#3638=ORIENTED_EDGE('',*,*,#3637,.F.);
#3640=ORIENTED_EDGE('',*,*,#3639,.F.);
#3641=ORIENTED_EDGE('',*,*,#3614,.F.);
#3642=EDGE_LOOP('',(#3628,#3630,#3632,#3634,#3636,#3638,#3640,#3641));
#3643=FACE_OUTER_BOUND('',#3642,.F.);
#3644=ADVANCED_FACE('',(#3643),#3626,.T.);
#3645=CARTESIAN_POINT('',(-5.8617E1,-1.1E1,5.5E0));
#3646=DIRECTION('',(1.E0,0.E0,0.E0));
#3647=DIRECTION('',(0.E0,0.E0,1.E0));
#3648=AXIS2_PLACEMENT_3D('',#3645,#3646,#3647);
#3649=CYLINDRICAL_SURFACE('',#3648,1.5E0);
#3651=ORIENTED_EDGE('',*,*,#3650,.F.);
#3653=ORIENTED_EDGE('',*,*,#3652,.T.);
#3654=ORIENTED_EDGE('',*,*,#3627,.T.);
#3655=ORIENTED_EDGE('',*,*,#3603,.T.);
#3657=ORIENTED_EDGE('',*,*,#3656,.T.);
#3658=EDGE_LOOP('',(#3651,#3653,#3654,#3655,#3657));
#3659=FACE_OUTER_BOUND('',#3658,.F.);
#3660=ADVANCED_FACE('',(#3659),#3649,.T.);
#3661=CARTESIAN_POINT('',(-1.625E1,-1.25E1,0.E0));
#3662=DIRECTION('',(0.E0,-1.E0,0.E0));
#3663=DIRECTION('',(1.E0,0.E0,0.E0));
#3664=AXIS2_PLACEMENT_3D('',#3661,#3662,#3663);
#3665=PLANE('',#3664);
#3666=ORIENTED_EDGE('',*,*,#3511,.F.);
#3667=ORIENTED_EDGE('',*,*,#3492,.F.);
#3669=ORIENTED_EDGE('',*,*,#3668,.F.);
#3670=ORIENTED_EDGE('',*,*,#3650,.T.);
#3671=EDGE_LOOP('',(#3666,#3667,#3669,#3670));
#3672=FACE_OUTER_BOUND('',#3671,.F.);
#3673=ADVANCED_FACE('',(#3672),#3665,.T.);
#3674=CARTESIAN_POINT('',(-1.605E1,-1.23E1,1.61252E1));
#3675=DIRECTION('',(0.E0,0.E0,-1.E0));
#3676=DIRECTION('',(0.E0,-1.E0,0.E0));
#3677=AXIS2_PLACEMENT_3D('',#3674,#3675,#3676);
#3678=CYLINDRICAL_SURFACE('',#3677,2.E-1);
#3680=ORIENTED_EDGE('',*,*,#3679,.T.);
#3681=ORIENTED_EDGE('',*,*,#3668,.T.);
#3682=ORIENTED_EDGE('',*,*,#3490,.T.);
#3684=ORIENTED_EDGE('',*,*,#3683,.F.);
#3685=EDGE_LOOP('',(#3680,#3681,#3682,#3684));
#3686=FACE_OUTER_BOUND('',#3685,.F.);
#3687=ADVANCED_FACE('',(#3686),#3678,.T.);
#3688=CARTESIAN_POINT('',(-1.624939177904E1,-1.228778987831E1,
5.472718626274E0));
#3689=CARTESIAN_POINT('',(-1.624946842575E1,-1.228785676820E1,
5.476923849292E0));
#3690=CARTESIAN_POINT('',(-1.625015504175E1,-1.228845604978E1,
5.525989525456E0));
#3691=CARTESIAN_POINT('',(-1.624686714680E1,-1.228558619922E1,
5.619401276627E0));
#3692=CARTESIAN_POINT('',(-1.623028659885E1,-1.227111486757E1,
5.752119641298E0));
#3693=CARTESIAN_POINT('',(-1.620183447993E1,-1.224628640949E1,
5.883716395910E0));
#3694=CARTESIAN_POINT('',(-1.616073676127E1,-1.221043202091E1,
6.014992843571E0));
#3695=CARTESIAN_POINT('',(-1.610619947546E1,-1.216286863436E1,
6.145353099229E0));
#3696=CARTESIAN_POINT('',(-1.603746347617E1,-1.210294643246E1,
6.273736381547E0));
#3697=CARTESIAN_POINT('',(-1.595367042706E1,-1.202993191745E1,
6.398864687708E0));
#3698=CARTESIAN_POINT('',(-1.585404909651E1,-1.194317006514E1,
6.519040707857E0));
#3699=CARTESIAN_POINT('',(-1.573820218385E1,-1.184233338559E1,
6.632020533679E0));
#3700=CARTESIAN_POINT('',(-1.560622974964E1,-1.172752832957E1,
6.735119018178E0));
#3701=CARTESIAN_POINT('',(-1.545873611606E1,-1.159929978337E1,
6.825503409971E0));
#3702=CARTESIAN_POINT('',(-1.529739907366E1,-1.145912430880E1,
6.900057135759E0));
#3703=CARTESIAN_POINT('',(-1.512426000723E1,-1.130879115584E1,
6.956090793596E0));
#3704=CARTESIAN_POINT('',(-1.494332893414E1,-1.115179410243E1,
6.990998838576E0));
#3705=CARTESIAN_POINT('',(-1.481351117182E1,-1.103922219411E1,
6.999738282022E0));
#3706=CARTESIAN_POINT('',(-1.474497507667E1,-1.097981193335E1,
6.999672421160E0));
#3707=CARTESIAN_POINT('',(-1.473821997425E1,-1.097395649459E1,
6.999620642988E0));
#3708=CARTESIAN_POINT('',(-1.625706062290E1,-1.241616245819E1,
5.470223405920E0));
#3709=CARTESIAN_POINT('',(-1.625715097722E1,-1.241623610047E1,
5.474813002648E0));
#3710=CARTESIAN_POINT('',(-1.625796074493E1,-1.241689544020E1,
5.528365456073E0));
#3711=CARTESIAN_POINT('',(-1.625407928630E1,-1.241373638755E1,
5.630342474048E0));
#3712=CARTESIAN_POINT('',(-1.623456987773E1,-1.239785113954E1,
5.774728945988E0));
#3713=CARTESIAN_POINT('',(-1.620130808831E1,-1.237073817961E1,
5.916908406072E0));
#3714=CARTESIAN_POINT('',(-1.615370310038E1,-1.233186754051E1,
6.057329766810E0));
#3715=CARTESIAN_POINT('',(-1.609124145831E1,-1.228074704704E1,
6.195024898692E0));
#3716=CARTESIAN_POINT('',(-1.601350786857E1,-1.221693969402E1,
6.328658306354E0));
#3717=CARTESIAN_POINT('',(-1.592000489874E1,-1.213991533666E1,
6.456778124865E0));
#3718=CARTESIAN_POINT('',(-1.581033961163E1,-1.204920524552E1,
6.577599995135E0));
#3719=CARTESIAN_POINT('',(-1.568451217772E1,-1.194464695884E1,
6.688877437624E0));
#3720=CARTESIAN_POINT('',(-1.554302707690E1,-1.182648588173E1,
6.788004694213E0));
#3721=CARTESIAN_POINT('',(-1.538687517757E1,-1.169537416303E1,
6.872310123349E0));
#3722=CARTESIAN_POINT('',(-1.521811843338E1,-1.155287686302E1,
6.938932982940E0));
#3723=CARTESIAN_POINT('',(-1.503911813206E1,-1.140084122105E1,
6.985501873573E0));
#3724=CARTESIAN_POINT('',(-1.485418169074E1,-1.124281246258E1,
7.009867904208E0));
#3725=CARTESIAN_POINT('',(-1.472296858077E1,-1.112999738372E1,
7.010785047224E0));
#3726=CARTESIAN_POINT('',(-1.465412111480E1,-1.107060195314E1,
7.006567902211E0));
#3727=CARTESIAN_POINT('',(-1.464733941798E1,-1.106474941751E1,
7.006106806798E0));
#3728=CARTESIAN_POINT('',(-1.616609327038E1,-1.250709932646E1,
5.470223967503E0));
#3729=CARTESIAN_POINT('',(-1.616618832718E1,-1.250717775202E1,
5.474813304778E0));
#3730=CARTESIAN_POINT('',(-1.616704047088E1,-1.250787963588E1,
5.528364124461E0));
#3731=CARTESIAN_POINT('',(-1.616295339168E1,-1.250451571757E1,
5.630354392622E0));
#3732=CARTESIAN_POINT('',(-1.614245230904E1,-1.248762887619E1,
5.774407568148E0));
#3733=CARTESIAN_POINT('',(-1.610764069300E1,-1.245889761550E1,
5.915563444573E0));
#3734=CARTESIAN_POINT('',(-1.605810615025E1,-1.241789031780E1,
6.053971929173E0));
#3735=CARTESIAN_POINT('',(-1.599358327278E1,-1.236425003261E1,
6.188441728249E0));
#3736=CARTESIAN_POINT('',(-1.591394706640E1,-1.229769050716E1,
6.317512560757E0));
#3737=CARTESIAN_POINT('',(-1.581900874861E1,-1.221782564831E1,
6.439692571480E0));
#3738=CARTESIAN_POINT('',(-1.570869064929E1,-1.212431869451E1,
6.553245332111E0));
#3739=CARTESIAN_POINT('',(-1.558329764590E1,-1.201712408707E1,
6.656066754988E0));
#3740=CARTESIAN_POINT('',(-1.544361184406E1,-1.189658566390E1,
6.745779395809E0));
#3741=CARTESIAN_POINT('',(-1.529085677949E1,-1.176343155671E1,
6.820006811319E0));
#3742=CARTESIAN_POINT('',(-1.512725641610E1,-1.161928951658E1,
6.876268227017E0));
#3743=CARTESIAN_POINT('',(-1.495526555161E1,-1.146604786145E1,
6.912588428104E0));
#3744=CARTESIAN_POINT('',(-1.477914279924E1,-1.130728826134E1,
6.927306705205E0));
#3745=CARTESIAN_POINT('',(-1.465529196401E1,-1.119430092477E1,
6.922168010734E0));
#3746=CARTESIAN_POINT('',(-1.459063005847E1,-1.113491599962E1,
6.915039320849E0));
#3747=CARTESIAN_POINT('',(-1.458426377813E1,-1.112906552052E1,
6.914294056729E0));
#3748=CARTESIAN_POINT('',(-1.603772314524E1,-1.249938757942E1,
5.472719933002E0));
#3749=CARTESIAN_POINT('',(-1.603781073398E1,-1.249946559934E1,
5.476924552308E0));
#3750=CARTESIAN_POINT('',(-1.603859595312E1,-1.250016387532E1,
5.525986426978E0));
#3751=CARTESIAN_POINT('',(-1.603482960713E1,-1.249681733030E1,
5.619429009525E0));
#3752=CARTESIAN_POINT('',(-1.601594156874E1,-1.248001542734E1,
5.751371838855E0));
#3753=CARTESIAN_POINT('',(-1.598388321448E1,-1.245142140391E1,
5.880586853770E0));
#3754=CARTESIAN_POINT('',(-1.593829568468E1,-1.241059530192E1,
6.007179612939E0));
#3755=CARTESIAN_POINT('',(-1.587896218493E1,-1.235716870340E1,
6.130034958652E0));
#3756=CARTESIAN_POINT('',(-1.580579905599E1,-1.229084257127E1,
6.247801750298E0));
#3757=CARTESIAN_POINT('',(-1.571866614775E1,-1.221121859634E1,
6.359108933116E0));
#3758=CARTESIAN_POINT('',(-1.561752581217E1,-1.211794882573E1,
6.462370725647E0));
#3759=CARTESIAN_POINT('',(-1.550268976011E1,-1.201097778701E1,
6.555674546073E0));
#3760=CARTESIAN_POINT('',(-1.537490404947E1,-1.189064097064E1,
6.636866502549E0));
#3761=CARTESIAN_POINT('',(-1.523531438751E1,-1.175766006475E1,
6.703800729896E0));
#3762=CARTESIAN_POINT('',(-1.508597554061E1,-1.161365750402E1,
6.754244787629E0));
#3763=CARTESIAN_POINT('',(-1.492914647854E1,-1.146051812279E1,
6.786431141413E0));
#3764=CARTESIAN_POINT('',(-1.476872365868E1,-1.130182050047E1,
6.798890178553E0));
#3765=CARTESIAN_POINT('',(-1.465603690645E1,-1.118884777192E1,
6.793538513355E0));
#3766=CARTESIAN_POINT('',(-1.459724004008E1,-1.112946195588E1,
6.786697884313E0));
#3767=CARTESIAN_POINT('',(-1.459145155520E1,-1.112361130238E1,
6.785984884282E0));
#3768=(BOUNDED_SURFACE()B_SPLINE_SURFACE(3,3,((#3688,#3689,#3690,#3691,#3692,
#3693,#3694,#3695,#3696,#3697,#3698,#3699,#3700,#3701,#3702,#3703,#3704,#3705,
#3706,#3707),(#3708,#3709,#3710,#3711,#3712,#3713,#3714,#3715,#3716,#3717,#3718,
#3719,#3720,#3721,#3722,#3723,#3724,#3725,#3726,#3727),(#3728,#3729,#3730,#3731,
#3732,#3733,#3734,#3735,#3736,#3737,#3738,#3739,#3740,#3741,#3742,#3743,#3744,
#3745,#3746,#3747),(#3748,#3749,#3750,#3751,#3752,#3753,#3754,#3755,#3756,#3757,
#3758,#3759,#3760,#3761,#3762,#3763,#3764,#3765,#3766,#3767)),.UNSPECIFIED.,.F.,
.F.,.F.)B_SPLINE_SURFACE_WITH_KNOTS((4,4),(4,1,1,1,1,1,1,1,1,1,1,1,1,1,1,1,1,4),
(0.E0,1.E0),(-4.551137613877E-3,0.E0,4.853881203814E-2,9.634638101068E-2,
1.452775632260E-1,1.964524266925E-1,2.500583314038E-1,3.066715052147E-1,
3.671240988680E-1,4.316872097728E-1,5.007532969856E-1,5.746020040128E-1,
6.529001526357E-1,7.355985467037E-1,8.216706467901E-1,9.107081374045E-1,1.E0,
1.009760727026E0),.UNSPECIFIED.)GEOMETRIC_REPRESENTATION_ITEM()RATIONAL_B_SPLINE_SURFACE(((1.202333583976E0,1.202333583976E0,1.202333583976E0,1.202333583976E0,
1.202333583976E0,1.202333583976E0,1.202333583976E0,1.202333583976E0,
1.202333583976E0,1.202333583976E0,1.202333583976E0,1.202333583976E0,
1.202333583976E0,1.202333583976E0,1.202333583976E0,1.202333583976E0,
1.202333583976E0,1.202333583976E0,1.202333583976E0,1.202333583976E0),(
9.325554720079E-1,9.325554720079E-1,9.325554720079E-1,9.325554720079E-1,
9.325554720079E-1,9.325554720079E-1,9.325554720079E-1,9.325554720079E-1,
9.325554720079E-1,9.325554720079E-1,9.325554720079E-1,9.325554720079E-1,
9.325554720079E-1,9.325554720079E-1,9.325554720079E-1,9.325554720079E-1,
9.325554720079E-1,9.325554720079E-1,9.325554720079E-1,9.325554720079E-1),(
9.325554720079E-1,9.325554720079E-1,9.325554720079E-1,9.325554720079E-1,
9.325554720079E-1,9.325554720079E-1,9.325554720079E-1,9.325554720079E-1,
9.325554720079E-1,9.325554720079E-1,9.325554720079E-1,9.325554720079E-1,
9.325554720079E-1,9.325554720079E-1,9.325554720079E-1,9.325554720079E-1,
9.325554720079E-1,9.325554720079E-1,9.325554720079E-1,9.325554720079E-1),(
1.202333583976E0,1.202333583976E0,1.202333583976E0,1.202333583976E0,
1.202333583976E0,1.202333583976E0,1.202333583976E0,1.202333583976E0,
1.202333583976E0,1.202333583976E0,1.202333583976E0,1.202333583976E0,
1.202333583976E0,1.202333583976E0,1.202333583976E0,1.202333583976E0,
1.202333583976E0,1.202333583976E0,1.202333583976E0,1.202333583976E0)))REPRESENTATION_ITEM('')SURFACE());
#3769=ORIENTED_EDGE('',*,*,#3679,.F.);
#3771=ORIENTED_EDGE('',*,*,#3770,.F.);
#3772=ORIENTED_EDGE('',*,*,#3652,.F.);
#3773=EDGE_LOOP('',(#3769,#3771,#3772));
#3774=FACE_OUTER_BOUND('',#3773,.F.);
#3775=ADVANCED_FACE('',(#3774),#3768,.T.);
#3776=CARTESIAN_POINT('',(-1.475E1,6.13224E1,5.5E0));
#3777=DIRECTION('',(0.E0,-1.E0,0.E0));
#3778=DIRECTION('',(0.E0,0.E0,1.E0));
#3779=AXIS2_PLACEMENT_3D('',#3776,#3777,#3778);
#3780=CYLINDRICAL_SURFACE('',#3779,1.5E0);
#3782=ORIENTED_EDGE('',*,*,#3781,.F.);
#3784=ORIENTED_EDGE('',*,*,#3783,.T.);
#3785=ORIENTED_EDGE('',*,*,#3629,.T.);
#3786=ORIENTED_EDGE('',*,*,#3770,.T.);
#3787=EDGE_LOOP('',(#3782,#3784,#3785,#3786));
#3788=FACE_OUTER_BOUND('',#3787,.F.);
#3789=ADVANCED_FACE('',(#3788),#3780,.T.);
#3790=CARTESIAN_POINT('',(-1.625E1,1.25E1,0.E0));
#3791=DIRECTION('',(-1.E0,0.E0,0.E0));
#3792=DIRECTION('',(0.E0,-1.E0,0.E0));
#3793=AXIS2_PLACEMENT_3D('',#3790,#3791,#3792);
#3794=PLANE('',#3793);
#3795=ORIENTED_EDGE('',*,*,#3781,.T.);
#3796=ORIENTED_EDGE('',*,*,#3683,.T.);
#3797=ORIENTED_EDGE('',*,*,#3488,.F.);
#3799=ORIENTED_EDGE('',*,*,#3798,.F.);
#3800=EDGE_LOOP('',(#3795,#3796,#3797,#3799));
#3801=FACE_OUTER_BOUND('',#3800,.F.);
#3802=ADVANCED_FACE('',(#3801),#3794,.T.);
#3803=CARTESIAN_POINT('',(-1.605E1,1.23E1,1.61252E1));
#3804=DIRECTION('',(0.E0,0.E0,-1.E0));
#3805=DIRECTION('',(-1.E0,0.E0,0.E0));
#3806=AXIS2_PLACEMENT_3D('',#3803,#3804,#3805);
#3807=CYLINDRICAL_SURFACE('',#3806,2.E-1);
#3809=ORIENTED_EDGE('',*,*,#3808,.T.);
#3810=ORIENTED_EDGE('',*,*,#3798,.T.);
#3811=ORIENTED_EDGE('',*,*,#3486,.T.);
#3813=ORIENTED_EDGE('',*,*,#3812,.F.);
#3814=EDGE_LOOP('',(#3809,#3810,#3811,#3813));
#3815=FACE_OUTER_BOUND('',#3814,.F.);
#3816=ADVANCED_FACE('',(#3815),#3807,.T.);
#3817=CARTESIAN_POINT('',(-1.603778989761E1,1.249939180743E1,5.472718033453E0));
#3818=CARTESIAN_POINT('',(-1.603784976870E1,1.249946041026E1,5.476482895056E0));
#3819=CARTESIAN_POINT('',(-1.603846307749E1,1.250016309427E1,5.525168168024E0));
#3820=CARTESIAN_POINT('',(-1.603567134792E1,1.249696470399E1,5.618213745228E0));
#3821=CARTESIAN_POINT('',(-1.602127742561E1,1.248047286491E1,5.751029954187E0));
#3822=CARTESIAN_POINT('',(-1.599652291656E1,1.245210553775E1,5.882695911648E0));
#3823=CARTESIAN_POINT('',(-1.596073414577E1,1.241108312548E1,6.014047933227E0));
#3824=CARTESIAN_POINT('',(-1.591323443947E1,1.235661899807E1,6.144471290039E0));
#3825=CARTESIAN_POINT('',(-1.585338330678E1,1.228796472131E1,6.272900785346E0));
#3826=CARTESIAN_POINT('',(-1.578044326635E1,1.220425741087E1,6.398077987943E0));
#3827=CARTESIAN_POINT('',(-1.569374854248E1,1.210471349778E1,6.518320776544E0));
#3828=CARTESIAN_POINT('',(-1.559296107792E1,1.198892352922E1,6.631391936467E0));
#3829=CARTESIAN_POINT('',(-1.547818302266E1,1.185698258343E1,6.734599429167E0));
#3830=CARTESIAN_POINT('',(-1.534991782435E1,1.170944726323E1,6.825129157416E0));
#3831=CARTESIAN_POINT('',(-1.520971551579E1,1.154807976939E1,6.899794111798E0));
#3832=CARTESIAN_POINT('',(-1.505967329421E1,1.137527617641E1,6.955804203779E0));
#3833=CARTESIAN_POINT('',(-1.490251511805E1,1.119416021865E1,6.990905875264E0));
#3834=CARTESIAN_POINT('',(-1.478974544272E1,1.106411478927E1,6.999738619737E0));
#3835=CARTESIAN_POINT('',(-1.472981210498E1,1.099497528093E1,6.999672472346E0));
#3836=CARTESIAN_POINT('',(-1.472395675575E1,1.098822028329E1,6.999620729543E0));
#3837=CARTESIAN_POINT('',(-1.616616248827E1,1.250706065025E1,5.470222759184E0));
#3838=CARTESIAN_POINT('',(-1.616622839398E1,1.250714152542E1,5.474331743296E0));
#3839=CARTESIAN_POINT('',(-1.616690312552E1,1.250797023275E1,5.527468797146E0));
#3840=CARTESIAN_POINT('',(-1.616383002630E1,1.250419434756E1,5.629047632063E0));
#3841=CARTESIAN_POINT('',(-1.614802920004E1,1.248478849749E1,5.773546991761E0));
#3842=CARTESIAN_POINT('',(-1.612099559205E1,1.245162367291E1,5.915811074653E0));
#3843=CARTESIAN_POINT('',(-1.608219370369E1,1.240410215420E1,6.056325300990E0));
#3844=CARTESIAN_POINT('',(-1.603113842202E1,1.234171904143E1,6.194100131789E0));
#3845=CARTESIAN_POINT('',(-1.596740274701E1,1.226407109133E1,6.327795500352E0));
#3846=CARTESIAN_POINT('',(-1.589045231837E1,1.217065552487E1,6.455979856013E0));
#3847=CARTESIAN_POINT('',(-1.579980746427E1,1.206106608487E1,6.576883517554E0));
#3848=CARTESIAN_POINT('',(-1.569529525263E1,1.193529043236E1,6.688265683447E0));
#3849=CARTESIAN_POINT('',(-1.557715730634E1,1.179382886328E1,6.787512563929E0));
#3850=CARTESIAN_POINT('',(-1.544600396508E1,1.163762296476E1,6.871968667375E0));
#3851=CARTESIAN_POINT('',(-1.530347613951E1,1.146882596148E1,6.938705636924E0));
#3852=CARTESIAN_POINT('',(-1.515173197771E1,1.129016495083E1,6.985272172920E0));
#3853=CARTESIAN_POINT('',(-1.499353614152E1,1.110502528872E1,7.009824874570E0));
#3854=CARTESIAN_POINT('',(-1.488052044111E1,1.097357500289E1,7.010821945453E0));
#3855=CARTESIAN_POINT('',(-1.482060212343E1,1.090412132127E1,7.006567966608E0));
#3856=CARTESIAN_POINT('',(-1.481474968467E1,1.089733972210E1,7.006106912969E0));
#3857=CARTESIAN_POINT('',(-1.625709937341E1,1.241609331600E1,5.470223320449E0));
#3858=CARTESIAN_POINT('',(-1.625716955395E1,1.241617840247E1,5.474332072031E0));
#3859=CARTESIAN_POINT('',(-1.625788779628E1,1.241705047020E1,5.527467357811E0));
#3860=CARTESIAN_POINT('',(-1.625461537974E1,1.241307449898E1,5.629060493287E0));
#3861=CARTESIAN_POINT('',(-1.623781792747E1,1.239268170389E1,5.773230837761E0));
#3862=CARTESIAN_POINT('',(-1.620916984588E1,1.235797015322E1,5.914477723084E0));
#3863=CARTESIAN_POINT('',(-1.616823351805E1,1.230851997274E1,6.052986364510E0));
#3864=CARTESIAN_POINT('',(-1.611465952932E1,1.224407469437E1,6.187543467718E0));
#3865=CARTESIAN_POINT('',(-1.604817211286E1,1.216452162571E1,6.316684354516E0));
#3866=CARTESIAN_POINT('',(-1.596838079576E1,1.206966636898E1,6.438936747836E0));
#3867=CARTESIAN_POINT('',(-1.587493773889E1,1.195941803676E1,6.552577562463E0));
#3868=CARTESIAN_POINT('',(-1.576778698194E1,1.183406952695E1,6.655507245219E0));
#3869=CARTESIAN_POINT('',(-1.564726894794E1,1.169439964231E1,6.745339962218E0));
#3870=CARTESIAN_POINT('',(-1.551406969701E1,1.154158460669E1,6.819712462430E0));
#3871=CARTESIAN_POINT('',(-1.536989451610E1,1.137793904967E1,6.876082864581E0));
#3872=CARTESIAN_POINT('',(-1.521694472978E1,1.120626859606E1,6.912417123832E0));
#3873=CARTESIAN_POINT('',(-1.505801383348E1,1.102994162231E1,6.927304743468E0));
#3874=CARTESIAN_POINT('',(-1.494482385324E1,1.090586156089E1,6.922230587689E0));
#3875=CARTESIAN_POINT('',(-1.488491617549E1,1.084063024684E1,6.915039412007E0));
#3876=CARTESIAN_POINT('',(-1.487906579847E1,1.083426405231E1,6.914294191857E0));
#3877=CARTESIAN_POINT('',(-1.624938764987E1,1.228772320425E1,5.472719339439E0));
#3878=CARTESIAN_POINT('',(-1.624945746789E1,1.228780160618E1,5.476483659976E0));
#3879=CARTESIAN_POINT('',(-1.625017202037E1,1.228860518394E1,5.525164818887E0));
#3880=CARTESIAN_POINT('',(-1.624691650655E1,1.228494122072E1,5.618243671545E0));
#3881=CARTESIAN_POINT('',(-1.623020357119E1,1.226615289492E1,5.750294306869E0));
#3882=CARTESIAN_POINT('',(-1.620169240185E1,1.223418654671E1,5.879593384061E0));
#3883=CARTESIAN_POINT('',(-1.616093708096E1,1.218867640107E1,6.006278682577E0));
#3884=CARTESIAN_POINT('',(-1.610757668623E1,1.212941389503E1,6.129214825322E0));
#3885=CARTESIAN_POINT('',(-1.604132262578E1,1.205632666674E1,6.247046661573E0));
#3886=CARTESIAN_POINT('',(-1.596177222464E1,1.196926939303E1,6.358420995335E0));
#3887=CARTESIAN_POINT('',(-1.586856646385E1,1.186819232743E1,6.461764127877E0));
#3888=CARTESIAN_POINT('',(-1.576163946354E1,1.175339626181E1,6.555167510199E0));
#3889=CARTESIAN_POINT('',(-1.564132326818E1,1.162562432177E1,6.636469526048E0));
#3890=CARTESIAN_POINT('',(-1.550829751660E1,1.148597907795E1,6.703536082277E0));
#3891=CARTESIAN_POINT('',(-1.536426203642E1,1.133659829828E1,6.754079445551E0));
#3892=CARTESIAN_POINT('',(-1.521141449071E1,1.118006077989E1,6.786280422491E0));
#3893=CARTESIAN_POINT('',(-1.505254592974E1,1.101945074824E1,6.798892763861E0));
#3894=CARTESIAN_POINT('',(-1.493937072895E1,1.090655482773E1,6.793598590382E0));
#3895=CARTESIAN_POINT('',(-1.487946214891E1,1.084724019393E1,6.786697985801E0));
#3896=CARTESIAN_POINT('',(-1.487361159704E1,1.084145178634E1,6.785985026211E0));
#3897=(BOUNDED_SURFACE()B_SPLINE_SURFACE(3,3,((#3817,#3818,#3819,#3820,#3821,
#3822,#3823,#3824,#3825,#3826,#3827,#3828,#3829,#3830,#3831,#3832,#3833,#3834,
#3835,#3836),(#3837,#3838,#3839,#3840,#3841,#3842,#3843,#3844,#3845,#3846,#3847,
#3848,#3849,#3850,#3851,#3852,#3853,#3854,#3855,#3856),(#3857,#3858,#3859,#3860,
#3861,#3862,#3863,#3864,#3865,#3866,#3867,#3868,#3869,#3870,#3871,#3872,#3873,
#3874,#3875,#3876),(#3877,#3878,#3879,#3880,#3881,#3882,#3883,#3884,#3885,#3886,
#3887,#3888,#3889,#3890,#3891,#3892,#3893,#3894,#3895,#3896)),.UNSPECIFIED.,.F.,
.F.,.F.)B_SPLINE_SURFACE_WITH_KNOTS((4,4),(4,1,1,1,1,1,1,1,1,1,1,1,1,1,1,1,1,4),
(0.E0,1.E0),(-4.072543401375E-3,0.E0,4.858107985975E-2,9.637561604854E-2,
1.452912389097E-1,1.964615650214E-1,2.500468831331E-1,3.066155928261E-1,
3.670234447980E-1,4.315455065427E-1,5.005697079280E-1,5.743938254641E-1,
6.526727970770E-1,7.354232045776E-1,8.214249951420E-1,9.098804637309E-1,1.E0,
1.009755756127E0),.UNSPECIFIED.)GEOMETRIC_REPRESENTATION_ITEM()RATIONAL_B_SPLINE_SURFACE(((1.202333536719E0,1.202333536719E0,1.202333536719E0,1.202333536719E0,
1.202333536719E0,1.202333536719E0,1.202333536719E0,1.202333536719E0,
1.202333536719E0,1.202333536719E0,1.202333536719E0,1.202333536719E0,
1.202333536719E0,1.202333536719E0,1.202333536719E0,1.202333536719E0,
1.202333536719E0,1.202333536719E0,1.202333536719E0,1.202333536719E0),(
9.325554877604E-1,9.325554877604E-1,9.325554877604E-1,9.325554877604E-1,
9.325554877604E-1,9.325554877604E-1,9.325554877604E-1,9.325554877604E-1,
9.325554877604E-1,9.325554877604E-1,9.325554877604E-1,9.325554877604E-1,
9.325554877604E-1,9.325554877604E-1,9.325554877604E-1,9.325554877604E-1,
9.325554877604E-1,9.325554877604E-1,9.325554877604E-1,9.325554877604E-1),(
9.325554877604E-1,9.325554877604E-1,9.325554877604E-1,9.325554877604E-1,
9.325554877604E-1,9.325554877604E-1,9.325554877604E-1,9.325554877604E-1,
9.325554877604E-1,9.325554877604E-1,9.325554877604E-1,9.325554877604E-1,
9.325554877604E-1,9.325554877604E-1,9.325554877604E-1,9.325554877604E-1,
9.325554877604E-1,9.325554877604E-1,9.325554877604E-1,9.325554877604E-1),(
1.202333536719E0,1.202333536719E0,1.202333536719E0,1.202333536719E0,
1.202333536719E0,1.202333536719E0,1.202333536719E0,1.202333536719E0,
1.202333536719E0,1.202333536719E0,1.202333536719E0,1.202333536719E0,
1.202333536719E0,1.202333536719E0,1.202333536719E0,1.202333536719E0,
1.202333536719E0,1.202333536719E0,1.202333536719E0,1.202333536719E0)))REPRESENTATION_ITEM('')SURFACE());
#3898=ORIENTED_EDGE('',*,*,#3808,.F.);
#3900=ORIENTED_EDGE('',*,*,#3899,.F.);
#3901=ORIENTED_EDGE('',*,*,#3783,.F.);
#3902=EDGE_LOOP('',(#3898,#3900,#3901));
#3903=FACE_OUTER_BOUND('',#3902,.F.);
#3904=ADVANCED_FACE('',(#3903),#3897,.T.);
#3905=CARTESIAN_POINT('',(-5.8617E1,1.1E1,5.5E0));
#3906=DIRECTION('',(1.E0,0.E0,0.E0));
#3907=DIRECTION('',(0.E0,1.E0,0.E0));
#3908=AXIS2_PLACEMENT_3D('',#3905,#3906,#3907);
#3909=CYLINDRICAL_SURFACE('',#3908,1.5E0);
#3910=ORIENTED_EDGE('',*,*,#3631,.F.);
#3911=ORIENTED_EDGE('',*,*,#3899,.T.);
#3913=ORIENTED_EDGE('',*,*,#3912,.T.);
#3915=ORIENTED_EDGE('',*,*,#3914,.T.);
#3917=ORIENTED_EDGE('',*,*,#3916,.T.);
#3918=EDGE_LOOP('',(#3910,#3911,#3913,#3915,#3917));
#3919=FACE_OUTER_BOUND('',#3918,.F.);
#3920=ADVANCED_FACE('',(#3919),#3909,.T.);
#3921=CARTESIAN_POINT('',(-1.425E1,1.25E1,0.E0));
#3922=DIRECTION('',(0.E0,1.E0,0.E0));
#3923=DIRECTION('',(-1.E0,0.E0,0.E0));
#3924=AXIS2_PLACEMENT_3D('',#3921,#3922,#3923);
#3925=PLANE('',#3924);
#3926=ORIENTED_EDGE('',*,*,#3912,.F.);
#3927=ORIENTED_EDGE('',*,*,#3812,.T.);
#3928=ORIENTED_EDGE('',*,*,#3484,.F.);
#3929=ORIENTED_EDGE('',*,*,#3450,.F.);
#3930=EDGE_LOOP('',(#3926,#3927,#3928,#3929));
#3931=FACE_OUTER_BOUND('',#3930,.F.);
#3932=ADVANCED_FACE('',(#3931),#3925,.T.);
#3933=CARTESIAN_POINT('',(-1.487406009429E1,1.249966281844E1,5.481792789063E0));
#3934=CARTESIAN_POINT('',(-1.487031948136E1,1.249966914001E1,5.485035315418E0));
#3935=CARTESIAN_POINT('',(-1.480665925397E1,1.249954009695E1,5.540219808837E0));
#3936=CARTESIAN_POINT('',(-1.468747319345E1,1.249173635267E1,5.643571395177E0));
#3937=CARTESIAN_POINT('',(-1.451937418988E1,1.246095016011E1,5.789426484997E0));
#3938=CARTESIAN_POINT('',(-1.436189545589E1,1.241360910330E1,5.926146720065E0));
#3939=CARTESIAN_POINT('',(-1.421164391696E1,1.235003399291E1,6.056667707484E0));
#3940=CARTESIAN_POINT('',(-1.406787404899E1,1.226993397381E1,6.181630752906E0));
#3941=CARTESIAN_POINT('',(-1.393148342907E1,1.217270047239E1,6.300251118565E0));
#3942=CARTESIAN_POINT('',(-1.384313844526E1,1.209331844693E1,6.377132539866E0));
#3943=CARTESIAN_POINT('',(-1.380006205583E1,1.204947217676E1,6.414631171772E0));
#3944=CARTESIAN_POINT('',(-1.379709793744E1,1.204642930996E1,6.417211535427E0));
#3945=CARTESIAN_POINT('',(-1.493238521081E1,1.250417890251E1,5.540084115990E0));
#3946=CARTESIAN_POINT('',(-1.492863383930E1,1.250433069609E1,5.543326060224E0));
#3947=CARTESIAN_POINT('',(-1.486477677329E1,1.250667678691E1,5.598505452186E0));
#3948=CARTESIAN_POINT('',(-1.474478110319E1,1.250348467511E1,5.701996119269E0));
#3949=CARTESIAN_POINT('',(-1.457438858693E1,1.247900559360E1,5.848434226262E0));
#3950=CARTESIAN_POINT('',(-1.441369469457E1,1.243726347449E1,5.986074386784E0));
#3951=CARTESIAN_POINT('',(-1.425933364215E1,1.237859262335E1,6.117858465816E0));
#3952=CARTESIAN_POINT('',(-1.411057286797E1,1.230258631672E1,6.244448567154E0));
#3953=CARTESIAN_POINT('',(-1.396833505946E1,1.220840663595E1,6.365086477964E0));
#3954=CARTESIAN_POINT('',(-1.387540754464E1,1.213022137273E1,6.443641615069E0));
#3955=CARTESIAN_POINT('',(-1.382987580838E1,1.208667023958E1,6.482066704343E0));
#3956=CARTESIAN_POINT('',(-1.382674165560E1,1.208364621960E1,6.484711376696E0));
#3957=CARTESIAN_POINT('',(-1.498264623952E1,1.246250983046E1,5.590656914890E0));
#3958=CARTESIAN_POINT('',(-1.497899923996E1,1.246278699849E1,5.593898354083E0));
#3959=CARTESIAN_POINT('',(-1.491690658332E1,1.246727346248E1,5.649073320087E0));
#3960=CARTESIAN_POINT('',(-1.479983354989E1,1.246829907299E1,5.752684651818E0));
#3961=CARTESIAN_POINT('',(-1.463256903324E1,1.245019951472E1,5.899628576945E0));
#3962=CARTESIAN_POINT('',(-1.447388491045E1,1.241472866642E1,6.038066852856E0));
#3963=CARTESIAN_POINT('',(-1.432054205230E1,1.236222273424E1,6.170946773782E0));
#3964=CARTESIAN_POINT('',(-1.417184173855E1,1.229218381867E1,6.298948487721E0));
#3965=CARTESIAN_POINT('',(-1.402870105815E1,1.220359452965E1,6.421336794527E0));
#3966=CARTESIAN_POINT('',(-1.393450241625E1,1.212885429143E1,6.501344025745E0));
#3967=CARTESIAN_POINT('',(-1.388816018195E1,1.208689017804E1,6.540572897412E0));
#3968=CARTESIAN_POINT('',(-1.388496932584E1,1.208397488340E1,6.543273363156E0));
#3969=CARTESIAN_POINT('',(-1.500820511315E1,1.238844944696E1,5.616769912230E0));
#3970=CARTESIAN_POINT('',(-1.500474306550E1,1.238879038880E1,5.620011090648E0));
#3971=CARTESIAN_POINT('',(-1.494579198821E1,1.239437393073E1,5.675183771331E0));
#3972=CARTESIAN_POINT('',(-1.483440634805E1,1.239782714745E1,5.778857407615E0));
#3973=CARTESIAN_POINT('',(-1.467465587170E1,1.238406769083E1,5.926062509262E0));
#3974=CARTESIAN_POINT('',(-1.452254114604E1,1.235346444786E1,6.064912887833E0));
#3975=CARTESIAN_POINT('',(-1.437500713387E1,1.230634330173E1,6.198358640929E0));
#3976=CARTESIAN_POINT('',(-1.423139863277E1,1.224217005148E1,6.327089233571E0));
#3977=CARTESIAN_POINT('',(-1.409259827772E1,1.215985712026E1,6.450381348095E0));
#3978=CARTESIAN_POINT('',(-1.400086069788E1,1.208966975227E1,6.531138360432E0));
#3979=CARTESIAN_POINT('',(-1.395562111604E1,1.205005918522E1,6.570782260887E0));
#3980=CARTESIAN_POINT('',(-1.395250565836E1,1.204730650275E1,6.573511535254E0));
#3981=(BOUNDED_SURFACE()B_SPLINE_SURFACE(3,3,((#3933,#3934,#3935,#3936,#3937,
#3938,#3939,#3940,#3941,#3942,#3943,#3944),(#3945,#3946,#3947,#3948,#3949,#3950,
#3951,#3952,#3953,#3954,#3955,#3956),(#3957,#3958,#3959,#3960,#3961,#3962,#3963,
#3964,#3965,#3966,#3967,#3968),(#3969,#3970,#3971,#3972,#3973,#3974,#3975,#3976,
#3977,#3978,#3979,#3980)),.UNSPECIFIED.,.F.,.F.,.F.)B_SPLINE_SURFACE_WITH_KNOTS(
(4,4),(4,1,1,1,1,1,1,1,1,4),(0.E0,1.E0),(-9.938698559974E-3,0.E0,
1.592255348051E-1,3.074831354145E-1,4.512313394831E-1,5.887259040599E-1,
7.269117336170E-1,8.657253201125E-1,1.E0,1.009956135932E0),.UNSPECIFIED.)GEOMETRIC_REPRESENTATION_ITEM()RATIONAL_B_SPLINE_SURFACE(((1.090225171461E0,
1.090225171461E0,1.090225171461E0,1.090225171461E0,1.090225171461E0,
1.090225171461E0,1.090225171461E0,1.090225171461E0,1.090225171461E0,
1.090225171461E0,1.090225171461E0,1.090225171461E0),(9.699249428462E-1,
9.699249428462E-1,9.699249428462E-1,9.699249428462E-1,9.699249428462E-1,
9.699249428462E-1,9.699249428462E-1,9.699249428462E-1,9.699249428462E-1,
9.699249428462E-1,9.699249428462E-1,9.699249428462E-1),(9.699249428462E-1,
9.699249428462E-1,9.699249428462E-1,9.699249428462E-1,9.699249428462E-1,
9.699249428462E-1,9.699249428462E-1,9.699249428462E-1,9.699249428462E-1,
9.699249428462E-1,9.699249428462E-1,9.699249428462E-1),(1.090225171461E0,
1.090225171461E0,1.090225171461E0,1.090225171461E0,1.090225171461E0,
1.090225171461E0,1.090225171461E0,1.090225171461E0,1.090225171461E0,
1.090225171461E0,1.090225171461E0,1.090225171461E0)))REPRESENTATION_ITEM('')SURFACE());
#3983=ORIENTED_EDGE('',*,*,#3982,.T.);
#3984=ORIENTED_EDGE('',*,*,#3914,.F.);
#3985=ORIENTED_EDGE('',*,*,#3448,.F.);
#3986=EDGE_LOOP('',(#3983,#3984,#3985));
#3987=FACE_OUTER_BOUND('',#3986,.F.);
#3988=ADVANCED_FACE('',(#3987),#3981,.T.);
#3989=CARTESIAN_POINT('',(-1.381387915068E1,1.206337014581E1,6.401517410327E0));
#3990=CARTESIAN_POINT('',(-1.381126639506E1,1.206075739019E1,6.404175729927E0));
#3991=CARTESIAN_POINT('',(-1.378072562768E1,1.203021662281E1,6.434980813892E0));
#3992=CARTESIAN_POINT('',(-1.371638101889E1,1.196587201402E1,6.493589071794E0));
#3993=CARTESIAN_POINT('',(-1.361256357442E1,1.186205456954E1,6.571408186426E0));
#3994=CARTESIAN_POINT('',(-1.349077778168E1,1.174026877680E1,6.644124078611E0));
#3995=CARTESIAN_POINT('',(-1.335186844406E1,1.160135943918E1,6.706821691124E0));
#3996=CARTESIAN_POINT('',(-1.319928352311E1,1.144877451824E1,6.754427858448E0));
#3997=CARTESIAN_POINT('',(-1.304104766038E1,1.129053865551E1,6.782699639893E0));
#3998=CARTESIAN_POINT('',(-1.293423474234E1,1.118372573747E1,6.788361262812E0));
#3999=CARTESIAN_POINT('',(-1.288199343522E1,1.113148443035E1,6.787970454232E0));
#4000=CARTESIAN_POINT('',(-1.386144643524E1,1.212184558741E1,6.505741219914E0));
#4001=CARTESIAN_POINT('',(-1.385863184733E1,1.211903099951E1,6.508604868870E0));
#4002=CARTESIAN_POINT('',(-1.382574223396E1,1.208614138613E1,6.541778954735E0));
#4003=CARTESIAN_POINT('',(-1.375669277596E1,1.201709192813E1,6.604655242134E0));
#4004=CARTESIAN_POINT('',(-1.364593379846E1,1.190633295064E1,6.687653457167E0));
#4005=CARTESIAN_POINT('',(-1.351668620318E1,1.177708535536E1,6.764801182485E0));
#4006=CARTESIAN_POINT('',(-1.336991912572E1,1.163031827790E1,6.831024717690E0));
#4007=CARTESIAN_POINT('',(-1.320924984804E1,1.146964900022E1,6.881137745275E0));
#4008=CARTESIAN_POINT('',(-1.304300080273E1,1.130339995490E1,6.910832362754E0));
#4009=CARTESIAN_POINT('',(-1.293089216385E1,1.119129131603E1,6.916773397770E0));
#4010=CARTESIAN_POINT('',(-1.287605899154E1,1.113645814371E1,6.916363081995E0));
#4011=CARTESIAN_POINT('',(-1.396331874227E1,1.209509198099E1,6.579571433750E0));
#4012=CARTESIAN_POINT('',(-1.396036118012E1,1.209213441883E1,6.582580534215E0));
#4013=CARTESIAN_POINT('',(-1.392580768780E1,1.205758092651E1,6.617432777092E0));
#4014=CARTESIAN_POINT('',(-1.385342540187E1,1.198519864059E1,6.683332457434E0));
#4015=CARTESIAN_POINT('',(-1.373774917112E1,1.186952240984E1,6.769999451142E0));
#4016=CARTESIAN_POINT('',(-1.360321577331E1,1.173498901203E1,6.850286604862E0));
#4017=CARTESIAN_POINT('',(-1.345088241866E1,1.158265565738E1,6.919007838312E0));
#4018=CARTESIAN_POINT('',(-1.328448633260E1,1.141625957132E1,6.970896679215E0));
#4019=CARTESIAN_POINT('',(-1.311256089735E1,1.124433413606E1,7.001599207354E0));
#4020=CARTESIAN_POINT('',(-1.299670086804E1,1.112847410676E1,7.007738172717E0));
#4021=CARTESIAN_POINT('',(-1.294003166650E1,1.107180490522E1,7.007314038407E0));
#4022=CARTESIAN_POINT('',(-1.405092204834E1,1.200111817003E1,6.573310200072E0));
#4023=CARTESIAN_POINT('',(-1.404797661124E1,1.199817273293E1,6.576306965398E0));
#4024=CARTESIAN_POINT('',(-1.401356422558E1,1.196376034727E1,6.611016890752E0));
#4025=CARTESIAN_POINT('',(-1.394146458295E1,1.189166070463E1,6.676660169701E0));
#4026=CARTESIAN_POINT('',(-1.382620536401E1,1.177640148570E1,6.763016029532E0));
#4027=CARTESIAN_POINT('',(-1.369212023315E1,1.164231635484E1,6.843036941373E0));
#4028=CARTESIAN_POINT('',(-1.354025893134E1,1.149045505303E1,6.911546355413E0));
#4029=CARTESIAN_POINT('',(-1.337434851210E1,1.132454463379E1,6.963284596967E0));
#4030=CARTESIAN_POINT('',(-1.320290446790E1,1.115310058959E1,6.993901648391E0));
#4031=CARTESIAN_POINT('',(-1.308736257843E1,1.103755870012E1,7.000023828103E0));
#4032=CARTESIAN_POINT('',(-1.303084908290E1,1.098104520458E1,6.999600865685E0));
#4033=(BOUNDED_SURFACE()B_SPLINE_SURFACE(3,3,((#3989,#3990,#3991,#3992,#3993,
#3994,#3995,#3996,#3997,#3998,#3999),(#4000,#4001,#4002,#4003,#4004,#4005,#4006,
#4007,#4008,#4009,#4010),(#4011,#4012,#4013,#4014,#4015,#4016,#4017,#4018,#4019,
#4020,#4021),(#4022,#4023,#4024,#4025,#4026,#4027,#4028,#4029,#4030,#4031,
#4032)),.UNSPECIFIED.,.F.,.F.,.F.)B_SPLINE_SURFACE_WITH_KNOTS((4,4),(4,1,1,1,1,
1,1,1,4),(0.E0,1.E0),(-9.872387564649E-3,0.E0,1.051690311835E-1,
2.241969334981E-1,3.584844021651E-1,5.075095678465E-1,6.670815312671E-1,
8.323391808621E-1,9.907408363016E-1),.UNSPECIFIED.)GEOMETRIC_REPRESENTATION_ITEM()RATIONAL_B_SPLINE_SURFACE(((1.202333865480E0,1.202333865480E0,1.202333865480E0,
1.202333865480E0,1.202333865480E0,1.202333865480E0,1.202333865480E0,
1.202333865480E0,1.202333865480E0,1.202333865480E0,1.202333865480E0),(
9.325553781732E-1,9.325553781732E-1,9.325553781733E-1,9.325553781732E-1,
9.325553781732E-1,9.325553781732E-1,9.325553781732E-1,9.325553781732E-1,
9.325553781733E-1,9.325553781732E-1,9.325553781732E-1),(9.325553781732E-1,
9.325553781732E-1,9.325553781733E-1,9.325553781732E-1,9.325553781732E-1,
9.325553781732E-1,9.325553781732E-1,9.325553781732E-1,9.325553781733E-1,
9.325553781732E-1,9.325553781732E-1),(1.202333865480E0,1.202333865480E0,
1.202333865480E0,1.202333865480E0,1.202333865480E0,1.202333865480E0,
1.202333865480E0,1.202333865480E0,1.202333865480E0,1.202333865480E0,
1.202333865480E0)))REPRESENTATION_ITEM('')SURFACE());
#4035=ORIENTED_EDGE('',*,*,#4034,.T.);
#4037=ORIENTED_EDGE('',*,*,#4036,.T.);
#4038=ORIENTED_EDGE('',*,*,#3916,.F.);
#4039=ORIENTED_EDGE('',*,*,#3982,.F.);
#4040=EDGE_LOOP('',(#4035,#4037,#4038,#4039));
#4041=FACE_OUTER_BOUND('',#4040,.F.);
#4042=ADVANCED_FACE('',(#4041),#4033,.T.);
#4043=CARTESIAN_POINT('',(-1.125E1,9.5E0,7.E0));
#4044=DIRECTION('',(7.071067811865E-1,7.071067811865E-1,0.E0));
#4045=DIRECTION('',(-7.071067811865E-1,7.071067811865E-1,0.E0));
#4046=AXIS2_PLACEMENT_3D('',#4043,#4044,#4045);
#4047=PLANE('',#4046);
#4048=ORIENTED_EDGE('',*,*,#3446,.T.);
#4050=ORIENTED_EDGE('',*,*,#4049,.T.);
#4052=ORIENTED_EDGE('',*,*,#4051,.F.);
#4054=ORIENTED_EDGE('',*,*,#4053,.T.);
#4055=ORIENTED_EDGE('',*,*,#4034,.F.);
#4056=EDGE_LOOP('',(#4048,#4050,#4052,#4054,#4055));
#4057=FACE_OUTER_BOUND('',#4056,.F.);
#4058=ADVANCED_FACE('',(#4057),#4047,.T.);
#4059=CARTESIAN_POINT('',(-5.8617E1,5.658415728753E1,5.2E0));
#4060=DIRECTION('',(7.071067811865E-1,-7.071067811865E-1,0.E0));
#4061=DIRECTION('',(0.E0,0.E0,-1.E0));
#4062=AXIS2_PLACEMENT_3D('',#4059,#4060,#4061);
#4063=CYLINDRICAL_SURFACE('',#4062,2.E-1);
#4064=ORIENTED_EDGE('',*,*,#3444,.F.);
#4066=ORIENTED_EDGE('',*,*,#4065,.T.);
#4068=ORIENTED_EDGE('',*,*,#4067,.T.);
#4070=ORIENTED_EDGE('',*,*,#4069,.T.);
#4071=ORIENTED_EDGE('',*,*,#4049,.F.);
#4072=EDGE_LOOP('',(#4064,#4066,#4068,#4070,#4071));
#4073=FACE_OUTER_BOUND('',#4072,.F.);
#4074=ADVANCED_FACE('',(#4073),#4063,.T.);
#4075=CARTESIAN_POINT('',(-1.390633292370E1,1.215050332660E1,5.159568544971E0));
#4076=CARTESIAN_POINT('',(-1.390680141658E1,1.215102458515E1,5.159756207731E0));
#4077=CARTESIAN_POINT('',(-1.391825377461E1,1.216375673726E1,5.164316039007E0));
#4078=CARTESIAN_POINT('',(-1.394082607345E1,1.218837740307E1,5.172009942878E0));
#4079=CARTESIAN_POINT('',(-1.397488184474E1,1.222427560793E1,5.180047634743E0));
#4080=CARTESIAN_POINT('',(-1.400897013020E1,1.225910449962E1,5.184746494751E0));
#4081=CARTESIAN_POINT('',(-1.404303858801E1,1.229292293026E1,5.186221187031E0));
#4082=CARTESIAN_POINT('',(-1.407704765596E1,1.232578569580E1,5.184519501226E0));
#4083=CARTESIAN_POINT('',(-1.411109482675E1,1.235786172542E1,5.179592136840E0));
#4084=CARTESIAN_POINT('',(-1.414535626062E1,1.238937033130E1,5.171235662802E0));
#4085=CARTESIAN_POINT('',(-1.417997095034E1,1.242047558443E1,5.159066571620E0));
#4086=CARTESIAN_POINT('',(-1.421346709453E1,1.244991252100E1,5.143227967644E0));
#4087=CARTESIAN_POINT('',(-1.423533439565E1,1.246875206663E1,5.129973939570E0));
#4088=CARTESIAN_POINT('',(-1.424550534771E1,1.247743809611E1,5.123059909150E0));
#4089=CARTESIAN_POINT('',(-1.392204120446E1,1.213619356229E1,5.056650840668E0));
#4090=CARTESIAN_POINT('',(-1.392237537751E1,1.213671494803E1,5.056817984665E0));
#4091=CARTESIAN_POINT('',(-1.393054665662E1,1.214944975464E1,5.060883224559E0));
#4092=CARTESIAN_POINT('',(-1.394676367310E1,1.217405460963E1,5.067929498983E0));
#4093=CARTESIAN_POINT('',(-1.397152567551E1,1.220987305204E1,5.075870701300E0));
#4094=CARTESIAN_POINT('',(-1.399657463062E1,1.224457097142E1,5.081278784663E0));
#4095=CARTESIAN_POINT('',(-1.402184945553E1,1.227821000698E1,5.084220048862E0));
#4096=CARTESIAN_POINT('',(-1.404730343247E1,1.231084634156E1,5.084712037646E0));
#4097=CARTESIAN_POINT('',(-1.407299765210E1,1.234264798999E1,5.082705483362E0));
#4098=CARTESIAN_POINT('',(-1.409905944229E1,1.237383086023E1,5.078035472168E0));
#4099=CARTESIAN_POINT('',(-1.412559467955E1,1.240455387158E1,5.070393172281E0));
#4100=CARTESIAN_POINT('',(-1.415147020055E1,1.243356543904E1,5.059792708004E0));
#4101=CARTESIAN_POINT('',(-1.416848390321E1,1.245209022024E1,5.050563086685E0));
#4102=CARTESIAN_POINT('',(-1.417642357542E1,1.246062131813E1,5.045674637841E0));
#4103=CARTESIAN_POINT('',(-1.398167798055E1,1.207741971201E1,4.993147588084E0));
#4104=CARTESIAN_POINT('',(-1.398192971689E1,1.207794162016E1,4.993236832628E0));
#4105=CARTESIAN_POINT('',(-1.398808260837E1,1.209068732950E1,4.995403913316E0));
#4106=CARTESIAN_POINT('',(-1.400017091510E1,1.211522724542E1,4.998995380328E0));
#4107=CARTESIAN_POINT('',(-1.401830640600E1,1.215071808312E1,5.002545294088E0));
#4108=CARTESIAN_POINT('',(-1.403636750449E1,1.218487806583E1,5.004353928378E0));
#4109=CARTESIAN_POINT('',(-1.405433435657E1,1.221778028008E1,5.004488290635E0));
#4110=CARTESIAN_POINT('',(-1.407219214681E1,1.224948660499E1,5.002979821881E0));
#4111=CARTESIAN_POINT('',(-1.408999620429E1,1.228016129990E1,4.999806942826E0));
#4112=CARTESIAN_POINT('',(-1.410784060261E1,1.231000629082E1,4.994867242086E0));
#4113=CARTESIAN_POINT('',(-1.412579768179E1,1.233915933772E1,4.987966935535E0));
#4114=CARTESIAN_POINT('',(-1.414310562017E1,1.236642380578E1,4.979213549654E0));
#4115=CARTESIAN_POINT('',(-1.415436249526E1,1.238365576923E1,4.972013579835E0));
#4116=CARTESIAN_POINT('',(-1.415958917339E1,1.239155052360E1,4.968283372361E0));
#4117=CARTESIAN_POINT('',(-1.405575708121E1,1.200324129071E1,5.000456657327E0));
#4118=CARTESIAN_POINT('',(-1.405601902309E1,1.200376385820E1,5.000449137504E0));
#4119=CARTESIAN_POINT('',(-1.406241416827E1,1.201652332785E1,5.000252996730E0));
#4120=CARTESIAN_POINT('',(-1.407464169300E1,1.204098128423E1,4.999290636450E0));
#4121=CARTESIAN_POINT('',(-1.409209427137E1,1.207605865235E1,4.996325644466E0));
#4122=CARTESIAN_POINT('',(-1.410867398817E1,1.210953970567E1,4.992005830420E0));
#4123=CARTESIAN_POINT('',(-1.412443180355E1,1.214151197843E1,4.986447631498E0));
#4124=CARTESIAN_POINT('',(-1.413940808884E1,1.217204453901E1,4.979733657944E0));
#4125=CARTESIAN_POINT('',(-1.415368590067E1,1.220129690696E1,4.971883984408E0));
#4126=CARTESIAN_POINT('',(-1.416735807845E1,1.222945336163E1,4.962851784152E0));
#4127=CARTESIAN_POINT('',(-1.418047958681E1,1.225662495786E1,4.952541809716E0));
#4128=CARTESIAN_POINT('',(-1.419250904720E1,1.228168441343E1,4.941331191210E0));
#4129=CARTESIAN_POINT('',(-1.419995220995E1,1.229728471281E1,4.933162598420E0));
#4130=CARTESIAN_POINT('',(-1.420332556360E1,1.230437633860E1,4.929150623616E0));
#4131=(BOUNDED_SURFACE()B_SPLINE_SURFACE(3,3,((#4075,#4076,#4077,#4078,#4079,
#4080,#4081,#4082,#4083,#4084,#4085,#4086,#4087,#4088),(#4089,#4090,#4091,#4092,
#4093,#4094,#4095,#4096,#4097,#4098,#4099,#4100,#4101,#4102),(#4103,#4104,#4105,
#4106,#4107,#4108,#4109,#4110,#4111,#4112,#4113,#4114,#4115,#4116),(#4117,#4118,
#4119,#4120,#4121,#4122,#4123,#4124,#4125,#4126,#4127,#4128,#4129,#4130)),
.UNSPECIFIED.,.F.,.F.,.F.)B_SPLINE_SURFACE_WITH_KNOTS((4,4),(4,1,1,1,1,1,1,1,1,
1,1,4),(0.E0,1.E0),(2.746951896023E-2,2.859661966668E-2,5.499015124061E-2,
8.024319558744E-2,1.045955094725E-1,1.280745082449E-1,1.507942116571E-1,
1.729494020760E-1,1.947885594852E-1,2.165415363671E-1,2.383379369376E-1,
2.574906552629E-1),.UNSPECIFIED.)GEOMETRIC_REPRESENTATION_ITEM()RATIONAL_B_SPLINE_SURFACE(((1.141041036456E0,1.141041036456E0,1.141041036456E0,1.141041036456E0,
1.141041036456E0,1.141041036456E0,1.141041036456E0,1.141041036456E0,
1.141041036456E0,1.141041036456E0,1.141041036456E0,1.141041036456E0,
1.141041036456E0,1.141041036456E0),(9.529863211814E-1,9.529863211814E-1,
9.529863211814E-1,9.529863211814E-1,9.529863211814E-1,9.529863211814E-1,
9.529863211814E-1,9.529863211814E-1,9.529863211814E-1,9.529863211814E-1,
9.529863211814E-1,9.529863211814E-1,9.529863211814E-1,9.529863211814E-1),(
9.529863211814E-1,9.529863211814E-1,9.529863211814E-1,9.529863211814E-1,
9.529863211814E-1,9.529863211814E-1,9.529863211814E-1,9.529863211814E-1,
9.529863211814E-1,9.529863211814E-1,9.529863211814E-1,9.529863211814E-1,
9.529863211814E-1,9.529863211814E-1),(1.141041036456E0,1.141041036456E0,
1.141041036456E0,1.141041036456E0,1.141041036456E0,1.141041036456E0,
1.141041036456E0,1.141041036456E0,1.141041036456E0,1.141041036456E0,
1.141041036456E0,1.141041036456E0,1.141041036456E0,1.141041036456E0)))REPRESENTATION_ITEM('')SURFACE());
#4132=ORIENTED_EDGE('',*,*,#3442,.F.);
#4133=ORIENTED_EDGE('',*,*,#3429,.T.);
#4135=ORIENTED_EDGE('',*,*,#4134,.F.);
#4136=ORIENTED_EDGE('',*,*,#4065,.F.);
#4137=EDGE_LOOP('',(#4132,#4133,#4135,#4136));
#4138=FACE_OUTER_BOUND('',#4137,.F.);
#4139=ADVANCED_FACE('',(#4138),#4131,.T.);
#4140=CARTESIAN_POINT('',(-1.405E1,-6.13224E1,4.8E0));
#4141=DIRECTION('',(0.E0,1.E0,0.E0));
#4142=DIRECTION('',(-1.E0,0.E0,0.E0));
#4143=AXIS2_PLACEMENT_3D('',#4140,#4141,#4142);
#4144=CYLINDRICAL_SURFACE('',#4143,2.E-1);
#4146=ORIENTED_EDGE('',*,*,#4145,.F.);
#4148=ORIENTED_EDGE('',*,*,#4147,.T.);
#4150=ORIENTED_EDGE('',*,*,#4149,.T.);
#4152=ORIENTED_EDGE('',*,*,#4151,.T.);
#4153=ORIENTED_EDGE('',*,*,#4134,.T.);
#4154=ORIENTED_EDGE('',*,*,#3427,.T.);
#4155=EDGE_LOOP('',(#4146,#4148,#4150,#4152,#4153,#4154));
#4156=FACE_OUTER_BOUND('',#4155,.F.);
#4157=ADVANCED_FACE('',(#4156),#4144,.F.);
#4158=CARTESIAN_POINT('',(-1.425E1,-1.25E1,0.E0));
#4159=DIRECTION('',(1.E0,0.E0,0.E0));
#4160=DIRECTION('',(0.E0,1.E0,0.E0));
#4161=AXIS2_PLACEMENT_3D('',#4158,#4159,#4160);
#4162=PLANE('',#4161);
#4164=ORIENTED_EDGE('',*,*,#4163,.F.);
#4165=ORIENTED_EDGE('',*,*,#4145,.T.);
#4166=ORIENTED_EDGE('',*,*,#3465,.T.);
#4167=ORIENTED_EDGE('',*,*,#3480,.F.);
#4168=EDGE_LOOP('',(#4164,#4165,#4166,#4167));
#4169=FACE_OUTER_BOUND('',#4168,.F.);
#4170=ADVANCED_FACE('',(#4169),#4162,.T.);
#4171=CARTESIAN_POINT('',(-1.445E1,-1.23E1,1.61252E1));
#4172=DIRECTION('',(0.E0,0.E0,-1.E0));
#4173=DIRECTION('',(1.E0,0.E0,0.E0));
#4174=AXIS2_PLACEMENT_3D('',#4171,#4172,#4173);
#4175=CYLINDRICAL_SURFACE('',#4174,2.E-1);
#4176=ORIENTED_EDGE('',*,*,#3508,.F.);
#4178=ORIENTED_EDGE('',*,*,#4177,.T.);
#4179=ORIENTED_EDGE('',*,*,#4163,.T.);
#4180=ORIENTED_EDGE('',*,*,#3478,.T.);
#4181=EDGE_LOOP('',(#4176,#4178,#4179,#4180));
#4182=FACE_OUTER_BOUND('',#4181,.F.);
#4183=ADVANCED_FACE('',(#4182),#4175,.T.);
#4184=CARTESIAN_POINT('',(-1.405E1,-1.23E1,4.8E0));
#4185=DIRECTION('',(0.E0,1.E0,0.E0));
#4186=DIRECTION('',(-9.970458808888E-1,0.E0,-7.680827691486E-2));
#4187=AXIS2_PLACEMENT_3D('',#4184,#4185,#4186);
#4188=TOROIDAL_SURFACE('',#4187,4.E-1,2.E-1);
#4189=ORIENTED_EDGE('',*,*,#3506,.F.);
#4191=ORIENTED_EDGE('',*,*,#4190,.T.);
#4192=ORIENTED_EDGE('',*,*,#4147,.F.);
#4193=ORIENTED_EDGE('',*,*,#4177,.F.);
#4194=EDGE_LOOP('',(#4189,#4191,#4192,#4193));
#4195=FACE_OUTER_BOUND('',#4194,.F.);
#4196=ADVANCED_FACE('',(#4195),#4188,.T.);
#4197=CARTESIAN_POINT('',(-1.405576296554E1,-1.200325301663E1,
5.000456525953E0));
#4198=CARTESIAN_POINT('',(-1.405850169251E1,-1.200871671809E1,
5.000377813377E0));
#4199=CARTESIAN_POINT('',(-1.406749550642E1,-1.202667865528E1,
4.999934418703E0));
#4200=CARTESIAN_POINT('',(-1.408242021018E1,-1.205659210925E1,
4.998186816687E0));
#4201=CARTESIAN_POINT('',(-1.410025105438E1,-1.209250809572E1,
4.994414029403E0));
#4202=CARTESIAN_POINT('',(-1.411736373315E1,-1.212714865939E1,
4.989157642437E0));
#4203=CARTESIAN_POINT('',(-1.413395057030E1,-1.216089582313E1,
4.982402156835E0));
#4204=CARTESIAN_POINT('',(-1.415012517116E1,-1.219398087830E1,
4.974055686722E0));
#4205=CARTESIAN_POINT('',(-1.416595702423E1,-1.222655217575E1,
4.963949348912E0));
#4206=CARTESIAN_POINT('',(-1.418152566816E1,-1.225878607952E1,
4.951780643628E0));
#4207=CARTESIAN_POINT('',(-1.419393291237E1,-1.228466134526E1,
4.939876455863E0));
#4208=CARTESIAN_POINT('',(-1.420105947960E1,-1.229961234972E1,
4.931845924366E0));
#4209=CARTESIAN_POINT('',(-1.420332443918E1,-1.230437380604E1,
4.929152364799E0));
#4210=CARTESIAN_POINT('',(-1.398168368820E1,-1.207743137056E1,
4.993149640984E0));
#4211=CARTESIAN_POINT('',(-1.398431575986E1,-1.208288818936E1,
4.994082650445E0));
#4212=CARTESIAN_POINT('',(-1.399306131614E1,-1.210086157005E1,
4.996973191192E0));
#4213=CARTESIAN_POINT('',(-1.400813323854E1,-1.213098135689E1,
5.000798339610E0));
#4214=CARTESIAN_POINT('',(-1.402707393027E1,-1.216746021487E1,
5.003662569071E0));
#4215=CARTESIAN_POINT('',(-1.404615636263E1,-1.220295651389E1,
5.004670289147E0));
#4216=CARTESIAN_POINT('',(-1.406556435328E1,-1.223786426726E1,
5.003789500658E0));
#4217=CARTESIAN_POINT('',(-1.408544250579E1,-1.227244477276E1,
5.000861867279E0));
#4218=CARTESIAN_POINT('',(-1.410592400515E1,-1.230689421238E1,
4.995596808815E0));
#4219=CARTESIAN_POINT('',(-1.412720052018E1,-1.234146493196E1,
4.987502189203E0));
#4220=CARTESIAN_POINT('',(-1.414521529156E1,-1.236968953864E1,
4.977998300693E0));
#4221=CARTESIAN_POINT('',(-1.415607787901E1,-1.238624739749E1,
4.970789530277E0));
#4222=CARTESIAN_POINT('',(-1.415958705438E1,-1.239154822619E1,
4.968285287202E0));
#4223=CARTESIAN_POINT('',(-1.392204876418E1,-1.213620520999E1,
5.056654473575E0));
#4224=CARTESIAN_POINT('',(-1.392554278852E1,-1.214165657545E1,
5.058401932260E0));
#4225=CARTESIAN_POINT('',(-1.393720380460E1,-1.215963902318E1,
5.063912457704E0));
#4226=CARTESIAN_POINT('',(-1.395757901562E1,-1.218992229403E1,
5.071767600598E0));
#4227=CARTESIAN_POINT('',(-1.398363272825E1,-1.222684713278E1,
5.078844314207E0));
#4228=CARTESIAN_POINT('',(-1.401029434413E1,-1.226302145780E1,
5.083239249509E0));
#4229=CARTESIAN_POINT('',(-1.403780736484E1,-1.229884878278E1,
5.084901298674E0));
#4230=CARTESIAN_POINT('',(-1.406638162080E1,-1.233461418054E1,
5.083584941027E0));
#4231=CARTESIAN_POINT('',(-1.409622741522E1,-1.237055173120E1,
5.078839717785E0));
#4232=CARTESIAN_POINT('',(-1.412765732162E1,-1.240697398333E1,
5.069910705271E0));
#4233=CARTESIAN_POINT('',(-1.415464458225E1,-1.243706004662E1,
5.058271622346E0));
#4234=CARTESIAN_POINT('',(-1.417108945135E1,-1.245489106667E1,
5.048958941706E0));
#4235=CARTESIAN_POINT('',(-1.417642007227E1,-1.246061925703E1,
5.045677200620E0));
#4236=CARTESIAN_POINT('',(-1.390634337320E1,-1.215051509960E1,
5.159572452638E0));
#4237=CARTESIAN_POINT('',(-1.391124178459E1,-1.215596513732E1,
5.161534401188E0));
#4238=CARTESIAN_POINT('',(-1.392754049277E1,-1.217394979263E1,
5.167655566658E0));
#4239=CARTESIAN_POINT('',(-1.395575296772E1,-1.220427286755E1,
5.176005405725E0));
#4240=CARTESIAN_POINT('',(-1.399140599751E1,-1.224130629094E1,
5.182787300526E0));
#4241=CARTESIAN_POINT('',(-1.402750886585E1,-1.227764569751E1,
5.186017824991E0));
#4242=CARTESIAN_POINT('',(-1.406440343888E1,-1.231369691408E1,
5.185633602065E0));
#4243=CARTESIAN_POINT('',(-1.410236675254E1,-1.234975080206E1,
5.181324299215E0));
#4244=CARTESIAN_POINT('',(-1.414166152058E1,-1.238605066875E1,
5.172520445952E0));
#4245=CARTESIAN_POINT('',(-1.418267021705E1,-1.242292372054E1,
5.158261109225E0));
#4246=CARTESIAN_POINT('',(-1.421755867854E1,-1.245346299973E1,
5.141007038245E0));
#4247=CARTESIAN_POINT('',(-1.423867205405E1,-1.247160400116E1,
5.127705008323E0));
#4248=CARTESIAN_POINT('',(-1.424550077649E1,-1.247743624289E1,
5.123063371555E0));
#4249=(BOUNDED_SURFACE()B_SPLINE_SURFACE(3,3,((#4197,#4198,#4199,#4200,#4201,
#4202,#4203,#4204,#4205,#4206,#4207,#4208,#4209),(#4210,#4211,#4212,#4213,#4214,
#4215,#4216,#4217,#4218,#4219,#4220,#4221,#4222),(#4223,#4224,#4225,#4226,#4227,
#4228,#4229,#4230,#4231,#4232,#4233,#4234,#4235),(#4236,#4237,#4238,#4239,#4240,
#4241,#4242,#4243,#4244,#4245,#4246,#4247,#4248)),.UNSPECIFIED.,.F.,.F.,.F.)B_SPLINE_SURFACE_WITH_KNOTS((4,4),(4,1,1,1,1,1,1,1,1,1,4),(0.E0,1.E0),(
1.752790306200E-2,2.943140299291E-2,5.666373374795E-2,8.280979971230E-2,
1.082694179178E-1,1.334291549677E-1,1.586174093187E-1,1.839818042792E-1,
2.098563003164E-1,2.368674465127E-1,2.498533354061E-1),.UNSPECIFIED.)GEOMETRIC_REPRESENTATION_ITEM()RATIONAL_B_SPLINE_SURFACE(((1.141040625266E0,
1.141040625266E0,1.141040625266E0,1.141040625266E0,1.141040625266E0,
1.141040625266E0,1.141040625266E0,1.141040625266E0,1.141040625266E0,
1.141040625266E0,1.141040625266E0,1.141040625266E0,1.141040625266E0),(
9.529864582446E-1,9.529864582446E-1,9.529864582446E-1,9.529864582446E-1,
9.529864582446E-1,9.529864582446E-1,9.529864582446E-1,9.529864582446E-1,
9.529864582446E-1,9.529864582446E-1,9.529864582446E-1,9.529864582446E-1,
9.529864582446E-1),(9.529864582446E-1,9.529864582446E-1,9.529864582446E-1,
9.529864582446E-1,9.529864582446E-1,9.529864582446E-1,9.529864582446E-1,
9.529864582446E-1,9.529864582446E-1,9.529864582446E-1,9.529864582446E-1,
9.529864582446E-1,9.529864582446E-1),(1.141040625266E0,1.141040625266E0,
1.141040625266E0,1.141040625266E0,1.141040625266E0,1.141040625266E0,
1.141040625266E0,1.141040625266E0,1.141040625266E0,1.141040625266E0,
1.141040625266E0,1.141040625266E0,1.141040625266E0)))REPRESENTATION_ITEM('')SURFACE());
#4250=ORIENTED_EDGE('',*,*,#3504,.F.);
#4251=ORIENTED_EDGE('',*,*,#3532,.F.);
#4252=ORIENTED_EDGE('',*,*,#4149,.F.);
#4253=ORIENTED_EDGE('',*,*,#4190,.F.);
#4254=EDGE_LOOP('',(#4250,#4251,#4252,#4253));
#4255=FACE_OUTER_BOUND('',#4254,.F.);
#4256=ADVANCED_FACE('',(#4255),#4249,.T.);
#4257=CARTESIAN_POINT('',(0.E0,0.E0,5.E0));
#4258=DIRECTION('',(0.E0,0.E0,1.E0));
#4259=DIRECTION('',(1.E0,0.E0,0.E0));
#4260=AXIS2_PLACEMENT_3D('',#4257,#4258,#4259);
#4261=PLANE('',#4260);
#4262=ORIENTED_EDGE('',*,*,#3530,.F.);
#4264=ORIENTED_EDGE('',*,*,#4263,.F.);
#4266=ORIENTED_EDGE('',*,*,#4265,.F.);
#4268=ORIENTED_EDGE('',*,*,#4267,.F.);
#4269=ORIENTED_EDGE('',*,*,#4067,.F.);
#4270=ORIENTED_EDGE('',*,*,#4151,.F.);
#4271=EDGE_LOOP('',(#4262,#4264,#4266,#4268,#4269,#4270));
#4272=FACE_OUTER_BOUND('',#4271,.F.);
#4273=ADVANCED_FACE('',(#4272),#4261,.F.);
#4274=CARTESIAN_POINT('',(-1.325E1,-8.671572875254E0,5.2E0));
#4275=DIRECTION('',(0.E0,0.E0,-1.E0));
#4276=DIRECTION('',(9.999704443983E-1,7.688324254756E-3,0.E0));
#4277=AXIS2_PLACEMENT_3D('',#4274,#4275,#4276);
#4278=TOROIDAL_SURFACE('',#4277,1.8E0,2.E-1);
#4279=ORIENTED_EDGE('',*,*,#4263,.T.);
#4280=ORIENTED_EDGE('',*,*,#3528,.T.);
#4282=ORIENTED_EDGE('',*,*,#4281,.F.);
#4284=ORIENTED_EDGE('',*,*,#4283,.F.);
#4285=EDGE_LOOP('',(#4279,#4280,#4282,#4284));
#4286=FACE_OUTER_BOUND('',#4285,.F.);
#4287=ADVANCED_FACE('',(#4286),#4278,.T.);
#4288=CARTESIAN_POINT('',(-1.325E1,-8.671572875254E0,1.61252E1));
#4289=DIRECTION('',(0.E0,0.E0,-1.E0));
#4290=DIRECTION('',(1.E0,0.E0,0.E0));
#4291=AXIS2_PLACEMENT_3D('',#4288,#4289,#4290);
#4292=CYLINDRICAL_SURFACE('',#4291,2.E0);
#4294=ORIENTED_EDGE('',*,*,#4293,.T.);
#4296=ORIENTED_EDGE('',*,*,#4295,.T.);
#4297=ORIENTED_EDGE('',*,*,#4281,.T.);
#4298=ORIENTED_EDGE('',*,*,#3547,.F.);
#4299=EDGE_LOOP('',(#4294,#4296,#4297,#4298));
#4300=FACE_OUTER_BOUND('',#4299,.F.);
#4301=ADVANCED_FACE('',(#4300),#4292,.T.);
#4302=CARTESIAN_POINT('',(-1.325E1,-8.671572875254E0,6.8E0));
#4303=DIRECTION('',(0.E0,0.E0,-1.E0));
#4304=DIRECTION('',(6.993418824312E-1,-7.147873330422E-1,0.E0));
#4305=AXIS2_PLACEMENT_3D('',#4302,#4303,#4304);
#4306=TOROIDAL_SURFACE('',#4305,1.8E0,2.E-1);
#4307=ORIENTED_EDGE('',*,*,#3639,.T.);
#4309=ORIENTED_EDGE('',*,*,#4308,.T.);
#4310=ORIENTED_EDGE('',*,*,#4293,.F.);
#4311=ORIENTED_EDGE('',*,*,#3616,.F.);
#4312=EDGE_LOOP('',(#4307,#4309,#4310,#4311));
#4313=FACE_OUTER_BOUND('',#4312,.F.);
#4314=ADVANCED_FACE('',(#4313),#4306,.T.);
#4315=CARTESIAN_POINT('',(-1.145E1,-8.686949675254E0,6.8E0));
#4316=DIRECTION('',(0.E0,1.E0,0.E0));
#4317=DIRECTION('',(0.E0,0.E0,1.E0));
#4318=AXIS2_PLACEMENT_3D('',#4315,#4316,#4317);
#4319=CYLINDRICAL_SURFACE('',#4318,2.E-1);
#4320=ORIENTED_EDGE('',*,*,#3637,.T.);
#4322=ORIENTED_EDGE('',*,*,#4321,.T.);
#4324=ORIENTED_EDGE('',*,*,#4323,.F.);
#4325=ORIENTED_EDGE('',*,*,#4308,.F.);
#4326=EDGE_LOOP('',(#4320,#4322,#4324,#4325));
#4327=FACE_OUTER_BOUND('',#4326,.F.);
#4328=ADVANCED_FACE('',(#4327),#4319,.T.);
#4329=CARTESIAN_POINT('',(-1.325E1,8.671572875254E0,6.8E0));
#4330=DIRECTION('',(0.E0,0.E0,-1.E0));
#4331=DIRECTION('',(9.999403577353E-1,-1.092158286551E-2,0.E0));
#4332=AXIS2_PLACEMENT_3D('',#4329,#4330,#4331);
#4333=TOROIDAL_SURFACE('',#4332,1.8E0,2.E-1);
#4334=ORIENTED_EDGE('',*,*,#3635,.T.);
#4336=ORIENTED_EDGE('',*,*,#4335,.T.);
#4338=ORIENTED_EDGE('',*,*,#4337,.F.);
#4339=ORIENTED_EDGE('',*,*,#4321,.F.);
#4340=EDGE_LOOP('',(#4334,#4336,#4338,#4339));
#4341=FACE_OUTER_BOUND('',#4340,.F.);
#4342=ADVANCED_FACE('',(#4341),#4333,.T.);
#4343=CARTESIAN_POINT('',(-1.196633475431E1,9.933492041837E0,6.8E0));
#4344=DIRECTION('',(-7.071067811865E-1,7.071067811865E-1,0.E0));
#4345=DIRECTION('',(0.E0,0.E0,1.E0));
#4346=AXIS2_PLACEMENT_3D('',#4343,#4344,#4345);
#4347=CYLINDRICAL_SURFACE('',#4346,2.E-1);
#4348=ORIENTED_EDGE('',*,*,#4036,.F.);
#4349=ORIENTED_EDGE('',*,*,#4053,.F.);
#4350=ORIENTED_EDGE('',*,*,#4335,.F.);
#4351=ORIENTED_EDGE('',*,*,#3633,.T.);
#4352=EDGE_LOOP('',(#4348,#4349,#4350,#4351));
#4353=FACE_OUTER_BOUND('',#4352,.F.);
#4354=ADVANCED_FACE('',(#4353),#4347,.T.);
#4355=CARTESIAN_POINT('',(-1.325E1,8.671572875254E0,1.61252E1));
#4356=DIRECTION('',(0.E0,0.E0,-1.E0));
#4357=DIRECTION('',(7.071067811865E-1,7.071067811865E-1,0.E0));
#4358=AXIS2_PLACEMENT_3D('',#4355,#4356,#4357);
#4359=CYLINDRICAL_SURFACE('',#4358,2.E0);
#4360=ORIENTED_EDGE('',*,*,#4337,.T.);
#4361=ORIENTED_EDGE('',*,*,#4051,.T.);
#4363=ORIENTED_EDGE('',*,*,#4362,.T.);
#4365=ORIENTED_EDGE('',*,*,#4364,.F.);
#4366=EDGE_LOOP('',(#4360,#4361,#4363,#4365));
#4367=FACE_OUTER_BOUND('',#4366,.F.);
#4368=ADVANCED_FACE('',(#4367),#4359,.T.);
#4369=CARTESIAN_POINT('',(-1.325E1,8.671572875254E0,5.2E0));
#4370=DIRECTION('',(0.E0,0.E0,-1.E0));
#4371=DIRECTION('',(7.016494160037E-1,7.125223484367E-1,0.E0));
#4372=AXIS2_PLACEMENT_3D('',#4369,#4370,#4371);
#4373=TOROIDAL_SURFACE('',#4372,1.8E0,2.E-1);
#4374=ORIENTED_EDGE('',*,*,#4267,.T.);
#4376=ORIENTED_EDGE('',*,*,#4375,.T.);
#4377=ORIENTED_EDGE('',*,*,#4362,.F.);
#4378=ORIENTED_EDGE('',*,*,#4069,.F.);
#4379=EDGE_LOOP('',(#4374,#4376,#4377,#4378));
#4380=FACE_OUTER_BOUND('',#4379,.F.);
#4381=ADVANCED_FACE('',(#4380),#4373,.T.);
#4382=CARTESIAN_POINT('',(-1.145E1,8.693416475254E0,5.2E0));
#4383=DIRECTION('',(0.E0,-1.E0,0.E0));
#4384=DIRECTION('',(0.E0,0.E0,-1.E0));
#4385=AXIS2_PLACEMENT_3D('',#4382,#4383,#4384);
#4386=CYLINDRICAL_SURFACE('',#4385,2.E-1);
#4387=ORIENTED_EDGE('',*,*,#4265,.T.);
#4388=ORIENTED_EDGE('',*,*,#4283,.T.);
#4390=ORIENTED_EDGE('',*,*,#4389,.F.);
#4391=ORIENTED_EDGE('',*,*,#4375,.F.);
#4392=EDGE_LOOP('',(#4387,#4388,#4390,#4391));
#4393=FACE_OUTER_BOUND('',#4392,.F.);
#4394=ADVANCED_FACE('',(#4393),#4386,.T.);
#4395=CARTESIAN_POINT('',(-1.125E1,-9.5E0,7.E0));
#4396=DIRECTION('',(1.E0,0.E0,0.E0));
#4397=DIRECTION('',(0.E0,1.E0,0.E0));
#4398=AXIS2_PLACEMENT_3D('',#4395,#4396,#4397);
#4399=PLANE('',#4398);
#4400=ORIENTED_EDGE('',*,*,#4323,.T.);
#4401=ORIENTED_EDGE('',*,*,#4364,.T.);
#4402=ORIENTED_EDGE('',*,*,#4389,.T.);
#4403=ORIENTED_EDGE('',*,*,#4295,.F.);
#4404=EDGE_LOOP('',(#4400,#4401,#4402,#4403));
#4405=FACE_OUTER_BOUND('',#4404,.F.);
#4406=ADVANCED_FACE('',(#4405),#4399,.T.);
#4407=CARTESIAN_POINT('',(-1.379709868731E1,-1.204643004982E1,
6.417210923919E0));
#4408=CARTESIAN_POINT('',(-1.380006256039E1,-1.204947267380E1,
6.414630773433E0));
#4409=CARTESIAN_POINT('',(-1.384060683406E1,-1.209074168807E1,
6.379336384639E0));
#4410=CARTESIAN_POINT('',(-1.392293997147E1,-1.216527539843E1,
6.307685432791E0));
#4411=CARTESIAN_POINT('',(-1.405161944814E1,-1.225920027393E1,
6.195764937992E0));
#4412=CARTESIAN_POINT('',(-1.419158782426E1,-1.234010480077E1,
6.074095760678E0));
#4413=CARTESIAN_POINT('',(-1.434258636195E1,-1.240665301182E1,
5.942915398033E0));
#4414=CARTESIAN_POINT('',(-1.450487144099E1,-1.245761363868E1,
5.802013197067E0));
#4415=CARTESIAN_POINT('',(-1.467923180525E1,-1.249103550058E1,
5.650718660724E0));
#4416=CARTESIAN_POINT('',(-1.480400570926E1,-1.249953350939E1,
5.542520120084E0));
#4417=CARTESIAN_POINT('',(-1.487032109905E1,-1.249966929415E1,
5.485033958887E0));
#4418=CARTESIAN_POINT('',(-1.487406255530E1,-1.249966305619E1,
5.481790700505E0));
#4419=CARTESIAN_POINT('',(-1.382674245171E1,-1.208364693742E1,
6.484710735161E0));
#4420=CARTESIAN_POINT('',(-1.382987634595E1,-1.208667071657E1,
6.482066283344E0));
#4421=CARTESIAN_POINT('',(-1.387273163460E1,-1.212766194501E1,
6.445899907237E0));
#4422=CARTESIAN_POINT('',(-1.395935952251E1,-1.220111125370E1,
6.372677129275E0));
#4423=CARTESIAN_POINT('',(-1.409366467564E1,-1.229225366936E1,
6.258803966065E0));
#4424=CARTESIAN_POINT('',(-1.423864868489E1,-1.236927698887E1,
6.135486083297E0));
#4425=CARTESIAN_POINT('',(-1.439392567909E1,-1.243096930425E1,
6.002979638738E0));
#4426=CARTESIAN_POINT('',(-1.455964847019E1,-1.247620417581E1,
5.861084745950E0));
#4427=CARTESIAN_POINT('',(-1.473647427825E1,-1.250310222125E1,
5.709156086931E0));
#4428=CARTESIAN_POINT('',(-1.486211496850E1,-1.250677335124E1,
5.600805494341E0));
#4429=CARTESIAN_POINT('',(-1.492863545818E1,-1.250433077316E1,
5.543324700158E0));
#4430=CARTESIAN_POINT('',(-1.493238767886E1,-1.250417903068E1,
5.540082027961E0));
#4431=CARTESIAN_POINT('',(-1.388497012749E1,-1.208397556834E1,
6.543272691901E0));
#4432=CARTESIAN_POINT('',(-1.388816072110E1,-1.208689063128E1,
6.540572453087E0));
#4433=CARTESIAN_POINT('',(-1.393177886396E1,-1.212638812716E1,
6.503649552150E0));
#4434=CARTESIAN_POINT('',(-1.401961214688E1,-1.219663671337E1,
6.429063078331E0));
#4435=CARTESIAN_POINT('',(-1.415486327392E1,-1.228252350029E1,
6.313495805449E0));
#4436=CARTESIAN_POINT('',(-1.429992367555E1,-1.235373841202E1,
6.188747527312E0));
#4437=CARTESIAN_POINT('',(-1.445430560516E1,-1.240921721753E1,
6.055090591363E0));
#4438=CARTESIAN_POINT('',(-1.461806468833E1,-1.244796137380E1,
5.912334452083E0));
#4439=CARTESIAN_POINT('',(-1.479172065230E1,-1.246821275907E1,
5.759855636494E0));
#4440=CARTESIAN_POINT('',(-1.491431827357E1,-1.246745927842E1,
5.651373125613E0));
#4441=CARTESIAN_POINT('',(-1.497900080835E1,-1.246278701868E1,
5.593896987782E0));
#4442=CARTESIAN_POINT('',(-1.498264863654E1,-1.246250987115E1,
5.590654824152E0));
#4443=CARTESIAN_POINT('',(-1.395250642876E1,-1.204730715488E1,
6.573510850222E0));
#4444=CARTESIAN_POINT('',(-1.395562163060E1,-1.205005961888E1,
6.570781806086E0));
#4445=CARTESIAN_POINT('',(-1.399820193694E1,-1.208734191034E1,
6.533468277531E0));
#4446=CARTESIAN_POINT('',(-1.408375223377E1,-1.215333299822E1,
6.458177666530E0));
#4447=CARTESIAN_POINT('',(-1.421495648355E1,-1.223323077440E1,
6.341735649030E0));
#4448=CARTESIAN_POINT('',(-1.435512874840E1,-1.229863285291E1,
6.216248793768E0));
#4449=CARTESIAN_POINT('',(-1.450373838828E1,-1.234859741156E1,
6.081997807642E0));
#4450=CARTESIAN_POINT('',(-1.466078239581E1,-1.238223453391E1,
5.938796968266E0));
#4451=CARTESIAN_POINT('',(-1.482668255097E1,-1.239791667958E1,
5.786034082225E0));
#4452=CARTESIAN_POINT('',(-1.494333460450E1,-1.239460554889E1,
5.677483456029E0));
#4453=CARTESIAN_POINT('',(-1.500474455341E1,-1.238879038701E1,
5.620009722481E0));
#4454=CARTESIAN_POINT('',(-1.500820738955E1,-1.238844944711E1,
5.616767821446E0));
#4455=(BOUNDED_SURFACE()B_SPLINE_SURFACE(3,3,((#4407,#4408,#4409,#4410,#4411,
#4412,#4413,#4414,#4415,#4416,#4417,#4418),(#4419,#4420,#4421,#4422,#4423,#4424,
#4425,#4426,#4427,#4428,#4429,#4430),(#4431,#4432,#4433,#4434,#4435,#4436,#4437,
#4438,#4439,#4440,#4441,#4442),(#4443,#4444,#4445,#4446,#4447,#4448,#4449,#4450,
#4451,#4452,#4453,#4454)),.UNSPECIFIED.,.F.,.F.,.F.)B_SPLINE_SURFACE_WITH_KNOTS(
(4,4),(4,1,1,1,1,1,1,1,1,4),(0.E0,1.E0),(-9.955515821468E-3,0.E0,
1.257998552211E-1,2.545035122096E-1,3.901686960263E-1,5.316162876649E-1,
6.776084829700E-1,8.337470386677E-1,1.E0,1.009939301975E0),.UNSPECIFIED.)GEOMETRIC_REPRESENTATION_ITEM()RATIONAL_B_SPLINE_SURFACE(((1.090225142045E0,
1.090225142045E0,1.090225142045E0,1.090225142045E0,1.090225142045E0,
1.090225142045E0,1.090225142045E0,1.090225142045E0,1.090225142045E0,
1.090225142045E0,1.090225142045E0,1.090225142045E0),(9.699249526516E-1,
9.699249526516E-1,9.699249526516E-1,9.699249526516E-1,9.699249526516E-1,
9.699249526516E-1,9.699249526516E-1,9.699249526516E-1,9.699249526516E-1,
9.699249526516E-1,9.699249526516E-1,9.699249526516E-1),(9.699249526516E-1,
9.699249526516E-1,9.699249526516E-1,9.699249526516E-1,9.699249526516E-1,
9.699249526516E-1,9.699249526516E-1,9.699249526516E-1,9.699249526516E-1,
9.699249526516E-1,9.699249526516E-1,9.699249526516E-1),(1.090225142045E0,
1.090225142045E0,1.090225142045E0,1.090225142045E0,1.090225142045E0,
1.090225142045E0,1.090225142045E0,1.090225142045E0,1.090225142045E0,
1.090225142045E0,1.090225142045E0,1.090225142045E0)))REPRESENTATION_ITEM('')SURFACE());
#4456=ORIENTED_EDGE('',*,*,#3601,.F.);
#4457=ORIENTED_EDGE('',*,*,#3513,.F.);
#4458=ORIENTED_EDGE('',*,*,#3656,.F.);
#4459=EDGE_LOOP('',(#4456,#4457,#4458));
#4460=FACE_OUTER_BOUND('',#4459,.F.);
#4461=ADVANCED_FACE('',(#4460),#4455,.T.);
#4465=DIMENSIONAL_EXPONENTS(0.E0,0.E0,0.E0,0.E0,0.E0,0.E0,0.E0);
#4467=PLANE_ANGLE_MEASURE_WITH_UNIT(PLANE_ANGLE_MEASURE(1.745329251994E-2),
#4466);
#4468=(CONVERSION_BASED_UNIT('DEGREE',#4467)NAMED_UNIT(*)PLANE_ANGLE_UNIT());
#4470=UNCERTAINTY_MEASURE_WITH_UNIT(LENGTH_MEASURE(1.E-3),#4464,'closure',
'Maximum model space distance between geometric entities at asserted connectivities');
#4471=(GEOMETRIC_REPRESENTATION_CONTEXT(3)GLOBAL_UNCERTAINTY_ASSIGNED_CONTEXT((
#4470))GLOBAL_UNIT_ASSIGNED_CONTEXT((#4464,#4468,#4469))REPRESENTATION_CONTEXT(
'ID1','3'));
#4473=APPLICATION_CONTEXT(
'CONFIGURATION CONTROLLED 3D DESIGNS OF MECHANICAL PARTS AND ASSEMBLIES');
#4474=APPLICATION_PROTOCOL_DEFINITION('international standard',
'config_control_design',1994,#4473);
#4475=DESIGN_CONTEXT('',#4473,'design');
#4476=MECHANICAL_CONTEXT('',#4473,'mechanical');
#4477=PRODUCT('MOUNTINGCLIP','MOUNTINGCLIP','NOT SPECIFIED',(#4476));
#4478=PRODUCT_DEFINITION_FORMATION_WITH_SPECIFIED_SOURCE('11','LAST_VERSION',
#4477,.MADE.);
#4482=PRODUCT_CATEGORY('part','');
#4483=PRODUCT_RELATED_PRODUCT_CATEGORY('detail','',(#4477));
#4484=PRODUCT_CATEGORY_RELATIONSHIP('','',#4482,#4483);
#4485=SECURITY_CLASSIFICATION_LEVEL('unclassified');
#4486=SECURITY_CLASSIFICATION('','',#4485);
#4487=CC_DESIGN_SECURITY_CLASSIFICATION(#4486,(#4478));
#4488=APPROVAL_STATUS('approved');
#4489=APPROVAL(#4488,'');
#4490=CC_DESIGN_APPROVAL(#4489,(#4486,#4478,#4479));
#4491=CALENDAR_DATE(126,8,8);
#4492=COORDINATED_UNIVERSAL_TIME_OFFSET(2,0,.AHEAD.);
#4493=LOCAL_TIME(18,58,5.6E1,#4492);
#4494=DATE_AND_TIME(#4491,#4493);
#4495=APPROVAL_DATE_TIME(#4494,#4489);
#4496=DATE_TIME_ROLE('creation_date');
#4497=CC_DESIGN_DATE_AND_TIME_ASSIGNMENT(#4494,#4496,(#4479));
#4498=DATE_TIME_ROLE('classification_date');
#4499=CC_DESIGN_DATE_AND_TIME_ASSIGNMENT(#4494,#4498,(#4486));
#4500=PERSON('UNSPECIFIED','UNSPECIFIED',$,$,$,$);
#4501=ORGANIZATION('UNSPECIFIED','UNSPECIFIED','UNSPECIFIED');
#4502=PERSON_AND_ORGANIZATION(#4500,#4501);
#4503=APPROVAL_ROLE('approver');
#4504=APPROVAL_PERSON_ORGANIZATION(#4502,#4489,#4503);
#4505=PERSON_AND_ORGANIZATION_ROLE('creator');
#4506=CC_DESIGN_PERSON_AND_ORGANIZATION_ASSIGNMENT(#4502,#4505,(#4478,#4479));
#4507=PERSON_AND_ORGANIZATION_ROLE('design_supplier');
#4508=CC_DESIGN_PERSON_AND_ORGANIZATION_ASSIGNMENT(#4502,#4507,(#4478));
#4509=PERSON_AND_ORGANIZATION_ROLE('classification_officer');
#4510=CC_DESIGN_PERSON_AND_ORGANIZATION_ASSIGNMENT(#4502,#4509,(#4486));
#4511=PERSON_AND_ORGANIZATION_ROLE('design_owner');
#4512=CC_DESIGN_PERSON_AND_ORGANIZATION_ASSIGNMENT(#4502,#4511,(#4477));
#5=CIRCLE('',#4,2.E-1);
#14=CIRCLE('',#13,1.E-1);
#23=CIRCLE('',#22,1.8E0);
#32=CIRCLE('',#31,1.8E0);
#41=CIRCLE('',#40,1.E-1);
#50=CIRCLE('',#49,2.E-1);
#67=CIRCLE('',#66,2.E-1);
#76=CIRCLE('',#75,2.E-1);
#85=CIRCLE('',#84,2.E-1);
#94=CIRCLE('',#93,2.E-1);
#103=CIRCLE('',#102,2.E-1);
#108=CIRCLE('',#107,2.E-1);
#113=CIRCLE('',#112,2.E-1);
#118=CIRCLE('',#117,2.E-1);
#139=CIRCLE('',#138,2.E0);
#144=CIRCLE('',#143,2.E0);
#165=CIRCLE('',#164,2.E-1);
#170=CIRCLE('',#169,2.E-1);
#175=CIRCLE('',#174,3.E-1);
#180=CIRCLE('',#179,3.E-1);
#185=CIRCLE('',#184,2.E-1);
#194=CIRCLE('',#193,1.E-1);
#203=CIRCLE('',#202,1.8E0);
#212=CIRCLE('',#211,1.8E0);
#221=CIRCLE('',#220,1.E-1);
#230=CIRCLE('',#229,2.E-1);
#247=CIRCLE('',#246,3.E-1);
#252=CIRCLE('',#251,3.E-1);
#273=CIRCLE('',#272,2.E0);
#278=CIRCLE('',#277,2.E0);
#283=CIRCLE('',#282,2.E-1);
#288=CIRCLE('',#287,2.E-1);
#293=CIRCLE('',#292,2.E-1);
#298=CIRCLE('',#297,2.E-1);
#303=CIRCLE('',#302,2.E-1);
#308=CIRCLE('',#307,2.E-1);
#394=EDGE_CURVE('',#326,#322,#23,.T.);
#396=EDGE_CURVE('',#322,#324,#165,.T.);
#398=EDGE_CURVE('',#328,#324,#139,.T.);
#400=EDGE_CURVE('',#326,#328,#5,.T.);
#410=EDGE_CURVE('',#315,#316,#9,.T.);
#412=EDGE_CURVE('',#318,#315,#14,.T.);
#414=EDGE_CURVE('',#322,#318,#18,.T.);
#417=EDGE_CURVE('',#330,#326,#27,.T.);
#419=EDGE_CURVE('',#334,#330,#32,.T.);
#421=EDGE_CURVE('',#338,#334,#36,.T.);
#423=EDGE_CURVE('',#342,#338,#41,.T.);
#425=EDGE_CURVE('',#346,#342,#45,.T.);
#427=EDGE_CURVE('',#316,#346,#71,.T.);
#437=EDGE_CURVE('',#311,#312,#54,.T.);
#439=EDGE_CURVE('',#315,#311,#50,.T.);
#442=EDGE_CURVE('',#316,#312,#67,.T.);
#453=EDGE_CURVE('',#388,#312,#98,.T.);
#455=EDGE_CURVE('',#388,#384,#58,.T.);
#457=EDGE_CURVE('',#311,#384,#62,.T.);
#469=EDGE_CURVE('',#348,#346,#76,.T.);
#471=EDGE_CURVE('',#348,#352,#80,.T.);
#473=EDGE_CURVE('',#356,#352,#85,.T.);
#475=EDGE_CURVE('',#356,#386,#89,.T.);
#477=EDGE_CURVE('',#388,#386,#94,.T.);
#489=EDGE_CURVE('',#342,#344,#103,.T.);
#491=EDGE_CURVE('',#348,#344,#234,.T.);
#515=EDGE_CURVE('',#338,#340,#108,.T.);
#517=EDGE_CURVE('',#344,#340,#247,.T.);
#529=EDGE_CURVE('',#334,#336,#113,.T.);
#531=EDGE_CURVE('',#340,#336,#256,.T.);
#543=EDGE_CURVE('',#330,#332,#118,.T.);
#545=EDGE_CURVE('',#336,#332,#273,.T.);
#558=EDGE_CURVE('',#332,#328,#122,.T.);
#570=EDGE_CURVE('',#372,#328,#126,.T.);
#572=EDGE_CURVE('',#372,#368,#130,.T.);
#574=EDGE_CURVE('',#332,#368,#134,.T.);
#585=EDGE_CURVE('',#376,#324,#160,.T.);
#587=EDGE_CURVE('',#376,#372,#144,.T.);
#598=EDGE_CURVE('',#324,#320,#148,.T.);
#600=EDGE_CURVE('',#320,#380,#152,.T.);
#602=EDGE_CURVE('',#380,#376,#156,.T.);
#614=EDGE_CURVE('',#318,#320,#170,.T.);
#640=EDGE_CURVE('',#320,#311,#175,.T.);
#653=EDGE_CURVE('',#384,#380,#180,.T.);
#676=EDGE_CURVE('',#382,#378,#221,.T.);
#678=EDGE_CURVE('',#378,#380,#308,.T.);
#681=EDGE_CURVE('',#382,#384,#185,.T.);
#691=EDGE_CURVE('',#355,#356,#189,.T.);
#693=EDGE_CURVE('',#358,#355,#194,.T.);
#695=EDGE_CURVE('',#362,#358,#198,.T.);
#697=EDGE_CURVE('',#366,#362,#203,.T.);
#699=EDGE_CURVE('',#370,#366,#207,.T.);
#701=EDGE_CURVE('',#374,#370,#212,.T.);
#703=EDGE_CURVE('',#378,#374,#216,.T.);
#706=EDGE_CURVE('',#386,#382,#225,.T.);
#717=EDGE_CURVE('',#351,#352,#242,.T.);
#719=EDGE_CURVE('',#355,#351,#230,.T.);
#732=EDGE_CURVE('',#351,#344,#238,.T.);
#745=EDGE_CURVE('',#360,#340,#268,.T.);
#747=EDGE_CURVE('',#360,#351,#252,.T.);
#759=EDGE_CURVE('',#336,#364,#260,.T.);
#761=EDGE_CURVE('',#364,#360,#264,.T.);
#774=EDGE_CURVE('',#368,#364,#278,.T.);
#786=EDGE_CURVE('',#362,#364,#288,.T.);
#789=EDGE_CURVE('',#366,#368,#283,.T.);
#800=EDGE_CURVE('',#358,#360,#293,.T.);
#839=EDGE_CURVE('',#370,#372,#298,.T.);
#852=EDGE_CURVE('',#374,#376,#303,.T.);
#881=CLOSED_SHELL('',(#404,#431,#446,#461,#482,#496,#522,#536,#550,#563,#578,
#592,#607,#620,#645,#658,#685,#711,#725,#738,#752,#766,#779,#793,#806,#830,#843,
#856,#868,#880));
#882=MANIFOLD_SOLID_BREP('',#881);
#891=B_SPLINE_CURVE_WITH_KNOTS('',3,(#883,#884,#885,#886,#887,#888,#889,#890),
.UNSPECIFIED.,.F.,.F.,(4,1,1,1,1,4),(0.E0,2.E-1,4.E-1,6.E-1,8.E-1,1.E0),
.UNSPECIFIED.);
#896=CIRCLE('',#895,2.E-1);
#901=CIRCLE('',#900,2.E-1);
#910=CIRCLE('',#909,1.5E0);
#915=CIRCLE('',#914,2.E-1);
#924=CIRCLE('',#923,2.E-1);
#929=CIRCLE('',#928,1.5E0);
#938=CIRCLE('',#937,2.E-1);
#947=CIRCLE('',#946,2.E-1);
#984=B_SPLINE_CURVE_WITH_KNOTS('',3,(#952,#953,#954,#955,#956,#957,#958,#959,
#960,#961,#962,#963,#964,#965,#966,#967,#968,#969,#970,#971,#972,#973,#974,#975,
#976,#977,#978,#979,#980,#981,#982,#983),.UNSPECIFIED.,.F.,.F.,(4,1,1,1,1,1,1,1,
1,1,1,1,1,1,1,1,1,1,1,1,1,1,1,1,1,1,1,1,1,4),(0.E0,3.448275862069E-2,
6.896551724138E-2,1.034482758621E-1,1.379310344828E-1,1.724137931034E-1,
2.068965517241E-1,2.413793103448E-1,2.758620689655E-1,3.103448275862E-1,
3.448275862069E-1,3.793103448276E-1,4.137931034483E-1,4.482758620690E-1,
4.827586206897E-1,5.172413793103E-1,5.517241379310E-1,5.862068965517E-1,
6.206896551724E-1,6.551724137931E-1,6.896551724138E-1,7.241379310345E-1,
7.586206896552E-1,7.931034482759E-1,8.275862068966E-1,8.620689655172E-1,
8.965517241379E-1,9.310344827586E-1,9.655172413793E-1,1.E0),.UNSPECIFIED.);
#989=CIRCLE('',#988,2.E-1);
#1004=B_SPLINE_CURVE_WITH_KNOTS('',3,(#994,#995,#996,#997,#998,#999,#1000,#1001,
#1002,#1003),.UNSPECIFIED.,.F.,.F.,(4,1,1,1,1,1,1,4),(0.E0,1.428571428571E-1,
2.857142857143E-1,4.285714285714E-1,5.714285714286E-1,7.142857142857E-1,
8.571428571429E-1,1.E0),.UNSPECIFIED.);
#1027=B_SPLINE_CURVE_WITH_KNOTS('',3,(#1017,#1018,#1019,#1020,#1021,#1022,#1023,
#1024,#1025,#1026),.UNSPECIFIED.,.F.,.F.,(4,1,1,1,1,1,1,4),(0.E0,
1.428571428571E-1,2.857142857143E-1,4.285714285714E-1,5.714285714286E-1,
7.142857142857E-1,8.571428571429E-1,1.E0),.UNSPECIFIED.);
#1032=CIRCLE('',#1031,2.E-1);
#1053=CIRCLE('',#1052,1.8E0);
#1062=CIRCLE('',#1061,1.8E0);
#1083=CIRCLE('',#1082,2.E-1);
#1102=B_SPLINE_CURVE_WITH_KNOTS('',3,(#1084,#1085,#1086,#1087,#1088,#1089,#1090,
#1091,#1092,#1093,#1094,#1095,#1096,#1097,#1098,#1099,#1100,#1101),
.UNSPECIFIED.,.F.,.F.,(4,1,1,1,1,1,1,1,1,1,1,1,1,1,1,4),(0.E0,6.666666666667E-2,
1.333333333333E-1,2.E-1,2.666666666667E-1,3.333333333333E-1,4.E-1,
4.666666666667E-1,5.333333333333E-1,6.E-1,6.666666666667E-1,7.333333333333E-1,
8.E-1,8.666666666667E-1,9.333333333333E-1,1.E0),.UNSPECIFIED.);
#1121=B_SPLINE_CURVE_WITH_KNOTS('',3,(#1103,#1104,#1105,#1106,#1107,#1108,#1109,
#1110,#1111,#1112,#1113,#1114,#1115,#1116,#1117,#1118,#1119,#1120),
.UNSPECIFIED.,.F.,.F.,(4,1,1,1,1,1,1,1,1,1,1,1,1,1,1,4),(0.E0,6.666666666667E-2,
1.333333333333E-1,2.E-1,2.666666666667E-1,3.333333333333E-1,4.E-1,
4.666666666667E-1,5.333333333333E-1,6.E-1,6.666666666667E-1,7.333333333333E-1,
8.E-1,8.666666666667E-1,9.333333333333E-1,1.E0),.UNSPECIFIED.);
#1138=CIRCLE('',#1137,2.E-1);
#1157=B_SPLINE_CURVE_WITH_KNOTS('',3,(#1139,#1140,#1141,#1142,#1143,#1144,#1145,
#1146,#1147,#1148,#1149,#1150,#1151,#1152,#1153,#1154,#1155,#1156),
.UNSPECIFIED.,.F.,.F.,(4,1,1,1,1,1,1,1,1,1,1,1,1,1,1,4),(0.E0,6.666666666667E-2,
1.333333333333E-1,2.E-1,2.666666666667E-1,3.333333333333E-1,4.E-1,
4.666666666667E-1,5.333333333333E-1,6.E-1,6.666666666667E-1,7.333333333333E-1,
8.E-1,8.666666666667E-1,9.333333333333E-1,1.E0),.UNSPECIFIED.);
#1176=B_SPLINE_CURVE_WITH_KNOTS('',3,(#1158,#1159,#1160,#1161,#1162,#1163,#1164,
#1165,#1166,#1167,#1168,#1169,#1170,#1171,#1172,#1173,#1174,#1175),
.UNSPECIFIED.,.F.,.F.,(4,1,1,1,1,1,1,1,1,1,1,1,1,1,1,4),(0.E0,6.666666666667E-2,
1.333333333333E-1,2.E-1,2.666666666667E-1,3.333333333333E-1,4.E-1,
4.666666666667E-1,5.333333333333E-1,6.E-1,6.666666666667E-1,7.333333333333E-1,
8.E-1,8.666666666667E-1,9.333333333333E-1,1.E0),.UNSPECIFIED.);
#1199=B_SPLINE_CURVE_WITH_KNOTS('',3,(#1189,#1190,#1191,#1192,#1193,#1194,#1195,
#1196,#1197,#1198),.UNSPECIFIED.,.F.,.F.,(4,1,1,1,1,1,1,4),(0.E0,
1.428571428571E-1,2.857142857143E-1,4.285714285714E-1,5.714285714286E-1,
7.142857142857E-1,8.571428571429E-1,1.E0),.UNSPECIFIED.);
#1210=B_SPLINE_CURVE_WITH_KNOTS('',3,(#1200,#1201,#1202,#1203,#1204,#1205,#1206,
#1207,#1208,#1209),.UNSPECIFIED.,.F.,.F.,(4,1,1,1,1,1,1,4),(0.E0,
1.428571428571E-1,2.857142857143E-1,4.285714285714E-1,5.714285714286E-1,
7.142857142857E-1,8.571428571429E-1,1.E0),.UNSPECIFIED.);
#1221=B_SPLINE_CURVE_WITH_KNOTS('',3,(#1211,#1212,#1213,#1214,#1215,#1216,#1217,
#1218,#1219,#1220),.UNSPECIFIED.,.F.,.F.,(4,1,1,1,1,1,1,4),(0.E0,
1.428571428571E-1,2.857142857143E-1,4.285714285714E-1,5.714285714286E-1,
7.142857142857E-1,8.571428571429E-1,1.E0),.UNSPECIFIED.);
#1226=CIRCLE('',#1225,2.E-1);
#1253=B_SPLINE_CURVE_WITH_KNOTS('',3,(#1243,#1244,#1245,#1246,#1247,#1248,#1249,
#1250,#1251,#1252),.UNSPECIFIED.,.F.,.F.,(4,1,1,1,1,1,1,4),(0.E0,
1.428571428571E-1,2.857142857143E-1,4.285714285714E-1,5.714285714286E-1,
7.142857142857E-1,8.571428571429E-1,1.E0),.UNSPECIFIED.);
#1286=B_SPLINE_CURVE_WITH_KNOTS('',3,(#1254,#1255,#1256,#1257,#1258,#1259,#1260,
#1261,#1262,#1263,#1264,#1265,#1266,#1267,#1268,#1269,#1270,#1271,#1272,#1273,
#1274,#1275,#1276,#1277,#1278,#1279,#1280,#1281,#1282,#1283,#1284,#1285),
.UNSPECIFIED.,.F.,.F.,(4,1,1,1,1,1,1,1,1,1,1,1,1,1,1,1,1,1,1,1,1,1,1,1,1,1,1,1,
1,4),(0.E0,3.448275862069E-2,6.896551724138E-2,1.034482758621E-1,
1.379310344828E-1,1.724137931034E-1,2.068965517241E-1,2.413793103448E-1,
2.758620689655E-1,3.103448275862E-1,3.448275862069E-1,3.793103448276E-1,
4.137931034483E-1,4.482758620690E-1,4.827586206897E-1,5.172413793103E-1,
5.517241379310E-1,5.862068965517E-1,6.206896551724E-1,6.551724137931E-1,
6.896551724138E-1,7.241379310345E-1,7.586206896552E-1,7.931034482759E-1,
8.275862068966E-1,8.620689655172E-1,8.965517241379E-1,9.310344827586E-1,
9.655172413793E-1,1.E0),.UNSPECIFIED.);
#1298=B_SPLINE_CURVE_WITH_KNOTS('',3,(#1287,#1288,#1289,#1290,#1291,#1292,#1293,
#1294,#1295,#1296,#1297),.UNSPECIFIED.,.F.,.F.,(4,1,1,1,1,1,1,1,4),(0.E0,
1.25E-1,2.5E-1,3.75E-1,5.E-1,6.25E-1,7.5E-1,8.75E-1,1.E0),.UNSPECIFIED.);
#1304=B_SPLINE_CURVE_WITH_KNOTS('',3,(#1299,#1300,#1301,#1302,#1303),
.UNSPECIFIED.,.F.,.F.,(4,1,4),(0.E0,5.E-1,1.E0),.UNSPECIFIED.);
#1318=B_SPLINE_CURVE_WITH_KNOTS('',3,(#1305,#1306,#1307,#1308,#1309,#1310,#1311,
#1312,#1313,#1314,#1315,#1316,#1317),.UNSPECIFIED.,.F.,.F.,(4,1,1,1,1,1,1,1,1,1,
4),(0.E0,1.E-1,2.E-1,3.E-1,4.E-1,5.E-1,6.E-1,7.E-1,8.E-1,9.E-1,1.E0),
.UNSPECIFIED.);
#1323=CIRCLE('',#1322,2.000000121273E-1);
#1348=B_SPLINE_CURVE_WITH_KNOTS('',3,(#1340,#1341,#1342,#1343,#1344,#1345,#1346,
#1347),.UNSPECIFIED.,.F.,.F.,(4,1,1,1,1,4),(0.E0,2.E-1,4.E-1,6.E-1,8.E-1,1.E0),
.UNSPECIFIED.);
#1354=B_SPLINE_CURVE_WITH_KNOTS('',3,(#1349,#1350,#1351,#1352,#1353),
.UNSPECIFIED.,.F.,.F.,(4,1,4),(0.E0,5.E-1,1.E0),.UNSPECIFIED.);
#1359=CIRCLE('',#1358,2.E-1);
#1364=CIRCLE('',#1363,2.E-1);
#1376=B_SPLINE_CURVE_WITH_KNOTS('',3,(#1365,#1366,#1367,#1368,#1369,#1370,#1371,
#1372,#1373,#1374,#1375),.UNSPECIFIED.,.F.,.F.,(4,1,1,1,1,1,1,1,4),(0.E0,
1.25E-1,2.5E-1,3.75E-1,5.E-1,6.25E-1,7.5E-1,8.75E-1,1.E0),.UNSPECIFIED.);
#1381=CIRCLE('',#1380,2.000000223705E-1);
#1394=B_SPLINE_CURVE_WITH_KNOTS('',3,(#1382,#1383,#1384,#1385,#1386,#1387,#1388,
#1389,#1390,#1391,#1392,#1393),.UNSPECIFIED.,.F.,.F.,(4,1,1,1,1,1,1,1,1,4),
(0.E0,1.111111111111E-1,2.222222222222E-1,3.333333333333E-1,4.444444444444E-1,
5.555555555556E-1,6.666666666667E-1,7.777777777778E-1,8.888888888889E-1,1.E0),
.UNSPECIFIED.);
#1403=CIRCLE('',#1402,1.8E0);
#1412=CIRCLE('',#1411,1.8E0);
#1425=CIRCLE('',#1424,2.E-1);
#1430=CIRCLE('',#1429,2.E0);
#1435=CIRCLE('',#1434,2.E0);
#1440=CIRCLE('',#1439,2.E-1);
#1445=CIRCLE('',#1444,2.E-1);
#1450=CIRCLE('',#1449,2.E-1);
#1455=CIRCLE('',#1454,2.E-1);
#1460=CIRCLE('',#1459,2.E-1);
#1465=CIRCLE('',#1464,2.E0);
#1470=CIRCLE('',#1469,2.E0);
#1475=CIRCLE('',#1474,2.E-1);
#1480=CIRCLE('',#1479,2.E-1);
#1501=CIRCLE('',#1500,2.E-1);
#1512=B_SPLINE_CURVE_WITH_KNOTS('',3,(#1502,#1503,#1504,#1505,#1506,#1507,#1508,
#1509,#1510,#1511),.UNSPECIFIED.,.F.,.F.,(4,1,1,1,1,1,1,4),(0.E0,
1.428571428571E-1,2.857142857143E-1,4.285714285714E-1,5.714285714286E-1,
7.142857142857E-1,8.571428571429E-1,1.E0),.UNSPECIFIED.);
#1523=B_SPLINE_CURVE_WITH_KNOTS('',3,(#1513,#1514,#1515,#1516,#1517,#1518,#1519,
#1520,#1521,#1522),.UNSPECIFIED.,.F.,.F.,(4,1,1,1,1,1,1,4),(0.E0,
1.428571428571E-1,2.857142857143E-1,4.285714285714E-1,5.714285714286E-1,
7.142857142857E-1,8.571428571429E-1,1.E0),.UNSPECIFIED.);
#1632=EDGE_CURVE('',#1600,#1601,#891,.T.);
#1634=EDGE_CURVE('',#1542,#1600,#896,.T.);
#1636=EDGE_CURVE('',#1570,#1542,#901,.T.);
#1638=EDGE_CURVE('',#1601,#1570,#1304,.T.);
#1648=EDGE_CURVE('',#1599,#1600,#905,.T.);
#1651=EDGE_CURVE('',#1601,#1602,#1298,.T.);
#1653=EDGE_CURVE('',#1602,#1603,#1286,.T.);
#1655=EDGE_CURVE('',#1605,#1603,#1230,.T.);
#1657=EDGE_CURVE('',#1605,#1596,#1210,.T.);
#1659=EDGE_CURVE('',#1596,#1607,#1188,.T.);
#1661=EDGE_CURVE('',#1607,#1599,#929,.T.);
#1672=EDGE_CURVE('',#1599,#1543,#924,.T.);
#1674=EDGE_CURVE('',#1542,#1543,#1327,.T.);
#1685=EDGE_CURVE('',#1576,#1579,#910,.T.);
#1687=EDGE_CURVE('',#1567,#1576,#915,.T.);
#1689=EDGE_CURVE('',#1567,#1543,#919,.T.);
#1693=EDGE_CURVE('',#1607,#1618,#933,.T.);
#1695=EDGE_CURVE('',#1617,#1618,#938,.T.);
#1697=EDGE_CURVE('',#1617,#1622,#942,.T.);
#1699=EDGE_CURVE('',#1621,#1622,#947,.T.);
#1701=EDGE_CURVE('',#1621,#1579,#951,.T.);
#1711=EDGE_CURVE('',#1571,#1572,#984,.T.);
#1713=EDGE_CURVE('',#1572,#1573,#1376,.T.);
#1715=EDGE_CURVE('',#1573,#1574,#1348,.T.);
#1717=EDGE_CURVE('',#1574,#1576,#1339,.T.);
#1720=EDGE_CURVE('',#1579,#1580,#1070,.T.);
#1722=EDGE_CURVE('',#1580,#1582,#1512,.T.);
#1724=EDGE_CURVE('',#1571,#1582,#993,.T.);
#1735=EDGE_CURVE('',#1553,#1571,#1016,.T.);
#1737=EDGE_CURVE('',#1546,#1553,#989,.T.);
#1739=EDGE_CURVE('',#1546,#1547,#1398,.T.);
#1741=EDGE_CURVE('',#1547,#1572,#1381,.T.);
#1752=EDGE_CURVE('',#1610,#1582,#1004,.T.);
#1754=EDGE_CURVE('',#1610,#1530,#1008,.T.);
#1756=EDGE_CURVE('',#1530,#1553,#1012,.T.);
#1807=EDGE_CURVE('',#1610,#1588,#1032,.T.);
#1810=EDGE_CURVE('',#1582,#1614,#1501,.T.);
#1812=EDGE_CURVE('',#1588,#1614,#1027,.T.);
#1823=EDGE_CURVE('',#1588,#1526,#1066,.T.);
#1825=EDGE_CURVE('',#1526,#1530,#1440,.T.);
#1836=EDGE_CURVE('',#1587,#1588,#1036,.T.);
#1838=EDGE_CURVE('',#1591,#1587,#1040,.T.);
#1840=EDGE_CURVE('',#1591,#1592,#1044,.T.);
#1842=EDGE_CURVE('',#1537,#1592,#1048,.T.);
#1844=EDGE_CURVE('',#1533,#1537,#1053,.T.);
#1846=EDGE_CURVE('',#1527,#1533,#1057,.T.);
#1848=EDGE_CURVE('',#1526,#1527,#1062,.T.);
#1859=EDGE_CURVE('',#1584,#1580,#1078,.T.);
#1861=EDGE_CURVE('',#1584,#1587,#1121,.T.);
#1865=EDGE_CURVE('',#1614,#1580,#1523,.T.);
#1877=EDGE_CURVE('',#1584,#1621,#1074,.T.);
#1888=EDGE_CURVE('',#1626,#1584,#1083,.T.);
#1892=EDGE_CURVE('',#1626,#1622,#1129,.T.);
#1979=EDGE_CURVE('',#1587,#1626,#1102,.T.);
#1990=EDGE_CURVE('',#1625,#1626,#1125,.T.);
#1992=EDGE_CURVE('',#1625,#1591,#1176,.T.);
#2007=EDGE_CURVE('',#1625,#1617,#1133,.T.);
#2017=EDGE_CURVE('',#1595,#1625,#1138,.T.);
#2021=EDGE_CURVE('',#1595,#1618,#1184,.T.);
#2108=EDGE_CURVE('',#1591,#1595,#1157,.T.);
#2121=EDGE_CURVE('',#1595,#1596,#1180,.T.);
#2123=EDGE_CURVE('',#1596,#1612,#1199,.T.);
#2125=EDGE_CURVE('',#1612,#1592,#1221,.T.);
#2191=EDGE_CURVE('',#1605,#1612,#1226,.T.);
#2243=EDGE_CURVE('',#1605,#1608,#1253,.T.);
#2245=EDGE_CURVE('',#1608,#1592,#1455,.T.);
#2258=EDGE_CURVE('',#1603,#1561,#1234,.T.);
#2260=EDGE_CURVE('',#1539,#1561,#1238,.T.);
#2262=EDGE_CURVE('',#1539,#1608,#1242,.T.);
#2274=EDGE_CURVE('',#1602,#1563,#1323,.T.);
#2276=EDGE_CURVE('',#1563,#1559,#1416,.T.);
#2278=EDGE_CURVE('',#1559,#1561,#1475,.T.);
#2343=EDGE_CURVE('',#1563,#1570,#1318,.T.);
#2354=EDGE_CURVE('',#1566,#1542,#1335,.T.);
#2356=EDGE_CURVE('',#1566,#1569,#1359,.T.);
#2358=EDGE_CURVE('',#1569,#1547,#1394,.T.);
#2360=EDGE_CURVE('',#1547,#1563,#1420,.T.);
#2374=EDGE_CURVE('',#1566,#1567,#1331,.T.);
#2386=EDGE_CURVE('',#1574,#1566,#1364,.T.);
#2399=EDGE_CURVE('',#1573,#1569,#1354,.T.);
#2472=EDGE_CURVE('',#1549,#1546,#1403,.T.);
#2474=EDGE_CURVE('',#1555,#1549,#1407,.T.);
#2476=EDGE_CURVE('',#1559,#1555,#1412,.T.);
#2490=EDGE_CURVE('',#1552,#1553,#1435,.T.);
#2492=EDGE_CURVE('',#1549,#1552,#1425,.T.);
#2502=EDGE_CURVE('',#1530,#1531,#1430,.T.);
#2504=EDGE_CURVE('',#1531,#1552,#1496,.T.);
#2517=EDGE_CURVE('',#1527,#1531,#1445,.T.);
#2530=EDGE_CURVE('',#1533,#1535,#1450,.T.);
#2532=EDGE_CURVE('',#1531,#1535,#1484,.T.);
#2544=EDGE_CURVE('',#1537,#1539,#1460,.T.);
#2546=EDGE_CURVE('',#1535,#1539,#1465,.T.);
#2571=EDGE_CURVE('',#1561,#1557,#1470,.T.);
#2573=EDGE_CURVE('',#1535,#1557,#1488,.T.);
#2584=EDGE_CURVE('',#1555,#1557,#1480,.T.);
#2598=EDGE_CURVE('',#1557,#1552,#1492,.T.);
#2671=CLOSED_SHELL('',(#1642,#1665,#1679,#1705,#1728,#1745,#1761,#1816,#1830,
#1853,#1869,#1882,#1896,#1984,#1998,#2011,#2025,#2113,#2129,#2141,#2197,#2251,
#2267,#2283,#2348,#2366,#2379,#2392,#2405,#2465,#2482,#2496,#2510,#2523,#2537,
#2551,#2563,#2577,#2590,#2603,#2615,#2670));
#2672=MANIFOLD_SOLID_BREP('',#2671);
#2681=B_SPLINE_CURVE_WITH_KNOTS('',3,(#2673,#2674,#2675,#2676,#2677,#2678,#2679,
#2680),.UNSPECIFIED.,.F.,.F.,(4,1,1,1,1,4),(0.E0,2.E-1,4.E-1,6.E-1,8.E-1,1.E0),
.UNSPECIFIED.);
#2686=CIRCLE('',#2685,2.E-1);
#2691=CIRCLE('',#2690,2.E-1);
#2700=CIRCLE('',#2699,1.5E0);
#2705=CIRCLE('',#2704,2.E-1);
#2714=CIRCLE('',#2713,2.E-1);
#2719=CIRCLE('',#2718,1.5E0);
#2728=CIRCLE('',#2727,2.E-1);
#2737=CIRCLE('',#2736,2.E-1);
#2774=B_SPLINE_CURVE_WITH_KNOTS('',3,(#2742,#2743,#2744,#2745,#2746,#2747,#2748,
#2749,#2750,#2751,#2752,#2753,#2754,#2755,#2756,#2757,#2758,#2759,#2760,#2761,
#2762,#2763,#2764,#2765,#2766,#2767,#2768,#2769,#2770,#2771,#2772,#2773),
.UNSPECIFIED.,.F.,.F.,(4,1,1,1,1,1,1,1,1,1,1,1,1,1,1,1,1,1,1,1,1,1,1,1,1,1,1,1,
1,4),(0.E0,3.448275862069E-2,6.896551724138E-2,1.034482758621E-1,
1.379310344828E-1,1.724137931034E-1,2.068965517241E-1,2.413793103448E-1,
2.758620689655E-1,3.103448275862E-1,3.448275862069E-1,3.793103448276E-1,
4.137931034483E-1,4.482758620690E-1,4.827586206897E-1,5.172413793103E-1,
5.517241379310E-1,5.862068965517E-1,6.206896551724E-1,6.551724137931E-1,
6.896551724138E-1,7.241379310345E-1,7.586206896552E-1,7.931034482759E-1,
8.275862068966E-1,8.620689655172E-1,8.965517241379E-1,9.310344827586E-1,
9.655172413793E-1,1.E0),.UNSPECIFIED.);
#2779=CIRCLE('',#2778,2.E-1);
#2794=B_SPLINE_CURVE_WITH_KNOTS('',3,(#2784,#2785,#2786,#2787,#2788,#2789,#2790,
#2791,#2792,#2793),.UNSPECIFIED.,.F.,.F.,(4,1,1,1,1,1,1,4),(0.E0,
1.428571428571E-1,2.857142857143E-1,4.285714285714E-1,5.714285714286E-1,
7.142857142857E-1,8.571428571429E-1,1.E0),.UNSPECIFIED.);
#2817=B_SPLINE_CURVE_WITH_KNOTS('',3,(#2807,#2808,#2809,#2810,#2811,#2812,#2813,
#2814,#2815,#2816),.UNSPECIFIED.,.F.,.F.,(4,1,1,1,1,1,1,4),(0.E0,
1.428571428571E-1,2.857142857143E-1,4.285714285714E-1,5.714285714286E-1,
7.142857142857E-1,8.571428571429E-1,1.E0),.UNSPECIFIED.);
#2822=CIRCLE('',#2821,2.E-1);
#2843=CIRCLE('',#2842,1.8E0);
#2852=CIRCLE('',#2851,1.8E0);
#2873=CIRCLE('',#2872,2.E-1);
#2892=B_SPLINE_CURVE_WITH_KNOTS('',3,(#2874,#2875,#2876,#2877,#2878,#2879,#2880,
#2881,#2882,#2883,#2884,#2885,#2886,#2887,#2888,#2889,#2890,#2891),
.UNSPECIFIED.,.F.,.F.,(4,1,1,1,1,1,1,1,1,1,1,1,1,1,1,4),(0.E0,6.666666666667E-2,
1.333333333333E-1,2.E-1,2.666666666667E-1,3.333333333333E-1,4.E-1,
4.666666666667E-1,5.333333333333E-1,6.E-1,6.666666666667E-1,7.333333333333E-1,
8.E-1,8.666666666667E-1,9.333333333333E-1,1.E0),.UNSPECIFIED.);
#2911=B_SPLINE_CURVE_WITH_KNOTS('',3,(#2893,#2894,#2895,#2896,#2897,#2898,#2899,
#2900,#2901,#2902,#2903,#2904,#2905,#2906,#2907,#2908,#2909,#2910),
.UNSPECIFIED.,.F.,.F.,(4,1,1,1,1,1,1,1,1,1,1,1,1,1,1,4),(0.E0,6.666666666667E-2,
1.333333333333E-1,2.E-1,2.666666666667E-1,3.333333333333E-1,4.E-1,
4.666666666667E-1,5.333333333333E-1,6.E-1,6.666666666667E-1,7.333333333333E-1,
8.E-1,8.666666666667E-1,9.333333333333E-1,1.E0),.UNSPECIFIED.);
#2928=CIRCLE('',#2927,2.E-1);
#2947=B_SPLINE_CURVE_WITH_KNOTS('',3,(#2929,#2930,#2931,#2932,#2933,#2934,#2935,
#2936,#2937,#2938,#2939,#2940,#2941,#2942,#2943,#2944,#2945,#2946),
.UNSPECIFIED.,.F.,.F.,(4,1,1,1,1,1,1,1,1,1,1,1,1,1,1,4),(0.E0,6.666666666667E-2,
1.333333333333E-1,2.E-1,2.666666666667E-1,3.333333333333E-1,4.E-1,
4.666666666667E-1,5.333333333333E-1,6.E-1,6.666666666667E-1,7.333333333333E-1,
8.E-1,8.666666666667E-1,9.333333333333E-1,1.E0),.UNSPECIFIED.);
#2966=B_SPLINE_CURVE_WITH_KNOTS('',3,(#2948,#2949,#2950,#2951,#2952,#2953,#2954,
#2955,#2956,#2957,#2958,#2959,#2960,#2961,#2962,#2963,#2964,#2965),
.UNSPECIFIED.,.F.,.F.,(4,1,1,1,1,1,1,1,1,1,1,1,1,1,1,4),(0.E0,6.666666666667E-2,
1.333333333333E-1,2.E-1,2.666666666667E-1,3.333333333333E-1,4.E-1,
4.666666666667E-1,5.333333333333E-1,6.E-1,6.666666666667E-1,7.333333333333E-1,
8.E-1,8.666666666667E-1,9.333333333333E-1,1.E0),.UNSPECIFIED.);
#2989=B_SPLINE_CURVE_WITH_KNOTS('',3,(#2979,#2980,#2981,#2982,#2983,#2984,#2985,
#2986,#2987,#2988),.UNSPECIFIED.,.F.,.F.,(4,1,1,1,1,1,1,4),(0.E0,
1.428571428571E-1,2.857142857143E-1,4.285714285714E-1,5.714285714286E-1,
7.142857142857E-1,8.571428571429E-1,1.E0),.UNSPECIFIED.);
#3000=B_SPLINE_CURVE_WITH_KNOTS('',3,(#2990,#2991,#2992,#2993,#2994,#2995,#2996,
#2997,#2998,#2999),.UNSPECIFIED.,.F.,.F.,(4,1,1,1,1,1,1,4),(0.E0,
1.428571428571E-1,2.857142857143E-1,4.285714285714E-1,5.714285714286E-1,
7.142857142857E-1,8.571428571429E-1,1.E0),.UNSPECIFIED.);
#3011=B_SPLINE_CURVE_WITH_KNOTS('',3,(#3001,#3002,#3003,#3004,#3005,#3006,#3007,
#3008,#3009,#3010),.UNSPECIFIED.,.F.,.F.,(4,1,1,1,1,1,1,4),(0.E0,
1.428571428571E-1,2.857142857143E-1,4.285714285714E-1,5.714285714286E-1,
7.142857142857E-1,8.571428571429E-1,1.E0),.UNSPECIFIED.);
#3016=CIRCLE('',#3015,2.E-1);
#3043=B_SPLINE_CURVE_WITH_KNOTS('',3,(#3033,#3034,#3035,#3036,#3037,#3038,#3039,
#3040,#3041,#3042),.UNSPECIFIED.,.F.,.F.,(4,1,1,1,1,1,1,4),(0.E0,
1.428571428571E-1,2.857142857143E-1,4.285714285714E-1,5.714285714286E-1,
7.142857142857E-1,8.571428571429E-1,1.E0),.UNSPECIFIED.);
#3076=B_SPLINE_CURVE_WITH_KNOTS('',3,(#3044,#3045,#3046,#3047,#3048,#3049,#3050,
#3051,#3052,#3053,#3054,#3055,#3056,#3057,#3058,#3059,#3060,#3061,#3062,#3063,
#3064,#3065,#3066,#3067,#3068,#3069,#3070,#3071,#3072,#3073,#3074,#3075),
.UNSPECIFIED.,.F.,.F.,(4,1,1,1,1,1,1,1,1,1,1,1,1,1,1,1,1,1,1,1,1,1,1,1,1,1,1,1,
1,4),(0.E0,3.448275862069E-2,6.896551724138E-2,1.034482758621E-1,
1.379310344828E-1,1.724137931034E-1,2.068965517241E-1,2.413793103448E-1,
2.758620689655E-1,3.103448275862E-1,3.448275862069E-1,3.793103448276E-1,
4.137931034483E-1,4.482758620690E-1,4.827586206897E-1,5.172413793103E-1,
5.517241379310E-1,5.862068965517E-1,6.206896551724E-1,6.551724137931E-1,
6.896551724138E-1,7.241379310345E-1,7.586206896552E-1,7.931034482759E-1,
8.275862068966E-1,8.620689655172E-1,8.965517241379E-1,9.310344827586E-1,
9.655172413793E-1,1.E0),.UNSPECIFIED.);
#3089=B_SPLINE_CURVE_WITH_KNOTS('',3,(#3077,#3078,#3079,#3080,#3081,#3082,#3083,
#3084,#3085,#3086,#3087,#3088),.UNSPECIFIED.,.F.,.F.,(4,1,1,1,1,1,1,1,1,4),
(0.E0,1.111111111111E-1,2.222222222222E-1,3.333333333333E-1,4.444444444444E-1,
5.555555555556E-1,6.666666666667E-1,7.777777777778E-1,8.888888888889E-1,1.E0),
.UNSPECIFIED.);
#3095=B_SPLINE_CURVE_WITH_KNOTS('',3,(#3090,#3091,#3092,#3093,#3094),
.UNSPECIFIED.,.F.,.F.,(4,1,4),(0.E0,5.E-1,1.E0),.UNSPECIFIED.);
#3109=B_SPLINE_CURVE_WITH_KNOTS('',3,(#3096,#3097,#3098,#3099,#3100,#3101,#3102,
#3103,#3104,#3105,#3106,#3107,#3108),.UNSPECIFIED.,.F.,.F.,(4,1,1,1,1,1,1,1,1,1,
4),(0.E0,1.E-1,2.E-1,3.E-1,4.E-1,5.E-1,6.E-1,7.E-1,8.E-1,9.E-1,1.E0),
.UNSPECIFIED.);
#3114=CIRCLE('',#3113,2.000000121273E-1);
#3139=B_SPLINE_CURVE_WITH_KNOTS('',3,(#3131,#3132,#3133,#3134,#3135,#3136,#3137,
#3138),.UNSPECIFIED.,.F.,.F.,(4,1,1,1,1,4),(0.E0,2.E-1,4.E-1,6.E-1,8.E-1,1.E0),
.UNSPECIFIED.);
#3145=B_SPLINE_CURVE_WITH_KNOTS('',3,(#3140,#3141,#3142,#3143,#3144),
.UNSPECIFIED.,.F.,.F.,(4,1,4),(0.E0,5.E-1,1.E0),.UNSPECIFIED.);
#3150=CIRCLE('',#3149,2.E-1);
#3155=CIRCLE('',#3154,2.E-1);
#3167=B_SPLINE_CURVE_WITH_KNOTS('',3,(#3156,#3157,#3158,#3159,#3160,#3161,#3162,
#3163,#3164,#3165,#3166),.UNSPECIFIED.,.F.,.F.,(4,1,1,1,1,1,1,1,4),(0.E0,
1.25E-1,2.5E-1,3.75E-1,5.E-1,6.25E-1,7.5E-1,8.75E-1,1.E0),.UNSPECIFIED.);
#3172=CIRCLE('',#3171,2.000000223705E-1);
#3185=B_SPLINE_CURVE_WITH_KNOTS('',3,(#3173,#3174,#3175,#3176,#3177,#3178,#3179,
#3180,#3181,#3182,#3183,#3184),.UNSPECIFIED.,.F.,.F.,(4,1,1,1,1,1,1,1,1,4),
(0.E0,1.111111111111E-1,2.222222222222E-1,3.333333333333E-1,4.444444444444E-1,
5.555555555556E-1,6.666666666667E-1,7.777777777778E-1,8.888888888889E-1,1.E0),
.UNSPECIFIED.);
#3194=CIRCLE('',#3193,1.8E0);
#3203=CIRCLE('',#3202,1.8E0);
#3216=CIRCLE('',#3215,2.E-1);
#3221=CIRCLE('',#3220,2.E0);
#3226=CIRCLE('',#3225,2.E0);
#3231=CIRCLE('',#3230,2.E-1);
#3236=CIRCLE('',#3235,2.E-1);
#3241=CIRCLE('',#3240,2.E-1);
#3246=CIRCLE('',#3245,2.E-1);
#3251=CIRCLE('',#3250,2.E-1);
#3256=CIRCLE('',#3255,2.E0);
#3261=CIRCLE('',#3260,2.E0);
#3266=CIRCLE('',#3265,2.E-1);
#3271=CIRCLE('',#3270,2.E-1);
#3292=CIRCLE('',#3291,2.E-1);
#3303=B_SPLINE_CURVE_WITH_KNOTS('',3,(#3293,#3294,#3295,#3296,#3297,#3298,#3299,
#3300,#3301,#3302),.UNSPECIFIED.,.F.,.F.,(4,1,1,1,1,1,1,4),(0.E0,
1.428571428571E-1,2.857142857143E-1,4.285714285714E-1,5.714285714286E-1,
7.142857142857E-1,8.571428571429E-1,1.E0),.UNSPECIFIED.);
#3314=B_SPLINE_CURVE_WITH_KNOTS('',3,(#3304,#3305,#3306,#3307,#3308,#3309,#3310,
#3311,#3312,#3313),.UNSPECIFIED.,.F.,.F.,(4,1,1,1,1,1,1,4),(0.E0,
1.428571428571E-1,2.857142857143E-1,4.285714285714E-1,5.714285714286E-1,
7.142857142857E-1,8.571428571429E-1,1.E0),.UNSPECIFIED.);
#3423=EDGE_CURVE('',#3391,#3392,#2681,.T.);
#3425=EDGE_CURVE('',#3337,#3391,#2686,.T.);
#3427=EDGE_CURVE('',#3361,#3337,#2691,.T.);
#3429=EDGE_CURVE('',#3392,#3361,#3095,.T.);
#3439=EDGE_CURVE('',#3390,#3391,#2695,.T.);
#3442=EDGE_CURVE('',#3392,#3393,#3089,.T.);
#3444=EDGE_CURVE('',#3393,#3394,#3076,.T.);
#3446=EDGE_CURVE('',#3396,#3394,#3020,.T.);
#3448=EDGE_CURVE('',#3396,#3387,#3000,.T.);
#3450=EDGE_CURVE('',#3387,#3398,#2978,.T.);
#3452=EDGE_CURVE('',#3398,#3390,#2719,.T.);
#3463=EDGE_CURVE('',#3390,#3338,#2714,.T.);
#3465=EDGE_CURVE('',#3337,#3338,#3126,.T.);
#3476=EDGE_CURVE('',#3367,#3370,#2700,.T.);
#3478=EDGE_CURVE('',#3334,#3367,#2705,.T.);
#3480=EDGE_CURVE('',#3334,#3338,#2709,.T.);
#3484=EDGE_CURVE('',#3398,#3409,#2723,.T.);
#3486=EDGE_CURVE('',#3408,#3409,#2728,.T.);
#3488=EDGE_CURVE('',#3408,#3413,#2732,.T.);
#3490=EDGE_CURVE('',#3412,#3413,#2737,.T.);
#3492=EDGE_CURVE('',#3412,#3370,#2741,.T.);
#3502=EDGE_CURVE('',#3362,#3363,#2774,.T.);
#3504=EDGE_CURVE('',#3363,#3364,#3167,.T.);
#3506=EDGE_CURVE('',#3364,#3365,#3139,.T.);
#3508=EDGE_CURVE('',#3365,#3367,#3130,.T.);
#3511=EDGE_CURVE('',#3370,#3371,#2860,.T.);
#3513=EDGE_CURVE('',#3371,#3373,#3303,.T.);
#3515=EDGE_CURVE('',#3362,#3373,#2783,.T.);
#3526=EDGE_CURVE('',#3348,#3362,#2806,.T.);
#3528=EDGE_CURVE('',#3341,#3348,#2779,.T.);
#3530=EDGE_CURVE('',#3341,#3342,#3189,.T.);
#3532=EDGE_CURVE('',#3342,#3363,#3172,.T.);
#3543=EDGE_CURVE('',#3401,#3373,#2794,.T.);
#3545=EDGE_CURVE('',#3401,#3321,#2798,.T.);
#3547=EDGE_CURVE('',#3321,#3348,#2802,.T.);
#3598=EDGE_CURVE('',#3401,#3379,#2822,.T.);
#3601=EDGE_CURVE('',#3373,#3405,#3292,.T.);
#3603=EDGE_CURVE('',#3379,#3405,#2817,.T.);
#3614=EDGE_CURVE('',#3379,#3317,#2856,.T.);
#3616=EDGE_CURVE('',#3317,#3321,#3231,.T.);
#3627=EDGE_CURVE('',#3378,#3379,#2826,.T.);
#3629=EDGE_CURVE('',#3382,#3378,#2830,.T.);
#3631=EDGE_CURVE('',#3382,#3383,#2834,.T.);
#3633=EDGE_CURVE('',#3328,#3383,#2838,.T.);
#3635=EDGE_CURVE('',#3324,#3328,#2843,.T.);
#3637=EDGE_CURVE('',#3318,#3324,#2847,.T.);
#3639=EDGE_CURVE('',#3317,#3318,#2852,.T.);
#3650=EDGE_CURVE('',#3375,#3371,#2868,.T.);
#3652=EDGE_CURVE('',#3375,#3378,#2911,.T.);
#3656=EDGE_CURVE('',#3405,#3371,#3314,.T.);
#3668=EDGE_CURVE('',#3375,#3412,#2864,.T.);
#3679=EDGE_CURVE('',#3417,#3375,#2873,.T.);
#3683=EDGE_CURVE('',#3417,#3413,#2919,.T.);
#3770=EDGE_CURVE('',#3378,#3417,#2892,.T.);
#3781=EDGE_CURVE('',#3416,#3417,#2915,.T.);
#3783=EDGE_CURVE('',#3416,#3382,#2966,.T.);
#3798=EDGE_CURVE('',#3416,#3408,#2923,.T.);
#3808=EDGE_CURVE('',#3386,#3416,#2928,.T.);
#3812=EDGE_CURVE('',#3386,#3409,#2974,.T.);
#3899=EDGE_CURVE('',#3382,#3386,#2947,.T.);
#3912=EDGE_CURVE('',#3386,#3387,#2970,.T.);
#3914=EDGE_CURVE('',#3387,#3403,#2989,.T.);
#3916=EDGE_CURVE('',#3403,#3383,#3011,.T.);
#3982=EDGE_CURVE('',#3396,#3403,#3016,.T.);
#4034=EDGE_CURVE('',#3396,#3399,#3043,.T.);
#4036=EDGE_CURVE('',#3399,#3383,#3246,.T.);
#4049=EDGE_CURVE('',#3394,#3356,#3024,.T.);
#4051=EDGE_CURVE('',#3330,#3356,#3028,.T.);
#4053=EDGE_CURVE('',#3330,#3399,#3032,.T.);
#4065=EDGE_CURVE('',#3393,#3358,#3114,.T.);
#4067=EDGE_CURVE('',#3358,#3354,#3207,.T.);
#4069=EDGE_CURVE('',#3354,#3356,#3266,.T.);
#4134=EDGE_CURVE('',#3358,#3361,#3109,.T.);
#4145=EDGE_CURVE('',#3333,#3337,#3122,.T.);
#4147=EDGE_CURVE('',#3333,#3360,#3150,.T.);
#4149=EDGE_CURVE('',#3360,#3342,#3185,.T.);
#4151=EDGE_CURVE('',#3342,#3358,#3211,.T.);
#4163=EDGE_CURVE('',#3333,#3334,#3118,.T.);
#4177=EDGE_CURVE('',#3365,#3333,#3155,.T.);
#4190=EDGE_CURVE('',#3364,#3360,#3145,.T.);
#4263=EDGE_CURVE('',#3344,#3341,#3194,.T.);
#4265=EDGE_CURVE('',#3350,#3344,#3198,.T.);
#4267=EDGE_CURVE('',#3354,#3350,#3203,.T.);
#4281=EDGE_CURVE('',#3347,#3348,#3226,.T.);
#4283=EDGE_CURVE('',#3344,#3347,#3216,.T.);
#4293=EDGE_CURVE('',#3321,#3322,#3221,.T.);
#4295=EDGE_CURVE('',#3322,#3347,#3287,.T.);
#4308=EDGE_CURVE('',#3318,#3322,#3236,.T.);
#4321=EDGE_CURVE('',#3324,#3326,#3241,.T.);
#4323=EDGE_CURVE('',#3322,#3326,#3275,.T.);
#4335=EDGE_CURVE('',#3328,#3330,#3251,.T.);
#4337=EDGE_CURVE('',#3326,#3330,#3256,.T.);
#4362=EDGE_CURVE('',#3356,#3352,#3261,.T.);
#4364=EDGE_CURVE('',#3326,#3352,#3279,.T.);
#4375=EDGE_CURVE('',#3350,#3352,#3271,.T.);
#4389=EDGE_CURVE('',#3352,#3347,#3283,.T.);
#4462=CLOSED_SHELL('',(#3433,#3456,#3470,#3496,#3519,#3536,#3552,#3607,#3621,
#3644,#3660,#3673,#3687,#3775,#3789,#3802,#3816,#3904,#3920,#3932,#3988,#4042,
#4058,#4074,#4139,#4157,#4170,#4183,#4196,#4256,#4273,#4287,#4301,#4314,#4328,
#4342,#4354,#4368,#4381,#4394,#4406,#4461));
#4463=MANIFOLD_SOLID_BREP('',#4462);
#4464=(LENGTH_UNIT()NAMED_UNIT(*)SI_UNIT(.MILLI.,.METRE.));
#4466=(NAMED_UNIT(*)PLANE_ANGLE_UNIT()SI_UNIT($,.RADIAN.));
#4469=(NAMED_UNIT(*)SI_UNIT($,.STERADIAN.)SOLID_ANGLE_UNIT());
#4472=ADVANCED_BREP_SHAPE_REPRESENTATION('',(#882,#2672,#4463),#4471);
#4479=PRODUCT_DEFINITION('design','',#4478,#4475);
#4480=PRODUCT_DEFINITION_SHAPE('','SHAPE FOR MOUNTINGCLIP.',#4479);
#4481=SHAPE_DEFINITION_REPRESENTATION(#4480,#4472);
ENDSEC;
END-ISO-10303-21;
