ISO-10303-21;
HEADER;
FILE_DESCRIPTION((''),'2;1');
FILE_NAME('ATACHEMENTROPE','2026-08-08T18:58:12',('Julian'),(''),
'CREO PARAMETRIC BY PTC INC, 2025102','CREO PARAMETRIC BY PTC INC, 2025102','');
FILE_SCHEMA(('CONFIG_CONTROL_DESIGN'));
ENDSEC;
DATA;
#1=DIRECTION('',(1.E0,4.367478316550E-9,-1.041970109602E-9));
#2=VECTOR('',#1,1.717157266042E0);
#3=CARTESIAN_POINT('',(-1.475E1,-1.1E1,7.E0));
#4=LINE('',#3,#2);
#5=DIRECTION('',(0.E0,-1.E0,0.E0));
#6=VECTOR('',#5,2.2E1);
#7=CARTESIAN_POINT('',(-1.475E1,1.1E1,7.E0));
#8=LINE('',#7,#6);
#9=DIRECTION('',(1.E0,-7.727681866162E-9,3.752300697876E-9));
#10=VECTOR('',#9,1.717157249514E0);
#11=CARTESIAN_POINT('',(-1.475E1,1.1E1,7.E0));
#12=LINE('',#11,#10);
#13=DIRECTION('',(-7.071067983616E-1,7.071067640115E-1,4.315974713281E-9));
#14=VECTOR('',#13,1.492893236308E0);
#15=CARTESIAN_POINT('',(-1.197720779386E1,9.944365081390E0,7.E0));
#16=LINE('',#15,#14);
#17=CARTESIAN_POINT('',(-1.325E1,8.671572875254E0,7.E0));
#18=DIRECTION('',(0.E0,0.E0,1.E0));
#19=DIRECTION('',(1.E0,0.E0,0.E0));
#20=AXIS2_PLACEMENT_3D('',#17,#18,#19);
#22=DIRECTION('',(0.E0,1.E0,0.E0));
#23=VECTOR('',#22,1.734314575051E1);
#24=CARTESIAN_POINT('',(-1.145E1,-8.671572875254E0,7.E0));
#25=LINE('',#24,#23);
#26=CARTESIAN_POINT('',(-1.325E1,-8.671572875254E0,7.E0));
#27=DIRECTION('',(0.E0,0.E0,1.E0));
#28=DIRECTION('',(7.071067811866E-1,-7.071067811865E-1,0.E0));
#29=AXIS2_PLACEMENT_3D('',#26,#27,#28);
#31=DIRECTION('',(7.071067908937E-1,7.071067714794E-1,1.198495987726E-9));
#32=VECTOR('',#31,1.492893228702E0);
#33=CARTESIAN_POINT('',(-1.303284273396E1,-1.099999999250E1,6.999999998211E0));
#34=LINE('',#33,#32);
#35=DIRECTION('',(-1.E0,-4.367478316550E-9,-1.041970626840E-9));
#36=VECTOR('',#35,1.717157266042E0);
#37=CARTESIAN_POINT('',(1.475E1,1.1E1,7.E0));
#38=LINE('',#37,#36);
#39=DIRECTION('',(0.E0,1.E0,0.E0));
#40=VECTOR('',#39,2.2E1);
#41=CARTESIAN_POINT('',(1.475E1,-1.1E1,7.E0));
#42=LINE('',#41,#40);
#43=DIRECTION('',(-1.E0,7.727681866162E-9,3.752300697876E-9));
#44=VECTOR('',#43,1.717157249514E0);
#45=CARTESIAN_POINT('',(1.475E1,-1.1E1,7.E0));
#46=LINE('',#45,#44);
#47=DIRECTION('',(7.071067983616E-1,-7.071067640115E-1,4.315975308219E-9));
#48=VECTOR('',#47,1.492893236308E0);
#49=CARTESIAN_POINT('',(1.197720779386E1,-9.944365081390E0,7.E0));
#50=LINE('',#49,#48);
#51=CARTESIAN_POINT('',(1.325E1,-8.671572875254E0,7.E0));
#52=DIRECTION('',(0.E0,0.E0,1.E0));
#53=DIRECTION('',(-1.E0,0.E0,0.E0));
#54=AXIS2_PLACEMENT_3D('',#51,#52,#53);
#56=DIRECTION('',(0.E0,-1.E0,0.E0));
#57=VECTOR('',#56,1.734314575051E1);
#58=CARTESIAN_POINT('',(1.145E1,8.671572875254E0,7.E0));
#59=LINE('',#58,#57);
#60=CARTESIAN_POINT('',(1.325E1,8.671572875254E0,7.E0));
#61=DIRECTION('',(0.E0,0.E0,1.E0));
#62=DIRECTION('',(-7.071067811866E-1,7.071067811865E-1,0.E0));
#63=AXIS2_PLACEMENT_3D('',#60,#61,#62);
#65=DIRECTION('',(-7.071067908937E-1,-7.071067714794E-1,1.198495987726E-9));
#66=VECTOR('',#65,1.492893228702E0);
#67=CARTESIAN_POINT('',(1.303284273396E1,1.099999999250E1,6.999999998211E0));
#68=LINE('',#67,#66);
#69=DIRECTION('',(1.E0,0.E0,0.E0));
#70=VECTOR('',#69,1.178679656440E0);
#71=CARTESIAN_POINT('',(-1.605E1,-1.25E1,0.E0));
#72=LINE('',#71,#70);
#73=DIRECTION('',(-2.842170943046E-14,-2.098638160227E-8,-1.E0));
#74=VECTOR('',#73,5.499999999988E0);
#75=CARTESIAN_POINT('',(-1.605E1,-1.249999988457E1,5.499999999988E0));
#76=LINE('',#75,#74);
#77=DIRECTION('',(1.E0,-9.792745482758E-8,9.869824152533E-12));
#78=VECTOR('',#77,1.178679656440E0);
#79=CARTESIAN_POINT('',(-1.605E1,-1.249999988457E1,5.499999999988E0));
#80=LINE('',#79,#78);
#81=DIRECTION('',(0.E0,0.E0,1.E0));
#82=VECTOR('',#81,5.5E0);
#83=CARTESIAN_POINT('',(-1.487132034356E1,-1.25E1,0.E0));
#84=LINE('',#83,#82);
#85=DIRECTION('',(-7.071067811866E-1,7.071067811865E-1,0.E0));
#86=VECTOR('',#85,1.838477631085E0);
#87=CARTESIAN_POINT('',(1.265E1,-2.625E1,0.E0));
#88=LINE('',#87,#86);
#89=DIRECTION('',(-7.071067811865E-1,-7.071067811866E-1,0.E0));
#90=VECTOR('',#89,1.838477631085E0);
#91=CARTESIAN_POINT('',(1.395E1,-2.495E1,0.E0));
#92=LINE('',#91,#90);
#93=DIRECTION('',(-7.071067811866E-1,7.071067811865E-1,0.E0));
#94=VECTOR('',#93,1.838477631085E0);
#95=CARTESIAN_POINT('',(1.525E1,-2.625E1,0.E0));
#96=LINE('',#95,#94);
#97=DIRECTION('',(-1.E0,0.E0,0.E0));
#98=VECTOR('',#97,1.E0);
#99=CARTESIAN_POINT('',(1.625E1,-2.625E1,0.E0));
#100=LINE('',#99,#98);
#101=DIRECTION('',(0.E0,1.E0,0.E0));
#102=VECTOR('',#101,3.75E0);
#103=CARTESIAN_POINT('',(1.625E1,-3.E1,0.E0));
#104=LINE('',#103,#102);
#105=DIRECTION('',(1.E0,0.E0,0.E0));
#106=VECTOR('',#105,3.25E1);
#107=CARTESIAN_POINT('',(-1.625E1,-3.E1,0.E0));
#108=LINE('',#107,#106);
#109=DIRECTION('',(0.E0,-1.E0,0.E0));
#110=VECTOR('',#109,3.75E0);
#111=CARTESIAN_POINT('',(-1.625E1,-2.625E1,0.E0));
#112=LINE('',#111,#110);
#113=DIRECTION('',(-1.E0,0.E0,0.E0));
#114=VECTOR('',#113,5.5E0);
#115=CARTESIAN_POINT('',(-1.075E1,-2.625E1,0.E0));
#116=LINE('',#115,#114);
#117=DIRECTION('',(-7.071067811865E-1,-7.071067811865E-1,0.E0));
#118=VECTOR('',#117,1.838477631085E0);
#119=CARTESIAN_POINT('',(-9.45E0,-2.495E1,0.E0));
#120=LINE('',#119,#118);
#121=DIRECTION('',(-7.071067811866E-1,7.071067811865E-1,0.E0));
#122=VECTOR('',#121,1.838477631085E0);
#123=CARTESIAN_POINT('',(-8.15E0,-2.625E1,0.E0));
#124=LINE('',#123,#122);
#125=DIRECTION('',(-7.071067811865E-1,-7.071067811866E-1,0.E0));
#126=VECTOR('',#125,1.838477631085E0);
#127=CARTESIAN_POINT('',(-6.85E0,-2.495E1,0.E0));
#128=LINE('',#127,#126);
#129=DIRECTION('',(-7.071067811866E-1,7.071067811865E-1,0.E0));
#130=VECTOR('',#129,1.838477631085E0);
#131=CARTESIAN_POINT('',(-5.55E0,-2.625E1,0.E0));
#132=LINE('',#131,#130);
#133=DIRECTION('',(-7.071067811865E-1,-7.071067811866E-1,0.E0));
#134=VECTOR('',#133,1.838477631085E0);
#135=CARTESIAN_POINT('',(-4.25E0,-2.495E1,0.E0));
#136=LINE('',#135,#134);
#137=DIRECTION('',(-7.071067811866E-1,7.071067811865E-1,0.E0));
#138=VECTOR('',#137,1.838477631085E0);
#139=CARTESIAN_POINT('',(-2.95E0,-2.625E1,0.E0));
#140=LINE('',#139,#138);
#141=DIRECTION('',(-7.071067811865E-1,-7.071067811866E-1,0.E0));
#142=VECTOR('',#141,1.838477631085E0);
#143=CARTESIAN_POINT('',(-1.65E0,-2.495E1,0.E0));
#144=LINE('',#143,#142);
#145=DIRECTION('',(-7.071067811866E-1,7.071067811865E-1,0.E0));
#146=VECTOR('',#145,1.838477631085E0);
#147=CARTESIAN_POINT('',(-3.500000000001E-1,-2.625E1,0.E0));
#148=LINE('',#147,#146);
#149=DIRECTION('',(-7.071067811865E-1,-7.071067811866E-1,0.E0));
#150=VECTOR('',#149,1.838477631085E0);
#151=CARTESIAN_POINT('',(9.499999999999E-1,-2.495E1,0.E0));
#152=LINE('',#151,#150);
#153=DIRECTION('',(-7.071067811866E-1,7.071067811865E-1,0.E0));
#154=VECTOR('',#153,1.838477631085E0);
#155=CARTESIAN_POINT('',(2.25E0,-2.625E1,0.E0));
#156=LINE('',#155,#154);
#157=DIRECTION('',(-7.071067811865E-1,-7.071067811866E-1,0.E0));
#158=VECTOR('',#157,1.838477631085E0);
#159=CARTESIAN_POINT('',(3.55E0,-2.495E1,0.E0));
#160=LINE('',#159,#158);
#161=DIRECTION('',(-7.071067811866E-1,7.071067811865E-1,0.E0));
#162=VECTOR('',#161,1.838477631085E0);
#163=CARTESIAN_POINT('',(4.85E0,-2.625E1,0.E0));
#164=LINE('',#163,#162);
#165=DIRECTION('',(-7.071067811865E-1,-7.071067811866E-1,0.E0));
#166=VECTOR('',#165,1.838477631085E0);
#167=CARTESIAN_POINT('',(6.15E0,-2.495E1,0.E0));
#168=LINE('',#167,#166);
#169=DIRECTION('',(-7.071067811866E-1,7.071067811865E-1,0.E0));
#170=VECTOR('',#169,1.838477631085E0);
#171=CARTESIAN_POINT('',(7.45E0,-2.625E1,0.E0));
#172=LINE('',#171,#170);
#173=DIRECTION('',(-7.071067811865E-1,-7.071067811866E-1,0.E0));
#174=VECTOR('',#173,1.838477631085E0);
#175=CARTESIAN_POINT('',(8.75E0,-2.495E1,0.E0));
#176=LINE('',#175,#174);
#177=DIRECTION('',(-7.071067811866E-1,7.071067811865E-1,0.E0));
#178=VECTOR('',#177,1.838477631085E0);
#179=CARTESIAN_POINT('',(1.005E1,-2.625E1,0.E0));
#180=LINE('',#179,#178);
#181=DIRECTION('',(-7.071067811865E-1,-7.071067811866E-1,0.E0));
#182=VECTOR('',#181,1.838477631085E0);
#183=CARTESIAN_POINT('',(1.135E1,-2.495E1,0.E0));
#184=LINE('',#183,#182);
#185=DIRECTION('',(-1.E0,0.E0,0.E0));
#186=VECTOR('',#185,1.E0);
#187=CARTESIAN_POINT('',(1.625E1,-2.175E1,0.E0));
#188=LINE('',#187,#186);
#189=DIRECTION('',(7.071067811865E-1,7.071067811865E-1,0.E0));
#190=VECTOR('',#189,1.838477631085E0);
#191=CARTESIAN_POINT('',(1.395E1,-2.305E1,0.E0));
#192=LINE('',#191,#190);
#193=DIRECTION('',(7.071067811865E-1,-7.071067811866E-1,0.E0));
#194=VECTOR('',#193,1.838477631085E0);
#195=CARTESIAN_POINT('',(1.265E1,-2.175E1,0.E0));
#196=LINE('',#195,#194);
#197=DIRECTION('',(7.071067811865E-1,7.071067811865E-1,0.E0));
#198=VECTOR('',#197,1.838477631085E0);
#199=CARTESIAN_POINT('',(1.135E1,-2.305E1,0.E0));
#200=LINE('',#199,#198);
#201=DIRECTION('',(7.071067811865E-1,-7.071067811866E-1,0.E0));
#202=VECTOR('',#201,1.838477631085E0);
#203=CARTESIAN_POINT('',(1.005E1,-2.175E1,0.E0));
#204=LINE('',#203,#202);
#205=DIRECTION('',(7.071067811866E-1,7.071067811865E-1,0.E0));
#206=VECTOR('',#205,1.838477631085E0);
#207=CARTESIAN_POINT('',(8.75E0,-2.305E1,0.E0));
#208=LINE('',#207,#206);
#209=DIRECTION('',(7.071067811865E-1,-7.071067811866E-1,0.E0));
#210=VECTOR('',#209,1.838477631085E0);
#211=CARTESIAN_POINT('',(7.45E0,-2.175E1,0.E0));
#212=LINE('',#211,#210);
#213=DIRECTION('',(7.071067811865E-1,7.071067811865E-1,0.E0));
#214=VECTOR('',#213,1.838477631085E0);
#215=CARTESIAN_POINT('',(6.15E0,-2.305E1,0.E0));
#216=LINE('',#215,#214);
#217=DIRECTION('',(7.071067811865E-1,-7.071067811866E-1,0.E0));
#218=VECTOR('',#217,1.838477631085E0);
#219=CARTESIAN_POINT('',(4.85E0,-2.175E1,0.E0));
#220=LINE('',#219,#218);
#221=DIRECTION('',(7.071067811865E-1,7.071067811865E-1,0.E0));
#222=VECTOR('',#221,1.838477631085E0);
#223=CARTESIAN_POINT('',(3.55E0,-2.305E1,0.E0));
#224=LINE('',#223,#222);
#225=DIRECTION('',(7.071067811865E-1,-7.071067811866E-1,0.E0));
#226=VECTOR('',#225,1.838477631085E0);
#227=CARTESIAN_POINT('',(2.25E0,-2.175E1,0.E0));
#228=LINE('',#227,#226);
#229=DIRECTION('',(7.071067811866E-1,7.071067811865E-1,0.E0));
#230=VECTOR('',#229,1.838477631085E0);
#231=CARTESIAN_POINT('',(9.499999999999E-1,-2.305E1,0.E0));
#232=LINE('',#231,#230);
#233=DIRECTION('',(7.071067811865E-1,-7.071067811866E-1,0.E0));
#234=VECTOR('',#233,1.838477631085E0);
#235=CARTESIAN_POINT('',(-3.500000000001E-1,-2.175E1,0.E0));
#236=LINE('',#235,#234);
#237=DIRECTION('',(7.071067811865E-1,7.071067811865E-1,0.E0));
#238=VECTOR('',#237,1.838477631085E0);
#239=CARTESIAN_POINT('',(-1.65E0,-2.305E1,0.E0));
#240=LINE('',#239,#238);
#241=DIRECTION('',(7.071067811865E-1,-7.071067811866E-1,0.E0));
#242=VECTOR('',#241,1.838477631085E0);
#243=CARTESIAN_POINT('',(-2.95E0,-2.175E1,0.E0));
#244=LINE('',#243,#242);
#245=DIRECTION('',(7.071067811866E-1,7.071067811865E-1,0.E0));
#246=VECTOR('',#245,1.838477631085E0);
#247=CARTESIAN_POINT('',(-4.25E0,-2.305E1,0.E0));
#248=LINE('',#247,#246);
#249=DIRECTION('',(7.071067811865E-1,-7.071067811866E-1,0.E0));
#250=VECTOR('',#249,1.838477631085E0);
#251=CARTESIAN_POINT('',(-5.55E0,-2.175E1,0.E0));
#252=LINE('',#251,#250);
#253=DIRECTION('',(7.071067811866E-1,7.071067811865E-1,0.E0));
#254=VECTOR('',#253,1.838477631085E0);
#255=CARTESIAN_POINT('',(-6.85E0,-2.305E1,0.E0));
#256=LINE('',#255,#254);
#257=DIRECTION('',(7.071067811865E-1,-7.071067811866E-1,0.E0));
#258=VECTOR('',#257,1.838477631085E0);
#259=CARTESIAN_POINT('',(-8.15E0,-2.175E1,0.E0));
#260=LINE('',#259,#258);
#261=DIRECTION('',(7.071067811865E-1,7.071067811865E-1,0.E0));
#262=VECTOR('',#261,1.838477631085E0);
#263=CARTESIAN_POINT('',(-9.45E0,-2.305E1,0.E0));
#264=LINE('',#263,#262);
#265=DIRECTION('',(7.071067811865E-1,-7.071067811865E-1,0.E0));
#266=VECTOR('',#265,1.838477631085E0);
#267=CARTESIAN_POINT('',(-1.075E1,-2.175E1,0.E0));
#268=LINE('',#267,#266);
#269=DIRECTION('',(-1.E0,0.E0,0.E0));
#270=VECTOR('',#269,5.5E0);
#271=CARTESIAN_POINT('',(-1.075E1,-2.175E1,0.E0));
#272=LINE('',#271,#270);
#273=DIRECTION('',(0.E0,-1.E0,0.E0));
#274=VECTOR('',#273,9.45E0);
#275=CARTESIAN_POINT('',(-1.625E1,-1.23E1,0.E0));
#276=LINE('',#275,#274);
#277=DIRECTION('',(0.E0,-1.E0,0.E0));
#278=VECTOR('',#277,1.77E1);
#279=CARTESIAN_POINT('',(-1.625E1,3.E1,0.E0));
#280=LINE('',#279,#278);
#281=DIRECTION('',(-1.E0,0.E0,0.E0));
#282=VECTOR('',#281,3.25E1);
#283=CARTESIAN_POINT('',(1.625E1,3.E1,0.E0));
#284=LINE('',#283,#282);
#285=DIRECTION('',(0.E0,1.E0,0.E0));
#286=VECTOR('',#285,1.77E1);
#287=CARTESIAN_POINT('',(1.625E1,1.23E1,0.E0));
#288=LINE('',#287,#286);
#289=DIRECTION('',(0.E0,1.E0,0.E0));
#290=VECTOR('',#289,9.45E0);
#291=CARTESIAN_POINT('',(1.625E1,-2.175E1,0.E0));
#292=LINE('',#291,#290);
#293=DIRECTION('',(1.E0,0.E0,0.E0));
#294=VECTOR('',#293,3.2E0);
#295=CARTESIAN_POINT('',(-1.6E0,-1.7E1,0.E0));
#296=LINE('',#295,#294);
#297=DIRECTION('',(-2.278420191931E-13,2.380068970897E-14,1.E0));
#298=VECTOR('',#297,8.956161495089E-1);
#299=CARTESIAN_POINT('',(-1.6E0,-1.7E1,0.E0));
#300=LINE('',#299,#298);
#301=DIRECTION('',(-1.E0,0.E0,-4.360158067929E-12));
#302=VECTOR('',#301,3.2E0);
#303=CARTESIAN_POINT('',(1.6E0,-1.7E1,8.956161495229E-1));
#304=LINE('',#303,#302);
#305=DIRECTION('',(-2.258586283805E-13,-2.380068970860E-14,-1.E0));
#306=VECTOR('',#305,8.956161495229E-1);
#307=CARTESIAN_POINT('',(1.6E0,-1.7E1,8.956161495229E-1));
#308=LINE('',#307,#306);
#309=CARTESIAN_POINT('',(-1.6E0,-1.68E1,0.E0));
#310=DIRECTION('',(0.E0,0.E0,1.E0));
#311=DIRECTION('',(-1.E0,1.776356839400E-14,0.E0));
#312=AXIS2_PLACEMENT_3D('',#309,#310,#311);
#314=DIRECTION('',(0.E0,-1.E0,0.E0));
#315=VECTOR('',#314,3.36E1);
#316=CARTESIAN_POINT('',(-1.8E0,1.68E1,0.E0));
#317=LINE('',#316,#315);
#318=DIRECTION('',(0.E0,0.E0,-1.E0));
#319=VECTOR('',#318,8.956161492299E-1);
#320=CARTESIAN_POINT('',(-1.8E0,1.68E1,8.956161492299E-1));
#321=LINE('',#320,#319);
#322=CARTESIAN_POINT('',(-1.8E0,1.67E1,8.956161492299E-1));
#323=DIRECTION('',(-1.E0,0.E0,0.E0));
#324=DIRECTION('',(0.E0,1.736481776669E-1,9.848077530122E-1));
#325=AXIS2_PLACEMENT_3D('',#322,#323,#324);
#327=DIRECTION('',(0.E0,9.848077530122E-1,-1.736481776669E-1));
#328=VECTOR('',#327,1.604146007366E0);
#329=CARTESIAN_POINT('',(-1.8E0,1.513758939275E1,1.272653955422E0));
#330=LINE('',#329,#328);
#331=CARTESIAN_POINT('',(-1.8E0,1.482502267295E1,-5.E-1));
#332=DIRECTION('',(-1.E0,0.E0,0.E0));
#333=DIRECTION('',(0.E0,0.E0,1.E0));
#334=AXIS2_PLACEMENT_3D('',#331,#332,#333);
#336=DIRECTION('',(0.E0,1.E0,0.E0));
#337=VECTOR('',#336,2.965004534590E1);
#338=CARTESIAN_POINT('',(-1.8E0,-1.482502267295E1,1.3E0));
#339=LINE('',#338,#337);
#340=CARTESIAN_POINT('',(-1.8E0,-1.482502267295E1,-5.E-1));
#341=DIRECTION('',(-1.E0,0.E0,0.E0));
#342=DIRECTION('',(0.E0,-1.736481776669E-1,9.848077530122E-1));
#343=AXIS2_PLACEMENT_3D('',#340,#341,#342);
#345=DIRECTION('',(0.E0,9.848077530122E-1,1.736481776669E-1));
#346=VECTOR('',#345,1.604146007366E0);
#347=CARTESIAN_POINT('',(-1.8E0,-1.671736481777E1,9.940969245311E-1));
#348=LINE('',#347,#346);
#349=CARTESIAN_POINT('',(-1.8E0,-1.67E1,8.956161492299E-1));
#350=DIRECTION('',(-1.E0,0.E0,0.E0));
#351=DIRECTION('',(0.E0,-1.E0,0.E0));
#352=AXIS2_PLACEMENT_3D('',#349,#350,#351);
#354=DIRECTION('',(0.E0,0.E0,1.E0));
#355=VECTOR('',#354,8.956161492299E-1);
#356=CARTESIAN_POINT('',(-1.8E0,-1.68E1,0.E0));
#357=LINE('',#356,#355);
#358=CARTESIAN_POINT('',(-1.6E0,1.68E1,0.E0));
#359=DIRECTION('',(0.E0,0.E0,-1.E0));
#360=DIRECTION('',(-1.E0,-1.776356839400E-14,0.E0));
#361=AXIS2_PLACEMENT_3D('',#358,#359,#360);
#363=CARTESIAN_POINT('',(-1.6E0,1.68E1,8.956161492299E-1));
#364=DIRECTION('',(0.E0,0.E0,-1.E0));
#365=DIRECTION('',(-1.E0,-1.776356839400E-14,0.E0));
#366=AXIS2_PLACEMENT_3D('',#363,#364,#365);
#368=DIRECTION('',(-1.E0,0.E0,0.E0));
#369=VECTOR('',#368,3.2E0);
#370=CARTESIAN_POINT('',(1.6E0,1.7E1,0.E0));
#371=LINE('',#370,#369);
#372=DIRECTION('',(0.E0,0.E0,1.E0));
#373=VECTOR('',#372,8.956161495089E-1);
#374=CARTESIAN_POINT('',(1.6E0,1.7E1,0.E0));
#375=LINE('',#374,#373);
#376=DIRECTION('',(1.E0,0.E0,-4.360192762398E-12));
#377=VECTOR('',#376,3.2E0);
#378=CARTESIAN_POINT('',(-1.6E0,1.7E1,8.956161495229E-1));
#379=LINE('',#378,#377);
#380=DIRECTION('',(0.E0,0.E0,-1.E0));
#381=VECTOR('',#380,8.956161495229E-1);
#382=CARTESIAN_POINT('',(-1.6E0,1.7E1,8.956161495229E-1));
#383=LINE('',#382,#381);
#384=CARTESIAN_POINT('',(1.6E0,1.68E1,0.E0));
#385=DIRECTION('',(0.E0,0.E0,1.E0));
#386=DIRECTION('',(1.E0,-1.776356839400E-14,0.E0));
#387=AXIS2_PLACEMENT_3D('',#384,#385,#386);
#389=DIRECTION('',(0.E0,1.E0,0.E0));
#390=VECTOR('',#389,3.36E1);
#391=CARTESIAN_POINT('',(1.8E0,-1.68E1,0.E0));
#392=LINE('',#391,#390);
#393=DIRECTION('',(0.E0,0.E0,-1.E0));
#394=VECTOR('',#393,8.956161492299E-1);
#395=CARTESIAN_POINT('',(1.8E0,-1.68E1,8.956161492299E-1));
#396=LINE('',#395,#394);
#397=CARTESIAN_POINT('',(1.8E0,-1.67E1,8.956161492299E-1));
#398=DIRECTION('',(1.E0,0.E0,0.E0));
#399=DIRECTION('',(0.E0,-1.736481776675E-1,9.848077530121E-1));
#400=AXIS2_PLACEMENT_3D('',#397,#398,#399);
#402=DIRECTION('',(0.E0,-9.848077530122E-1,-1.736481776669E-1));
#403=VECTOR('',#402,1.604146007366E0);
#404=CARTESIAN_POINT('',(1.8E0,-1.513758939275E1,1.272653955422E0));
#405=LINE('',#404,#403);
#406=CARTESIAN_POINT('',(1.8E0,-1.482502267295E1,-5.E-1));
#407=DIRECTION('',(1.E0,0.E0,0.E0));
#408=DIRECTION('',(0.E0,-2.960594732334E-14,1.E0));
#409=AXIS2_PLACEMENT_3D('',#406,#407,#408);
#411=DIRECTION('',(0.E0,-1.E0,0.E0));
#412=VECTOR('',#411,2.965004534590E1);
#413=CARTESIAN_POINT('',(1.8E0,1.482502267295E1,1.3E0));
#414=LINE('',#413,#412);
#415=CARTESIAN_POINT('',(1.8E0,1.482502267295E1,-5.E-1));
#416=DIRECTION('',(1.E0,0.E0,0.E0));
#417=DIRECTION('',(0.E0,1.736481776669E-1,9.848077530122E-1));
#418=AXIS2_PLACEMENT_3D('',#415,#416,#417);
#420=DIRECTION('',(0.E0,-9.848077530122E-1,1.736481776669E-1));
#421=VECTOR('',#420,1.604146007366E0);
#422=CARTESIAN_POINT('',(1.8E0,1.671736481777E1,9.940969245311E-1));
#423=LINE('',#422,#421);
#424=CARTESIAN_POINT('',(1.8E0,1.67E1,8.956161492299E-1));
#425=DIRECTION('',(1.E0,0.E0,0.E0));
#426=DIRECTION('',(0.E0,1.E0,0.E0));
#427=AXIS2_PLACEMENT_3D('',#424,#425,#426);
#429=DIRECTION('',(0.E0,0.E0,1.E0));
#430=VECTOR('',#429,8.956161492299E-1);
#431=CARTESIAN_POINT('',(1.8E0,1.68E1,0.E0));
#432=LINE('',#431,#430);
#433=CARTESIAN_POINT('',(1.6E0,-1.68E1,0.E0));
#434=DIRECTION('',(0.E0,0.E0,-1.E0));
#435=DIRECTION('',(1.E0,1.776356839400E-14,0.E0));
#436=AXIS2_PLACEMENT_3D('',#433,#434,#435);
#438=CARTESIAN_POINT('',(1.6E0,-1.68E1,8.956161492299E-1));
#439=DIRECTION('',(0.E0,0.E0,-1.E0));
#440=DIRECTION('',(1.E0,1.776356839400E-14,0.E0));
#441=AXIS2_PLACEMENT_3D('',#438,#439,#440);
#443=CARTESIAN_POINT('',(1.6E0,-1.671736481777E1,9.940969245311E-1));
#444=DIRECTION('',(0.E0,-9.848077530122E-1,-1.736481776669E-1));
#445=DIRECTION('',(1.E0,0.E0,0.E0));
#446=AXIS2_PLACEMENT_3D('',#443,#444,#445);
#448=CARTESIAN_POINT('',(-1.6E0,-1.67E1,8.956161492299E-1));
#449=DIRECTION('',(-1.E0,0.E0,0.E0));
#450=DIRECTION('',(0.E0,-1.E0,0.E0));
#451=AXIS2_PLACEMENT_3D('',#448,#449,#450);
#453=CARTESIAN_POINT('',(1.6E0,-1.67E1,8.956161492299E-1));
#454=DIRECTION('',(1.E0,0.E0,0.E0));
#455=DIRECTION('',(0.E0,-1.736481776669E-1,9.848077530122E-1));
#456=AXIS2_PLACEMENT_3D('',#453,#454,#455);
#458=CARTESIAN_POINT('',(-1.6E0,-1.68E1,8.956161492299E-1));
#459=DIRECTION('',(0.E0,0.E0,1.E0));
#460=DIRECTION('',(-1.E0,0.E0,0.E0));
#461=AXIS2_PLACEMENT_3D('',#458,#459,#460);
#463=CARTESIAN_POINT('',(-1.6E0,-1.671736481777E1,9.940969245311E-1));
#464=DIRECTION('',(0.E0,9.848077530122E-1,1.736481776669E-1));
#465=DIRECTION('',(-1.E0,0.E0,0.E0));
#466=AXIS2_PLACEMENT_3D('',#463,#464,#465);
#468=CARTESIAN_POINT('',(-1.6E0,-1.513758939275E1,1.272653955422E0));
#469=DIRECTION('',(0.E0,9.848077530122E-1,1.736481776669E-1));
#470=DIRECTION('',(-1.E0,0.E0,0.E0));
#471=AXIS2_PLACEMENT_3D('',#468,#469,#470);
#473=CARTESIAN_POINT('',(-1.6E0,-1.482502267295E1,1.3E0));
#474=DIRECTION('',(0.E0,1.E0,0.E0));
#475=DIRECTION('',(-1.E0,0.E0,0.E0));
#476=AXIS2_PLACEMENT_3D('',#473,#474,#475);
#478=CARTESIAN_POINT('',(-1.6E0,1.482502267295E1,1.3E0));
#479=DIRECTION('',(0.E0,1.E0,0.E0));
#480=DIRECTION('',(-1.E0,0.E0,0.E0));
#481=AXIS2_PLACEMENT_3D('',#478,#479,#480);
#483=CARTESIAN_POINT('',(-1.6E0,1.513758939275E1,1.272653955422E0));
#484=DIRECTION('',(0.E0,9.848077530122E-1,-1.736481776669E-1));
#485=DIRECTION('',(-1.E0,0.E0,0.E0));
#486=AXIS2_PLACEMENT_3D('',#483,#484,#485);
#488=CARTESIAN_POINT('',(-1.6E0,1.671736481777E1,9.940969245311E-1));
#489=DIRECTION('',(0.E0,9.848077530122E-1,-1.736481776669E-1));
#490=DIRECTION('',(-1.E0,0.E0,0.E0));
#491=AXIS2_PLACEMENT_3D('',#488,#489,#490);
#493=CARTESIAN_POINT('',(-1.6E0,1.67E1,8.956161492299E-1));
#494=DIRECTION('',(-1.E0,0.E0,0.E0));
#495=DIRECTION('',(0.E0,1.736481776669E-1,9.848077530122E-1));
#496=AXIS2_PLACEMENT_3D('',#493,#494,#495);
#498=CARTESIAN_POINT('',(1.6E0,1.67E1,8.956161492299E-1));
#499=DIRECTION('',(1.E0,0.E0,0.E0));
#500=DIRECTION('',(0.E0,1.E0,0.E0));
#501=AXIS2_PLACEMENT_3D('',#498,#499,#500);
#503=CARTESIAN_POINT('',(1.6E0,1.68E1,8.956161492299E-1));
#504=DIRECTION('',(0.E0,0.E0,1.E0));
#505=DIRECTION('',(1.E0,0.E0,0.E0));
#506=AXIS2_PLACEMENT_3D('',#503,#504,#505);
#508=CARTESIAN_POINT('',(1.6E0,1.671736481777E1,9.940969245311E-1));
#509=DIRECTION('',(0.E0,-9.848077530122E-1,1.736481776669E-1));
#510=DIRECTION('',(1.E0,0.E0,0.E0));
#511=AXIS2_PLACEMENT_3D('',#508,#509,#510);
#513=CARTESIAN_POINT('',(1.6E0,1.513758939275E1,1.272653955422E0));
#514=DIRECTION('',(0.E0,-9.848077530122E-1,1.736481776669E-1));
#515=DIRECTION('',(1.E0,0.E0,0.E0));
#516=AXIS2_PLACEMENT_3D('',#513,#514,#515);
#518=CARTESIAN_POINT('',(1.6E0,1.482502267295E1,1.3E0));
#519=DIRECTION('',(0.E0,-1.E0,0.E0));
#520=DIRECTION('',(1.E0,0.E0,0.E0));
#521=AXIS2_PLACEMENT_3D('',#518,#519,#520);
#523=CARTESIAN_POINT('',(1.6E0,-1.482502267295E1,1.3E0));
#524=DIRECTION('',(0.E0,-1.E0,0.E0));
#525=DIRECTION('',(1.E0,0.E0,0.E0));
#526=AXIS2_PLACEMENT_3D('',#523,#524,#525);
#528=CARTESIAN_POINT('',(1.6E0,-1.513758939275E1,1.272653955422E0));
#529=DIRECTION('',(0.E0,-9.848077530122E-1,-1.736481776669E-1));
#530=DIRECTION('',(1.E0,0.E0,0.E0));
#531=AXIS2_PLACEMENT_3D('',#528,#529,#530);
#533=DIRECTION('',(0.E0,9.848077530122E-1,1.736481776669E-1));
#534=VECTOR('',#533,1.604146007027E0);
#535=CARTESIAN_POINT('',(-1.6E0,-1.675209445297E1,1.191058475192E0));
#536=LINE('',#535,#534);
#537=DIRECTION('',(1.E0,0.E0,0.E0));
#538=VECTOR('',#537,3.2E0);
#539=CARTESIAN_POINT('',(-1.6E0,-1.517231902828E1,1.469615506024E0));
#540=LINE('',#539,#538);
#541=DIRECTION('',(0.E0,-9.848077530122E-1,-1.736481776669E-1));
#542=VECTOR('',#541,1.604146007357E0);
#543=CARTESIAN_POINT('',(1.6E0,-1.517231902828E1,1.469615506024E0));
#544=LINE('',#543,#542);
#545=DIRECTION('',(-1.E0,1.014943684652E-10,1.789617065651E-11));
#546=VECTOR('',#545,3.2E0);
#547=CARTESIAN_POINT('',(1.6E0,-1.675209445329E1,1.191058475135E0));
#548=LINE('',#547,#546);
#549=CARTESIAN_POINT('',(-1.6E0,-1.482502267295E1,-5.E-1));
#550=DIRECTION('',(-1.E0,0.E0,0.E0));
#551=DIRECTION('',(0.E0,-1.736481776669E-1,9.848077530122E-1));
#552=AXIS2_PLACEMENT_3D('',#549,#550,#551);
#554=CARTESIAN_POINT('',(1.6E0,-1.482502267295E1,-5.E-1));
#555=DIRECTION('',(1.E0,0.E0,0.E0));
#556=DIRECTION('',(0.E0,0.E0,1.E0));
#557=AXIS2_PLACEMENT_3D('',#554,#555,#556);
#559=DIRECTION('',(0.E0,1.E0,0.E0));
#560=VECTOR('',#559,2.965004534590E1);
#561=CARTESIAN_POINT('',(-1.6E0,-1.482502267295E1,1.5E0));
#562=LINE('',#561,#560);
#563=DIRECTION('',(-1.E0,0.E0,0.E0));
#564=VECTOR('',#563,3.2E0);
#565=CARTESIAN_POINT('',(1.6E0,1.482502267295E1,1.5E0));
#566=LINE('',#565,#564);
#567=DIRECTION('',(0.E0,-1.E0,0.E0));
#568=VECTOR('',#567,2.965004534590E1);
#569=CARTESIAN_POINT('',(1.6E0,1.482502267295E1,1.5E0));
#570=LINE('',#569,#568);
#571=DIRECTION('',(1.E0,0.E0,0.E0));
#572=VECTOR('',#571,3.2E0);
#573=CARTESIAN_POINT('',(-1.6E0,-1.482502267295E1,1.5E0));
#574=LINE('',#573,#572);
#575=CARTESIAN_POINT('',(-1.6E0,1.482502267295E1,-5.E-1));
#576=DIRECTION('',(-1.E0,0.E0,0.E0));
#577=DIRECTION('',(0.E0,0.E0,1.E0));
#578=AXIS2_PLACEMENT_3D('',#575,#576,#577);
#580=CARTESIAN_POINT('',(1.6E0,1.482502267295E1,-5.E-1));
#581=DIRECTION('',(1.E0,0.E0,0.E0));
#582=DIRECTION('',(0.E0,1.736481776669E-1,9.848077530122E-1));
#583=AXIS2_PLACEMENT_3D('',#580,#581,#582);
#585=DIRECTION('',(0.E0,9.848077530122E-1,-1.736481776669E-1));
#586=VECTOR('',#585,1.604146007357E0);
#587=CARTESIAN_POINT('',(-1.6E0,1.517231902828E1,1.469615506024E0));
#588=LINE('',#587,#586);
#589=DIRECTION('',(1.E0,-1.014943684652E-10,1.789617065651E-11));
#590=VECTOR('',#589,3.2E0);
#591=CARTESIAN_POINT('',(-1.6E0,1.675209445329E1,1.191058475135E0));
#592=LINE('',#591,#590);
#593=DIRECTION('',(0.E0,-9.848077530122E-1,1.736481776669E-1));
#594=VECTOR('',#593,1.604146007027E0);
#595=CARTESIAN_POINT('',(1.6E0,1.675209445297E1,1.191058475192E0));
#596=LINE('',#595,#594);
#597=DIRECTION('',(-1.E0,0.E0,0.E0));
#598=VECTOR('',#597,3.2E0);
#599=CARTESIAN_POINT('',(1.6E0,1.517231902828E1,1.469615506024E0));
#600=LINE('',#599,#598);
#601=DIRECTION('',(0.E0,0.E0,-1.E0));
#602=VECTOR('',#601,7.E0);
#603=CARTESIAN_POINT('',(1.265E1,-2.625E1,0.E0));
#604=LINE('',#603,#602);
#605=DIRECTION('',(-7.071067811866E-1,7.071067811865E-1,0.E0));
#606=VECTOR('',#605,1.838477631085E0);
#607=CARTESIAN_POINT('',(1.525E1,-2.625E1,-7.E0));
#608=LINE('',#607,#606);
#609=DIRECTION('',(-7.071067811865E-1,-7.071067811866E-1,0.E0));
#610=VECTOR('',#609,1.838477631085E0);
#611=CARTESIAN_POINT('',(1.395E1,-2.495E1,-7.E0));
#612=LINE('',#611,#610);
#613=DIRECTION('',(-7.071067811866E-1,7.071067811865E-1,0.E0));
#614=VECTOR('',#613,1.838477631085E0);
#615=CARTESIAN_POINT('',(1.265E1,-2.625E1,-7.E0));
#616=LINE('',#615,#614);
#617=DIRECTION('',(-7.071067811865E-1,-7.071067811866E-1,0.E0));
#618=VECTOR('',#617,1.838477631085E0);
#619=CARTESIAN_POINT('',(1.135E1,-2.495E1,-7.E0));
#620=LINE('',#619,#618);
#621=DIRECTION('',(-7.071067811865E-1,7.071067811865E-1,0.E0));
#622=VECTOR('',#621,1.838477631085E0);
#623=CARTESIAN_POINT('',(1.005E1,-2.625E1,-7.E0));
#624=LINE('',#623,#622);
#625=DIRECTION('',(-7.071067811865E-1,-7.071067811865E-1,0.E0));
#626=VECTOR('',#625,1.838477631085E0);
#627=CARTESIAN_POINT('',(8.75E0,-2.495E1,-7.E0));
#628=LINE('',#627,#626);
#629=DIRECTION('',(-7.071067811866E-1,7.071067811865E-1,0.E0));
#630=VECTOR('',#629,1.838477631085E0);
#631=CARTESIAN_POINT('',(7.45E0,-2.625E1,-7.E0));
#632=LINE('',#631,#630);
#633=DIRECTION('',(-7.071067811865E-1,-7.071067811865E-1,0.E0));
#634=VECTOR('',#633,1.838477631085E0);
#635=CARTESIAN_POINT('',(6.15E0,-2.495E1,-7.E0));
#636=LINE('',#635,#634);
#637=DIRECTION('',(-7.071067811866E-1,7.071067811865E-1,0.E0));
#638=VECTOR('',#637,1.838477631085E0);
#639=CARTESIAN_POINT('',(4.85E0,-2.625E1,-7.E0));
#640=LINE('',#639,#638);
#641=DIRECTION('',(-7.071067811865E-1,-7.071067811866E-1,0.E0));
#642=VECTOR('',#641,1.838477631085E0);
#643=CARTESIAN_POINT('',(3.55E0,-2.495E1,-7.E0));
#644=LINE('',#643,#642);
#645=DIRECTION('',(-7.071067811866E-1,7.071067811865E-1,0.E0));
#646=VECTOR('',#645,1.838477631085E0);
#647=CARTESIAN_POINT('',(2.25E0,-2.625E1,-7.E0));
#648=LINE('',#647,#646);
#649=DIRECTION('',(-7.071067811865E-1,-7.071067811866E-1,0.E0));
#650=VECTOR('',#649,1.838477631085E0);
#651=CARTESIAN_POINT('',(9.499999999999E-1,-2.495E1,-7.E0));
#652=LINE('',#651,#650);
#653=DIRECTION('',(-7.071067811866E-1,7.071067811865E-1,0.E0));
#654=VECTOR('',#653,1.838477631085E0);
#655=CARTESIAN_POINT('',(-3.500000000001E-1,-2.625E1,-7.E0));
#656=LINE('',#655,#654);
#657=DIRECTION('',(-7.071067811865E-1,-7.071067811866E-1,0.E0));
#658=VECTOR('',#657,1.838477631085E0);
#659=CARTESIAN_POINT('',(-1.65E0,-2.495E1,-7.E0));
#660=LINE('',#659,#658);
#661=DIRECTION('',(-7.071067811866E-1,7.071067811865E-1,0.E0));
#662=VECTOR('',#661,1.838477631085E0);
#663=CARTESIAN_POINT('',(-2.95E0,-2.625E1,-7.E0));
#664=LINE('',#663,#662);
#665=DIRECTION('',(-7.071067811865E-1,-7.071067811866E-1,0.E0));
#666=VECTOR('',#665,1.838477631085E0);
#667=CARTESIAN_POINT('',(-4.25E0,-2.495E1,-7.E0));
#668=LINE('',#667,#666);
#669=DIRECTION('',(-7.071067811865E-1,7.071067811865E-1,0.E0));
#670=VECTOR('',#669,1.838477631085E0);
#671=CARTESIAN_POINT('',(-5.55E0,-2.625E1,-7.E0));
#672=LINE('',#671,#670);
#673=DIRECTION('',(-7.071067811865E-1,-7.071067811866E-1,0.E0));
#674=VECTOR('',#673,1.838477631085E0);
#675=CARTESIAN_POINT('',(-6.85E0,-2.495E1,-7.E0));
#676=LINE('',#675,#674);
#677=DIRECTION('',(-7.071067811866E-1,7.071067811865E-1,0.E0));
#678=VECTOR('',#677,1.838477631085E0);
#679=CARTESIAN_POINT('',(-8.15E0,-2.625E1,-7.E0));
#680=LINE('',#679,#678);
#681=DIRECTION('',(-7.071067811865E-1,-7.071067811865E-1,0.E0));
#682=VECTOR('',#681,1.838477631085E0);
#683=CARTESIAN_POINT('',(-9.45E0,-2.495E1,-7.E0));
#684=LINE('',#683,#682);
#685=DIRECTION('',(1.E0,0.E0,0.E0));
#686=VECTOR('',#685,5.5E0);
#687=CARTESIAN_POINT('',(-1.625E1,-2.625E1,-7.E0));
#688=LINE('',#687,#686);
#689=DIRECTION('',(-1.E0,0.E0,0.E0));
#690=VECTOR('',#689,5.5E0);
#691=CARTESIAN_POINT('',(-1.075E1,-2.175E1,-7.E0));
#692=LINE('',#691,#690);
#693=DIRECTION('',(7.071067811865E-1,-7.071067811865E-1,0.E0));
#694=VECTOR('',#693,1.838477631085E0);
#695=CARTESIAN_POINT('',(-1.075E1,-2.175E1,-7.E0));
#696=LINE('',#695,#694);
#697=DIRECTION('',(7.071067811866E-1,7.071067811865E-1,0.E0));
#698=VECTOR('',#697,1.838477631085E0);
#699=CARTESIAN_POINT('',(-9.45E0,-2.305E1,-7.E0));
#700=LINE('',#699,#698);
#701=DIRECTION('',(7.071067811865E-1,-7.071067811866E-1,0.E0));
#702=VECTOR('',#701,1.838477631085E0);
#703=CARTESIAN_POINT('',(-8.15E0,-2.175E1,-7.E0));
#704=LINE('',#703,#702);
#705=DIRECTION('',(7.071067811865E-1,7.071067811865E-1,0.E0));
#706=VECTOR('',#705,1.838477631085E0);
#707=CARTESIAN_POINT('',(-6.85E0,-2.305E1,-7.E0));
#708=LINE('',#707,#706);
#709=DIRECTION('',(7.071067811865E-1,-7.071067811866E-1,0.E0));
#710=VECTOR('',#709,1.838477631085E0);
#711=CARTESIAN_POINT('',(-5.55E0,-2.175E1,-7.E0));
#712=LINE('',#711,#710);
#713=DIRECTION('',(7.071067811865E-1,7.071067811865E-1,0.E0));
#714=VECTOR('',#713,1.838477631085E0);
#715=CARTESIAN_POINT('',(-4.25E0,-2.305E1,-7.E0));
#716=LINE('',#715,#714);
#717=DIRECTION('',(7.071067811865E-1,-7.071067811865E-1,0.E0));
#718=VECTOR('',#717,1.838477631085E0);
#719=CARTESIAN_POINT('',(-2.95E0,-2.175E1,-7.E0));
#720=LINE('',#719,#718);
#721=DIRECTION('',(7.071067811865E-1,7.071067811865E-1,0.E0));
#722=VECTOR('',#721,1.838477631085E0);
#723=CARTESIAN_POINT('',(-1.65E0,-2.305E1,-7.E0));
#724=LINE('',#723,#722);
#725=DIRECTION('',(7.071067811865E-1,-7.071067811866E-1,0.E0));
#726=VECTOR('',#725,1.838477631085E0);
#727=CARTESIAN_POINT('',(-3.500000000001E-1,-2.175E1,-7.E0));
#728=LINE('',#727,#726);
#729=DIRECTION('',(7.071067811865E-1,7.071067811865E-1,0.E0));
#730=VECTOR('',#729,1.838477631085E0);
#731=CARTESIAN_POINT('',(9.499999999999E-1,-2.305E1,-7.E0));
#732=LINE('',#731,#730);
#733=DIRECTION('',(7.071067811865E-1,-7.071067811866E-1,0.E0));
#734=VECTOR('',#733,1.838477631085E0);
#735=CARTESIAN_POINT('',(2.25E0,-2.175E1,-7.E0));
#736=LINE('',#735,#734);
#737=DIRECTION('',(7.071067811865E-1,7.071067811865E-1,0.E0));
#738=VECTOR('',#737,1.838477631085E0);
#739=CARTESIAN_POINT('',(3.55E0,-2.305E1,-7.E0));
#740=LINE('',#739,#738);
#741=DIRECTION('',(7.071067811865E-1,-7.071067811866E-1,0.E0));
#742=VECTOR('',#741,1.838477631085E0);
#743=CARTESIAN_POINT('',(4.85E0,-2.175E1,-7.E0));
#744=LINE('',#743,#742);
#745=DIRECTION('',(7.071067811865E-1,7.071067811865E-1,0.E0));
#746=VECTOR('',#745,1.838477631085E0);
#747=CARTESIAN_POINT('',(6.15E0,-2.305E1,-7.E0));
#748=LINE('',#747,#746);
#749=DIRECTION('',(7.071067811865E-1,-7.071067811866E-1,0.E0));
#750=VECTOR('',#749,1.838477631085E0);
#751=CARTESIAN_POINT('',(7.45E0,-2.175E1,-7.E0));
#752=LINE('',#751,#750);
#753=DIRECTION('',(7.071067811865E-1,7.071067811865E-1,0.E0));
#754=VECTOR('',#753,1.838477631085E0);
#755=CARTESIAN_POINT('',(8.75E0,-2.305E1,-7.E0));
#756=LINE('',#755,#754);
#757=DIRECTION('',(7.071067811865E-1,-7.071067811866E-1,0.E0));
#758=VECTOR('',#757,1.838477631085E0);
#759=CARTESIAN_POINT('',(1.005E1,-2.175E1,-7.E0));
#760=LINE('',#759,#758);
#761=DIRECTION('',(7.071067811865E-1,7.071067811865E-1,0.E0));
#762=VECTOR('',#761,1.838477631085E0);
#763=CARTESIAN_POINT('',(1.135E1,-2.305E1,-7.E0));
#764=LINE('',#763,#762);
#765=DIRECTION('',(7.071067811865E-1,-7.071067811866E-1,0.E0));
#766=VECTOR('',#765,1.838477631085E0);
#767=CARTESIAN_POINT('',(1.265E1,-2.175E1,-7.E0));
#768=LINE('',#767,#766);
#769=DIRECTION('',(7.071067811865E-1,7.071067811865E-1,0.E0));
#770=VECTOR('',#769,1.838477631085E0);
#771=CARTESIAN_POINT('',(1.395E1,-2.305E1,-7.E0));
#772=LINE('',#771,#770);
#773=DIRECTION('',(-1.E0,0.E0,0.E0));
#774=VECTOR('',#773,1.E0);
#775=CARTESIAN_POINT('',(1.625E1,-2.175E1,-7.E0));
#776=LINE('',#775,#774);
#777=DIRECTION('',(1.E0,0.E0,0.E0));
#778=VECTOR('',#777,1.E0);
#779=CARTESIAN_POINT('',(1.525E1,-2.625E1,-7.E0));
#780=LINE('',#779,#778);
#781=DIRECTION('',(0.E0,0.E0,1.E0));
#782=VECTOR('',#781,7.E0);
#783=CARTESIAN_POINT('',(1.525E1,-2.625E1,-7.E0));
#784=LINE('',#783,#782);
#785=DIRECTION('',(0.E0,0.E0,1.E0));
#786=VECTOR('',#785,7.E0);
#787=CARTESIAN_POINT('',(-1.075E1,-2.625E1,-7.E0));
#788=LINE('',#787,#786);
#789=CARTESIAN_POINT('',(1.625E1,2.4E1,-4.5E0));
#790=DIRECTION('',(1.E0,0.E0,0.E0));
#791=DIRECTION('',(0.E0,1.E0,0.E0));
#792=AXIS2_PLACEMENT_3D('',#789,#790,#791);
#794=CARTESIAN_POINT('',(1.625E1,2.4E1,-4.5E0));
#795=DIRECTION('',(1.E0,0.E0,0.E0));
#796=DIRECTION('',(0.E0,-1.E0,0.E0));
#797=AXIS2_PLACEMENT_3D('',#794,#795,#796);
#799=CARTESIAN_POINT('',(1.625E1,2.842170943040E-14,-4.5E0));
#800=DIRECTION('',(1.E0,0.E0,0.E0));
#801=DIRECTION('',(0.E0,1.E0,0.E0));
#802=AXIS2_PLACEMENT_3D('',#799,#800,#801);
#804=CARTESIAN_POINT('',(1.625E1,2.842170943040E-14,-4.5E0));
#805=DIRECTION('',(1.E0,0.E0,0.E0));
#806=DIRECTION('',(0.E0,-1.E0,0.E0));
#807=AXIS2_PLACEMENT_3D('',#804,#805,#806);
#809=DIRECTION('',(0.E0,1.E0,0.E0));
#810=VECTOR('',#809,4.5E0);
#811=CARTESIAN_POINT('',(1.625E1,-2.625E1,-7.E0));
#812=LINE('',#811,#810);
#813=DIRECTION('',(0.E0,0.E0,1.E0));
#814=VECTOR('',#813,7.E0);
#815=CARTESIAN_POINT('',(1.625E1,-2.175E1,-7.E0));
#816=LINE('',#815,#814);
#817=DIRECTION('',(2.419685462103E-8,-3.875687649610E-14,-1.E0));
#818=VECTOR('',#817,5.499999999986E0);
#819=CARTESIAN_POINT('',(1.624999986692E1,-1.23E1,5.499999999986E0));
#820=LINE('',#819,#818);
#821=DIRECTION('',(2.114120983064E-9,1.E0,3.578348096605E-13));
#822=VECTOR('',#821,2.46E1);
#823=CARTESIAN_POINT('',(1.624999986692E1,-1.23E1,5.499999999986E0));
#824=LINE('',#823,#822);
#825=DIRECTION('',(1.474096804219E-8,2.067033413122E-14,-1.E0));
#826=VECTOR('',#825,5.499999999995E0);
#827=CARTESIAN_POINT('',(1.624999991892E1,1.23E1,5.499999999995E0));
#828=LINE('',#827,#826);
#829=DIRECTION('',(0.E0,0.E0,-1.E0));
#830=VECTOR('',#829,9.E0);
#831=CARTESIAN_POINT('',(1.625E1,-3.E1,0.E0));
#832=LINE('',#831,#830);
#833=DIRECTION('',(0.E0,0.E0,1.E0));
#834=VECTOR('',#833,7.E0);
#835=CARTESIAN_POINT('',(1.625E1,-2.625E1,-7.E0));
#836=LINE('',#835,#834);
#837=DIRECTION('',(1.E0,0.E0,0.E0));
#838=VECTOR('',#837,3.25E1);
#839=CARTESIAN_POINT('',(-1.625E1,2.625E1,-4.5E0));
#840=LINE('',#839,#838);
#841=CARTESIAN_POINT('',(-1.625E1,2.4E1,-4.5E0));
#842=DIRECTION('',(1.E0,0.E0,0.E0));
#843=DIRECTION('',(0.E0,1.E0,0.E0));
#844=AXIS2_PLACEMENT_3D('',#841,#842,#843);
#846=CARTESIAN_POINT('',(-1.625E1,2.4E1,-4.5E0));
#847=DIRECTION('',(1.E0,0.E0,0.E0));
#848=DIRECTION('',(0.E0,-1.E0,0.E0));
#849=AXIS2_PLACEMENT_3D('',#846,#847,#848);
#851=CARTESIAN_POINT('',(-1.625E1,2.842170943040E-14,-4.5E0));
#852=DIRECTION('',(1.E0,0.E0,0.E0));
#853=DIRECTION('',(0.E0,1.E0,0.E0));
#854=AXIS2_PLACEMENT_3D('',#851,#852,#853);
#856=CARTESIAN_POINT('',(-1.625E1,2.842170943040E-14,-4.5E0));
#857=DIRECTION('',(1.E0,0.E0,0.E0));
#858=DIRECTION('',(0.E0,-1.E0,0.E0));
#859=AXIS2_PLACEMENT_3D('',#856,#857,#858);
#861=DIRECTION('',(0.E0,1.E0,0.E0));
#862=VECTOR('',#861,4.5E0);
#863=CARTESIAN_POINT('',(-1.625E1,-2.625E1,-7.E0));
#864=LINE('',#863,#862);
#865=DIRECTION('',(0.E0,0.E0,1.E0));
#866=VECTOR('',#865,7.E0);
#867=CARTESIAN_POINT('',(-1.625E1,-2.625E1,-7.E0));
#868=LINE('',#867,#866);
#869=DIRECTION('',(0.E0,0.E0,-1.E0));
#870=VECTOR('',#869,9.E0);
#871=CARTESIAN_POINT('',(-1.625E1,3.E1,0.E0));
#872=LINE('',#871,#870);
#873=DIRECTION('',(-2.419685462103E-8,3.875687649610E-14,-1.E0));
#874=VECTOR('',#873,5.499999999986E0);
#875=CARTESIAN_POINT('',(-1.624999986692E1,1.23E1,5.499999999986E0));
#876=LINE('',#875,#874);
#877=DIRECTION('',(-2.114120983064E-9,-1.E0,3.578709144743E-13));
#878=VECTOR('',#877,2.46E1);
#879=CARTESIAN_POINT('',(-1.624999986692E1,1.23E1,5.499999999986E0));
#880=LINE('',#879,#878);
#881=DIRECTION('',(-1.474096804219E-8,-2.067033413122E-14,-1.E0));
#882=VECTOR('',#881,5.499999999995E0);
#883=CARTESIAN_POINT('',(-1.624999991892E1,-1.23E1,5.499999999995E0));
#884=LINE('',#883,#882);
#885=DIRECTION('',(0.E0,0.E0,-1.E0));
#886=VECTOR('',#885,7.E0);
#887=CARTESIAN_POINT('',(-1.625E1,-2.175E1,0.E0));
#888=LINE('',#887,#886);
#889=DIRECTION('',(1.E0,0.E0,0.E0));
#890=VECTOR('',#889,3.25E1);
#891=CARTESIAN_POINT('',(-1.625E1,2.175E1,-4.5E0));
#892=LINE('',#891,#890);
#893=DIRECTION('',(1.E0,0.E0,0.E0));
#894=VECTOR('',#893,3.25E1);
#895=CARTESIAN_POINT('',(-1.625E1,2.25E0,-4.5E0));
#896=LINE('',#895,#894);
#897=DIRECTION('',(1.E0,0.E0,0.E0));
#898=VECTOR('',#897,3.25E1);
#899=CARTESIAN_POINT('',(-1.625E1,-2.25E0,-4.5E0));
#900=LINE('',#899,#898);
#901=DIRECTION('',(0.E0,0.E0,-1.E0));
#902=VECTOR('',#901,9.E0);
#903=CARTESIAN_POINT('',(-1.625E1,-3.E1,0.E0));
#904=LINE('',#903,#902);
#905=DIRECTION('',(0.E0,1.E0,0.E0));
#906=VECTOR('',#905,6.E1);
#907=CARTESIAN_POINT('',(1.625E1,-3.E1,-9.E0));
#908=LINE('',#907,#906);
#909=DIRECTION('',(-1.E0,0.E0,0.E0));
#910=VECTOR('',#909,3.25E1);
#911=CARTESIAN_POINT('',(1.625E1,3.E1,-9.E0));
#912=LINE('',#911,#910);
#913=DIRECTION('',(0.E0,-1.E0,0.E0));
#914=VECTOR('',#913,6.E1);
#915=CARTESIAN_POINT('',(-1.625E1,3.E1,-9.E0));
#916=LINE('',#915,#914);
#917=DIRECTION('',(1.E0,0.E0,0.E0));
#918=VECTOR('',#917,3.25E1);
#919=CARTESIAN_POINT('',(-1.625E1,-3.E1,-9.E0));
#920=LINE('',#919,#918);
#921=DIRECTION('',(0.E0,0.E0,-1.E0));
#922=VECTOR('',#921,9.E0);
#923=CARTESIAN_POINT('',(1.625E1,3.E1,0.E0));
#924=LINE('',#923,#922);
#925=CARTESIAN_POINT('',(-1.605E1,1.23E1,0.E0));
#926=DIRECTION('',(0.E0,0.E0,-1.E0));
#927=DIRECTION('',(-1.E0,0.E0,0.E0));
#928=AXIS2_PLACEMENT_3D('',#925,#926,#927);
#930=CARTESIAN_POINT('',(-1.605E1,1.23E1,5.499999997060E0));
#931=DIRECTION('',(0.E0,0.E0,1.E0));
#932=DIRECTION('',(-1.776356839400E-14,1.E0,0.E0));
#933=AXIS2_PLACEMENT_3D('',#930,#931,#932);
#935=DIRECTION('',(-1.E0,0.E0,0.E0));
#936=VECTOR('',#935,1.178679656440E0);
#937=CARTESIAN_POINT('',(-1.487132034356E1,1.25E1,0.E0));
#938=LINE('',#937,#936);
#939=DIRECTION('',(0.E0,0.E0,-1.E0));
#940=VECTOR('',#939,5.5E0);
#941=CARTESIAN_POINT('',(-1.487132034356E1,1.25E1,5.5E0));
#942=LINE('',#941,#940);
#943=DIRECTION('',(1.E0,7.845120679524E-8,5.321476421223E-12));
#944=VECTOR('',#943,1.178679656440E0);
#945=CARTESIAN_POINT('',(-1.605E1,1.249999990753E1,5.499999999994E0));
#946=LINE('',#945,#944);
#947=DIRECTION('',(-2.583791766403E-14,1.681251695440E-8,-1.E0));
#948=VECTOR('',#947,5.499999999994E0);
#949=CARTESIAN_POINT('',(-1.605E1,1.249999990753E1,5.499999999994E0));
#950=LINE('',#949,#948);
#951=CARTESIAN_POINT('',(-1.487132034356E1,1.1E1,0.E0));
#952=DIRECTION('',(0.E0,0.E0,-1.E0));
#953=DIRECTION('',(0.E0,1.E0,0.E0));
#954=AXIS2_PLACEMENT_3D('',#951,#952,#953);
#956=CARTESIAN_POINT('',(-1.445E1,1.23E1,0.E0));
#957=DIRECTION('',(0.E0,0.E0,-1.E0));
#958=DIRECTION('',(9.345845408939E-1,3.557411080016E-1,0.E0));
#959=AXIS2_PLACEMENT_3D('',#956,#957,#958);
#961=DIRECTION('',(0.E0,0.E0,1.E0));
#962=VECTOR('',#961,4.8E0);
#963=CARTESIAN_POINT('',(-1.426308309182E1,1.237114822160E1,0.E0));
#964=LINE('',#963,#962);
#965=DIRECTION('',(0.E0,1.E0,0.E0));
#966=VECTOR('',#965,2.46E1);
#967=CARTESIAN_POINT('',(-1.425E1,-1.23E1,0.E0));
#968=LINE('',#967,#966);
#969=DIRECTION('',(0.E0,0.E0,-1.E0));
#970=VECTOR('',#969,4.8E0);
#971=CARTESIAN_POINT('',(-1.425E1,-1.23E1,4.8E0));
#972=LINE('',#971,#970);
#973=DIRECTION('',(0.E0,1.E0,0.E0));
#974=VECTOR('',#973,2.46E1);
#975=CARTESIAN_POINT('',(-1.425E1,-1.23E1,4.8E0));
#976=LINE('',#975,#974);
#977=DIRECTION('',(0.E0,0.E0,-1.E0));
#978=VECTOR('',#977,4.8E0);
#979=CARTESIAN_POINT('',(-1.425E1,1.23E1,4.8E0));
#980=LINE('',#979,#978);
#981=CARTESIAN_POINT('',(-1.445E1,-1.23E1,0.E0));
#982=DIRECTION('',(0.E0,0.E0,-1.E0));
#983=DIRECTION('',(1.E0,0.E0,0.E0));
#984=AXIS2_PLACEMENT_3D('',#981,#982,#983);
#986=DIRECTION('',(0.E0,0.E0,-1.E0));
#987=VECTOR('',#986,4.8E0);
#988=CARTESIAN_POINT('',(-1.426308309182E1,-1.237114822160E1,4.8E0));
#989=LINE('',#988,#987);
#990=CARTESIAN_POINT('',(-1.487132034356E1,-1.1E1,0.E0));
#991=DIRECTION('',(0.E0,0.E0,1.E0));
#992=DIRECTION('',(0.E0,-1.E0,0.E0));
#993=AXIS2_PLACEMENT_3D('',#990,#991,#992);
#995=CARTESIAN_POINT('',(-1.395208152785E1,-1.191923881538E1,6.419238815705E0));
#996=DIRECTION('',(-5.773502691216E-1,-5.773502693256E-1,-5.773502691216E-1));
#997=DIRECTION('',(7.071067812698E-1,-7.071067811033E-1,8.330225398367E-11));
#998=AXIS2_PLACEMENT_3D('',#995,#996,#997);
#1000=CARTESIAN_POINT('',(-1.487132034356E1,-1.25E1,5.5E0));
#1001=CARTESIAN_POINT('',(-1.480690913102E1,-1.249999644839E1,
5.555827099608E0));
#1002=CARTESIAN_POINT('',(-1.468199613528E1,-1.249176355367E1,
5.664078855074E0));
#1003=CARTESIAN_POINT('',(-1.450691464426E1,-1.245841263282E1,
5.815819065331E0));
#1004=CARTESIAN_POINT('',(-1.434812976316E1,-1.240902939236E1,
5.953431552449E0));
#1005=CARTESIAN_POINT('',(-1.419548568153E1,-1.234254833174E1,
6.085723365588E0));
#1006=CARTESIAN_POINT('',(-1.405412125508E1,-1.226119152985E1,
6.208239370001E0));
#1007=CARTESIAN_POINT('',(-1.392732533950E1,-1.216922812048E1,
6.318128758262E0));
#1008=CARTESIAN_POINT('',(-1.384824058413E1,-1.209824058417E1,
6.386668787473E0));
#1009=CARTESIAN_POINT('',(-1.381065752431E1,-1.206065752430E1,
6.419241086234E0));
#1011=CARTESIAN_POINT('',(-1.395208764615E1,-1.206066690057E1,
6.560653442887E0));
#1012=CARTESIAN_POINT('',(-1.398464961664E1,-1.209823728466E1,
6.523082205795E0));
#1013=CARTESIAN_POINT('',(-1.405319248183E1,-1.216922965333E1,
6.443993867073E0));
#1014=CARTESIAN_POINT('',(-1.416308072467E1,-1.226119112259E1,
6.317199387916E0));
#1015=CARTESIAN_POINT('',(-1.428559704055E1,-1.234254844233E1,
6.175834578984E0));
#1016=CARTESIAN_POINT('',(-1.441788877211E1,-1.240902936336E1,
6.023190600981E0));
#1017=CARTESIAN_POINT('',(-1.455550128240E1,-1.245841264082E1,
5.864405692981E0));
#1018=CARTESIAN_POINT('',(-1.470724148725E1,-1.249176355139E1,
5.689324210045E0));
#1019=CARTESIAN_POINT('',(-1.481549324395E1,-1.249999644839E1,
5.564411212534E0));
#1020=CARTESIAN_POINT('',(-1.487132034356E1,-1.25E1,5.5E0));
#1022=CARTESIAN_POINT('',(-1.303284273396E1,-1.099999999250E1,
6.999999998211E0));
#1023=CARTESIAN_POINT('',(-1.308700401090E1,-1.106249328846E1,
7.000000115147E0));
#1024=CARTESIAN_POINT('',(-1.319332006329E1,-1.118516578584E1,
6.992205476308E0));
#1025=CARTESIAN_POINT('',(-1.334620982654E1,-1.136157748892E1,
6.959386435287E0));
#1026=CARTESIAN_POINT('',(-1.348921930082E1,-1.152658811076E1,
6.907683212022E0));
#1027=CARTESIAN_POINT('',(-1.361182797188E1,-1.166806002867E1,
6.845849360884E0));
#1028=CARTESIAN_POINT('',(-1.372922327682E1,-1.180351560480E1,
6.770013802684E0));
#1029=CARTESIAN_POINT('',(-1.384548396645E1,-1.193766306452E1,
6.674731429056E0));
#1030=CARTESIAN_POINT('',(-1.391743292343E1,-1.202068190943E1,
6.600638942338E0));
#1031=CARTESIAN_POINT('',(-1.395208764615E1,-1.206066690057E1,
6.560653442887E0));
#1033=CARTESIAN_POINT('',(-1.303284271220E1,-1.099999999972E1,6.8E0));
#1034=DIRECTION('',(-7.071067811865E-1,-7.071067811865E-1,0.E0));
#1035=DIRECTION('',(7.071067811865E-1,-7.071067811865E-1,-4.757250149368E-8));
#1036=AXIS2_PLACEMENT_3D('',#1033,#1034,#1035);
#1038=CARTESIAN_POINT('',(-1.197720779386E1,-9.944365081390E0,6.8E0));
#1039=DIRECTION('',(7.071067811865E-1,7.071067811865E-1,0.E0));
#1040=DIRECTION('',(0.E0,0.E0,1.E0));
#1041=AXIS2_PLACEMENT_3D('',#1038,#1039,#1040);
#1043=CARTESIAN_POINT('',(-1.145E1,-8.671572875254E0,6.8E0));
#1044=DIRECTION('',(0.E0,1.E0,0.E0));
#1045=DIRECTION('',(0.E0,0.E0,1.E0));
#1046=AXIS2_PLACEMENT_3D('',#1043,#1044,#1045);
#1048=CARTESIAN_POINT('',(-1.145E1,8.671572875254E0,6.8E0));
#1049=DIRECTION('',(0.E0,1.E0,0.E0));
#1050=DIRECTION('',(0.E0,0.E0,1.E0));
#1051=AXIS2_PLACEMENT_3D('',#1048,#1049,#1050);
#1053=CARTESIAN_POINT('',(-1.303284271208E1,1.099999999961E1,6.8E0));
#1054=DIRECTION('',(7.071067811865E-1,-7.071067811865E-1,0.E0));
#1055=DIRECTION('',(7.071067811865E-1,7.071067811865E-1,-4.413902576772E-8));
#1056=AXIS2_PLACEMENT_3D('',#1053,#1054,#1055);
#1058=CARTESIAN_POINT('',(-1.197720779386E1,9.944365081390E0,6.8E0));
#1059=DIRECTION('',(-7.071067811865E-1,7.071067811865E-1,0.E0));
#1060=DIRECTION('',(0.E0,0.E0,1.E0));
#1061=AXIS2_PLACEMENT_3D('',#1058,#1059,#1060);
#1063=CARTESIAN_POINT('',(-1.395208452591E1,1.206066340452E1,6.560656938993E0));
#1064=CARTESIAN_POINT('',(-1.392612703900E1,1.203071305856E1,6.590607486390E0));
#1065=CARTESIAN_POINT('',(-1.386910942274E1,1.196492325633E1,6.651301303521E0));
#1066=CARTESIAN_POINT('',(-1.376775684985E1,1.184797762581E1,6.740498528608E0));
#1067=CARTESIAN_POINT('',(-1.364812660735E1,1.170994298751E1,6.824968720615E0));
#1068=CARTESIAN_POINT('',(-1.350980080997E1,1.155033584321E1,6.899313735209E0));
#1069=CARTESIAN_POINT('',(-1.335749644575E1,1.137460040786E1,6.956496297266E0));
#1070=CARTESIAN_POINT('',(-1.319688421301E1,1.118927806421E1,6.991999191997E0));
#1071=CARTESIAN_POINT('',(-1.308783606297E1,1.106345341574E1,7.000000216573E0));
#1072=CARTESIAN_POINT('',(-1.303284275049E1,1.099999998673E1,7.000000006443E0));
#1074=CARTESIAN_POINT('',(-1.395207972297E1,1.191923701050E1,6.419240620585E0));
#1075=DIRECTION('',(5.773510249895E-1,-5.773510249895E-1,5.773487575870E-1));
#1076=DIRECTION('',(7.071067811865E-1,7.071067811865E-1,0.E0));
#1077=AXIS2_PLACEMENT_3D('',#1074,#1075,#1076);
#1079=DIRECTION('',(-3.656459935623E-6,3.656472350160E-6,-9.999999999866E-1));
#1080=VECTOR('',#1079,1.219242968056E0);
#1081=CARTESIAN_POINT('',(-1.381065571367E1,1.206065571365E1,6.419242968040E0));
#1082=LINE('',#1081,#1080);
#1083=DIRECTION('',(7.071067811865E-1,-7.071067811865E-1,0.E0));
#1084=VECTOR('',#1083,2.792893218812E0);
#1085=CARTESIAN_POINT('',(-1.381066017178E1,1.206066017178E1,5.2E0));
#1086=LINE('',#1085,#1084);
#1087=DIRECTION('',(-2.164934898019E-13,2.176037128265E-13,-1.E0));
#1088=VECTOR('',#1087,1.6E0);
#1089=CARTESIAN_POINT('',(-1.183578643763E1,1.008578643763E1,6.8E0));
#1090=LINE('',#1089,#1088);
#1091=DIRECTION('',(-7.071067811865E-1,7.071067811865E-1,-1.182715906495E-8));
#1092=VECTOR('',#1091,1.492893021026E0);
#1093=CARTESIAN_POINT('',(-1.183578643763E1,1.008578643763E1,6.8E0));
#1094=LINE('',#1093,#1092);
#1095=CARTESIAN_POINT('',(-1.381065571367E1,1.206065571365E1,6.419242968040E0));
#1096=CARTESIAN_POINT('',(-1.378465072421E1,1.203465072420E1,6.445247697078E0));
#1097=CARTESIAN_POINT('',(-1.372770847027E1,1.197770847027E1,6.497774102296E0));
#1098=CARTESIAN_POINT('',(-1.362631619601E1,1.187631619601E1,6.575113947106E0));
#1099=CARTESIAN_POINT('',(-1.350668630381E1,1.175668630381E1,6.648316941359E0));
#1100=CARTESIAN_POINT('',(-1.336833659308E1,1.161833659308E1,6.712753801756E0));
#1101=CARTESIAN_POINT('',(-1.321605102121E1,1.146605102121E1,6.762309037657E0));
#1102=CARTESIAN_POINT('',(-1.305531294996E1,1.130531294996E1,6.793075724222E0));
#1103=CARTESIAN_POINT('',(-1.294654398839E1,1.119654398839E1,6.800000104197E0));
#1104=CARTESIAN_POINT('',(-1.289142121638E1,1.114142121638E1,6.799999982343E0));
#1106=CARTESIAN_POINT('',(-1.391310815856E1,1.215404912897E1,5.149787929345E0));
#1107=CARTESIAN_POINT('',(-1.391186153566E1,1.215294504906E1,5.150176540516E0));
#1108=CARTESIAN_POINT('',(-1.390937923791E1,1.215078276098E1,5.151056411773E0));
#1109=CARTESIAN_POINT('',(-1.390571872196E1,1.214777277403E1,5.152914141168E0));
#1110=CARTESIAN_POINT('',(-1.390205515967E1,1.214468445958E1,5.154628212291E0));
#1111=CARTESIAN_POINT('',(-1.389840619889E1,1.214160147452E1,5.156381179665E0));
#1112=CARTESIAN_POINT('',(-1.389476708186E1,1.213850151915E1,5.158124058920E0));
#1113=CARTESIAN_POINT('',(-1.389113905615E1,1.213539068288E1,5.159869911194E0));
#1114=CARTESIAN_POINT('',(-1.388752176210E1,1.213226744649E1,5.161615177664E0));
#1115=CARTESIAN_POINT('',(-1.388391527267E1,1.212913232747E1,5.163360757462E0));
#1116=CARTESIAN_POINT('',(-1.388031954695E1,1.212598529551E1,5.165106359912E0));
#1117=CARTESIAN_POINT('',(-1.387673457674E1,1.212282646491E1,5.166852017267E0));
#1118=CARTESIAN_POINT('',(-1.387316034730E1,1.211965590896E1,5.168597679592E0));
#1119=CARTESIAN_POINT('',(-1.386959684801E1,1.211647370960E1,5.170343322837E0));
#1120=CARTESIAN_POINT('',(-1.386604406953E1,1.211327994400E1,5.172088919887E0));
#1121=CARTESIAN_POINT('',(-1.386250200471E1,1.211007468813E1,5.173834447887E0));
#1122=CARTESIAN_POINT('',(-1.385897064835E1,1.210685801569E1,5.175579886246E0));
#1123=CARTESIAN_POINT('',(-1.385544999736E1,1.210362999837E1,5.177325217016E0));
#1124=CARTESIAN_POINT('',(-1.385194005078E1,1.210039070569E1,5.179070424428E0));
#1125=CARTESIAN_POINT('',(-1.384844080982E1,1.209714020497E1,5.180815494909E0));
#1126=CARTESIAN_POINT('',(-1.384495227791E1,1.209387856135E1,5.182560416895E0));
#1127=CARTESIAN_POINT('',(-1.384147446071E1,1.209060583767E1,5.184305180643E0));
#1128=CARTESIAN_POINT('',(-1.383800736618E1,1.208732209449E1,5.186049778089E0));
#1129=CARTESIAN_POINT('',(-1.383455100459E1,1.208402739004E1,5.187794202686E0));
#1130=CARTESIAN_POINT('',(-1.383110538856E1,1.208072178021E1,5.189538449264E0));
#1131=CARTESIAN_POINT('',(-1.382767053304E1,1.207740531848E1,5.191282513785E0));
#1132=CARTESIAN_POINT('',(-1.382424645545E1,1.207407805602E1,5.193026393573E0));
#1133=CARTESIAN_POINT('',(-1.382083317528E1,1.207074004126E1,5.194770085587E0));
#1134=CARTESIAN_POINT('',(-1.381743071567E1,1.206739132143E1,5.196513592236E0));
#1135=CARTESIAN_POINT('',(-1.381403909761E1,1.206403193674E1,5.198256898861E0));
#1136=CARTESIAN_POINT('',(-1.381178527357E1,1.206178527357E1,5.199419004318E0));
#1137=CARTESIAN_POINT('',(-1.381066017178E1,1.206066017178E1,5.2E0));
#1139=CARTESIAN_POINT('',(-1.418630090041E1,1.233444683765E1,4.950421125335E0));
#1140=CARTESIAN_POINT('',(-1.418064576555E1,1.233154385401E1,4.957038940849E0));
#1141=CARTESIAN_POINT('',(-1.416855539914E1,1.232524641854E1,4.970480189864E0));
#1142=CARTESIAN_POINT('',(-1.414822356360E1,1.231428056451E1,4.991000266853E0));
#1143=CARTESIAN_POINT('',(-1.412514574763E1,1.230134128952E1,5.012274991891E0));
#1144=CARTESIAN_POINT('',(-1.409896969168E1,1.228601206334E1,5.034365950259E0));
#1145=CARTESIAN_POINT('',(-1.406932180713E1,1.226777396226E1,5.057257147845E0));
#1146=CARTESIAN_POINT('',(-1.403633928643E1,1.224635425381E1,5.080512802994E0));
#1147=CARTESIAN_POINT('',(-1.399925508775E1,1.222075872314E1,5.104220497407E0));
#1148=CARTESIAN_POINT('',(-1.395883873621E1,1.219093854203E1,5.127394223849E0));
#1149=CARTESIAN_POINT('',(-1.392878439015E1,1.216706517461E1,5.142535041982E0));
#1150=CARTESIAN_POINT('',(-1.391310815856E1,1.215404912897E1,5.149787929345E0));
#1152=CARTESIAN_POINT('',(-1.418630090041E1,1.233444683765E1,4.950421125335E0));
#1153=CARTESIAN_POINT('',(-1.418680319433E1,1.232883653323E1,4.948642225958E0));
#1154=CARTESIAN_POINT('',(-1.418815271386E1,1.231746463078E1,4.945353664589E0));
#1155=CARTESIAN_POINT('',(-1.419020953770E1,1.230585103039E1,4.942633208099E0));
#1156=CARTESIAN_POINT('',(-1.419142136866E1,1.23E1,4.941421368657E0));
#1158=CARTESIAN_POINT('',(-1.405E1,1.201715728753E1,5.000000003032E0));
#1159=CARTESIAN_POINT('',(-1.405571396006E1,1.202858561240E1,5.000000028199E0));
#1160=CARTESIAN_POINT('',(-1.406692482859E1,1.205100674065E1,4.999509781264E0));
#1161=CARTESIAN_POINT('',(-1.408301038026E1,1.208317801156E1,4.997473092662E0));
#1162=CARTESIAN_POINT('',(-1.409851296005E1,1.211418288194E1,4.994237118414E0));
#1163=CARTESIAN_POINT('',(-1.411335509929E1,1.214386721245E1,4.989905612958E0));
#1164=CARTESIAN_POINT('',(-1.412756866914E1,1.217229435271E1,4.984550817967E0));
#1165=CARTESIAN_POINT('',(-1.414121216378E1,1.219958143183E1,4.978201185251E0));
#1166=CARTESIAN_POINT('',(-1.415437544486E1,1.222590812917E1,4.970828726458E0));
#1167=CARTESIAN_POINT('',(-1.416714001637E1,1.225143743585E1,4.962352465548E0));
#1168=CARTESIAN_POINT('',(-1.417953584053E1,1.227622942125E1,4.952661201259E0));
#1169=CARTESIAN_POINT('',(-1.418751300274E1,1.229218366982E1,4.945329690896E0));
#1170=CARTESIAN_POINT('',(-1.419142136866E1,1.23E1,4.941421368657E0));
#1172=CARTESIAN_POINT('',(-1.405E1,1.201715728753E1,5.200000024255E0));
#1173=DIRECTION('',(-7.071067811865E-1,7.071067811866E-1,1.554126287178E-8));
#1174=DIRECTION('',(6.844591447147E-1,6.844591502327E-1,-2.510604526387E-1));
#1175=AXIS2_PLACEMENT_3D('',#1172,#1173,#1174);
#1177=CARTESIAN_POINT('',(-1.426308309182E1,1.237114822160E1,4.8E0));
#1178=CARTESIAN_POINT('',(-1.426308309182E1,1.237114822160E1,4.810655546834E0));
#1179=CARTESIAN_POINT('',(-1.426120687668E1,1.237031844533E1,4.831997607462E0));
#1180=CARTESIAN_POINT('',(-1.425203078813E1,1.236621407671E1,4.864900867617E0));
#1181=CARTESIAN_POINT('',(-1.423641120175E1,1.235905308611E1,4.896311415750E0));
#1182=CARTESIAN_POINT('',(-1.421516158119E1,1.234896163977E1,4.924832198212E0));
#1183=CARTESIAN_POINT('',(-1.419665718343E1,1.233976308932E1,4.942291374373E0));
#1184=CARTESIAN_POINT('',(-1.418630090041E1,1.233444683765E1,4.950421125335E0));
#1186=CARTESIAN_POINT('',(-1.445E1,1.23E1,4.8E0));
#1187=DIRECTION('',(0.E0,0.E0,1.E0));
#1188=DIRECTION('',(1.E0,-1.776356839400E-14,0.E0));
#1189=AXIS2_PLACEMENT_3D('',#1186,#1187,#1188);
#1191=CARTESIAN_POINT('',(-1.405E1,1.23E1,4.8E0));
#1192=DIRECTION('',(0.E0,-1.E0,0.E0));
#1193=DIRECTION('',(-7.071067811859E-1,0.E0,7.071067811872E-1));
#1194=AXIS2_PLACEMENT_3D('',#1191,#1192,#1193);
#1196=CARTESIAN_POINT('',(-1.418630129088E1,-1.233444703809E1,
4.950420818818E0));
#1197=CARTESIAN_POINT('',(-1.419662462675E1,-1.233974637299E1,
4.942316895090E0));
#1198=CARTESIAN_POINT('',(-1.421509547728E1,-1.234893012629E1,
4.924919735019E0));
#1199=CARTESIAN_POINT('',(-1.423647738198E1,-1.235908413207E1,
4.896205870347E0));
#1200=CARTESIAN_POINT('',(-1.425198742677E1,-1.236619406868E1,
4.864983431690E0));
#1201=CARTESIAN_POINT('',(-1.426119801261E1,-1.237031467947E1,
4.832073817940E0));
#1202=CARTESIAN_POINT('',(-1.426308309182E1,-1.237114822160E1,
4.810692045315E0));
#1203=CARTESIAN_POINT('',(-1.426308309182E1,-1.237114822160E1,4.8E0));
#1205=CARTESIAN_POINT('',(-1.418630129088E1,-1.233444703809E1,
4.950420818818E0));
#1206=CARTESIAN_POINT('',(-1.418680418842E1,-1.232882972880E1,
4.948639706562E0));
#1207=CARTESIAN_POINT('',(-1.418815465716E1,-1.231745049838E1,
4.945350125310E0));
#1208=CARTESIAN_POINT('',(-1.419021120297E1,-1.230584407564E1,
4.942631518721E0));
#1209=CARTESIAN_POINT('',(-1.419142135676E1,-1.23E1,4.941421356756E0));
#1211=CARTESIAN_POINT('',(-1.405E1,-1.23E1,4.8E0));
#1212=DIRECTION('',(0.E0,1.E0,0.E0));
#1213=DIRECTION('',(-1.E0,0.E0,0.E0));
#1214=AXIS2_PLACEMENT_3D('',#1211,#1212,#1213);
#1216=CARTESIAN_POINT('',(-1.445E1,-1.23E1,4.8E0));
#1217=DIRECTION('',(0.E0,0.E0,1.E0));
#1218=DIRECTION('',(9.345845408939E-1,-3.557411080015E-1,0.E0));
#1219=AXIS2_PLACEMENT_3D('',#1216,#1217,#1218);
#1221=CARTESIAN_POINT('',(-1.391310817851E1,-1.215404910901E1,
5.149787588300E0));
#1222=CARTESIAN_POINT('',(-1.393035621201E1,-1.216837022886E1,
5.141808894111E0));
#1223=CARTESIAN_POINT('',(-1.396329360090E1,-1.219441473334E1,
5.125078991715E0));
#1224=CARTESIAN_POINT('',(-1.400730177369E1,-1.222651131006E1,
5.099365097584E0));
#1225=CARTESIAN_POINT('',(-1.404681969707E1,-1.225334262944E1,
5.073439721617E0));
#1226=CARTESIAN_POINT('',(-1.408232249483E1,-1.227592889467E1,
5.047558083829E0));
#1227=CARTESIAN_POINT('',(-1.411369850983E1,-1.229475706057E1,
5.022266361222E0));
#1228=CARTESIAN_POINT('',(-1.414142814728E1,-1.231055414402E1,
4.997571792469E0));
#1229=CARTESIAN_POINT('',(-1.416580322481E1,-1.232380704258E1,
4.973487434184E0));
#1230=CARTESIAN_POINT('',(-1.417982808484E1,-1.233112411156E1,
4.957995693326E0));
#1231=CARTESIAN_POINT('',(-1.418630129088E1,-1.233444703809E1,
4.950420818818E0));
#1233=CARTESIAN_POINT('',(-1.405E1,-1.201715728753E1,5.200000044741E0));
#1234=DIRECTION('',(-7.071067811865E-1,-7.071067811865E-1,-3.378802357834E-8));
#1235=DIRECTION('',(2.389174812762E-8,2.389173924584E-8,-1.E0));
#1236=AXIS2_PLACEMENT_3D('',#1233,#1234,#1235);
#1238=CARTESIAN_POINT('',(-1.419142135676E1,-1.23E1,4.941421356756E0));
#1239=CARTESIAN_POINT('',(-1.418649372653E1,-1.229014098334E1,
4.946348939626E0));
#1240=CARTESIAN_POINT('',(-1.417657465882E1,-1.227030937645E1,
4.955240071415E0));
#1241=CARTESIAN_POINT('',(-1.416184127603E1,-1.224084006241E1,
4.966124076536E0));
#1242=CARTESIAN_POINT('',(-1.414687805251E1,-1.221091413128E1,
4.975252797503E0));
#1243=CARTESIAN_POINT('',(-1.413168818613E1,-1.218053401171E1,
4.982812625092E0));
#1244=CARTESIAN_POINT('',(-1.411627484511E1,-1.214970719470E1,
4.988938376430E0));
#1245=CARTESIAN_POINT('',(-1.410059411734E1,-1.211834553182E1,
4.993727027914E0));
#1246=CARTESIAN_POINT('',(-1.408445400092E1,-1.208606528655E1,
4.997242297405E0));
#1247=CARTESIAN_POINT('',(-1.406780356918E1,-1.205276398137E1,
4.999452636870E0));
#1248=CARTESIAN_POINT('',(-1.405602519311E1,-1.202920755529E1,
4.999999985756E0));
#1249=CARTESIAN_POINT('',(-1.405E1,-1.201715728753E1,5.000000005593E0));
#1251=CARTESIAN_POINT('',(-1.381066017178E1,-1.206066017178E1,5.2E0));
#1252=CARTESIAN_POINT('',(-1.381178527448E1,-1.206178527448E1,
5.199419003847E0));
#1253=CARTESIAN_POINT('',(-1.381403910036E1,-1.206403193947E1,
5.198256897447E0));
#1254=CARTESIAN_POINT('',(-1.381743072118E1,-1.206739132687E1,
5.196513589409E0));
#1255=CARTESIAN_POINT('',(-1.382083318357E1,-1.207074004940E1,
5.194770081347E0));
#1256=CARTESIAN_POINT('',(-1.382424646653E1,-1.207407806683E1,
5.193026387919E0));
#1257=CARTESIAN_POINT('',(-1.382767054694E1,-1.207740533195E1,
5.191282506716E0));
#1258=CARTESIAN_POINT('',(-1.383110540530E1,-1.208072179632E1,
5.189538440782E0));
#1259=CARTESIAN_POINT('',(-1.383455102418E1,-1.208402740878E1,
5.187794192789E0));
#1260=CARTESIAN_POINT('',(-1.383800738863E1,-1.208732211583E1,
5.186049766777E0));
#1261=CARTESIAN_POINT('',(-1.384147448604E1,-1.209060586160E1,
5.184305167918E0));
#1262=CARTESIAN_POINT('',(-1.384495230615E1,-1.209387858784E1,
5.182560402752E0));
#1263=CARTESIAN_POINT('',(-1.384844084099E1,-1.209714023402E1,
5.180815479353E0));
#1264=CARTESIAN_POINT('',(-1.385194008488E1,-1.210039073726E1,
5.179070407453E0));
#1265=CARTESIAN_POINT('',(-1.385545003441E1,-1.210363003246E1,
5.177325198639E0));
#1266=CARTESIAN_POINT('',(-1.385897068838E1,-1.210685805228E1,
5.175579866446E0));
#1267=CARTESIAN_POINT('',(-1.386250204772E1,-1.211007472719E1,
5.173834426674E0));
#1268=CARTESIAN_POINT('',(-1.386604411555E1,-1.211327998552E1,
5.172088897242E0));
#1269=CARTESIAN_POINT('',(-1.386959689705E1,-1.211647375355E1,
5.170343298798E0));
#1270=CARTESIAN_POINT('',(-1.387316039939E1,-1.211965595534E1,
5.168597654144E0));
#1271=CARTESIAN_POINT('',(-1.387673463189E1,-1.212282651368E1,
5.166851990382E0));
#1272=CARTESIAN_POINT('',(-1.388031960518E1,-1.212598534665E1,
5.165106331610E0));
#1273=CARTESIAN_POINT('',(-1.388391533399E1,-1.212913238097E1,
5.163360727761E0));
#1274=CARTESIAN_POINT('',(-1.388752182654E1,-1.213226750234E1,
5.161615146636E0));
#1275=CARTESIAN_POINT('',(-1.389113912368E1,-1.213539074101E1,
5.159869878550E0));
#1276=CARTESIAN_POINT('',(-1.389476715268E1,-1.213850157966E1,
5.158124025438E0));
#1277=CARTESIAN_POINT('',(-1.389840627229E1,-1.214160153701E1,
5.156381142901E0));
#1278=CARTESIAN_POINT('',(-1.390205523852E1,-1.214468452539E1,
5.154628180797E0));
#1279=CARTESIAN_POINT('',(-1.390571879554E1,-1.214777283806E1,
5.152914083418E0));
#1280=CARTESIAN_POINT('',(-1.390937934632E1,-1.215078284220E1,
5.151056445406E0));
#1281=CARTESIAN_POINT('',(-1.391186156756E1,-1.215294509452E1,
5.150176342558E0));
#1282=CARTESIAN_POINT('',(-1.391310817851E1,-1.215404910901E1,
5.149787588300E0));
#1284=CARTESIAN_POINT('',(-1.197720779386E1,-9.944365081390E0,5.2E0));
#1285=DIRECTION('',(-7.071067811865E-1,-7.071067811865E-1,0.E0));
#1286=DIRECTION('',(0.E0,0.E0,-1.E0));
#1287=AXIS2_PLACEMENT_3D('',#1284,#1285,#1286);
#1289=DIRECTION('',(2.171406243010E-6,2.171414326094E-6,9.999999999953E-1));
#1290=VECTOR('',#1289,1.219241086240E0);
#1291=CARTESIAN_POINT('',(-1.381066017178E1,-1.206066017178E1,5.2E0));
#1292=LINE('',#1291,#1290);
#1293=CARTESIAN_POINT('',(-1.289142120156E1,-1.114142120156E1,
6.799999980971E0));
#1294=CARTESIAN_POINT('',(-1.294570070142E1,-1.119570070142E1,
6.799999993773E0));
#1295=CARTESIAN_POINT('',(-1.305178444987E1,-1.130178444987E1,
6.793251112430E0));
#1296=CARTESIAN_POINT('',(-1.320477851125E1,-1.145477851125E1,
6.764808880744E0));
#1297=CARTESIAN_POINT('',(-1.334777165915E1,-1.159777165915E1,
6.720000866410E0));
#1298=CARTESIAN_POINT('',(-1.347039736075E1,-1.172039736075E1,
6.666406579143E0));
#1299=CARTESIAN_POINT('',(-1.358777898360E1,-1.183777898360E1,
6.600697338826E0));
#1300=CARTESIAN_POINT('',(-1.370410380872E1,-1.195410380873E1,
6.518059221686E0));
#1301=CARTESIAN_POINT('',(-1.377591113934E1,-1.202591113933E1,
6.453987155303E0));
#1302=CARTESIAN_POINT('',(-1.381065752431E1,-1.206065752430E1,
6.419241086234E0));
#1304=DIRECTION('',(7.071067811865E-1,7.071067811865E-1,1.274640113601E-8));
#1305=VECTOR('',#1304,1.492893000065E0);
#1306=CARTESIAN_POINT('',(-1.289142120156E1,-1.114142120156E1,
6.799999980971E0));
#1307=LINE('',#1306,#1305);
#1308=DIRECTION('',(4.041211809636E-13,4.041211809636E-13,-1.E0));
#1309=VECTOR('',#1308,1.6E0);
#1310=CARTESIAN_POINT('',(-1.183578643763E1,-1.008578643763E1,6.8E0));
#1311=LINE('',#1310,#1309);
#1312=DIRECTION('',(-7.071067811865E-1,-7.071067811865E-1,0.E0));
#1313=VECTOR('',#1312,2.792893218813E0);
#1314=CARTESIAN_POINT('',(-1.183578643763E1,-1.008578643763E1,5.2E0));
#1315=LINE('',#1314,#1313);
#1316=CARTESIAN_POINT('',(-1.325E1,-8.671572875254E0,6.8E0));
#1317=DIRECTION('',(0.E0,0.E0,1.E0));
#1318=DIRECTION('',(7.071067811865E-1,-7.071067811865E-1,0.E0));
#1319=AXIS2_PLACEMENT_3D('',#1316,#1317,#1318);
#1321=CARTESIAN_POINT('',(-1.325E1,-8.671572875254E0,5.2E0));
#1322=DIRECTION('',(0.E0,0.E0,-1.E0));
#1323=DIRECTION('',(1.E0,0.E0,0.E0));
#1324=AXIS2_PLACEMENT_3D('',#1321,#1322,#1323);
#1326=DIRECTION('',(0.E0,1.E0,0.E0));
#1327=VECTOR('',#1326,1.734314575051E1);
#1328=CARTESIAN_POINT('',(-1.125E1,-8.671572875253E0,6.8E0));
#1329=LINE('',#1328,#1327);
#1330=DIRECTION('',(0.E0,0.E0,-1.E0));
#1331=VECTOR('',#1330,1.6E0);
#1332=CARTESIAN_POINT('',(-1.125E1,8.671572875253E0,6.8E0));
#1333=LINE('',#1332,#1331);
#1334=DIRECTION('',(0.E0,-1.E0,0.E0));
#1335=VECTOR('',#1334,1.734314575051E1);
#1336=CARTESIAN_POINT('',(-1.125E1,8.671572875253E0,5.2E0));
#1337=LINE('',#1336,#1335);
#1338=DIRECTION('',(0.E0,0.E0,-1.E0));
#1339=VECTOR('',#1338,1.6E0);
#1340=CARTESIAN_POINT('',(-1.125E1,-8.671572875253E0,6.8E0));
#1341=LINE('',#1340,#1339);
#1342=CARTESIAN_POINT('',(-1.325E1,8.671572875254E0,6.8E0));
#1343=DIRECTION('',(0.E0,0.E0,1.E0));
#1344=DIRECTION('',(1.E0,0.E0,0.E0));
#1345=AXIS2_PLACEMENT_3D('',#1342,#1343,#1344);
#1347=CARTESIAN_POINT('',(-1.325E1,8.671572875254E0,5.2E0));
#1348=DIRECTION('',(0.E0,0.E0,-1.E0));
#1349=DIRECTION('',(7.071067811865E-1,7.071067811865E-1,0.E0));
#1350=AXIS2_PLACEMENT_3D('',#1347,#1348,#1349);
#1352=CARTESIAN_POINT('',(-1.197720779386E1,9.944365081390E0,5.2E0));
#1353=DIRECTION('',(7.071067811865E-1,-7.071067811865E-1,0.E0));
#1354=DIRECTION('',(0.E0,0.E0,-1.E0));
#1355=AXIS2_PLACEMENT_3D('',#1352,#1353,#1354);
#1357=DIRECTION('',(7.071067811865E-1,7.071067811865E-1,1.907857061573E-9));
#1358=VECTOR('',#1357,2.931370849899E0);
#1359=CARTESIAN_POINT('',(1.197720779386E1,9.944365081390E0,5.E0));
#1360=LINE('',#1359,#1358);
#1361=CARTESIAN_POINT('',(1.325E1,8.671572875254E0,5.E0));
#1362=DIRECTION('',(0.E0,0.E0,-1.E0));
#1363=DIRECTION('',(-1.E0,0.E0,0.E0));
#1364=AXIS2_PLACEMENT_3D('',#1361,#1362,#1363);
#1366=DIRECTION('',(0.E0,1.E0,0.E0));
#1367=VECTOR('',#1366,1.734314575051E1);
#1368=CARTESIAN_POINT('',(1.145E1,-8.671572875254E0,5.E0));
#1369=LINE('',#1368,#1367);
#1370=CARTESIAN_POINT('',(1.325E1,-8.671572875254E0,5.E0));
#1371=DIRECTION('',(0.E0,0.E0,-1.E0));
#1372=DIRECTION('',(-7.071067811865E-1,-7.071067811865E-1,0.E0));
#1373=AXIS2_PLACEMENT_3D('',#1370,#1371,#1372);
#1375=DIRECTION('',(-7.071067811865E-1,7.071067811865E-1,-1.034271239645E-9));
#1376=VECTOR('',#1375,2.931370849898E0);
#1377=CARTESIAN_POINT('',(1.405E1,-1.201715728753E1,5.000000003032E0));
#1378=LINE('',#1377,#1376);
#1379=DIRECTION('',(0.E0,-1.E0,-1.065478648649E-10));
#1380=VECTOR('',#1379,2.403431457505E1);
#1381=CARTESIAN_POINT('',(1.405E1,1.201715728753E1,5.000000005593E0));
#1382=LINE('',#1381,#1380);
#1383=DIRECTION('',(-7.071067811865E-1,-7.071067811865E-1,1.907857061573E-9));
#1384=VECTOR('',#1383,2.931370849899E0);
#1385=CARTESIAN_POINT('',(-1.197720779386E1,-9.944365081390E0,5.E0));
#1386=LINE('',#1385,#1384);
#1387=CARTESIAN_POINT('',(-1.325E1,-8.671572875254E0,5.E0));
#1388=DIRECTION('',(0.E0,0.E0,-1.E0));
#1389=DIRECTION('',(1.E0,0.E0,0.E0));
#1390=AXIS2_PLACEMENT_3D('',#1387,#1388,#1389);
#1392=DIRECTION('',(0.E0,-1.E0,0.E0));
#1393=VECTOR('',#1392,1.734314575051E1);
#1394=CARTESIAN_POINT('',(-1.145E1,8.671572875254E0,5.E0));
#1395=LINE('',#1394,#1393);
#1396=CARTESIAN_POINT('',(-1.325E1,8.671572875254E0,5.E0));
#1397=DIRECTION('',(0.E0,0.E0,-1.E0));
#1398=DIRECTION('',(7.071067811865E-1,7.071067811865E-1,0.E0));
#1399=AXIS2_PLACEMENT_3D('',#1396,#1397,#1398);
#1401=DIRECTION('',(7.071067811865E-1,-7.071067811865E-1,-1.034271239645E-9));
#1402=VECTOR('',#1401,2.931370849898E0);
#1403=CARTESIAN_POINT('',(-1.405E1,1.201715728753E1,5.000000003032E0));
#1404=LINE('',#1403,#1402);
#1405=DIRECTION('',(0.E0,1.E0,-1.065478648649E-10));
#1406=VECTOR('',#1405,2.403431457505E1);
#1407=CARTESIAN_POINT('',(-1.405E1,-1.201715728753E1,5.000000005593E0));
#1408=LINE('',#1407,#1406);
#1409=CARTESIAN_POINT('',(1.381066017178E1,1.206066017178E1,5.2E0));
#1410=CARTESIAN_POINT('',(1.381178527448E1,1.206178527448E1,5.199419003847E0));
#1411=CARTESIAN_POINT('',(1.381403910036E1,1.206403193947E1,5.198256897448E0));
#1412=CARTESIAN_POINT('',(1.381743072117E1,1.206739132687E1,5.196513589410E0));
#1413=CARTESIAN_POINT('',(1.382083318356E1,1.207074004940E1,5.194770081347E0));
#1414=CARTESIAN_POINT('',(1.382424646653E1,1.207407806683E1,5.193026387921E0));
#1415=CARTESIAN_POINT('',(1.382767054694E1,1.207740533195E1,5.191282506716E0));
#1416=CARTESIAN_POINT('',(1.383110540529E1,1.208072179632E1,5.189538440785E0));
#1417=CARTESIAN_POINT('',(1.383455102417E1,1.208402740878E1,5.187794192789E0));
#1418=CARTESIAN_POINT('',(1.383800738863E1,1.208732211583E1,5.186049766782E0));
#1419=CARTESIAN_POINT('',(1.384147448604E1,1.209060586159E1,5.184305167914E0));
#1420=CARTESIAN_POINT('',(1.384495230614E1,1.209387858784E1,5.182560402766E0));
#1421=CARTESIAN_POINT('',(1.384844084098E1,1.209714023401E1,5.180815479353E0));
#1422=CARTESIAN_POINT('',(1.385194008488E1,1.210039073726E1,5.179070407461E0));
#1423=CARTESIAN_POINT('',(1.385545003441E1,1.210363003246E1,5.177325198646E0));
#1424=CARTESIAN_POINT('',(1.385897068837E1,1.210685805227E1,5.175579866443E0));
#1425=CARTESIAN_POINT('',(1.386250204772E1,1.211007472718E1,5.173834426678E0));
#1426=CARTESIAN_POINT('',(1.386604411555E1,1.211327998551E1,5.172088897255E0));
#1427=CARTESIAN_POINT('',(1.386959689705E1,1.211647375355E1,5.170343298805E0));
#1428=CARTESIAN_POINT('',(1.387316039938E1,1.211965595534E1,5.168597654166E0));
#1429=CARTESIAN_POINT('',(1.387673463189E1,1.212282651367E1,5.166851990362E0));
#1430=CARTESIAN_POINT('',(1.388031960518E1,1.212598534665E1,5.165106331628E0));
#1431=CARTESIAN_POINT('',(1.388391533398E1,1.212913238097E1,5.163360727805E0));
#1432=CARTESIAN_POINT('',(1.388752182653E1,1.213226750233E1,5.161615146635E0));
#1433=CARTESIAN_POINT('',(1.389113912367E1,1.213539074102E1,5.159869878622E0));
#1434=CARTESIAN_POINT('',(1.389476715269E1,1.213850157965E1,5.158124025384E0));
#1435=CARTESIAN_POINT('',(1.389840627228E1,1.214160153702E1,5.156381142966E0));
#1436=CARTESIAN_POINT('',(1.390205523852E1,1.214468452539E1,5.154628180813E0));
#1437=CARTESIAN_POINT('',(1.390571879552E1,1.214777283806E1,5.152914083462E0));
#1438=CARTESIAN_POINT('',(1.390937934633E1,1.215078284218E1,5.151056445359E0));
#1439=CARTESIAN_POINT('',(1.391186156756E1,1.215294509451E1,5.150176342537E0));
#1440=CARTESIAN_POINT('',(1.391310817851E1,1.215404910901E1,5.149787588300E0));
#1442=CARTESIAN_POINT('',(1.197720779386E1,9.944365081390E0,5.2E0));
#1443=DIRECTION('',(7.071067811865E-1,7.071067811865E-1,0.E0));
#1444=DIRECTION('',(0.E0,0.E0,-1.E0));
#1445=AXIS2_PLACEMENT_3D('',#1442,#1443,#1444);
#1447=CARTESIAN_POINT('',(1.487132034356E1,1.1E1,0.E0));
#1448=DIRECTION('',(0.E0,0.E0,1.E0));
#1449=DIRECTION('',(0.E0,1.E0,0.E0));
#1450=AXIS2_PLACEMENT_3D('',#1447,#1448,#1449);
#1452=DIRECTION('',(-1.E0,0.E0,0.E0));
#1453=VECTOR('',#1452,1.178679656440E0);
#1454=CARTESIAN_POINT('',(1.605E1,1.25E1,0.E0));
#1455=LINE('',#1454,#1453);
#1456=DIRECTION('',(2.842170943046E-14,2.098638160227E-8,-1.E0));
#1457=VECTOR('',#1456,5.499999999988E0);
#1458=CARTESIAN_POINT('',(1.605E1,1.249999988457E1,5.499999999988E0));
#1459=LINE('',#1458,#1457);
#1460=DIRECTION('',(-1.E0,9.792745482758E-8,9.869824152533E-12));
#1461=VECTOR('',#1460,1.178679656440E0);
#1462=CARTESIAN_POINT('',(1.605E1,1.249999988457E1,5.499999999988E0));
#1463=LINE('',#1462,#1461);
#1464=DIRECTION('',(0.E0,0.E0,1.E0));
#1465=VECTOR('',#1464,5.5E0);
#1466=CARTESIAN_POINT('',(1.487132034356E1,1.25E1,0.E0));
#1467=LINE('',#1466,#1465);
#1468=CARTESIAN_POINT('',(1.605E1,1.23E1,0.E0));
#1469=DIRECTION('',(0.E0,0.E0,-1.E0));
#1470=DIRECTION('',(-1.065814103640E-13,1.E0,0.E0));
#1471=AXIS2_PLACEMENT_3D('',#1468,#1469,#1470);
#1473=CARTESIAN_POINT('',(1.605E1,1.23E1,5.499999997291E0));
#1474=DIRECTION('',(0.E0,0.E0,1.E0));
#1475=DIRECTION('',(1.E0,0.E0,0.E0));
#1476=AXIS2_PLACEMENT_3D('',#1473,#1474,#1475);
#1478=CARTESIAN_POINT('',(1.475E1,1.1E1,7.E0));
#1479=CARTESIAN_POINT('',(1.481134958821E1,1.105317322609E1,6.999997014644E0));
#1480=CARTESIAN_POINT('',(1.493356314627E1,1.115908610550E1,6.992584989419E0));
#1481=CARTESIAN_POINT('',(1.511696513854E1,1.131803723133E1,6.958301874881E0));
#1482=CARTESIAN_POINT('',(1.528940068417E1,1.146748019908E1,6.903485173946E0));
#1483=CARTESIAN_POINT('',(1.545172753920E1,1.160816393951E1,6.829603529985E0));
#1484=CARTESIAN_POINT('',(1.559906259221E1,1.173585412178E1,6.740439668777E0));
#1485=CARTESIAN_POINT('',(1.573175715903E1,1.185085614756E1,6.638058475450E0));
#1486=CARTESIAN_POINT('',(1.584784492332E1,1.195146553643E1,6.526188070939E0));
#1487=CARTESIAN_POINT('',(1.594789478134E1,1.203817544312E1,6.407111457325E0));
#1488=CARTESIAN_POINT('',(1.603245021164E1,1.211145684788E1,6.282665024210E0));
#1489=CARTESIAN_POINT('',(1.610163256696E1,1.217141492045E1,6.155619381537E0));
#1490=CARTESIAN_POINT('',(1.615696570881E1,1.221937030395E1,6.026225572370E0));
#1491=CARTESIAN_POINT('',(1.619915887955E1,1.225593779389E1,5.895074469028E0));
#1492=CARTESIAN_POINT('',(1.622839001305E1,1.228127115901E1,5.764769048854E0));
#1493=CARTESIAN_POINT('',(1.624586062290E1,1.229641291999E1,5.635052995966E0));
#1494=CARTESIAN_POINT('',(1.624999918316E1,1.229999882254E1,5.545218449878E0));
#1495=CARTESIAN_POINT('',(1.624999991892E1,1.23E1,5.499999999995E0));
#1497=CARTESIAN_POINT('',(1.605E1,1.249999988457E1,5.499999999988E0));
#1498=CARTESIAN_POINT('',(1.604999887618E1,1.249999874518E1,5.545218449024E0));
#1499=CARTESIAN_POINT('',(1.604641291757E1,1.249586082656E1,5.635052994066E0));
#1500=CARTESIAN_POINT('',(1.603127121238E1,1.247838995716E1,5.764769057146E0));
#1501=CARTESIAN_POINT('',(1.600593778499E1,1.244915889391E1,5.895074468513E0));
#1502=CARTESIAN_POINT('',(1.596937026306E1,1.240696570850E1,6.026225561496E0));
#1503=CARTESIAN_POINT('',(1.592141484283E1,1.235163257996E1,6.155619355698E0));
#1504=CARTESIAN_POINT('',(1.586145675835E1,1.228245023213E1,6.282664989752E0));
#1505=CARTESIAN_POINT('',(1.578817536469E1,1.219789480657E1,6.407111424360E0));
#1506=CARTESIAN_POINT('',(1.570146548157E1,1.209784494616E1,6.526188047027E0));
#1507=CARTESIAN_POINT('',(1.560085611520E1,1.198175717585E1,6.638058461536E0));
#1508=CARTESIAN_POINT('',(1.548585410953E1,1.184906260021E1,6.740439663828E0));
#1509=CARTESIAN_POINT('',(1.535816393775E1,1.170172754067E1,6.829603529290E0));
#1510=CARTESIAN_POINT('',(1.521748019667E1,1.153940068625E1,6.903485173253E0));
#1511=CARTESIAN_POINT('',(1.506803723467E1,1.136696513599E1,6.958301875569E0));
#1512=CARTESIAN_POINT('',(1.490908610457E1,1.118356314697E1,6.992584989228E0));
#1513=CARTESIAN_POINT('',(1.480317322607E1,1.106134958818E1,6.999997014644E0));
#1514=CARTESIAN_POINT('',(1.475E1,1.1E1,7.E0));
#1516=CARTESIAN_POINT('',(1.475E1,-1.1E1,7.E0));
#1517=CARTESIAN_POINT('',(1.480408053504E1,-1.106239633550E1,6.999996856689E0));
#1518=CARTESIAN_POINT('',(1.491119276472E1,-1.118599397092E1,6.992246918696E0));
#1519=CARTESIAN_POINT('',(1.506803496174E1,-1.136696250941E1,6.958237180162E0));
#1520=CARTESIAN_POINT('',(1.521776008598E1,-1.153972363340E1,6.903393078206E0));
#1521=CARTESIAN_POINT('',(1.535849534909E1,-1.170210994084E1,6.829394536868E0));
#1522=CARTESIAN_POINT('',(1.548611831148E1,-1.184936742871E1,6.740230628893E0));
#1523=CARTESIAN_POINT('',(1.560108762762E1,-1.198202425293E1,6.637825495739E0));
#1524=CARTESIAN_POINT('',(1.570162385491E1,-1.209802759731E1,6.525988441624E0));
#1525=CARTESIAN_POINT('',(1.578828393076E1,-1.219801995532E1,6.406942877097E0));
#1526=CARTESIAN_POINT('',(1.586151514575E1,-1.228251747383E1,6.282548738125E0));
#1527=CARTESIAN_POINT('',(1.592142704450E1,-1.235164654974E1,6.155585134824E0));
#1528=CARTESIAN_POINT('',(1.596937208374E1,-1.240696776316E1,6.026220909771E0));
#1529=CARTESIAN_POINT('',(1.600594591292E1,-1.244916824109E1,5.895043062915E0));
#1530=CARTESIAN_POINT('',(1.603127153535E1,-1.247839047697E1,5.764753009636E0));
#1531=CARTESIAN_POINT('',(1.604640595556E1,-1.249585257297E1,5.635130903628E0));
#1532=CARTESIAN_POINT('',(1.604999877189E1,-1.249999914010E1,5.545253437439E0));
#1533=CARTESIAN_POINT('',(1.605E1,-1.249999990753E1,5.499999999994E0));
#1535=CARTESIAN_POINT('',(1.624999986692E1,-1.23E1,5.499999999986E0));
#1536=CARTESIAN_POINT('',(1.624999867E1,-1.229999882899E1,5.545253436475E0));
#1537=CARTESIAN_POINT('',(1.624585279157E1,-1.229640595441E1,5.635130901554E0));
#1538=CARTESIAN_POINT('',(1.622839041699E1,-1.228127159306E1,5.764753018596E0));
#1539=CARTESIAN_POINT('',(1.619916825629E1,-1.225594590772E1,5.895043063221E0));
#1540=CARTESIAN_POINT('',(1.615696776245E1,-1.221937204340E1,6.026220899133E0));
#1541=CARTESIAN_POINT('',(1.610164656317E1,-1.217142696438E1,6.155585108171E0));
#1542=CARTESIAN_POINT('',(1.603251749547E1,-1.211151505090E1,6.282548701642E0));
#1543=CARTESIAN_POINT('',(1.594801998259E1,-1.203828384581E1,6.406942841405E0));
#1544=CARTESIAN_POINT('',(1.584802762241E1,-1.195162379449E1,6.525988415286E0));
#1545=CARTESIAN_POINT('',(1.573202427201E1,-1.185108759080E1,6.637825479913E0));
#1546=CARTESIAN_POINT('',(1.559936743802E1,-1.173611829714E1,6.740230623095E0));
#1547=CARTESIAN_POINT('',(1.545210994330E1,-1.160849534592E1,6.829394535677E0));
#1548=CARTESIAN_POINT('',(1.528972363570E1,-1.146776008334E1,6.903393077464E0));
#1549=CARTESIAN_POINT('',(1.511696250664E1,-1.131803496536E1,6.958237180902E0));
#1550=CARTESIAN_POINT('',(1.493599397168E1,-1.116119276371E1,6.992246918490E0));
#1551=CARTESIAN_POINT('',(1.481239633548E1,-1.105408053502E1,6.999996856689E0));
#1552=CARTESIAN_POINT('',(1.475E1,-1.1E1,7.E0));
#1554=CARTESIAN_POINT('',(1.605E1,-1.23E1,0.E0));
#1555=DIRECTION('',(0.E0,0.E0,-1.E0));
#1556=DIRECTION('',(1.E0,0.E0,0.E0));
#1557=AXIS2_PLACEMENT_3D('',#1554,#1555,#1556);
#1559=CARTESIAN_POINT('',(1.605E1,-1.23E1,5.499999997060E0));
#1560=DIRECTION('',(0.E0,0.E0,1.E0));
#1561=DIRECTION('',(1.776356839400E-14,-1.E0,0.E0));
#1562=AXIS2_PLACEMENT_3D('',#1559,#1560,#1561);
#1564=DIRECTION('',(1.E0,0.E0,0.E0));
#1565=VECTOR('',#1564,1.178679656440E0);
#1566=CARTESIAN_POINT('',(1.487132034356E1,-1.25E1,0.E0));
#1567=LINE('',#1566,#1565);
#1568=DIRECTION('',(0.E0,0.E0,-1.E0));
#1569=VECTOR('',#1568,5.5E0);
#1570=CARTESIAN_POINT('',(1.487132034356E1,-1.25E1,5.5E0));
#1571=LINE('',#1570,#1569);
#1572=DIRECTION('',(-1.E0,-7.845120679524E-8,5.322229957958E-12));
#1573=VECTOR('',#1572,1.178679656440E0);
#1574=CARTESIAN_POINT('',(1.605E1,-1.249999990753E1,5.499999999994E0));
#1575=LINE('',#1574,#1573);
#1576=DIRECTION('',(2.519196972243E-14,-1.681251663143E-8,-1.E0));
#1577=VECTOR('',#1576,5.499999999994E0);
#1578=CARTESIAN_POINT('',(1.605E1,-1.249999990753E1,5.499999999994E0));
#1579=LINE('',#1578,#1577);
#1580=CARTESIAN_POINT('',(1.487132034356E1,-1.1E1,0.E0));
#1581=DIRECTION('',(0.E0,0.E0,-1.E0));
#1582=DIRECTION('',(0.E0,-1.E0,0.E0));
#1583=AXIS2_PLACEMENT_3D('',#1580,#1581,#1582);
#1585=CARTESIAN_POINT('',(1.445E1,-1.23E1,0.E0));
#1586=DIRECTION('',(0.E0,0.E0,-1.E0));
#1587=DIRECTION('',(-9.345845408939E-1,-3.557411080016E-1,0.E0));
#1588=AXIS2_PLACEMENT_3D('',#1585,#1586,#1587);
#1590=DIRECTION('',(0.E0,0.E0,1.E0));
#1591=VECTOR('',#1590,4.8E0);
#1592=CARTESIAN_POINT('',(1.426308309182E1,-1.237114822160E1,0.E0));
#1593=LINE('',#1592,#1591);
#1594=DIRECTION('',(0.E0,-1.E0,0.E0));
#1595=VECTOR('',#1594,2.46E1);
#1596=CARTESIAN_POINT('',(1.425E1,1.23E1,0.E0));
#1597=LINE('',#1596,#1595);
#1598=DIRECTION('',(0.E0,0.E0,-1.E0));
#1599=VECTOR('',#1598,4.8E0);
#1600=CARTESIAN_POINT('',(1.425E1,1.23E1,4.8E0));
#1601=LINE('',#1600,#1599);
#1602=DIRECTION('',(0.E0,-1.E0,0.E0));
#1603=VECTOR('',#1602,2.46E1);
#1604=CARTESIAN_POINT('',(1.425E1,1.23E1,4.8E0));
#1605=LINE('',#1604,#1603);
#1606=DIRECTION('',(0.E0,0.E0,-1.E0));
#1607=VECTOR('',#1606,4.8E0);
#1608=CARTESIAN_POINT('',(1.425E1,-1.23E1,4.8E0));
#1609=LINE('',#1608,#1607);
#1610=CARTESIAN_POINT('',(1.445E1,1.23E1,0.E0));
#1611=DIRECTION('',(0.E0,0.E0,-1.E0));
#1612=DIRECTION('',(-1.E0,0.E0,0.E0));
#1613=AXIS2_PLACEMENT_3D('',#1610,#1611,#1612);
#1615=DIRECTION('',(0.E0,0.E0,-1.E0));
#1616=VECTOR('',#1615,4.8E0);
#1617=CARTESIAN_POINT('',(1.426308309182E1,1.237114822160E1,4.8E0));
#1618=LINE('',#1617,#1616);
#1619=CARTESIAN_POINT('',(1.418630129088E1,1.233444703809E1,4.950420818818E0));
#1620=CARTESIAN_POINT('',(1.419662462675E1,1.233974637299E1,4.942316895090E0));
#1621=CARTESIAN_POINT('',(1.421509547728E1,1.234893012629E1,4.924919735019E0));
#1622=CARTESIAN_POINT('',(1.423647738198E1,1.235908413207E1,4.896205870347E0));
#1623=CARTESIAN_POINT('',(1.425198742677E1,1.236619406868E1,4.864983431690E0));
#1624=CARTESIAN_POINT('',(1.426119801261E1,1.237031467947E1,4.832073817940E0));
#1625=CARTESIAN_POINT('',(1.426308309182E1,1.237114822160E1,4.810692045315E0));
#1626=CARTESIAN_POINT('',(1.426308309182E1,1.237114822160E1,4.8E0));
#1628=CARTESIAN_POINT('',(1.418630129088E1,1.233444703809E1,4.950420818818E0));
#1629=CARTESIAN_POINT('',(1.418680417940E1,1.232882982951E1,4.948639738495E0));
#1630=CARTESIAN_POINT('',(1.418815462706E1,1.231745070162E1,4.945350178393E0));
#1631=CARTESIAN_POINT('',(1.419021118192E1,1.230584417729E1,4.942631539770E0));
#1632=CARTESIAN_POINT('',(1.419142135676E1,1.23E1,4.941421356756E0));
#1634=CARTESIAN_POINT('',(1.405E1,1.23E1,4.8E0));
#1635=DIRECTION('',(0.E0,-1.E0,0.E0));
#1636=DIRECTION('',(1.E0,0.E0,0.E0));
#1637=AXIS2_PLACEMENT_3D('',#1634,#1635,#1636);
#1639=CARTESIAN_POINT('',(1.445E1,1.23E1,4.8E0));
#1640=DIRECTION('',(0.E0,0.E0,1.E0));
#1641=DIRECTION('',(-9.345845408939E-1,3.557411080015E-1,0.E0));
#1642=AXIS2_PLACEMENT_3D('',#1639,#1640,#1641);
#1644=CARTESIAN_POINT('',(1.391310817851E1,1.215404910901E1,5.149787588300E0));
#1645=CARTESIAN_POINT('',(1.393035519571E1,1.216836938502E1,5.141809364237E0));
#1646=CARTESIAN_POINT('',(1.396329036189E1,1.219441218294E1,5.125080646958E0));
#1647=CARTESIAN_POINT('',(1.400729345831E1,1.222650537168E1,5.099370118667E0));
#1648=CARTESIAN_POINT('',(1.404680820374E1,1.225333507021E1,5.073447650919E0));
#1649=CARTESIAN_POINT('',(1.408231255997E1,1.227592276249E1,5.047565691905E0));
#1650=CARTESIAN_POINT('',(1.411368810825E1,1.229475098330E1,5.022275163411E0));
#1651=CARTESIAN_POINT('',(1.414142116400E1,1.231055029878E1,4.997578467301E0));
#1652=CARTESIAN_POINT('',(1.416580086323E1,1.232380581080E1,4.973490029184E0));
#1653=CARTESIAN_POINT('',(1.417982739409E1,1.233112375697E1,4.957996501636E0));
#1654=CARTESIAN_POINT('',(1.418630129088E1,1.233444703809E1,4.950420818818E0));
#1656=CARTESIAN_POINT('',(1.405E1,1.201715728753E1,5.200000044741E0));
#1657=DIRECTION('',(7.071067811865E-1,7.071067811866E-1,-3.378802885884E-8));
#1658=DIRECTION('',(-2.389174812762E-8,-2.389173924584E-8,-1.E0));
#1659=AXIS2_PLACEMENT_3D('',#1656,#1657,#1658);
#1661=CARTESIAN_POINT('',(1.419142135676E1,1.23E1,4.941421356756E0));
#1662=CARTESIAN_POINT('',(1.418649372653E1,1.229014098334E1,4.946348939626E0));
#1663=CARTESIAN_POINT('',(1.417657465882E1,1.227030937645E1,4.955240071415E0));
#1664=CARTESIAN_POINT('',(1.416184127603E1,1.224084006241E1,4.966124076536E0));
#1665=CARTESIAN_POINT('',(1.414687805251E1,1.221091413128E1,4.975252797503E0));
#1666=CARTESIAN_POINT('',(1.413168818613E1,1.218053401171E1,4.982812625092E0));
#1667=CARTESIAN_POINT('',(1.411627484511E1,1.214970719470E1,4.988938376430E0));
#1668=CARTESIAN_POINT('',(1.410059411734E1,1.211834553182E1,4.993727027914E0));
#1669=CARTESIAN_POINT('',(1.408445400092E1,1.208606528655E1,4.997242297405E0));
#1670=CARTESIAN_POINT('',(1.406780356918E1,1.205276398137E1,4.999452636870E0));
#1671=CARTESIAN_POINT('',(1.405602519311E1,1.202920755529E1,4.999999985756E0));
#1672=CARTESIAN_POINT('',(1.405E1,1.201715728753E1,5.000000005593E0));
#1674=CARTESIAN_POINT('',(1.418630090041E1,-1.233444683765E1,4.950421125335E0));
#1675=CARTESIAN_POINT('',(1.417982795549E1,-1.233112404276E1,4.957995967737E0));
#1676=CARTESIAN_POINT('',(1.416581534611E1,-1.232381278310E1,4.973470914398E0));
#1677=CARTESIAN_POINT('',(1.414158389721E1,-1.231063977851E1,4.997422505632E0));
#1678=CARTESIAN_POINT('',(1.411389390461E1,-1.229487177120E1,5.022102306852E0));
#1679=CARTESIAN_POINT('',(1.408252551349E1,-1.227605237096E1,5.047398936930E0));
#1680=CARTESIAN_POINT('',(1.404720278726E1,-1.225359489336E1,5.073176098676E0));
#1681=CARTESIAN_POINT('',(1.400739201626E1,-1.222658108351E1,5.099318294570E0));
#1682=CARTESIAN_POINT('',(1.396314510655E1,-1.219430355140E1,5.125161843052E0));
#1683=CARTESIAN_POINT('',(1.393027967131E1,-1.216830671329E1,5.141843223555E0));
#1684=CARTESIAN_POINT('',(1.391310815856E1,-1.215404912897E1,5.149787929345E0));
#1686=CARTESIAN_POINT('',(1.418630090041E1,-1.233444683765E1,4.950421125335E0));
#1687=CARTESIAN_POINT('',(1.418680318902E1,-1.232883659255E1,4.948642244766E0));
#1688=CARTESIAN_POINT('',(1.418815269614E1,-1.231746475048E1,4.945353695865E0));
#1689=CARTESIAN_POINT('',(1.419020952530E1,-1.230585109026E1,4.942633220499E0));
#1690=CARTESIAN_POINT('',(1.419142136866E1,-1.23E1,4.941421368657E0));
#1692=CARTESIAN_POINT('',(1.405E1,-1.201715728753E1,5.000000003032E0));
#1693=CARTESIAN_POINT('',(1.405571396006E1,-1.202858561240E1,5.000000028199E0));
#1694=CARTESIAN_POINT('',(1.406692482859E1,-1.205100674065E1,4.999509781264E0));
#1695=CARTESIAN_POINT('',(1.408301038026E1,-1.208317801156E1,4.997473092662E0));
#1696=CARTESIAN_POINT('',(1.409851296004E1,-1.211418288194E1,4.994237118414E0));
#1697=CARTESIAN_POINT('',(1.411335509929E1,-1.214386721245E1,4.989905612958E0));
#1698=CARTESIAN_POINT('',(1.412756866914E1,-1.217229435271E1,4.984550817967E0));
#1699=CARTESIAN_POINT('',(1.414121216378E1,-1.219958143183E1,4.978201185251E0));
#1700=CARTESIAN_POINT('',(1.415437544486E1,-1.222590812917E1,4.970828726458E0));
#1701=CARTESIAN_POINT('',(1.416714001637E1,-1.225143743585E1,4.962352465548E0));
#1702=CARTESIAN_POINT('',(1.417953584053E1,-1.227622942125E1,4.952661201259E0));
#1703=CARTESIAN_POINT('',(1.418751300274E1,-1.229218366982E1,4.945329690896E0));
#1704=CARTESIAN_POINT('',(1.419142136866E1,-1.23E1,4.941421368657E0));
#1706=CARTESIAN_POINT('',(1.405E1,-1.201715728753E1,5.200000024255E0));
#1707=DIRECTION('',(7.071067811865E-1,-7.071067811865E-1,1.554131057374E-8));
#1708=DIRECTION('',(-6.844591447147E-1,-6.844591502327E-1,-2.510604526388E-1));
#1709=AXIS2_PLACEMENT_3D('',#1706,#1707,#1708);
#1711=CARTESIAN_POINT('',(1.426308309182E1,-1.237114822160E1,4.8E0));
#1712=CARTESIAN_POINT('',(1.426308309182E1,-1.237114822160E1,4.810655546834E0));
#1713=CARTESIAN_POINT('',(1.426120687668E1,-1.237031844533E1,4.831997607462E0));
#1714=CARTESIAN_POINT('',(1.425203078813E1,-1.236621407671E1,4.864900867617E0));
#1715=CARTESIAN_POINT('',(1.423641120175E1,-1.235905308611E1,4.896311415750E0));
#1716=CARTESIAN_POINT('',(1.421516158119E1,-1.234896163977E1,4.924832198211E0));
#1717=CARTESIAN_POINT('',(1.419665718343E1,-1.233976308932E1,4.942291374373E0));
#1718=CARTESIAN_POINT('',(1.418630090041E1,-1.233444683765E1,4.950421125335E0));
#1720=CARTESIAN_POINT('',(1.445E1,-1.23E1,4.8E0));
#1721=DIRECTION('',(0.E0,0.E0,1.E0));
#1722=DIRECTION('',(-1.E0,1.776356839400E-14,0.E0));
#1723=AXIS2_PLACEMENT_3D('',#1720,#1721,#1722);
#1725=CARTESIAN_POINT('',(1.405E1,-1.23E1,4.8E0));
#1726=DIRECTION('',(0.E0,1.E0,0.E0));
#1727=DIRECTION('',(7.071067811859E-1,0.E0,7.071067811872E-1));
#1728=AXIS2_PLACEMENT_3D('',#1725,#1726,#1727);
#1730=CARTESIAN_POINT('',(1.391310815856E1,-1.215404912897E1,5.149787929345E0));
#1731=CARTESIAN_POINT('',(1.391186153567E1,-1.215294504906E1,5.150176540504E0));
#1732=CARTESIAN_POINT('',(1.390937923792E1,-1.215078276098E1,5.151056411737E0));
#1733=CARTESIAN_POINT('',(1.390571872198E1,-1.214777277401E1,5.152914141053E0));
#1734=CARTESIAN_POINT('',(1.390205515969E1,-1.214468445957E1,5.154628212212E0));
#1735=CARTESIAN_POINT('',(1.389840619889E1,-1.214160147453E1,5.156381179679E0));
#1736=CARTESIAN_POINT('',(1.389476708187E1,-1.213850151914E1,5.158124058856E0));
#1737=CARTESIAN_POINT('',(1.389113905616E1,-1.213539068289E1,5.159869911200E0));
#1738=CARTESIAN_POINT('',(1.388752176210E1,-1.213226744650E1,5.161615177691E0));
#1739=CARTESIAN_POINT('',(1.388391527268E1,-1.212913232747E1,5.163360757449E0));
#1740=CARTESIAN_POINT('',(1.388031954696E1,-1.212598529551E1,5.165106359893E0));
#1741=CARTESIAN_POINT('',(1.387673457675E1,-1.212282646492E1,5.166852017266E0));
#1742=CARTESIAN_POINT('',(1.387316034731E1,-1.211965590897E1,5.168597679592E0));
#1743=CARTESIAN_POINT('',(1.386959684801E1,-1.211647370960E1,5.170343322845E0));
#1744=CARTESIAN_POINT('',(1.386604406954E1,-1.211327994400E1,5.172088919881E0));
#1745=CARTESIAN_POINT('',(1.386250200471E1,-1.211007468813E1,5.173834447867E0));
#1746=CARTESIAN_POINT('',(1.385897064835E1,-1.210685801569E1,5.175579886259E0));
#1747=CARTESIAN_POINT('',(1.385544999737E1,-1.210362999837E1,5.177325217002E0));
#1748=CARTESIAN_POINT('',(1.385194005079E1,-1.210039070569E1,5.179070424426E0));
#1749=CARTESIAN_POINT('',(1.384844080983E1,-1.209714020497E1,5.180815494908E0));
#1750=CARTESIAN_POINT('',(1.384495227791E1,-1.209387856135E1,5.182560416898E0));
#1751=CARTESIAN_POINT('',(1.384147446071E1,-1.209060583767E1,5.184305180639E0));
#1752=CARTESIAN_POINT('',(1.383800736618E1,-1.208732209449E1,5.186049778089E0));
#1753=CARTESIAN_POINT('',(1.383455100459E1,-1.208402739005E1,5.187794202681E0));
#1754=CARTESIAN_POINT('',(1.383110538856E1,-1.208072178021E1,5.189538449265E0));
#1755=CARTESIAN_POINT('',(1.382767053304E1,-1.207740531848E1,5.191282513784E0));
#1756=CARTESIAN_POINT('',(1.382424645545E1,-1.207407805602E1,5.193026393572E0));
#1757=CARTESIAN_POINT('',(1.382083317528E1,-1.207074004127E1,5.194770085587E0));
#1758=CARTESIAN_POINT('',(1.381743071567E1,-1.206739132143E1,5.196513592235E0));
#1759=CARTESIAN_POINT('',(1.381403909761E1,-1.206403193674E1,5.198256898860E0));
#1760=CARTESIAN_POINT('',(1.381178527357E1,-1.206178527357E1,5.199419004318E0));
#1761=CARTESIAN_POINT('',(1.381066017178E1,-1.206066017178E1,5.2E0));
#1763=CARTESIAN_POINT('',(1.197720779386E1,-9.944365081390E0,5.2E0));
#1764=DIRECTION('',(-7.071067811865E-1,7.071067811865E-1,0.E0));
#1765=DIRECTION('',(0.E0,0.E0,-1.E0));
#1766=AXIS2_PLACEMENT_3D('',#1763,#1764,#1765);
#1768=CARTESIAN_POINT('',(1.145E1,-8.671572875254E0,5.2E0));
#1769=DIRECTION('',(0.E0,1.E0,0.E0));
#1770=DIRECTION('',(0.E0,0.E0,-1.E0));
#1771=AXIS2_PLACEMENT_3D('',#1768,#1769,#1770);
#1773=CARTESIAN_POINT('',(1.145E1,8.671572875254E0,5.2E0));
#1774=DIRECTION('',(0.E0,1.E0,0.E0));
#1775=DIRECTION('',(0.E0,0.E0,-1.E0));
#1776=AXIS2_PLACEMENT_3D('',#1773,#1774,#1775);
#1778=CARTESIAN_POINT('',(1.325E1,8.671572875254E0,6.8E0));
#1779=DIRECTION('',(0.E0,0.E0,1.E0));
#1780=DIRECTION('',(-7.071067811865E-1,7.071067811865E-1,0.E0));
#1781=AXIS2_PLACEMENT_3D('',#1778,#1779,#1780);
#1783=CARTESIAN_POINT('',(1.325E1,8.671572875254E0,5.2E0));
#1784=DIRECTION('',(0.E0,0.E0,-1.E0));
#1785=DIRECTION('',(-1.E0,0.E0,0.E0));
#1786=AXIS2_PLACEMENT_3D('',#1783,#1784,#1785);
#1788=CARTESIAN_POINT('',(1.197720779386E1,9.944365081390E0,6.8E0));
#1789=DIRECTION('',(-7.071067811865E-1,-7.071067811865E-1,0.E0));
#1790=DIRECTION('',(0.E0,0.E0,1.E0));
#1791=AXIS2_PLACEMENT_3D('',#1788,#1789,#1790);
#1793=CARTESIAN_POINT('',(1.145E1,8.671572875254E0,6.8E0));
#1794=DIRECTION('',(0.E0,-1.E0,0.E0));
#1795=DIRECTION('',(0.E0,0.E0,1.E0));
#1796=AXIS2_PLACEMENT_3D('',#1793,#1794,#1795);
#1798=CARTESIAN_POINT('',(1.145E1,-8.671572875254E0,6.8E0));
#1799=DIRECTION('',(0.E0,-1.E0,0.E0));
#1800=DIRECTION('',(0.E0,0.E0,1.E0));
#1801=AXIS2_PLACEMENT_3D('',#1798,#1799,#1800);
#1803=CARTESIAN_POINT('',(1.303284271208E1,-1.099999999961E1,6.8E0));
#1804=DIRECTION('',(-7.071067811865E-1,7.071067811865E-1,0.E0));
#1805=DIRECTION('',(-7.071067811865E-1,-7.071067811865E-1,-4.413902576772E-8));
#1806=AXIS2_PLACEMENT_3D('',#1803,#1804,#1805);
#1808=CARTESIAN_POINT('',(1.197720779386E1,-9.944365081390E0,6.8E0));
#1809=DIRECTION('',(7.071067811865E-1,-7.071067811865E-1,0.E0));
#1810=DIRECTION('',(0.E0,0.E0,1.E0));
#1811=AXIS2_PLACEMENT_3D('',#1808,#1809,#1810);
#1813=CARTESIAN_POINT('',(1.395208452591E1,-1.206066340452E1,6.560656938993E0));
#1814=CARTESIAN_POINT('',(1.392612703900E1,-1.203071305856E1,6.590607486390E0));
#1815=CARTESIAN_POINT('',(1.386910942274E1,-1.196492325633E1,6.651301303521E0));
#1816=CARTESIAN_POINT('',(1.376775684985E1,-1.184797762581E1,6.740498528608E0));
#1817=CARTESIAN_POINT('',(1.364812660735E1,-1.170994298751E1,6.824968720615E0));
#1818=CARTESIAN_POINT('',(1.350980080997E1,-1.155033584321E1,6.899313735209E0));
#1819=CARTESIAN_POINT('',(1.335749644575E1,-1.137460040786E1,6.956496297266E0));
#1820=CARTESIAN_POINT('',(1.319688421301E1,-1.118927806421E1,6.991999191997E0));
#1821=CARTESIAN_POINT('',(1.308783606297E1,-1.106345341574E1,7.000000216573E0));
#1822=CARTESIAN_POINT('',(1.303284275049E1,-1.099999998673E1,7.000000006443E0));
#1824=CARTESIAN_POINT('',(1.395207972297E1,-1.191923701050E1,6.419240620585E0));
#1825=DIRECTION('',(-5.773510249895E-1,5.773510249895E-1,5.773487575870E-1));
#1826=DIRECTION('',(-7.071067811865E-1,-7.071067811865E-1,0.E0));
#1827=AXIS2_PLACEMENT_3D('',#1824,#1825,#1826);
#1829=DIRECTION('',(3.656459937080E-6,-3.656472351617E-6,-9.999999999866E-1));
#1830=VECTOR('',#1829,1.219242968056E0);
#1831=CARTESIAN_POINT('',(1.381065571367E1,-1.206065571365E1,6.419242968040E0));
#1832=LINE('',#1831,#1830);
#1833=DIRECTION('',(-7.071067811865E-1,7.071067811865E-1,0.E0));
#1834=VECTOR('',#1833,2.792893218812E0);
#1835=CARTESIAN_POINT('',(1.381066017178E1,-1.206066017178E1,5.2E0));
#1836=LINE('',#1835,#1834);
#1837=DIRECTION('',(2.164934898019E-13,-2.176037128265E-13,-1.E0));
#1838=VECTOR('',#1837,1.6E0);
#1839=CARTESIAN_POINT('',(1.183578643763E1,-1.008578643763E1,6.8E0));
#1840=LINE('',#1839,#1838);
#1841=DIRECTION('',(7.071067811865E-1,-7.071067811865E-1,-1.182715906495E-8));
#1842=VECTOR('',#1841,1.492893021026E0);
#1843=CARTESIAN_POINT('',(1.183578643763E1,-1.008578643763E1,6.8E0));
#1844=LINE('',#1843,#1842);
#1845=CARTESIAN_POINT('',(1.381065571367E1,-1.206065571365E1,6.419242968040E0));
#1846=CARTESIAN_POINT('',(1.378465072421E1,-1.203465072420E1,6.445247697078E0));
#1847=CARTESIAN_POINT('',(1.372770847027E1,-1.197770847027E1,6.497774102296E0));
#1848=CARTESIAN_POINT('',(1.362631619601E1,-1.187631619601E1,6.575113947106E0));
#1849=CARTESIAN_POINT('',(1.350668630381E1,-1.175668630381E1,6.648316941359E0));
#1850=CARTESIAN_POINT('',(1.336833659308E1,-1.161833659308E1,6.712753801756E0));
#1851=CARTESIAN_POINT('',(1.321605102121E1,-1.146605102121E1,6.762309037657E0));
#1852=CARTESIAN_POINT('',(1.305531294996E1,-1.130531294996E1,6.793075724222E0));
#1853=CARTESIAN_POINT('',(1.294654398839E1,-1.119654398839E1,6.800000104197E0));
#1854=CARTESIAN_POINT('',(1.289142121638E1,-1.114142121638E1,6.799999982343E0));
#1856=CARTESIAN_POINT('',(1.325E1,-8.671572875254E0,6.8E0));
#1857=DIRECTION('',(0.E0,0.E0,1.E0));
#1858=DIRECTION('',(-1.E0,0.E0,0.E0));
#1859=AXIS2_PLACEMENT_3D('',#1856,#1857,#1858);
#1861=CARTESIAN_POINT('',(1.325E1,-8.671572875254E0,5.2E0));
#1862=DIRECTION('',(0.E0,0.E0,-1.E0));
#1863=DIRECTION('',(-7.071067811865E-1,-7.071067811865E-1,0.E0));
#1864=AXIS2_PLACEMENT_3D('',#1861,#1862,#1863);
#1866=DIRECTION('',(0.E0,-1.E0,0.E0));
#1867=VECTOR('',#1866,1.734314575051E1);
#1868=CARTESIAN_POINT('',(1.125E1,8.671572875253E0,6.8E0));
#1869=LINE('',#1868,#1867);
#1870=DIRECTION('',(0.E0,0.E0,-1.E0));
#1871=VECTOR('',#1870,1.6E0);
#1872=CARTESIAN_POINT('',(1.125E1,-8.671572875253E0,6.8E0));
#1873=LINE('',#1872,#1871);
#1874=DIRECTION('',(0.E0,1.E0,0.E0));
#1875=VECTOR('',#1874,1.734314575051E1);
#1876=CARTESIAN_POINT('',(1.125E1,-8.671572875253E0,5.2E0));
#1877=LINE('',#1876,#1875);
#1878=DIRECTION('',(0.E0,0.E0,-1.E0));
#1879=VECTOR('',#1878,1.6E0);
#1880=CARTESIAN_POINT('',(1.125E1,8.671572875253E0,6.8E0));
#1881=LINE('',#1880,#1879);
#1882=CARTESIAN_POINT('',(1.487132034356E1,-1.25E1,5.5E0));
#1883=CARTESIAN_POINT('',(1.481764579456E1,-1.249999715836E1,5.561928215169E0));
#1884=CARTESIAN_POINT('',(1.471341898249E1,-1.249218408344E1,5.682195964913E0));
#1885=CARTESIAN_POINT('',(1.457173220089E1,-1.246277674472E1,5.845677842825E0));
#1886=CARTESIAN_POINT('',(1.443291755834E1,-1.241524566199E1,6.005849638700E0));
#1887=CARTESIAN_POINT('',(1.430646055922E1,-1.235412593198E1,6.151761304420E0));
#1888=CARTESIAN_POINT('',(1.418097078926E1,-1.227480269712E1,6.296556928726E0));
#1889=CARTESIAN_POINT('',(1.405943847926E1,-1.217565496165E1,6.436786987386E0));
#1890=CARTESIAN_POINT('',(1.398665941134E1,-1.210055622585E1,6.520763371866E0));
#1891=CARTESIAN_POINT('',(1.395208452591E1,-1.206066340452E1,6.560656938993E0));
#1893=CARTESIAN_POINT('',(1.381065571367E1,-1.206065571365E1,6.419242968040E0));
#1894=CARTESIAN_POINT('',(1.385055907296E1,-1.210055907304E1,6.384659636433E0));
#1895=CARTESIAN_POINT('',(1.393453238206E1,-1.217565364057E1,6.311882466697E0));
#1896=CARTESIAN_POINT('',(1.407476366424E1,-1.227480304367E1,6.190349374026E0));
#1897=CARTESIAN_POINT('',(1.421955896785E1,-1.235412583697E1,6.064859826287E0));
#1898=CARTESIAN_POINT('',(1.436547072361E1,-1.241524568729E1,5.938402773479E0));
#1899=CARTESIAN_POINT('',(1.452564249461E1,-1.246277673765E1,5.799588144522E0));
#1900=CARTESIAN_POINT('',(1.468912438032E1,-1.249218408545E1,5.657901360451E0));
#1901=CARTESIAN_POINT('',(1.480939212839E1,-1.249999715836E1,5.553674549002E0));
#1902=CARTESIAN_POINT('',(1.487132034356E1,-1.25E1,5.5E0));
#1904=CARTESIAN_POINT('',(1.303284271220E1,1.099999999972E1,6.8E0));
#1905=DIRECTION('',(7.071067811865E-1,7.071067811865E-1,0.E0));
#1906=DIRECTION('',(-7.071067811865E-1,7.071067811865E-1,-4.757249705278E-8));
#1907=AXIS2_PLACEMENT_3D('',#1904,#1905,#1906);
#1909=CARTESIAN_POINT('',(1.303284273396E1,1.099999999250E1,6.999999998211E0));
#1910=CARTESIAN_POINT('',(1.308700401090E1,1.106249328846E1,7.000000115147E0));
#1911=CARTESIAN_POINT('',(1.319332006329E1,1.118516578584E1,6.992205476308E0));
#1912=CARTESIAN_POINT('',(1.334620982654E1,1.136157748892E1,6.959386435287E0));
#1913=CARTESIAN_POINT('',(1.348921930082E1,1.152658811076E1,6.907683212022E0));
#1914=CARTESIAN_POINT('',(1.361182797188E1,1.166806002867E1,6.845849360884E0));
#1915=CARTESIAN_POINT('',(1.372922327682E1,1.180351560480E1,6.770013802684E0));
#1916=CARTESIAN_POINT('',(1.384548396645E1,1.193766306452E1,6.674731429057E0));
#1917=CARTESIAN_POINT('',(1.391743292343E1,1.202068190943E1,6.600638942338E0));
#1918=CARTESIAN_POINT('',(1.395208764615E1,1.206066690057E1,6.560653442888E0));
#1920=DIRECTION('',(-2.171406241553E-6,-2.171414324637E-6,9.999999999953E-1));
#1921=VECTOR('',#1920,1.219241086240E0);
#1922=CARTESIAN_POINT('',(1.381066017178E1,1.206066017178E1,5.2E0));
#1923=LINE('',#1922,#1921);
#1924=CARTESIAN_POINT('',(1.289142120156E1,1.114142120156E1,6.799999980971E0));
#1925=CARTESIAN_POINT('',(1.294570070142E1,1.119570070142E1,6.799999993773E0));
#1926=CARTESIAN_POINT('',(1.305178444987E1,1.130178444987E1,6.793251112430E0));
#1927=CARTESIAN_POINT('',(1.320477851125E1,1.145477851125E1,6.764808880744E0));
#1928=CARTESIAN_POINT('',(1.334777165915E1,1.159777165915E1,6.720000866410E0));
#1929=CARTESIAN_POINT('',(1.347039736075E1,1.172039736075E1,6.666406579143E0));
#1930=CARTESIAN_POINT('',(1.358777898360E1,1.183777898360E1,6.600697338826E0));
#1931=CARTESIAN_POINT('',(1.370410380872E1,1.195410380873E1,6.518059221686E0));
#1932=CARTESIAN_POINT('',(1.377591113934E1,1.202591113933E1,6.453987155303E0));
#1933=CARTESIAN_POINT('',(1.381065752431E1,1.206065752430E1,6.419241086234E0));
#1935=DIRECTION('',(-7.071067811865E-1,-7.071067811865E-1,1.274639994614E-8));
#1936=VECTOR('',#1935,1.492893000065E0);
#1937=CARTESIAN_POINT('',(1.289142120156E1,1.114142120156E1,6.799999980971E0));
#1938=LINE('',#1937,#1936);
#1939=DIRECTION('',(-4.041211809636E-13,-4.041211809636E-13,-1.E0));
#1940=VECTOR('',#1939,1.6E0);
#1941=CARTESIAN_POINT('',(1.183578643763E1,1.008578643763E1,6.8E0));
#1942=LINE('',#1941,#1940);
#1943=DIRECTION('',(7.071067811865E-1,7.071067811865E-1,0.E0));
#1944=VECTOR('',#1943,2.792893218813E0);
#1945=CARTESIAN_POINT('',(1.183578643763E1,1.008578643763E1,5.2E0));
#1946=LINE('',#1945,#1944);
#1947=CARTESIAN_POINT('',(1.395208152785E1,1.191923881538E1,6.419238815705E0));
#1948=DIRECTION('',(5.773502691216E-1,5.773502693256E-1,-5.773502691216E-1));
#1949=DIRECTION('',(-7.071067812698E-1,7.071067811033E-1,8.329781309158E-11));
#1950=AXIS2_PLACEMENT_3D('',#1947,#1948,#1949);
#1952=CARTESIAN_POINT('',(1.487132034356E1,1.25E1,5.5E0));
#1953=CARTESIAN_POINT('',(1.480690913102E1,1.249999644839E1,5.555827099608E0));
#1954=CARTESIAN_POINT('',(1.468199613528E1,1.249176355367E1,5.664078855074E0));
#1955=CARTESIAN_POINT('',(1.450691464426E1,1.245841263282E1,5.815819065331E0));
#1956=CARTESIAN_POINT('',(1.434812976316E1,1.240902939236E1,5.953431552449E0));
#1957=CARTESIAN_POINT('',(1.419548568153E1,1.234254833174E1,6.085723365588E0));
#1958=CARTESIAN_POINT('',(1.405412125508E1,1.226119152985E1,6.208239370001E0));
#1959=CARTESIAN_POINT('',(1.392732533950E1,1.216922812048E1,6.318128758262E0));
#1960=CARTESIAN_POINT('',(1.384824058413E1,1.209824058417E1,6.386668787473E0));
#1961=CARTESIAN_POINT('',(1.381065752431E1,1.206065752430E1,6.419241086234E0));
#1963=CARTESIAN_POINT('',(1.395208764615E1,1.206066690057E1,6.560653442888E0));
#1964=CARTESIAN_POINT('',(1.398464961664E1,1.209823728466E1,6.523082205795E0));
#1965=CARTESIAN_POINT('',(1.405319248183E1,1.216922965333E1,6.443993867073E0));
#1966=CARTESIAN_POINT('',(1.416308072467E1,1.226119112259E1,6.317199387916E0));
#1967=CARTESIAN_POINT('',(1.428559704055E1,1.234254844233E1,6.175834578984E0));
#1968=CARTESIAN_POINT('',(1.441788877211E1,1.240902936336E1,6.023190600981E0));
#1969=CARTESIAN_POINT('',(1.455550128240E1,1.245841264082E1,5.864405692981E0));
#1970=CARTESIAN_POINT('',(1.470724148725E1,1.249176355139E1,5.689324210045E0));
#1971=CARTESIAN_POINT('',(1.481549324395E1,1.249999644839E1,5.564411212534E0));
#1972=CARTESIAN_POINT('',(1.487132034356E1,1.25E1,5.5E0));
#1974=CARTESIAN_POINT('',(-1.145E1,-8.671572875254E0,5.2E0));
#1975=DIRECTION('',(0.E0,-1.E0,0.E0));
#1976=DIRECTION('',(0.E0,0.E0,-1.E0));
#1977=AXIS2_PLACEMENT_3D('',#1974,#1975,#1976);
#1979=CARTESIAN_POINT('',(-1.145E1,8.671572875254E0,5.2E0));
#1980=DIRECTION('',(0.E0,-1.E0,0.E0));
#1981=DIRECTION('',(0.E0,0.E0,-1.E0));
#1982=AXIS2_PLACEMENT_3D('',#1979,#1980,#1981);
#1984=CARTESIAN_POINT('',(-1.475E1,1.1E1,7.E0));
#1985=CARTESIAN_POINT('',(-1.480408053503E1,1.106239633550E1,6.999996856689E0));
#1986=CARTESIAN_POINT('',(-1.491119276471E1,1.118599397091E1,6.992246918698E0));
#1987=CARTESIAN_POINT('',(-1.506803496174E1,1.136696250941E1,6.958237180163E0));
#1988=CARTESIAN_POINT('',(-1.521776008599E1,1.153972363341E1,6.903393078200E0));
#1989=CARTESIAN_POINT('',(-1.535849534909E1,1.170210994084E1,6.829394536868E0));
#1990=CARTESIAN_POINT('',(-1.548611831144E1,1.184936742866E1,6.740230628925E0));
#1991=CARTESIAN_POINT('',(-1.560108762759E1,1.198202425289E1,6.637825495774E0));
#1992=CARTESIAN_POINT('',(-1.570162385488E1,1.209802759728E1,6.525988441660E0));
#1993=CARTESIAN_POINT('',(-1.578828393071E1,1.219801995527E1,6.406942877164E0));
#1994=CARTESIAN_POINT('',(-1.586151514571E1,1.228251747377E1,6.282548738216E0));
#1995=CARTESIAN_POINT('',(-1.592142704446E1,1.235164654969E1,6.155585134929E0));
#1996=CARTESIAN_POINT('',(-1.596937208371E1,1.240696776312E1,6.026220909865E0));
#1997=CARTESIAN_POINT('',(-1.600594591291E1,1.244916824107E1,5.895043062984E0));
#1998=CARTESIAN_POINT('',(-1.603127153533E1,1.247839047694E1,5.764753009768E0));
#1999=CARTESIAN_POINT('',(-1.604640595554E1,1.249585257295E1,5.635130903876E0));
#2000=CARTESIAN_POINT('',(-1.604999877189E1,1.249999914010E1,5.545253437544E0));
#2001=CARTESIAN_POINT('',(-1.605E1,1.249999990753E1,5.499999999994E0));
#2003=CARTESIAN_POINT('',(-1.624999986692E1,1.23E1,5.499999999986E0));
#2004=CARTESIAN_POINT('',(-1.624999867E1,1.229999882899E1,5.545253436580E0));
#2005=CARTESIAN_POINT('',(-1.624585279155E1,1.229640595439E1,5.635130901801E0));
#2006=CARTESIAN_POINT('',(-1.622839041696E1,1.228127159303E1,5.764753018727E0));
#2007=CARTESIAN_POINT('',(-1.619916825627E1,1.225594590770E1,5.895043063291E0));
#2008=CARTESIAN_POINT('',(-1.615696776241E1,1.221937204337E1,6.026220899227E0));
#2009=CARTESIAN_POINT('',(-1.610164656312E1,1.217142696434E1,6.155585108276E0));
#2010=CARTESIAN_POINT('',(-1.603251749541E1,1.211151505085E1,6.282548701733E0));
#2011=CARTESIAN_POINT('',(-1.594801998254E1,1.203828384577E1,6.406942841472E0));
#2012=CARTESIAN_POINT('',(-1.584802762238E1,1.195162379446E1,6.525988415322E0));
#2013=CARTESIAN_POINT('',(-1.573202427197E1,1.185108759076E1,6.637825479947E0));
#2014=CARTESIAN_POINT('',(-1.559936743797E1,1.173611829710E1,6.740230623127E0));
#2015=CARTESIAN_POINT('',(-1.545210994330E1,1.160849534592E1,6.829394535676E0));
#2016=CARTESIAN_POINT('',(-1.528972363571E1,1.146776008336E1,6.903393077458E0));
#2017=CARTESIAN_POINT('',(-1.511696250664E1,1.131803496537E1,6.958237180903E0));
#2018=CARTESIAN_POINT('',(-1.493599397166E1,1.116119276370E1,6.992246918492E0));
#2019=CARTESIAN_POINT('',(-1.481239633547E1,1.105408053501E1,6.999996856689E0));
#2020=CARTESIAN_POINT('',(-1.475E1,1.1E1,7.E0));
#2022=CARTESIAN_POINT('',(-1.475E1,-1.1E1,7.E0));
#2023=CARTESIAN_POINT('',(-1.481134958817E1,-1.105317322606E1,
6.999997014644E0));
#2024=CARTESIAN_POINT('',(-1.493356314618E1,-1.115908610542E1,
6.992584989428E0));
#2025=CARTESIAN_POINT('',(-1.511696513839E1,-1.131803723120E1,
6.958301874917E0));
#2026=CARTESIAN_POINT('',(-1.528940068394E1,-1.146748019889E1,
6.903485174029E0));
#2027=CARTESIAN_POINT('',(-1.545172753892E1,-1.160816393927E1,
6.829603530130E0));
#2028=CARTESIAN_POINT('',(-1.559906259196E1,-1.173585412156E1,
6.740439668946E0));
#2029=CARTESIAN_POINT('',(-1.573175715869E1,-1.185085614726E1,
6.638058475738E0));
#2030=CARTESIAN_POINT('',(-1.584784492283E1,-1.195146553600E1,
6.526188071461E0));
#2031=CARTESIAN_POINT('',(-1.594789478091E1,-1.203817544274E1,
6.407111457905E0));
#2032=CARTESIAN_POINT('',(-1.603245021139E1,-1.211145684766E1,
6.282665024645E0));
#2033=CARTESIAN_POINT('',(-1.610163256685E1,-1.217141492035E1,
6.155619381776E0));
#2034=CARTESIAN_POINT('',(-1.615696570876E1,-1.221937030391E1,
6.026225572499E0));
#2035=CARTESIAN_POINT('',(-1.619915887952E1,-1.225593779386E1,
5.895074469126E0));
#2036=CARTESIAN_POINT('',(-1.622839001302E1,-1.228127115898E1,
5.764769049010E0));
#2037=CARTESIAN_POINT('',(-1.624586062288E1,-1.229641291997E1,
5.635052996202E0));
#2038=CARTESIAN_POINT('',(-1.624999918316E1,-1.229999882254E1,
5.545218449977E0));
#2039=CARTESIAN_POINT('',(-1.624999991892E1,-1.23E1,5.499999999995E0));
#2041=CARTESIAN_POINT('',(-1.605E1,-1.249999988457E1,5.499999999988E0));
#2042=CARTESIAN_POINT('',(-1.604999887618E1,-1.249999874518E1,
5.545218449123E0));
#2043=CARTESIAN_POINT('',(-1.604641291756E1,-1.249586082654E1,
5.635052994302E0));
#2044=CARTESIAN_POINT('',(-1.603127121235E1,-1.247838995713E1,
5.764769057302E0));
#2045=CARTESIAN_POINT('',(-1.600593778497E1,-1.244915889388E1,
5.895074468611E0));
#2046=CARTESIAN_POINT('',(-1.596937026302E1,-1.240696570846E1,
6.026225561625E0));
#2047=CARTESIAN_POINT('',(-1.592141484273E1,-1.235163257985E1,
6.155619355937E0));
#2048=CARTESIAN_POINT('',(-1.586145675812E1,-1.228245023188E1,
6.282664990187E0));
#2049=CARTESIAN_POINT('',(-1.578817536431E1,-1.219789480614E1,
6.407111424940E0));
#2050=CARTESIAN_POINT('',(-1.570146548114E1,-1.209784494566E1,
6.526188047549E0));
#2051=CARTESIAN_POINT('',(-1.560085611490E1,-1.198175717550E1,
6.638058461824E0));
#2052=CARTESIAN_POINT('',(-1.548585410932E1,-1.184906259997E1,
6.740439663997E0));
#2053=CARTESIAN_POINT('',(-1.535816393751E1,-1.170172754039E1,
6.829603529435E0));
#2054=CARTESIAN_POINT('',(-1.521748019648E1,-1.153940068602E1,
6.903485173335E0));
#2055=CARTESIAN_POINT('',(-1.506803723454E1,-1.136696513583E1,
6.958301875605E0));
#2056=CARTESIAN_POINT('',(-1.490908610449E1,-1.118356314688E1,
6.992584989236E0));
#2057=CARTESIAN_POINT('',(-1.480317322604E1,-1.106134958815E1,
6.999997014644E0));
#2058=CARTESIAN_POINT('',(-1.475E1,-1.1E1,7.E0));
#2060=CARTESIAN_POINT('',(-1.605E1,-1.23E1,0.E0));
#2061=DIRECTION('',(0.E0,0.E0,-1.E0));
#2062=DIRECTION('',(1.065814103640E-13,-1.E0,0.E0));
#2063=AXIS2_PLACEMENT_3D('',#2060,#2061,#2062);
#2065=CARTESIAN_POINT('',(-1.605E1,-1.23E1,5.499999997291E0));
#2066=DIRECTION('',(0.E0,0.E0,1.E0));
#2067=DIRECTION('',(-1.E0,0.E0,0.E0));
#2068=AXIS2_PLACEMENT_3D('',#2065,#2066,#2067);
#2070=CARTESIAN_POINT('',(-1.487132034356E1,1.25E1,5.5E0));
#2071=CARTESIAN_POINT('',(-1.481764579456E1,1.249999715836E1,5.561928215169E0));
#2072=CARTESIAN_POINT('',(-1.471341898249E1,1.249218408344E1,5.682195964913E0));
#2073=CARTESIAN_POINT('',(-1.457173220089E1,1.246277674472E1,5.845677842825E0));
#2074=CARTESIAN_POINT('',(-1.443291755834E1,1.241524566199E1,6.005849638700E0));
#2075=CARTESIAN_POINT('',(-1.430646055922E1,1.235412593198E1,6.151761304420E0));
#2076=CARTESIAN_POINT('',(-1.418097078926E1,1.227480269712E1,6.296556928726E0));
#2077=CARTESIAN_POINT('',(-1.405943847926E1,1.217565496165E1,6.436786987386E0));
#2078=CARTESIAN_POINT('',(-1.398665941134E1,1.210055622585E1,6.520763371866E0));
#2079=CARTESIAN_POINT('',(-1.395208452591E1,1.206066340452E1,6.560656938993E0));
#2081=CARTESIAN_POINT('',(-1.381065571367E1,1.206065571365E1,6.419242968040E0));
#2082=CARTESIAN_POINT('',(-1.385055907296E1,1.210055907304E1,6.384659636433E0));
#2083=CARTESIAN_POINT('',(-1.393453238206E1,1.217565364057E1,6.311882466697E0));
#2084=CARTESIAN_POINT('',(-1.407476366424E1,1.227480304367E1,6.190349374026E0));
#2085=CARTESIAN_POINT('',(-1.421955896785E1,1.235412583697E1,6.064859826287E0));
#2086=CARTESIAN_POINT('',(-1.436547072361E1,1.241524568729E1,5.938402773480E0));
#2087=CARTESIAN_POINT('',(-1.452564249461E1,1.246277673765E1,5.799588144522E0));
#2088=CARTESIAN_POINT('',(-1.468912438032E1,1.249218408545E1,5.657901360451E0));
#2089=CARTESIAN_POINT('',(-1.480939212839E1,1.249999715836E1,5.553674549002E0));
#2090=CARTESIAN_POINT('',(-1.487132034356E1,1.25E1,5.5E0));
#2092=DIRECTION('',(0.E0,0.E0,1.E0));
#2093=VECTOR('',#2092,7.E0);
#2094=CARTESIAN_POINT('',(1.525E1,-2.175E1,-7.E0));
#2095=LINE('',#2094,#2093);
#2096=DIRECTION('',(0.E0,0.E0,1.E0));
#2097=VECTOR('',#2096,7.E0);
#2098=CARTESIAN_POINT('',(-1.075E1,-2.175E1,-7.E0));
#2099=LINE('',#2098,#2097);
#2100=DIRECTION('',(0.E0,0.E0,-1.E0));
#2101=VECTOR('',#2100,7.E0);
#2102=CARTESIAN_POINT('',(1.395E1,-2.305E1,0.E0));
#2103=LINE('',#2102,#2101);
#2104=DIRECTION('',(0.E0,0.E0,-1.E0));
#2105=VECTOR('',#2104,7.E0);
#2106=CARTESIAN_POINT('',(1.265E1,-2.175E1,0.E0));
#2107=LINE('',#2106,#2105);
#2108=DIRECTION('',(0.E0,0.E0,-1.E0));
#2109=VECTOR('',#2108,7.E0);
#2110=CARTESIAN_POINT('',(1.135E1,-2.305E1,0.E0));
#2111=LINE('',#2110,#2109);
#2112=DIRECTION('',(0.E0,0.E0,-1.E0));
#2113=VECTOR('',#2112,7.E0);
#2114=CARTESIAN_POINT('',(1.005E1,-2.175E1,0.E0));
#2115=LINE('',#2114,#2113);
#2116=DIRECTION('',(0.E0,0.E0,-1.E0));
#2117=VECTOR('',#2116,7.E0);
#2118=CARTESIAN_POINT('',(8.75E0,-2.305E1,0.E0));
#2119=LINE('',#2118,#2117);
#2120=DIRECTION('',(0.E0,0.E0,-1.E0));
#2121=VECTOR('',#2120,7.E0);
#2122=CARTESIAN_POINT('',(7.45E0,-2.175E1,0.E0));
#2123=LINE('',#2122,#2121);
#2124=DIRECTION('',(0.E0,0.E0,-1.E0));
#2125=VECTOR('',#2124,7.E0);
#2126=CARTESIAN_POINT('',(6.15E0,-2.305E1,0.E0));
#2127=LINE('',#2126,#2125);
#2128=DIRECTION('',(0.E0,0.E0,-1.E0));
#2129=VECTOR('',#2128,7.E0);
#2130=CARTESIAN_POINT('',(4.85E0,-2.175E1,0.E0));
#2131=LINE('',#2130,#2129);
#2132=DIRECTION('',(0.E0,0.E0,-1.E0));
#2133=VECTOR('',#2132,7.E0);
#2134=CARTESIAN_POINT('',(3.55E0,-2.305E1,0.E0));
#2135=LINE('',#2134,#2133);
#2136=DIRECTION('',(0.E0,0.E0,-1.E0));
#2137=VECTOR('',#2136,7.E0);
#2138=CARTESIAN_POINT('',(2.25E0,-2.175E1,0.E0));
#2139=LINE('',#2138,#2137);
#2140=DIRECTION('',(0.E0,0.E0,-1.E0));
#2141=VECTOR('',#2140,7.E0);
#2142=CARTESIAN_POINT('',(9.499999999999E-1,-2.305E1,0.E0));
#2143=LINE('',#2142,#2141);
#2144=DIRECTION('',(0.E0,0.E0,-1.E0));
#2145=VECTOR('',#2144,7.E0);
#2146=CARTESIAN_POINT('',(-3.500000000001E-1,-2.175E1,0.E0));
#2147=LINE('',#2146,#2145);
#2148=DIRECTION('',(0.E0,0.E0,-1.E0));
#2149=VECTOR('',#2148,7.E0);
#2150=CARTESIAN_POINT('',(-1.65E0,-2.305E1,0.E0));
#2151=LINE('',#2150,#2149);
#2152=DIRECTION('',(0.E0,0.E0,-1.E0));
#2153=VECTOR('',#2152,7.E0);
#2154=CARTESIAN_POINT('',(-2.95E0,-2.175E1,0.E0));
#2155=LINE('',#2154,#2153);
#2156=DIRECTION('',(0.E0,0.E0,-1.E0));
#2157=VECTOR('',#2156,7.E0);
#2158=CARTESIAN_POINT('',(-4.25E0,-2.305E1,0.E0));
#2159=LINE('',#2158,#2157);
#2160=DIRECTION('',(0.E0,0.E0,-1.E0));
#2161=VECTOR('',#2160,7.E0);
#2162=CARTESIAN_POINT('',(-5.55E0,-2.175E1,0.E0));
#2163=LINE('',#2162,#2161);
#2164=DIRECTION('',(0.E0,0.E0,-1.E0));
#2165=VECTOR('',#2164,7.E0);
#2166=CARTESIAN_POINT('',(-6.85E0,-2.305E1,0.E0));
#2167=LINE('',#2166,#2165);
#2168=DIRECTION('',(0.E0,0.E0,-1.E0));
#2169=VECTOR('',#2168,7.E0);
#2170=CARTESIAN_POINT('',(-8.15E0,-2.175E1,0.E0));
#2171=LINE('',#2170,#2169);
#2172=DIRECTION('',(0.E0,0.E0,-1.E0));
#2173=VECTOR('',#2172,7.E0);
#2174=CARTESIAN_POINT('',(-9.45E0,-2.305E1,0.E0));
#2175=LINE('',#2174,#2173);
#2176=DIRECTION('',(0.E0,0.E0,-1.E0));
#2177=VECTOR('',#2176,7.E0);
#2178=CARTESIAN_POINT('',(-9.45E0,-2.495E1,0.E0));
#2179=LINE('',#2178,#2177);
#2180=DIRECTION('',(0.E0,0.E0,-1.E0));
#2181=VECTOR('',#2180,7.E0);
#2182=CARTESIAN_POINT('',(-8.15E0,-2.625E1,0.E0));
#2183=LINE('',#2182,#2181);
#2184=DIRECTION('',(0.E0,0.E0,-1.E0));
#2185=VECTOR('',#2184,7.E0);
#2186=CARTESIAN_POINT('',(-6.85E0,-2.495E1,0.E0));
#2187=LINE('',#2186,#2185);
#2188=DIRECTION('',(0.E0,0.E0,-1.E0));
#2189=VECTOR('',#2188,7.E0);
#2190=CARTESIAN_POINT('',(-5.55E0,-2.625E1,0.E0));
#2191=LINE('',#2190,#2189);
#2192=DIRECTION('',(0.E0,0.E0,-1.E0));
#2193=VECTOR('',#2192,7.E0);
#2194=CARTESIAN_POINT('',(-4.25E0,-2.495E1,0.E0));
#2195=LINE('',#2194,#2193);
#2196=DIRECTION('',(0.E0,0.E0,-1.E0));
#2197=VECTOR('',#2196,7.E0);
#2198=CARTESIAN_POINT('',(-2.95E0,-2.625E1,0.E0));
#2199=LINE('',#2198,#2197);
#2200=DIRECTION('',(0.E0,0.E0,-1.E0));
#2201=VECTOR('',#2200,7.E0);
#2202=CARTESIAN_POINT('',(-1.65E0,-2.495E1,0.E0));
#2203=LINE('',#2202,#2201);
#2204=DIRECTION('',(0.E0,0.E0,-1.E0));
#2205=VECTOR('',#2204,7.E0);
#2206=CARTESIAN_POINT('',(-3.500000000001E-1,-2.625E1,0.E0));
#2207=LINE('',#2206,#2205);
#2208=DIRECTION('',(0.E0,0.E0,-1.E0));
#2209=VECTOR('',#2208,7.E0);
#2210=CARTESIAN_POINT('',(9.499999999999E-1,-2.495E1,0.E0));
#2211=LINE('',#2210,#2209);
#2212=DIRECTION('',(0.E0,0.E0,-1.E0));
#2213=VECTOR('',#2212,7.E0);
#2214=CARTESIAN_POINT('',(2.25E0,-2.625E1,0.E0));
#2215=LINE('',#2214,#2213);
#2216=DIRECTION('',(0.E0,0.E0,-1.E0));
#2217=VECTOR('',#2216,7.E0);
#2218=CARTESIAN_POINT('',(3.55E0,-2.495E1,0.E0));
#2219=LINE('',#2218,#2217);
#2220=DIRECTION('',(0.E0,0.E0,-1.E0));
#2221=VECTOR('',#2220,7.E0);
#2222=CARTESIAN_POINT('',(4.85E0,-2.625E1,0.E0));
#2223=LINE('',#2222,#2221);
#2224=DIRECTION('',(0.E0,0.E0,-1.E0));
#2225=VECTOR('',#2224,7.E0);
#2226=CARTESIAN_POINT('',(6.15E0,-2.495E1,0.E0));
#2227=LINE('',#2226,#2225);
#2228=DIRECTION('',(0.E0,0.E0,-1.E0));
#2229=VECTOR('',#2228,7.E0);
#2230=CARTESIAN_POINT('',(7.45E0,-2.625E1,0.E0));
#2231=LINE('',#2230,#2229);
#2232=DIRECTION('',(0.E0,0.E0,-1.E0));
#2233=VECTOR('',#2232,7.E0);
#2234=CARTESIAN_POINT('',(8.75E0,-2.495E1,0.E0));
#2235=LINE('',#2234,#2233);
#2236=DIRECTION('',(0.E0,0.E0,-1.E0));
#2237=VECTOR('',#2236,7.E0);
#2238=CARTESIAN_POINT('',(1.005E1,-2.625E1,0.E0));
#2239=LINE('',#2238,#2237);
#2240=DIRECTION('',(0.E0,0.E0,-1.E0));
#2241=VECTOR('',#2240,7.E0);
#2242=CARTESIAN_POINT('',(1.135E1,-2.495E1,0.E0));
#2243=LINE('',#2242,#2241);
#2244=DIRECTION('',(0.E0,0.E0,-1.E0));
#2245=VECTOR('',#2244,7.E0);
#2246=CARTESIAN_POINT('',(1.395E1,-2.495E1,0.E0));
#2247=LINE('',#2246,#2245);
#2248=CARTESIAN_POINT('',(-1.8E0,1.671736481777E1,9.940969245311E-1));
#2249=CARTESIAN_POINT('',(-1.8E0,1.68E1,8.956161492299E-1));
#2250=VERTEX_POINT('',#2248);
#2251=VERTEX_POINT('',#2249);
#2252=CARTESIAN_POINT('',(-1.6E0,1.675209445330E1,1.191058475134E0));
#2253=CARTESIAN_POINT('',(-1.6E0,1.7E1,8.956161492299E-1));
#2254=VERTEX_POINT('',#2252);
#2255=VERTEX_POINT('',#2253);
#2256=CARTESIAN_POINT('',(-1.8E0,1.513758939275E1,1.272653955422E0));
#2257=VERTEX_POINT('',#2256);
#2258=CARTESIAN_POINT('',(-1.6E0,1.517231902828E1,1.469615506024E0));
#2259=VERTEX_POINT('',#2258);
#2260=CARTESIAN_POINT('',(-1.8E0,1.482502267295E1,1.3E0));
#2261=VERTEX_POINT('',#2260);
#2262=CARTESIAN_POINT('',(-1.6E0,1.482502267295E1,1.5E0));
#2263=VERTEX_POINT('',#2262);
#2264=CARTESIAN_POINT('',(-1.8E0,-1.482502267295E1,1.3E0));
#2265=VERTEX_POINT('',#2264);
#2266=CARTESIAN_POINT('',(-1.6E0,-1.482502267295E1,1.5E0));
#2267=VERTEX_POINT('',#2266);
#2268=CARTESIAN_POINT('',(-1.8E0,-1.513758939275E1,1.272653955422E0));
#2269=VERTEX_POINT('',#2268);
#2270=CARTESIAN_POINT('',(-1.6E0,-1.517231902828E1,1.469615506024E0));
#2271=VERTEX_POINT('',#2270);
#2272=CARTESIAN_POINT('',(-1.8E0,-1.671736481777E1,9.940969245311E-1));
#2273=VERTEX_POINT('',#2272);
#2274=CARTESIAN_POINT('',(-1.6E0,-1.675209445297E1,1.191058475192E0));
#2275=VERTEX_POINT('',#2274);
#2276=CARTESIAN_POINT('',(-1.8E0,-1.68E1,8.956161492299E-1));
#2277=VERTEX_POINT('',#2276);
#2278=CARTESIAN_POINT('',(-1.6E0,-1.7E1,8.956161492299E-1));
#2279=VERTEX_POINT('',#2278);
#2280=CARTESIAN_POINT('',(1.8E0,-1.671736481777E1,9.940969245311E-1));
#2281=CARTESIAN_POINT('',(1.8E0,-1.68E1,8.956161492299E-1));
#2282=VERTEX_POINT('',#2280);
#2283=VERTEX_POINT('',#2281);
#2284=CARTESIAN_POINT('',(1.6E0,-1.675209445330E1,1.191058475134E0));
#2285=CARTESIAN_POINT('',(1.6E0,-1.7E1,8.956161492299E-1));
#2286=VERTEX_POINT('',#2284);
#2287=VERTEX_POINT('',#2285);
#2288=CARTESIAN_POINT('',(1.8E0,-1.513758939275E1,1.272653955422E0));
#2289=VERTEX_POINT('',#2288);
#2290=CARTESIAN_POINT('',(1.6E0,-1.517231902828E1,1.469615506024E0));
#2291=VERTEX_POINT('',#2290);
#2292=CARTESIAN_POINT('',(1.8E0,-1.482502267295E1,1.3E0));
#2293=VERTEX_POINT('',#2292);
#2294=CARTESIAN_POINT('',(1.6E0,-1.482502267295E1,1.5E0));
#2295=VERTEX_POINT('',#2294);
#2296=CARTESIAN_POINT('',(1.8E0,1.482502267295E1,1.3E0));
#2297=VERTEX_POINT('',#2296);
#2298=CARTESIAN_POINT('',(1.6E0,1.482502267295E1,1.5E0));
#2299=VERTEX_POINT('',#2298);
#2300=CARTESIAN_POINT('',(1.8E0,1.513758939275E1,1.272653955422E0));
#2301=VERTEX_POINT('',#2300);
#2302=CARTESIAN_POINT('',(1.6E0,1.517231902828E1,1.469615506024E0));
#2303=VERTEX_POINT('',#2302);
#2304=CARTESIAN_POINT('',(1.8E0,1.671736481777E1,9.940969245311E-1));
#2305=VERTEX_POINT('',#2304);
#2306=CARTESIAN_POINT('',(1.6E0,1.675209445297E1,1.191058475192E0));
#2307=VERTEX_POINT('',#2306);
#2308=CARTESIAN_POINT('',(1.8E0,1.68E1,8.956161492299E-1));
#2309=VERTEX_POINT('',#2308);
#2310=CARTESIAN_POINT('',(1.6E0,1.7E1,8.956161492299E-1));
#2311=VERTEX_POINT('',#2310);
#2312=CARTESIAN_POINT('',(1.197720779386E1,9.944365081390E0,7.E0));
#2313=CARTESIAN_POINT('',(1.145E1,8.671572875254E0,7.E0));
#2314=VERTEX_POINT('',#2312);
#2315=VERTEX_POINT('',#2313);
#2316=CARTESIAN_POINT('',(1.183578643763E1,1.008578643763E1,6.8E0));
#2317=CARTESIAN_POINT('',(1.125E1,8.671572875254E0,6.8E0));
#2318=VERTEX_POINT('',#2316);
#2319=VERTEX_POINT('',#2317);
#2320=CARTESIAN_POINT('',(1.145E1,-8.671572875254E0,7.E0));
#2321=VERTEX_POINT('',#2320);
#2322=CARTESIAN_POINT('',(1.125E1,-8.671572875253E0,6.8E0));
#2323=VERTEX_POINT('',#2322);
#2324=CARTESIAN_POINT('',(1.197720779386E1,-9.944365081390E0,7.E0));
#2325=VERTEX_POINT('',#2324);
#2326=CARTESIAN_POINT('',(1.183578643763E1,-1.008578643763E1,6.8E0));
#2327=VERTEX_POINT('',#2326);
#2328=CARTESIAN_POINT('',(-1.197720779386E1,-9.944365081390E0,7.E0));
#2329=CARTESIAN_POINT('',(-1.145E1,-8.671572875254E0,7.E0));
#2330=VERTEX_POINT('',#2328);
#2331=VERTEX_POINT('',#2329);
#2332=CARTESIAN_POINT('',(-1.183578643763E1,-1.008578643763E1,6.8E0));
#2333=CARTESIAN_POINT('',(-1.125E1,-8.671572875254E0,6.8E0));
#2334=VERTEX_POINT('',#2332);
#2335=VERTEX_POINT('',#2333);
#2336=CARTESIAN_POINT('',(-1.145E1,8.671572875254E0,7.E0));
#2337=VERTEX_POINT('',#2336);
#2338=CARTESIAN_POINT('',(-1.125E1,8.671572875253E0,6.8E0));
#2339=VERTEX_POINT('',#2338);
#2340=CARTESIAN_POINT('',(-1.197720779386E1,9.944365081390E0,7.E0));
#2341=VERTEX_POINT('',#2340);
#2342=CARTESIAN_POINT('',(-1.183578643763E1,1.008578643763E1,6.8E0));
#2343=VERTEX_POINT('',#2342);
#2344=CARTESIAN_POINT('',(1.197720779386E1,9.944365081390E0,5.E0));
#2345=CARTESIAN_POINT('',(1.405E1,1.201715728753E1,5.000000005593E0));
#2346=VERTEX_POINT('',#2344);
#2347=VERTEX_POINT('',#2345);
#2348=CARTESIAN_POINT('',(1.145E1,8.671572875254E0,5.E0));
#2349=VERTEX_POINT('',#2348);
#2350=CARTESIAN_POINT('',(1.125E1,8.671572875254E0,5.2E0));
#2351=CARTESIAN_POINT('',(1.183578643763E1,1.008578643763E1,5.2E0));
#2352=VERTEX_POINT('',#2350);
#2353=VERTEX_POINT('',#2351);
#2354=CARTESIAN_POINT('',(1.145E1,-8.671572875254E0,5.E0));
#2355=VERTEX_POINT('',#2354);
#2356=CARTESIAN_POINT('',(1.125E1,-8.671572875253E0,5.2E0));
#2357=VERTEX_POINT('',#2356);
#2358=CARTESIAN_POINT('',(1.197720779386E1,-9.944365081390E0,5.E0));
#2359=VERTEX_POINT('',#2358);
#2360=CARTESIAN_POINT('',(1.183578643763E1,-1.008578643763E1,5.2E0));
#2361=VERTEX_POINT('',#2360);
#2362=CARTESIAN_POINT('',(1.405E1,-1.201715728753E1,5.000000003032E0));
#2363=VERTEX_POINT('',#2362);
#2364=CARTESIAN_POINT('',(-1.197720779386E1,-9.944365081390E0,5.E0));
#2365=CARTESIAN_POINT('',(-1.405E1,-1.201715728753E1,5.000000005593E0));
#2366=VERTEX_POINT('',#2364);
#2367=VERTEX_POINT('',#2365);
#2368=CARTESIAN_POINT('',(-1.145E1,-8.671572875254E0,5.E0));
#2369=VERTEX_POINT('',#2368);
#2370=CARTESIAN_POINT('',(-1.125E1,-8.671572875254E0,5.2E0));
#2371=CARTESIAN_POINT('',(-1.183578643763E1,-1.008578643763E1,5.2E0));
#2372=VERTEX_POINT('',#2370);
#2373=VERTEX_POINT('',#2371);
#2374=CARTESIAN_POINT('',(-1.145E1,8.671572875254E0,5.E0));
#2375=VERTEX_POINT('',#2374);
#2376=CARTESIAN_POINT('',(-1.125E1,8.671572875253E0,5.2E0));
#2377=VERTEX_POINT('',#2376);
#2378=CARTESIAN_POINT('',(-1.197720779386E1,9.944365081390E0,5.E0));
#2379=VERTEX_POINT('',#2378);
#2380=CARTESIAN_POINT('',(-1.183578643763E1,1.008578643763E1,5.2E0));
#2381=VERTEX_POINT('',#2380);
#2382=CARTESIAN_POINT('',(-1.405E1,1.201715728753E1,5.000000003032E0));
#2383=VERTEX_POINT('',#2382);
#2384=CARTESIAN_POINT('',(-1.425E1,-1.23E1,4.8E0));
#2385=CARTESIAN_POINT('',(-1.425E1,1.23E1,4.8E0));
#2386=VERTEX_POINT('',#2384);
#2387=VERTEX_POINT('',#2385);
#2388=CARTESIAN_POINT('',(1.425E1,1.23E1,4.8E0));
#2389=CARTESIAN_POINT('',(1.425E1,-1.23E1,4.8E0));
#2390=VERTEX_POINT('',#2388);
#2391=VERTEX_POINT('',#2389);
#2392=CARTESIAN_POINT('',(1.419142135624E1,1.23E1,4.941421356237E0));
#2393=VERTEX_POINT('',#2392);
#2394=VERTEX_POINT('',#1704);
#2395=CARTESIAN_POINT('',(-1.419142135624E1,-1.23E1,4.941421356237E0));
#2396=VERTEX_POINT('',#2395);
#2397=VERTEX_POINT('',#1170);
#2398=VERTEX_POINT('',#1251);
#2399=VERTEX_POINT('',#1282);
#2400=VERTEX_POINT('',#1231);
#2401=VERTEX_POINT('',#1203);
#2402=CARTESIAN_POINT('',(-1.381065752431E1,-1.206065752430E1,
6.419241086234E0));
#2403=VERTEX_POINT('',#2402);
#2404=CARTESIAN_POINT('',(-1.605E1,-1.249999988457E1,5.499999999988E0));
#2405=CARTESIAN_POINT('',(-1.487132034356E1,-1.25E1,5.5E0));
#2406=VERTEX_POINT('',#2404);
#2407=VERTEX_POINT('',#2405);
#2408=CARTESIAN_POINT('',(-1.475E1,-1.1E1,7.E0));
#2409=CARTESIAN_POINT('',(-1.303284273396E1,-1.099999999250E1,
6.999999998211E0));
#2410=VERTEX_POINT('',#2408);
#2411=VERTEX_POINT('',#2409);
#2412=CARTESIAN_POINT('',(-1.475E1,1.1E1,7.E0));
#2413=CARTESIAN_POINT('',(-1.303284275049E1,1.099999998673E1,7.000000006443E0));
#2414=VERTEX_POINT('',#2412);
#2415=VERTEX_POINT('',#2413);
#2416=CARTESIAN_POINT('',(-1.605E1,1.249999990753E1,5.499999999994E0));
#2417=CARTESIAN_POINT('',(-1.487132034356E1,1.25E1,5.5E0));
#2418=VERTEX_POINT('',#2416);
#2419=VERTEX_POINT('',#2417);
#2420=VERTEX_POINT('',#1177);
#2421=VERTEX_POINT('',#1184);
#2422=VERTEX_POINT('',#1150);
#2423=VERTEX_POINT('',#1137);
#2424=CARTESIAN_POINT('',(-1.381065571367E1,1.206065571365E1,6.419242968040E0));
#2425=VERTEX_POINT('',#2424);
#2426=VERTEX_POINT('',#1104);
#2427=CARTESIAN_POINT('',(-1.289142135596E1,-1.114142135596E1,
6.799999990485E0));
#2428=VERTEX_POINT('',#2427);
#2429=VERTEX_POINT('',#1409);
#2430=VERTEX_POINT('',#1440);
#2431=VERTEX_POINT('',#1654);
#2432=VERTEX_POINT('',#1626);
#2433=CARTESIAN_POINT('',(1.381065752431E1,1.206065752430E1,6.419241086234E0));
#2434=VERTEX_POINT('',#2433);
#2435=CARTESIAN_POINT('',(1.605E1,1.249999988457E1,5.499999999988E0));
#2436=CARTESIAN_POINT('',(1.487132034356E1,1.25E1,5.5E0));
#2437=VERTEX_POINT('',#2435);
#2438=VERTEX_POINT('',#2436);
#2439=CARTESIAN_POINT('',(1.475E1,1.1E1,7.E0));
#2440=CARTESIAN_POINT('',(1.303284273396E1,1.099999999250E1,6.999999998211E0));
#2441=VERTEX_POINT('',#2439);
#2442=VERTEX_POINT('',#2440);
#2443=CARTESIAN_POINT('',(1.475E1,-1.1E1,7.E0));
#2444=CARTESIAN_POINT('',(1.303284275049E1,-1.099999998673E1,7.000000006443E0));
#2445=VERTEX_POINT('',#2443);
#2446=VERTEX_POINT('',#2444);
#2447=CARTESIAN_POINT('',(1.605E1,-1.249999990753E1,5.499999999994E0));
#2448=CARTESIAN_POINT('',(1.487132034356E1,-1.25E1,5.5E0));
#2449=VERTEX_POINT('',#2447);
#2450=VERTEX_POINT('',#2448);
#2451=VERTEX_POINT('',#1711);
#2452=VERTEX_POINT('',#1718);
#2453=VERTEX_POINT('',#1684);
#2454=VERTEX_POINT('',#1761);
#2455=CARTESIAN_POINT('',(1.381065571367E1,-1.206065571365E1,6.419242968040E0));
#2456=VERTEX_POINT('',#2455);
#2457=VERTEX_POINT('',#1854);
#2458=CARTESIAN_POINT('',(1.289142135596E1,1.114142135596E1,6.799999990486E0));
#2459=VERTEX_POINT('',#2458);
#2460=CARTESIAN_POINT('',(-1.395207974658E1,1.206065807723E1,6.560662266324E0));
#2461=VERTEX_POINT('',#2460);
#2462=CARTESIAN_POINT('',(1.395207974658E1,-1.206065807723E1,6.560662266324E0));
#2463=VERTEX_POINT('',#2462);
#2464=CARTESIAN_POINT('',(-1.395208152784E1,-1.206066017160E1,
6.560660171959E0));
#2465=VERTEX_POINT('',#2464);
#2466=CARTESIAN_POINT('',(1.395208152784E1,1.206066017160E1,6.560660171959E0));
#2467=VERTEX_POINT('',#2466);
#2468=CARTESIAN_POINT('',(-1.624999986692E1,1.23E1,5.499999999986E0));
#2469=CARTESIAN_POINT('',(-1.624999991892E1,-1.23E1,5.499999999995E0));
#2470=VERTEX_POINT('',#2468);
#2471=VERTEX_POINT('',#2469);
#2472=CARTESIAN_POINT('',(1.624999986692E1,-1.23E1,5.499999999986E0));
#2473=CARTESIAN_POINT('',(1.624999991892E1,1.23E1,5.499999999995E0));
#2474=VERTEX_POINT('',#2472);
#2475=VERTEX_POINT('',#2473);
#2476=CARTESIAN_POINT('',(1.625E1,3.E1,0.E0));
#2477=CARTESIAN_POINT('',(-1.625E1,3.E1,0.E0));
#2478=VERTEX_POINT('',#2476);
#2479=VERTEX_POINT('',#2477);
#2480=CARTESIAN_POINT('',(-1.625E1,-3.E1,0.E0));
#2481=CARTESIAN_POINT('',(1.625E1,-3.E1,0.E0));
#2482=VERTEX_POINT('',#2480);
#2483=VERTEX_POINT('',#2481);
#2484=CARTESIAN_POINT('',(1.625E1,-3.E1,-9.E0));
#2485=CARTESIAN_POINT('',(1.625E1,3.E1,-9.E0));
#2486=VERTEX_POINT('',#2484);
#2487=VERTEX_POINT('',#2485);
#2488=CARTESIAN_POINT('',(-1.625E1,3.E1,-9.E0));
#2489=VERTEX_POINT('',#2488);
#2490=CARTESIAN_POINT('',(-1.625E1,-3.E1,-9.E0));
#2491=VERTEX_POINT('',#2490);
#2492=CARTESIAN_POINT('',(-1.6E0,-1.7E1,0.E0));
#2493=CARTESIAN_POINT('',(1.6E0,-1.7E1,0.E0));
#2494=VERTEX_POINT('',#2492);
#2495=VERTEX_POINT('',#2493);
#2496=CARTESIAN_POINT('',(1.8E0,-1.68E1,0.E0));
#2497=CARTESIAN_POINT('',(1.8E0,1.68E1,0.E0));
#2498=VERTEX_POINT('',#2496);
#2499=VERTEX_POINT('',#2497);
#2500=CARTESIAN_POINT('',(1.6E0,1.7E1,0.E0));
#2501=CARTESIAN_POINT('',(-1.6E0,1.7E1,0.E0));
#2502=VERTEX_POINT('',#2500);
#2503=VERTEX_POINT('',#2501);
#2504=CARTESIAN_POINT('',(-1.8E0,1.68E1,0.E0));
#2505=CARTESIAN_POINT('',(-1.8E0,-1.68E1,0.E0));
#2506=VERTEX_POINT('',#2504);
#2507=VERTEX_POINT('',#2505);
#2508=CARTESIAN_POINT('',(-1.605E1,-1.25E1,0.E0));
#2509=CARTESIAN_POINT('',(-1.487132034356E1,-1.25E1,0.E0));
#2510=VERTEX_POINT('',#2508);
#2511=VERTEX_POINT('',#2509);
#2512=CARTESIAN_POINT('',(-1.425E1,-1.23E1,0.E0));
#2513=CARTESIAN_POINT('',(-1.425E1,1.23E1,0.E0));
#2514=VERTEX_POINT('',#2512);
#2515=VERTEX_POINT('',#2513);
#2516=CARTESIAN_POINT('',(-1.487132034356E1,1.25E1,0.E0));
#2517=CARTESIAN_POINT('',(-1.605E1,1.25E1,0.E0));
#2518=VERTEX_POINT('',#2516);
#2519=VERTEX_POINT('',#2517);
#2520=CARTESIAN_POINT('',(1.605E1,1.25E1,0.E0));
#2521=CARTESIAN_POINT('',(1.487132034356E1,1.25E1,0.E0));
#2522=VERTEX_POINT('',#2520);
#2523=VERTEX_POINT('',#2521);
#2524=CARTESIAN_POINT('',(1.425E1,1.23E1,0.E0));
#2525=CARTESIAN_POINT('',(1.425E1,-1.23E1,0.E0));
#2526=VERTEX_POINT('',#2524);
#2527=VERTEX_POINT('',#2525);
#2528=CARTESIAN_POINT('',(1.487132034356E1,-1.25E1,0.E0));
#2529=CARTESIAN_POINT('',(1.605E1,-1.25E1,0.E0));
#2530=VERTEX_POINT('',#2528);
#2531=VERTEX_POINT('',#2529);
#2532=CARTESIAN_POINT('',(1.426308309182E1,1.237114822160E1,0.E0));
#2533=VERTEX_POINT('',#2532);
#2534=CARTESIAN_POINT('',(-1.426308309182E1,1.237114822160E1,0.E0));
#2535=VERTEX_POINT('',#2534);
#2536=CARTESIAN_POINT('',(-1.426308309182E1,-1.237114822160E1,0.E0));
#2537=VERTEX_POINT('',#2536);
#2538=CARTESIAN_POINT('',(1.426308309182E1,-1.237114822160E1,0.E0));
#2539=VERTEX_POINT('',#2538);
#2540=CARTESIAN_POINT('',(1.625E1,-1.23E1,0.E0));
#2541=VERTEX_POINT('',#2540);
#2542=CARTESIAN_POINT('',(1.625E1,1.23E1,0.E0));
#2543=VERTEX_POINT('',#2542);
#2544=CARTESIAN_POINT('',(-1.625E1,1.23E1,0.E0));
#2545=VERTEX_POINT('',#2544);
#2546=CARTESIAN_POINT('',(-1.625E1,-1.23E1,0.E0));
#2547=VERTEX_POINT('',#2546);
#2548=CARTESIAN_POINT('',(-1.625E1,2.625E1,-4.5E0));
#2549=CARTESIAN_POINT('',(-1.625E1,2.175E1,-4.5E0));
#2550=VERTEX_POINT('',#2548);
#2551=VERTEX_POINT('',#2549);
#2552=CARTESIAN_POINT('',(1.625E1,2.625E1,-4.5E0));
#2553=CARTESIAN_POINT('',(1.625E1,2.175E1,-4.5E0));
#2554=VERTEX_POINT('',#2552);
#2555=VERTEX_POINT('',#2553);
#2556=CARTESIAN_POINT('',(-1.625E1,2.25E0,-4.5E0));
#2557=CARTESIAN_POINT('',(-1.625E1,-2.25E0,-4.5E0));
#2558=VERTEX_POINT('',#2556);
#2559=VERTEX_POINT('',#2557);
#2560=CARTESIAN_POINT('',(1.625E1,2.25E0,-4.5E0));
#2561=CARTESIAN_POINT('',(1.625E1,-2.25E0,-4.5E0));
#2562=VERTEX_POINT('',#2560);
#2563=VERTEX_POINT('',#2561);
#2564=CARTESIAN_POINT('',(1.625E1,-2.625E1,-7.E0));
#2565=CARTESIAN_POINT('',(1.625E1,-2.175E1,-7.E0));
#2566=VERTEX_POINT('',#2564);
#2567=VERTEX_POINT('',#2565);
#2568=CARTESIAN_POINT('',(1.625E1,-2.625E1,0.E0));
#2569=VERTEX_POINT('',#2568);
#2570=CARTESIAN_POINT('',(1.625E1,-2.175E1,0.E0));
#2571=VERTEX_POINT('',#2570);
#2572=CARTESIAN_POINT('',(1.525E1,-2.625E1,-7.E0));
#2573=CARTESIAN_POINT('',(1.395E1,-2.495E1,-7.E0));
#2574=VERTEX_POINT('',#2572);
#2575=VERTEX_POINT('',#2573);
#2576=CARTESIAN_POINT('',(1.265E1,-2.625E1,-7.E0));
#2577=VERTEX_POINT('',#2576);
#2578=CARTESIAN_POINT('',(1.135E1,-2.495E1,-7.E0));
#2579=VERTEX_POINT('',#2578);
#2580=CARTESIAN_POINT('',(1.005E1,-2.625E1,-7.E0));
#2581=VERTEX_POINT('',#2580);
#2582=CARTESIAN_POINT('',(8.75E0,-2.495E1,-7.E0));
#2583=VERTEX_POINT('',#2582);
#2584=CARTESIAN_POINT('',(7.45E0,-2.625E1,-7.E0));
#2585=VERTEX_POINT('',#2584);
#2586=CARTESIAN_POINT('',(6.15E0,-2.495E1,-7.E0));
#2587=VERTEX_POINT('',#2586);
#2588=CARTESIAN_POINT('',(4.85E0,-2.625E1,-7.E0));
#2589=VERTEX_POINT('',#2588);
#2590=CARTESIAN_POINT('',(3.55E0,-2.495E1,-7.E0));
#2591=VERTEX_POINT('',#2590);
#2592=CARTESIAN_POINT('',(2.25E0,-2.625E1,-7.E0));
#2593=VERTEX_POINT('',#2592);
#2594=CARTESIAN_POINT('',(9.499999999999E-1,-2.495E1,-7.E0));
#2595=VERTEX_POINT('',#2594);
#2596=CARTESIAN_POINT('',(-3.500000000001E-1,-2.625E1,-7.E0));
#2597=VERTEX_POINT('',#2596);
#2598=CARTESIAN_POINT('',(-1.65E0,-2.495E1,-7.E0));
#2599=VERTEX_POINT('',#2598);
#2600=CARTESIAN_POINT('',(-2.95E0,-2.625E1,-7.E0));
#2601=VERTEX_POINT('',#2600);
#2602=CARTESIAN_POINT('',(-2.95E0,-2.175E1,-7.E0));
#2603=CARTESIAN_POINT('',(-1.65E0,-2.305E1,-7.E0));
#2604=VERTEX_POINT('',#2602);
#2605=VERTEX_POINT('',#2603);
#2606=CARTESIAN_POINT('',(-3.500000000001E-1,-2.175E1,-7.E0));
#2607=VERTEX_POINT('',#2606);
#2608=CARTESIAN_POINT('',(9.499999999999E-1,-2.305E1,-7.E0));
#2609=VERTEX_POINT('',#2608);
#2610=CARTESIAN_POINT('',(2.25E0,-2.175E1,-7.E0));
#2611=VERTEX_POINT('',#2610);
#2612=CARTESIAN_POINT('',(3.55E0,-2.305E1,-7.E0));
#2613=VERTEX_POINT('',#2612);
#2614=CARTESIAN_POINT('',(4.85E0,-2.175E1,-7.E0));
#2615=VERTEX_POINT('',#2614);
#2616=CARTESIAN_POINT('',(6.15E0,-2.305E1,-7.E0));
#2617=VERTEX_POINT('',#2616);
#2618=CARTESIAN_POINT('',(7.45E0,-2.175E1,-7.E0));
#2619=VERTEX_POINT('',#2618);
#2620=CARTESIAN_POINT('',(8.75E0,-2.305E1,-7.E0));
#2621=VERTEX_POINT('',#2620);
#2622=CARTESIAN_POINT('',(1.005E1,-2.175E1,-7.E0));
#2623=VERTEX_POINT('',#2622);
#2624=CARTESIAN_POINT('',(1.135E1,-2.305E1,-7.E0));
#2625=VERTEX_POINT('',#2624);
#2626=CARTESIAN_POINT('',(1.265E1,-2.175E1,-7.E0));
#2627=VERTEX_POINT('',#2626);
#2628=CARTESIAN_POINT('',(1.395E1,-2.305E1,-7.E0));
#2629=VERTEX_POINT('',#2628);
#2630=CARTESIAN_POINT('',(1.525E1,-2.175E1,-7.E0));
#2631=VERTEX_POINT('',#2630);
#2632=CARTESIAN_POINT('',(1.525E1,-2.625E1,0.E0));
#2633=VERTEX_POINT('',#2632);
#2634=CARTESIAN_POINT('',(1.525E1,-2.175E1,0.E0));
#2635=VERTEX_POINT('',#2634);
#2636=CARTESIAN_POINT('',(-1.075E1,-2.625E1,0.E0));
#2637=CARTESIAN_POINT('',(-1.625E1,-2.625E1,0.E0));
#2638=VERTEX_POINT('',#2636);
#2639=VERTEX_POINT('',#2637);
#2640=CARTESIAN_POINT('',(-1.075E1,-2.175E1,0.E0));
#2641=CARTESIAN_POINT('',(-1.625E1,-2.175E1,0.E0));
#2642=VERTEX_POINT('',#2640);
#2643=VERTEX_POINT('',#2641);
#2644=CARTESIAN_POINT('',(-1.625E1,-2.625E1,-7.E0));
#2645=CARTESIAN_POINT('',(-1.075E1,-2.625E1,-7.E0));
#2646=VERTEX_POINT('',#2644);
#2647=VERTEX_POINT('',#2645);
#2648=CARTESIAN_POINT('',(-1.075E1,-2.175E1,-7.E0));
#2649=CARTESIAN_POINT('',(-1.625E1,-2.175E1,-7.E0));
#2650=VERTEX_POINT('',#2648);
#2651=VERTEX_POINT('',#2649);
#2652=CARTESIAN_POINT('',(1.395E1,-2.495E1,0.E0));
#2653=VERTEX_POINT('',#2652);
#2654=CARTESIAN_POINT('',(1.265E1,-2.625E1,0.E0));
#2655=VERTEX_POINT('',#2654);
#2656=CARTESIAN_POINT('',(1.135E1,-2.495E1,0.E0));
#2657=VERTEX_POINT('',#2656);
#2658=CARTESIAN_POINT('',(1.005E1,-2.625E1,0.E0));
#2659=VERTEX_POINT('',#2658);
#2660=CARTESIAN_POINT('',(8.75E0,-2.495E1,0.E0));
#2661=VERTEX_POINT('',#2660);
#2662=CARTESIAN_POINT('',(7.45E0,-2.625E1,0.E0));
#2663=VERTEX_POINT('',#2662);
#2664=CARTESIAN_POINT('',(6.15E0,-2.495E1,0.E0));
#2665=VERTEX_POINT('',#2664);
#2666=CARTESIAN_POINT('',(4.85E0,-2.625E1,0.E0));
#2667=VERTEX_POINT('',#2666);
#2668=CARTESIAN_POINT('',(3.55E0,-2.495E1,0.E0));
#2669=VERTEX_POINT('',#2668);
#2670=CARTESIAN_POINT('',(2.25E0,-2.625E1,0.E0));
#2671=VERTEX_POINT('',#2670);
#2672=CARTESIAN_POINT('',(9.499999999999E-1,-2.495E1,0.E0));
#2673=VERTEX_POINT('',#2672);
#2674=CARTESIAN_POINT('',(-3.500000000001E-1,-2.625E1,0.E0));
#2675=VERTEX_POINT('',#2674);
#2676=CARTESIAN_POINT('',(-1.65E0,-2.495E1,0.E0));
#2677=VERTEX_POINT('',#2676);
#2678=CARTESIAN_POINT('',(-2.95E0,-2.625E1,0.E0));
#2679=VERTEX_POINT('',#2678);
#2680=CARTESIAN_POINT('',(-2.95E0,-2.175E1,0.E0));
#2681=CARTESIAN_POINT('',(-1.65E0,-2.305E1,0.E0));
#2682=VERTEX_POINT('',#2680);
#2683=VERTEX_POINT('',#2681);
#2684=CARTESIAN_POINT('',(-3.500000000001E-1,-2.175E1,0.E0));
#2685=VERTEX_POINT('',#2684);
#2686=CARTESIAN_POINT('',(9.499999999999E-1,-2.305E1,0.E0));
#2687=VERTEX_POINT('',#2686);
#2688=CARTESIAN_POINT('',(2.25E0,-2.175E1,0.E0));
#2689=VERTEX_POINT('',#2688);
#2690=CARTESIAN_POINT('',(3.55E0,-2.305E1,0.E0));
#2691=VERTEX_POINT('',#2690);
#2692=CARTESIAN_POINT('',(4.85E0,-2.175E1,0.E0));
#2693=VERTEX_POINT('',#2692);
#2694=CARTESIAN_POINT('',(6.15E0,-2.305E1,0.E0));
#2695=VERTEX_POINT('',#2694);
#2696=CARTESIAN_POINT('',(7.45E0,-2.175E1,0.E0));
#2697=VERTEX_POINT('',#2696);
#2698=CARTESIAN_POINT('',(8.75E0,-2.305E1,0.E0));
#2699=VERTEX_POINT('',#2698);
#2700=CARTESIAN_POINT('',(1.005E1,-2.175E1,0.E0));
#2701=VERTEX_POINT('',#2700);
#2702=CARTESIAN_POINT('',(1.135E1,-2.305E1,0.E0));
#2703=VERTEX_POINT('',#2702);
#2704=CARTESIAN_POINT('',(1.265E1,-2.175E1,0.E0));
#2705=VERTEX_POINT('',#2704);
#2706=CARTESIAN_POINT('',(1.395E1,-2.305E1,0.E0));
#2707=VERTEX_POINT('',#2706);
#2708=CARTESIAN_POINT('',(-4.25E0,-2.495E1,-7.E0));
#2709=VERTEX_POINT('',#2708);
#2710=CARTESIAN_POINT('',(-5.55E0,-2.625E1,-7.E0));
#2711=VERTEX_POINT('',#2710);
#2712=CARTESIAN_POINT('',(-6.85E0,-2.495E1,-7.E0));
#2713=VERTEX_POINT('',#2712);
#2714=CARTESIAN_POINT('',(-8.15E0,-2.625E1,-7.E0));
#2715=VERTEX_POINT('',#2714);
#2716=CARTESIAN_POINT('',(-9.45E0,-2.495E1,-7.E0));
#2717=VERTEX_POINT('',#2716);
#2718=CARTESIAN_POINT('',(-9.45E0,-2.305E1,-7.E0));
#2719=VERTEX_POINT('',#2718);
#2720=CARTESIAN_POINT('',(-8.15E0,-2.175E1,-7.E0));
#2721=VERTEX_POINT('',#2720);
#2722=CARTESIAN_POINT('',(-6.85E0,-2.305E1,-7.E0));
#2723=VERTEX_POINT('',#2722);
#2724=CARTESIAN_POINT('',(-5.55E0,-2.175E1,-7.E0));
#2725=VERTEX_POINT('',#2724);
#2726=CARTESIAN_POINT('',(-4.25E0,-2.305E1,-7.E0));
#2727=VERTEX_POINT('',#2726);
#2728=CARTESIAN_POINT('',(-4.25E0,-2.495E1,0.E0));
#2729=VERTEX_POINT('',#2728);
#2730=CARTESIAN_POINT('',(-5.55E0,-2.625E1,0.E0));
#2731=VERTEX_POINT('',#2730);
#2732=CARTESIAN_POINT('',(-6.85E0,-2.495E1,0.E0));
#2733=VERTEX_POINT('',#2732);
#2734=CARTESIAN_POINT('',(-8.15E0,-2.625E1,0.E0));
#2735=VERTEX_POINT('',#2734);
#2736=CARTESIAN_POINT('',(-9.45E0,-2.495E1,0.E0));
#2737=VERTEX_POINT('',#2736);
#2738=CARTESIAN_POINT('',(-9.45E0,-2.305E1,0.E0));
#2739=VERTEX_POINT('',#2738);
#2740=CARTESIAN_POINT('',(-8.15E0,-2.175E1,0.E0));
#2741=VERTEX_POINT('',#2740);
#2742=CARTESIAN_POINT('',(-6.85E0,-2.305E1,0.E0));
#2743=VERTEX_POINT('',#2742);
#2744=CARTESIAN_POINT('',(-5.55E0,-2.175E1,0.E0));
#2745=VERTEX_POINT('',#2744);
#2746=CARTESIAN_POINT('',(-4.25E0,-2.305E1,0.E0));
#2747=VERTEX_POINT('',#2746);
#2748=CARTESIAN_POINT('',(0.E0,0.E0,7.E0));
#2749=DIRECTION('',(0.E0,0.E0,1.E0));
#2750=DIRECTION('',(1.E0,0.E0,0.E0));
#2751=AXIS2_PLACEMENT_3D('',#2748,#2749,#2750);
#2752=PLANE('',#2751);
#2754=ORIENTED_EDGE('',*,*,#2753,.F.);
#2756=ORIENTED_EDGE('',*,*,#2755,.F.);
#2758=ORIENTED_EDGE('',*,*,#2757,.T.);
#2760=ORIENTED_EDGE('',*,*,#2759,.F.);
#2762=ORIENTED_EDGE('',*,*,#2761,.F.);
#2764=ORIENTED_EDGE('',*,*,#2763,.F.);
#2766=ORIENTED_EDGE('',*,*,#2765,.F.);
#2768=ORIENTED_EDGE('',*,*,#2767,.F.);
#2769=EDGE_LOOP('',(#2754,#2756,#2758,#2760,#2762,#2764,#2766,#2768));
#2770=FACE_OUTER_BOUND('',#2769,.F.);
#2771=ADVANCED_FACE('',(#2770),#2752,.T.);
#2772=CARTESIAN_POINT('',(0.E0,0.E0,7.E0));
#2773=DIRECTION('',(0.E0,0.E0,1.E0));
#2774=DIRECTION('',(1.E0,0.E0,0.E0));
#2775=AXIS2_PLACEMENT_3D('',#2772,#2773,#2774);
#2776=PLANE('',#2775);
#2778=ORIENTED_EDGE('',*,*,#2777,.F.);
#2780=ORIENTED_EDGE('',*,*,#2779,.F.);
#2782=ORIENTED_EDGE('',*,*,#2781,.T.);
#2784=ORIENTED_EDGE('',*,*,#2783,.F.);
#2786=ORIENTED_EDGE('',*,*,#2785,.F.);
#2788=ORIENTED_EDGE('',*,*,#2787,.F.);
#2790=ORIENTED_EDGE('',*,*,#2789,.F.);
#2792=ORIENTED_EDGE('',*,*,#2791,.F.);
#2793=EDGE_LOOP('',(#2778,#2780,#2782,#2784,#2786,#2788,#2790,#2792));
#2794=FACE_OUTER_BOUND('',#2793,.F.);
#2795=ADVANCED_FACE('',(#2794),#2776,.T.);
#2796=CARTESIAN_POINT('',(-5.8617E1,-1.1E1,5.5E0));
#2797=DIRECTION('',(1.E0,0.E0,0.E0));
#2798=DIRECTION('',(0.E0,0.E0,1.E0));
#2799=AXIS2_PLACEMENT_3D('',#2796,#2797,#2798);
#2800=CYLINDRICAL_SURFACE('',#2799,1.5E0);
#2802=ORIENTED_EDGE('',*,*,#2801,.F.);
#2804=ORIENTED_EDGE('',*,*,#2803,.T.);
#2805=ORIENTED_EDGE('',*,*,#2753,.T.);
#2807=ORIENTED_EDGE('',*,*,#2806,.T.);
#2809=ORIENTED_EDGE('',*,*,#2808,.T.);
#2810=EDGE_LOOP('',(#2802,#2804,#2805,#2807,#2809));
#2811=FACE_OUTER_BOUND('',#2810,.F.);
#2812=ADVANCED_FACE('',(#2811),#2800,.T.);
#2813=CARTESIAN_POINT('',(-1.625E1,-1.25E1,0.E0));
#2814=DIRECTION('',(0.E0,-1.E0,0.E0));
#2815=DIRECTION('',(1.E0,0.E0,0.E0));
#2816=AXIS2_PLACEMENT_3D('',#2813,#2814,#2815);
#2817=PLANE('',#2816);
#2819=ORIENTED_EDGE('',*,*,#2818,.F.);
#2821=ORIENTED_EDGE('',*,*,#2820,.F.);
#2822=ORIENTED_EDGE('',*,*,#2801,.T.);
#2824=ORIENTED_EDGE('',*,*,#2823,.F.);
#2825=EDGE_LOOP('',(#2819,#2821,#2822,#2824));
#2826=FACE_OUTER_BOUND('',#2825,.F.);
#2827=ADVANCED_FACE('',(#2826),#2817,.T.);
#2828=CARTESIAN_POINT('',(0.E0,0.E0,0.E0));
#2829=DIRECTION('',(0.E0,0.E0,1.E0));
#2830=DIRECTION('',(1.E0,0.E0,0.E0));
#2831=AXIS2_PLACEMENT_3D('',#2828,#2829,#2830);
#2832=PLANE('',#2831);
#2834=ORIENTED_EDGE('',*,*,#2833,.F.);
#2836=ORIENTED_EDGE('',*,*,#2835,.F.);
#2838=ORIENTED_EDGE('',*,*,#2837,.F.);
#2840=ORIENTED_EDGE('',*,*,#2839,.F.);
#2842=ORIENTED_EDGE('',*,*,#2841,.F.);
#2844=ORIENTED_EDGE('',*,*,#2843,.F.);
#2846=ORIENTED_EDGE('',*,*,#2845,.F.);
#2848=ORIENTED_EDGE('',*,*,#2847,.F.);
#2850=ORIENTED_EDGE('',*,*,#2849,.F.);
#2852=ORIENTED_EDGE('',*,*,#2851,.F.);
#2854=ORIENTED_EDGE('',*,*,#2853,.F.);
#2856=ORIENTED_EDGE('',*,*,#2855,.F.);
#2858=ORIENTED_EDGE('',*,*,#2857,.F.);
#2860=ORIENTED_EDGE('',*,*,#2859,.F.);
#2862=ORIENTED_EDGE('',*,*,#2861,.F.);
#2864=ORIENTED_EDGE('',*,*,#2863,.F.);
#2866=ORIENTED_EDGE('',*,*,#2865,.F.);
#2868=ORIENTED_EDGE('',*,*,#2867,.F.);
#2870=ORIENTED_EDGE('',*,*,#2869,.F.);
#2872=ORIENTED_EDGE('',*,*,#2871,.F.);
#2874=ORIENTED_EDGE('',*,*,#2873,.F.);
#2876=ORIENTED_EDGE('',*,*,#2875,.F.);
#2878=ORIENTED_EDGE('',*,*,#2877,.F.);
#2880=ORIENTED_EDGE('',*,*,#2879,.F.);
#2882=ORIENTED_EDGE('',*,*,#2881,.F.);
#2883=EDGE_LOOP('',(#2834,#2836,#2838,#2840,#2842,#2844,#2846,#2848,#2850,#2852,
#2854,#2856,#2858,#2860,#2862,#2864,#2866,#2868,#2870,#2872,#2874,#2876,#2878,
#2880,#2882));
#2884=FACE_OUTER_BOUND('',#2883,.F.);
#2885=ADVANCED_FACE('',(#2884),#2832,.T.);
#2886=CARTESIAN_POINT('',(0.E0,0.E0,0.E0));
#2887=DIRECTION('',(0.E0,0.E0,1.E0));
#2888=DIRECTION('',(1.E0,0.E0,0.E0));
#2889=AXIS2_PLACEMENT_3D('',#2886,#2887,#2888);
#2890=PLANE('',#2889);
#2892=ORIENTED_EDGE('',*,*,#2891,.T.);
#2894=ORIENTED_EDGE('',*,*,#2893,.F.);
#2896=ORIENTED_EDGE('',*,*,#2895,.F.);
#2898=ORIENTED_EDGE('',*,*,#2897,.F.);
#2900=ORIENTED_EDGE('',*,*,#2899,.F.);
#2902=ORIENTED_EDGE('',*,*,#2901,.F.);
#2904=ORIENTED_EDGE('',*,*,#2903,.F.);
#2906=ORIENTED_EDGE('',*,*,#2905,.F.);
#2908=ORIENTED_EDGE('',*,*,#2907,.F.);
#2910=ORIENTED_EDGE('',*,*,#2909,.F.);
#2912=ORIENTED_EDGE('',*,*,#2911,.F.);
#2914=ORIENTED_EDGE('',*,*,#2913,.F.);
#2916=ORIENTED_EDGE('',*,*,#2915,.F.);
#2918=ORIENTED_EDGE('',*,*,#2917,.F.);
#2920=ORIENTED_EDGE('',*,*,#2919,.F.);
#2922=ORIENTED_EDGE('',*,*,#2921,.F.);
#2924=ORIENTED_EDGE('',*,*,#2923,.F.);
#2926=ORIENTED_EDGE('',*,*,#2925,.F.);
#2928=ORIENTED_EDGE('',*,*,#2927,.F.);
#2930=ORIENTED_EDGE('',*,*,#2929,.F.);
#2932=ORIENTED_EDGE('',*,*,#2931,.F.);
#2934=ORIENTED_EDGE('',*,*,#2933,.T.);
#2936=ORIENTED_EDGE('',*,*,#2935,.F.);
#2938=ORIENTED_EDGE('',*,*,#2937,.F.);
#2939=ORIENTED_EDGE('',*,*,#2818,.T.);
#2941=ORIENTED_EDGE('',*,*,#2940,.T.);
#2943=ORIENTED_EDGE('',*,*,#2942,.F.);
#2945=ORIENTED_EDGE('',*,*,#2944,.T.);
#2947=ORIENTED_EDGE('',*,*,#2946,.F.);
#2949=ORIENTED_EDGE('',*,*,#2948,.F.);
#2951=ORIENTED_EDGE('',*,*,#2950,.T.);
#2953=ORIENTED_EDGE('',*,*,#2952,.F.);
#2955=ORIENTED_EDGE('',*,*,#2954,.F.);
#2957=ORIENTED_EDGE('',*,*,#2956,.F.);
#2959=ORIENTED_EDGE('',*,*,#2958,.F.);
#2961=ORIENTED_EDGE('',*,*,#2960,.F.);
#2963=ORIENTED_EDGE('',*,*,#2962,.T.);
#2965=ORIENTED_EDGE('',*,*,#2964,.T.);
#2967=ORIENTED_EDGE('',*,*,#2966,.F.);
#2969=ORIENTED_EDGE('',*,*,#2968,.T.);
#2971=ORIENTED_EDGE('',*,*,#2970,.F.);
#2973=ORIENTED_EDGE('',*,*,#2972,.F.);
#2975=ORIENTED_EDGE('',*,*,#2974,.T.);
#2977=ORIENTED_EDGE('',*,*,#2976,.F.);
#2979=ORIENTED_EDGE('',*,*,#2978,.F.);
#2980=EDGE_LOOP('',(#2892,#2894,#2896,#2898,#2900,#2902,#2904,#2906,#2908,#2910,
#2912,#2914,#2916,#2918,#2920,#2922,#2924,#2926,#2928,#2930,#2932,#2934,#2936,
#2938,#2939,#2941,#2943,#2945,#2947,#2949,#2951,#2953,#2955,#2957,#2959,#2961,
#2963,#2965,#2967,#2969,#2971,#2973,#2975,#2977,#2979));
#2981=FACE_OUTER_BOUND('',#2980,.F.);
#2983=ORIENTED_EDGE('',*,*,#2982,.T.);
#2985=ORIENTED_EDGE('',*,*,#2984,.F.);
#2987=ORIENTED_EDGE('',*,*,#2986,.T.);
#2989=ORIENTED_EDGE('',*,*,#2988,.T.);
#2991=ORIENTED_EDGE('',*,*,#2990,.T.);
#2993=ORIENTED_EDGE('',*,*,#2992,.F.);
#2995=ORIENTED_EDGE('',*,*,#2994,.T.);
#2997=ORIENTED_EDGE('',*,*,#2996,.T.);
#2998=EDGE_LOOP('',(#2983,#2985,#2987,#2989,#2991,#2993,#2995,#2997));
#2999=FACE_BOUND('',#2998,.F.);
#3000=ADVANCED_FACE('',(#2981,#2999),#2890,.T.);
#3001=CARTESIAN_POINT('',(-1.8E0,-1.7E1,0.E0));
#3002=DIRECTION('',(0.E0,-1.E0,0.E0));
#3003=DIRECTION('',(1.E0,0.E0,0.E0));
#3004=AXIS2_PLACEMENT_3D('',#3001,#3002,#3003);
#3005=PLANE('',#3004);
#3006=ORIENTED_EDGE('',*,*,#2982,.F.);
#3008=ORIENTED_EDGE('',*,*,#3007,.T.);
#3010=ORIENTED_EDGE('',*,*,#3009,.F.);
#3012=ORIENTED_EDGE('',*,*,#3011,.T.);
#3013=EDGE_LOOP('',(#3006,#3008,#3010,#3012));
#3014=FACE_OUTER_BOUND('',#3013,.F.);
#3015=ADVANCED_FACE('',(#3014),#3005,.T.);
#3016=CARTESIAN_POINT('',(-1.6E0,-1.68E1,-9.1252E0));
#3017=DIRECTION('',(0.E0,0.E0,1.E0));
#3018=DIRECTION('',(-1.E0,1.776356839400E-14,0.E0));
#3019=AXIS2_PLACEMENT_3D('',#3016,#3017,#3018);
#3020=CYLINDRICAL_SURFACE('',#3019,2.E-1);
#3021=ORIENTED_EDGE('',*,*,#2996,.F.);
#3023=ORIENTED_EDGE('',*,*,#3022,.T.);
#3025=ORIENTED_EDGE('',*,*,#3024,.T.);
#3026=ORIENTED_EDGE('',*,*,#3007,.F.);
#3027=EDGE_LOOP('',(#3021,#3023,#3025,#3026));
#3028=FACE_OUTER_BOUND('',#3027,.F.);
#3029=ADVANCED_FACE('',(#3028),#3020,.T.);
#3030=CARTESIAN_POINT('',(-1.8E0,1.7E1,0.E0));
#3031=DIRECTION('',(-1.E0,0.E0,0.E0));
#3032=DIRECTION('',(0.E0,-1.E0,0.E0));
#3033=AXIS2_PLACEMENT_3D('',#3030,#3031,#3032);
#3034=PLANE('',#3033);
#3035=ORIENTED_EDGE('',*,*,#2994,.F.);
#3037=ORIENTED_EDGE('',*,*,#3036,.F.);
#3039=ORIENTED_EDGE('',*,*,#3038,.F.);
#3041=ORIENTED_EDGE('',*,*,#3040,.F.);
#3043=ORIENTED_EDGE('',*,*,#3042,.F.);
#3045=ORIENTED_EDGE('',*,*,#3044,.F.);
#3047=ORIENTED_EDGE('',*,*,#3046,.F.);
#3049=ORIENTED_EDGE('',*,*,#3048,.F.);
#3051=ORIENTED_EDGE('',*,*,#3050,.F.);
#3052=ORIENTED_EDGE('',*,*,#3022,.F.);
#3053=EDGE_LOOP('',(#3035,#3037,#3039,#3041,#3043,#3045,#3047,#3049,#3051,
#3052));
#3054=FACE_OUTER_BOUND('',#3053,.F.);
#3055=ADVANCED_FACE('',(#3054),#3034,.T.);
#3056=CARTESIAN_POINT('',(-1.6E0,1.68E1,9.186969492299E-1));
#3057=DIRECTION('',(0.E0,0.E0,-1.E0));
#3058=DIRECTION('',(-1.E0,0.E0,0.E0));
#3059=AXIS2_PLACEMENT_3D('',#3056,#3057,#3058);
#3060=CYLINDRICAL_SURFACE('',#3059,2.E-1);
#3061=ORIENTED_EDGE('',*,*,#2992,.T.);
#3063=ORIENTED_EDGE('',*,*,#3062,.F.);
#3065=ORIENTED_EDGE('',*,*,#3064,.F.);
#3066=ORIENTED_EDGE('',*,*,#3036,.T.);
#3067=EDGE_LOOP('',(#3061,#3063,#3065,#3066));
#3068=FACE_OUTER_BOUND('',#3067,.F.);
#3069=ADVANCED_FACE('',(#3068),#3060,.T.);
#3070=CARTESIAN_POINT('',(1.8E0,1.7E1,0.E0));
#3071=DIRECTION('',(0.E0,1.E0,0.E0));
#3072=DIRECTION('',(-1.E0,0.E0,0.E0));
#3073=AXIS2_PLACEMENT_3D('',#3070,#3071,#3072);
#3074=PLANE('',#3073);
#3075=ORIENTED_EDGE('',*,*,#2990,.F.);
#3077=ORIENTED_EDGE('',*,*,#3076,.T.);
#3079=ORIENTED_EDGE('',*,*,#3078,.F.);
#3080=ORIENTED_EDGE('',*,*,#3062,.T.);
#3081=EDGE_LOOP('',(#3075,#3077,#3079,#3080));
#3082=FACE_OUTER_BOUND('',#3081,.F.);
#3083=ADVANCED_FACE('',(#3082),#3074,.T.);
#3084=CARTESIAN_POINT('',(1.6E0,1.68E1,-9.1252E0));
#3085=DIRECTION('',(0.E0,0.E0,1.E0));
#3086=DIRECTION('',(1.E0,-1.776356839400E-14,0.E0));
#3087=AXIS2_PLACEMENT_3D('',#3084,#3085,#3086);
#3088=CYLINDRICAL_SURFACE('',#3087,2.E-1);
#3089=ORIENTED_EDGE('',*,*,#2988,.F.);
#3091=ORIENTED_EDGE('',*,*,#3090,.T.);
#3093=ORIENTED_EDGE('',*,*,#3092,.T.);
#3094=ORIENTED_EDGE('',*,*,#3076,.F.);
#3095=EDGE_LOOP('',(#3089,#3091,#3093,#3094));
#3096=FACE_OUTER_BOUND('',#3095,.F.);
#3097=ADVANCED_FACE('',(#3096),#3088,.T.);
#3098=CARTESIAN_POINT('',(1.8E0,-1.7E1,0.E0));
#3099=DIRECTION('',(1.E0,0.E0,0.E0));
#3100=DIRECTION('',(0.E0,1.E0,0.E0));
#3101=AXIS2_PLACEMENT_3D('',#3098,#3099,#3100);
#3102=PLANE('',#3101);
#3103=ORIENTED_EDGE('',*,*,#2986,.F.);
#3105=ORIENTED_EDGE('',*,*,#3104,.F.);
#3107=ORIENTED_EDGE('',*,*,#3106,.F.);
#3109=ORIENTED_EDGE('',*,*,#3108,.F.);
#3111=ORIENTED_EDGE('',*,*,#3110,.F.);
#3113=ORIENTED_EDGE('',*,*,#3112,.F.);
#3115=ORIENTED_EDGE('',*,*,#3114,.F.);
#3117=ORIENTED_EDGE('',*,*,#3116,.F.);
#3119=ORIENTED_EDGE('',*,*,#3118,.F.);
#3120=ORIENTED_EDGE('',*,*,#3090,.F.);
#3121=EDGE_LOOP('',(#3103,#3105,#3107,#3109,#3111,#3113,#3115,#3117,#3119,
#3120));
#3122=FACE_OUTER_BOUND('',#3121,.F.);
#3123=ADVANCED_FACE('',(#3122),#3102,.T.);
#3124=CARTESIAN_POINT('',(1.6E0,-1.68E1,9.186969492299E-1));
#3125=DIRECTION('',(0.E0,0.E0,-1.E0));
#3126=DIRECTION('',(1.E0,0.E0,0.E0));
#3127=AXIS2_PLACEMENT_3D('',#3124,#3125,#3126);
#3128=CYLINDRICAL_SURFACE('',#3127,2.E-1);
#3129=ORIENTED_EDGE('',*,*,#2984,.T.);
#3130=ORIENTED_EDGE('',*,*,#3011,.F.);
#3132=ORIENTED_EDGE('',*,*,#3131,.F.);
#3133=ORIENTED_EDGE('',*,*,#3104,.T.);
#3134=EDGE_LOOP('',(#3129,#3130,#3132,#3133));
#3135=FACE_OUTER_BOUND('',#3134,.F.);
#3136=ADVANCED_FACE('',(#3135),#3128,.T.);
#3137=CARTESIAN_POINT('',(1.799640079203E0,-1.678737378060E1,
8.850802511325E-1));
#3138=CARTESIAN_POINT('',(1.807353308808E0,-1.691484475289E1,
8.697092649495E-1));
#3139=CARTESIAN_POINT('',(1.716401096345E0,-1.700514284261E1,
8.588207413555E-1));
#3140=CARTESIAN_POINT('',(1.588006719549E0,-1.699748508608E1,
8.597441458585E-1));
#3141=CARTESIAN_POINT('',(1.799640079203E0,-1.679387089427E1,
9.389605543292E-1));
#3142=CARTESIAN_POINT('',(1.807353308808E0,-1.693082060709E1,1.002196383467E0));
#3143=CARTESIAN_POINT('',(1.716401096345E0,-1.702783326208E1,1.046991480499E0));
#3144=CARTESIAN_POINT('',(1.588006719549E0,-1.701960607483E1,1.043192618885E0));
#3145=CARTESIAN_POINT('',(1.799640079203E0,-1.675898641594E1,
9.805342567160E-1));
#3146=CARTESIAN_POINT('',(1.807353308808E0,-1.684504261884E1,1.104422609165E0));
#3147=CARTESIAN_POINT('',(1.716401096345E0,-1.690600324846E1,1.192182836948E0));
#3148=CARTESIAN_POINT('',(1.588006719549E0,-1.690083346402E1,1.184740304560E0));
#3149=CARTESIAN_POINT('',(1.799640079203E0,-1.670479646367E1,
9.834920652820E-1));
#3150=CARTESIAN_POINT('',(1.807353308808E0,-1.671179409938E1,1.111695610815E0));
#3151=CARTESIAN_POINT('',(1.716401096345E0,-1.671675109567E1,1.202512641925E0));
#3152=CARTESIAN_POINT('',(1.588006719549E0,-1.671633071612E1,1.194810876415E0));
#3153=(BOUNDED_SURFACE()B_SPLINE_SURFACE(3,3,((#3137,#3138,#3139,#3140),(#3141,
#3142,#3143,#3144),(#3145,#3146,#3147,#3148),(#3149,#3150,#3151,#3152)),
.UNSPECIFIED.,.F.,.F.,.F.)B_SPLINE_SURFACE_WITH_KNOTS((4,4),(4,4),(0.E0,1.E0),(
0.E0,1.E0),.UNSPECIFIED.)GEOMETRIC_REPRESENTATION_ITEM()RATIONAL_B_SPLINE_SURFACE(((1.428303936305E0,1.107822641002E0,1.107822641002E0,1.428303936305E0),(
1.127010373216E0,8.741330023379E-1,8.741330023379E-1,1.127010373216E0),(
1.127010373216E0,8.741330023379E-1,8.741330023379E-1,1.127010373216E0),(
1.428303936305E0,1.107822641002E0,1.107822641002E0,1.428303936305E0)))REPRESENTATION_ITEM('')SURFACE());
#3154=ORIENTED_EDGE('',*,*,#3106,.T.);
#3155=ORIENTED_EDGE('',*,*,#3131,.T.);
#3157=ORIENTED_EDGE('',*,*,#3156,.F.);
#3159=ORIENTED_EDGE('',*,*,#3158,.F.);
#3160=EDGE_LOOP('',(#3154,#3155,#3157,#3159));
#3161=FACE_OUTER_BOUND('',#3160,.F.);
#3162=ADVANCED_FACE('',(#3161),#3153,.T.);
#3163=CARTESIAN_POINT('',(5.8617E1,-1.67E1,8.956161492299E-1));
#3164=DIRECTION('',(-1.E0,0.E0,0.E0));
#3165=DIRECTION('',(0.E0,-1.E0,0.E0));
#3166=AXIS2_PLACEMENT_3D('',#3163,#3164,#3165);
#3167=CYLINDRICAL_SURFACE('',#3166,3.E-1);
#3169=ORIENTED_EDGE('',*,*,#3168,.T.);
#3171=ORIENTED_EDGE('',*,*,#3170,.F.);
#3172=ORIENTED_EDGE('',*,*,#3156,.T.);
#3173=ORIENTED_EDGE('',*,*,#3009,.T.);
#3174=EDGE_LOOP('',(#3169,#3171,#3172,#3173));
#3175=FACE_OUTER_BOUND('',#3174,.F.);
#3176=ADVANCED_FACE('',(#3175),#3167,.T.);
#3177=CARTESIAN_POINT('',(-1.588006719549E0,-1.699748508608E1,
8.597441459155E-1));
#3178=CARTESIAN_POINT('',(-1.716401096345E0,-1.700514284261E1,
8.588207414140E-1));
#3179=CARTESIAN_POINT('',(-1.807353308808E0,-1.691484475290E1,
8.697092649907E-1));
#3180=CARTESIAN_POINT('',(-1.799640079203E0,-1.678737378061E1,
8.850802511493E-1));
#3181=CARTESIAN_POINT('',(-1.588006719549E0,-1.701960607487E1,
1.043192619546E0));
#3182=CARTESIAN_POINT('',(-1.716401096345E0,-1.702783326212E1,
1.046991481176E0));
#3183=CARTESIAN_POINT('',(-1.807353308808E0,-1.693082060713E1,
1.002196383944E0));
#3184=CARTESIAN_POINT('',(-1.799640079203E0,-1.679387089428E1,
9.389605545232E-1));
#3185=CARTESIAN_POINT('',(-1.588006719549E0,-1.690083346335E1,
1.184740305410E0));
#3186=CARTESIAN_POINT('',(-1.716401096345E0,-1.690600324777E1,
1.192182837820E0));
#3187=CARTESIAN_POINT('',(-1.807353308808E0,-1.684504261835E1,
1.104422609780E0));
#3188=CARTESIAN_POINT('',(-1.799640079203E0,-1.675898641574E1,
9.805342569657E-1));
#3189=CARTESIAN_POINT('',(-1.588006719549E0,-1.671633071480E1,
1.194810876487E0));
#3190=CARTESIAN_POINT('',(-1.716401096345E0,-1.671675109432E1,
1.202512641999E0));
#3191=CARTESIAN_POINT('',(-1.807353308808E0,-1.671179409843E1,
1.111695610867E0));
#3192=CARTESIAN_POINT('',(-1.799640079203E0,-1.670479646328E1,
9.834920653031E-1));
#3193=(BOUNDED_SURFACE()B_SPLINE_SURFACE(3,3,((#3177,#3178,#3179,#3180),(#3181,
#3182,#3183,#3184),(#3185,#3186,#3187,#3188),(#3189,#3190,#3191,#3192)),
.UNSPECIFIED.,.F.,.F.,.F.)B_SPLINE_SURFACE_WITH_KNOTS((4,4),(4,4),(0.E0,1.E0),(
0.E0,1.E0),.UNSPECIFIED.)GEOMETRIC_REPRESENTATION_ITEM()RATIONAL_B_SPLINE_SURFACE(((1.428303937607E0,1.107822642012E0,1.107822642012E0,1.428303937607E0),(
1.127010372782E0,8.741330020013E-1,8.741330020013E-1,1.127010372782E0),(
1.127010372782E0,8.741330020013E-1,8.741330020013E-1,1.127010372782E0),(
1.428303937607E0,1.107822642012E0,1.107822642012E0,1.428303937607E0)))REPRESENTATION_ITEM('')SURFACE());
#3194=ORIENTED_EDGE('',*,*,#3050,.T.);
#3196=ORIENTED_EDGE('',*,*,#3195,.T.);
#3197=ORIENTED_EDGE('',*,*,#3168,.F.);
#3198=ORIENTED_EDGE('',*,*,#3024,.F.);
#3199=EDGE_LOOP('',(#3194,#3196,#3197,#3198));
#3200=FACE_OUTER_BOUND('',#3199,.F.);
#3201=ADVANCED_FACE('',(#3200),#3193,.T.);
#3202=CARTESIAN_POINT('',(-1.6E0,-1.673887656440E1,9.903038231974E-1));
#3203=DIRECTION('',(0.E0,9.848077530122E-1,1.736481776669E-1));
#3204=DIRECTION('',(-1.E0,0.E0,0.E0));
#3205=AXIS2_PLACEMENT_3D('',#3202,#3203,#3204);
#3206=CYLINDRICAL_SURFACE('',#3205,2.E-1);
#3207=ORIENTED_EDGE('',*,*,#3048,.T.);
#3209=ORIENTED_EDGE('',*,*,#3208,.T.);
#3211=ORIENTED_EDGE('',*,*,#3210,.F.);
#3212=ORIENTED_EDGE('',*,*,#3195,.F.);
#3213=EDGE_LOOP('',(#3207,#3209,#3211,#3212));
#3214=FACE_OUTER_BOUND('',#3213,.F.);
#3215=ADVANCED_FACE('',(#3214),#3206,.T.);
#3216=CARTESIAN_POINT('',(-1.6E0,-1.482502267295E1,-5.E-1));
#3217=DIRECTION('',(1.E0,0.E0,0.E0));
#3218=DIRECTION('',(0.E0,-1.843934803775E-1,9.828525038856E-1));
#3219=AXIS2_PLACEMENT_3D('',#3216,#3217,#3218);
#3220=TOROIDAL_SURFACE('',#3219,1.8E0,2.E-1);
#3221=ORIENTED_EDGE('',*,*,#3046,.T.);
#3223=ORIENTED_EDGE('',*,*,#3222,.T.);
#3225=ORIENTED_EDGE('',*,*,#3224,.F.);
#3226=ORIENTED_EDGE('',*,*,#3208,.F.);
#3227=EDGE_LOOP('',(#3221,#3223,#3225,#3226));
#3228=FACE_OUTER_BOUND('',#3227,.F.);
#3229=ADVANCED_FACE('',(#3228),#3220,.T.);
#3230=CARTESIAN_POINT('',(-1.6E0,-1.483839307295E1,1.3E0));
#3231=DIRECTION('',(0.E0,1.E0,0.E0));
#3232=DIRECTION('',(-1.E0,0.E0,0.E0));
#3233=AXIS2_PLACEMENT_3D('',#3230,#3231,#3232);
#3234=CYLINDRICAL_SURFACE('',#3233,2.E-1);
#3235=ORIENTED_EDGE('',*,*,#3044,.T.);
#3237=ORIENTED_EDGE('',*,*,#3236,.T.);
#3239=ORIENTED_EDGE('',*,*,#3238,.F.);
#3240=ORIENTED_EDGE('',*,*,#3222,.F.);
#3241=EDGE_LOOP('',(#3235,#3237,#3239,#3240));
#3242=FACE_OUTER_BOUND('',#3241,.F.);
#3243=ADVANCED_FACE('',(#3242),#3234,.T.);
#3244=CARTESIAN_POINT('',(-1.6E0,1.482502267295E1,-5.E-1));
#3245=DIRECTION('',(-1.E0,0.E0,0.E0));
#3246=DIRECTION('',(0.E0,-7.688324254755E-3,9.999704443983E-1));
#3247=AXIS2_PLACEMENT_3D('',#3244,#3245,#3246);
#3248=TOROIDAL_SURFACE('',#3247,1.8E0,2.E-1);
#3249=ORIENTED_EDGE('',*,*,#3042,.T.);
#3251=ORIENTED_EDGE('',*,*,#3250,.T.);
#3253=ORIENTED_EDGE('',*,*,#3252,.F.);
#3254=ORIENTED_EDGE('',*,*,#3236,.F.);
#3255=EDGE_LOOP('',(#3249,#3251,#3253,#3254));
#3256=FACE_OUTER_BOUND('',#3255,.F.);
#3257=ADVANCED_FACE('',(#3256),#3248,.T.);
#3258=CARTESIAN_POINT('',(-1.6E0,1.512244620089E1,1.275324108720E0));
#3259=DIRECTION('',(0.E0,9.848077530122E-1,-1.736481776669E-1));
#3260=DIRECTION('',(-1.E0,0.E0,0.E0));
#3261=AXIS2_PLACEMENT_3D('',#3258,#3259,#3260);
#3262=CYLINDRICAL_SURFACE('',#3261,2.E-1);
#3263=ORIENTED_EDGE('',*,*,#3040,.T.);
#3265=ORIENTED_EDGE('',*,*,#3264,.T.);
#3267=ORIENTED_EDGE('',*,*,#3266,.F.);
#3268=ORIENTED_EDGE('',*,*,#3250,.F.);
#3269=EDGE_LOOP('',(#3263,#3265,#3267,#3268));
#3270=FACE_OUTER_BOUND('',#3269,.F.);
#3271=ADVANCED_FACE('',(#3270),#3262,.T.);
#3272=CARTESIAN_POINT('',(-1.799640079203E0,1.678737378060E1,
8.850802511325E-1));
#3273=CARTESIAN_POINT('',(-1.807353308808E0,1.691484475289E1,
8.697092649495E-1));
#3274=CARTESIAN_POINT('',(-1.716401096345E0,1.700514284261E1,
8.588207413555E-1));
#3275=CARTESIAN_POINT('',(-1.588006719549E0,1.699748508608E1,
8.597441458585E-1));
#3276=CARTESIAN_POINT('',(-1.799640079203E0,1.679387089427E1,
9.389605543292E-1));
#3277=CARTESIAN_POINT('',(-1.807353308808E0,1.693082060710E1,1.002196383467E0));
#3278=CARTESIAN_POINT('',(-1.716401096345E0,1.702783326208E1,1.046991480499E0));
#3279=CARTESIAN_POINT('',(-1.588006719549E0,1.701960607483E1,1.043192618885E0));
#3280=CARTESIAN_POINT('',(-1.799640079203E0,1.675898641594E1,
9.805342567160E-1));
#3281=CARTESIAN_POINT('',(-1.807353308808E0,1.684504261884E1,1.104422609165E0));
#3282=CARTESIAN_POINT('',(-1.716401096345E0,1.690600324846E1,1.192182836948E0));
#3283=CARTESIAN_POINT('',(-1.588006719549E0,1.690083346402E1,1.184740304560E0));
#3284=CARTESIAN_POINT('',(-1.799640079203E0,1.670479646367E1,
9.834920652820E-1));
#3285=CARTESIAN_POINT('',(-1.807353308808E0,1.671179409938E1,1.111695610815E0));
#3286=CARTESIAN_POINT('',(-1.716401096345E0,1.671675109567E1,1.202512641925E0));
#3287=CARTESIAN_POINT('',(-1.588006719549E0,1.671633071612E1,1.194810876415E0));
#3288=(BOUNDED_SURFACE()B_SPLINE_SURFACE(3,3,((#3272,#3273,#3274,#3275),(#3276,
#3277,#3278,#3279),(#3280,#3281,#3282,#3283),(#3284,#3285,#3286,#3287)),
.UNSPECIFIED.,.F.,.F.,.F.)B_SPLINE_SURFACE_WITH_KNOTS((4,4),(4,4),(0.E0,1.E0),(
0.E0,1.E0),.UNSPECIFIED.)GEOMETRIC_REPRESENTATION_ITEM()RATIONAL_B_SPLINE_SURFACE(((1.428303936305E0,1.107822641002E0,1.107822641002E0,1.428303936305E0),(
1.127010373216E0,8.741330023379E-1,8.741330023379E-1,1.127010373216E0),(
1.127010373216E0,8.741330023379E-1,8.741330023379E-1,1.127010373216E0),(
1.428303936305E0,1.107822641002E0,1.107822641002E0,1.428303936305E0)))REPRESENTATION_ITEM('')SURFACE());
#3289=ORIENTED_EDGE('',*,*,#3038,.T.);
#3290=ORIENTED_EDGE('',*,*,#3064,.T.);
#3292=ORIENTED_EDGE('',*,*,#3291,.F.);
#3293=ORIENTED_EDGE('',*,*,#3264,.F.);
#3294=EDGE_LOOP('',(#3289,#3290,#3292,#3293));
#3295=FACE_OUTER_BOUND('',#3294,.F.);
#3296=ADVANCED_FACE('',(#3295),#3288,.T.);
#3297=CARTESIAN_POINT('',(-5.8617E1,1.67E1,8.956161492299E-1));
#3298=DIRECTION('',(1.E0,0.E0,0.E0));
#3299=DIRECTION('',(0.E0,1.E0,0.E0));
#3300=AXIS2_PLACEMENT_3D('',#3297,#3298,#3299);
#3301=CYLINDRICAL_SURFACE('',#3300,3.E-1);
#3302=ORIENTED_EDGE('',*,*,#3291,.T.);
#3303=ORIENTED_EDGE('',*,*,#3078,.T.);
#3305=ORIENTED_EDGE('',*,*,#3304,.T.);
#3307=ORIENTED_EDGE('',*,*,#3306,.F.);
#3308=EDGE_LOOP('',(#3302,#3303,#3305,#3307));
#3309=FACE_OUTER_BOUND('',#3308,.F.);
#3310=ADVANCED_FACE('',(#3309),#3301,.T.);
#3311=CARTESIAN_POINT('',(1.588006719549E0,1.699748508608E1,8.597441459155E-1));
#3312=CARTESIAN_POINT('',(1.716401096345E0,1.700514284261E1,8.588207414140E-1));
#3313=CARTESIAN_POINT('',(1.807353308808E0,1.691484475290E1,8.697092649907E-1));
#3314=CARTESIAN_POINT('',(1.799640079203E0,1.678737378061E1,8.850802511493E-1));
#3315=CARTESIAN_POINT('',(1.588006719549E0,1.701960607487E1,1.043192619546E0));
#3316=CARTESIAN_POINT('',(1.716401096345E0,1.702783326212E1,1.046991481176E0));
#3317=CARTESIAN_POINT('',(1.807353308808E0,1.693082060713E1,1.002196383944E0));
#3318=CARTESIAN_POINT('',(1.799640079203E0,1.679387089428E1,9.389605545232E-1));
#3319=CARTESIAN_POINT('',(1.588006719549E0,1.690083346335E1,1.184740305410E0));
#3320=CARTESIAN_POINT('',(1.716401096345E0,1.690600324777E1,1.192182837821E0));
#3321=CARTESIAN_POINT('',(1.807353308808E0,1.684504261835E1,1.104422609780E0));
#3322=CARTESIAN_POINT('',(1.799640079203E0,1.675898641574E1,9.805342569657E-1));
#3323=CARTESIAN_POINT('',(1.588006719549E0,1.671633071480E1,1.194810876487E0));
#3324=CARTESIAN_POINT('',(1.716401096345E0,1.671675109432E1,1.202512641999E0));
#3325=CARTESIAN_POINT('',(1.807353308808E0,1.671179409843E1,1.111695610867E0));
#3326=CARTESIAN_POINT('',(1.799640079203E0,1.670479646328E1,9.834920653031E-1));
#3327=(BOUNDED_SURFACE()B_SPLINE_SURFACE(3,3,((#3311,#3312,#3313,#3314),(#3315,
#3316,#3317,#3318),(#3319,#3320,#3321,#3322),(#3323,#3324,#3325,#3326)),
.UNSPECIFIED.,.F.,.F.,.F.)B_SPLINE_SURFACE_WITH_KNOTS((4,4),(4,4),(0.E0,1.E0),(
0.E0,1.E0),.UNSPECIFIED.)GEOMETRIC_REPRESENTATION_ITEM()RATIONAL_B_SPLINE_SURFACE(((1.428303937607E0,1.107822642012E0,1.107822642012E0,1.428303937607E0),(
1.127010372782E0,8.741330020013E-1,8.741330020013E-1,1.127010372782E0),(
1.127010372782E0,8.741330020013E-1,8.741330020013E-1,1.127010372782E0),(
1.428303937607E0,1.107822642012E0,1.107822642012E0,1.428303937607E0)))REPRESENTATION_ITEM('')SURFACE());
#3328=ORIENTED_EDGE('',*,*,#3118,.T.);
#3330=ORIENTED_EDGE('',*,*,#3329,.T.);
#3331=ORIENTED_EDGE('',*,*,#3304,.F.);
#3332=ORIENTED_EDGE('',*,*,#3092,.F.);
#3333=EDGE_LOOP('',(#3328,#3330,#3331,#3332));
#3334=FACE_OUTER_BOUND('',#3333,.F.);
#3335=ADVANCED_FACE('',(#3334),#3327,.T.);
#3336=CARTESIAN_POINT('',(1.6E0,1.673887656440E1,9.903038231974E-1));
#3337=DIRECTION('',(0.E0,-9.848077530122E-1,1.736481776669E-1));
#3338=DIRECTION('',(1.E0,0.E0,0.E0));
#3339=AXIS2_PLACEMENT_3D('',#3336,#3337,#3338);
#3340=CYLINDRICAL_SURFACE('',#3339,2.E-1);
#3341=ORIENTED_EDGE('',*,*,#3116,.T.);
#3343=ORIENTED_EDGE('',*,*,#3342,.T.);
#3345=ORIENTED_EDGE('',*,*,#3344,.F.);
#3346=ORIENTED_EDGE('',*,*,#3329,.F.);
#3347=EDGE_LOOP('',(#3341,#3343,#3345,#3346));
#3348=FACE_OUTER_BOUND('',#3347,.F.);
#3349=ADVANCED_FACE('',(#3348),#3340,.T.);
#3350=CARTESIAN_POINT('',(1.6E0,1.482502267295E1,-5.E-1));
#3351=DIRECTION('',(-1.E0,0.E0,0.E0));
#3352=DIRECTION('',(0.E0,1.843934803775E-1,9.828525038856E-1));
#3353=AXIS2_PLACEMENT_3D('',#3350,#3351,#3352);
#3354=TOROIDAL_SURFACE('',#3353,1.8E0,2.E-1);
#3355=ORIENTED_EDGE('',*,*,#3114,.T.);
#3357=ORIENTED_EDGE('',*,*,#3356,.T.);
#3359=ORIENTED_EDGE('',*,*,#3358,.F.);
#3360=ORIENTED_EDGE('',*,*,#3342,.F.);
#3361=EDGE_LOOP('',(#3355,#3357,#3359,#3360));
#3362=FACE_OUTER_BOUND('',#3361,.F.);
#3363=ADVANCED_FACE('',(#3362),#3354,.T.);
#3364=CARTESIAN_POINT('',(1.6E0,1.484810347295E1,1.3E0));
#3365=DIRECTION('',(0.E0,-1.E0,0.E0));
#3366=DIRECTION('',(1.E0,0.E0,0.E0));
#3367=AXIS2_PLACEMENT_3D('',#3364,#3365,#3366);
#3368=CYLINDRICAL_SURFACE('',#3367,2.E-1);
#3369=ORIENTED_EDGE('',*,*,#3112,.T.);
#3371=ORIENTED_EDGE('',*,*,#3370,.T.);
#3373=ORIENTED_EDGE('',*,*,#3372,.F.);
#3374=ORIENTED_EDGE('',*,*,#3356,.F.);
#3375=EDGE_LOOP('',(#3369,#3371,#3373,#3374));
#3376=FACE_OUTER_BOUND('',#3375,.F.);
#3377=ADVANCED_FACE('',(#3376),#3368,.T.);
#3378=CARTESIAN_POINT('',(1.6E0,-1.482502267295E1,-5.E-1));
#3379=DIRECTION('',(1.E0,0.E0,0.E0));
#3380=DIRECTION('',(0.E0,7.688324254755E-3,9.999704443983E-1));
#3381=AXIS2_PLACEMENT_3D('',#3378,#3379,#3380);
#3382=TOROIDAL_SURFACE('',#3381,1.8E0,2.E-1);
#3383=ORIENTED_EDGE('',*,*,#3110,.T.);
#3385=ORIENTED_EDGE('',*,*,#3384,.T.);
#3387=ORIENTED_EDGE('',*,*,#3386,.F.);
#3388=ORIENTED_EDGE('',*,*,#3370,.F.);
#3389=EDGE_LOOP('',(#3383,#3385,#3387,#3388));
#3390=FACE_OUTER_BOUND('',#3389,.F.);
#3391=ADVANCED_FACE('',(#3390),#3382,.T.);
#3392=CARTESIAN_POINT('',(1.6E0,-1.512244620089E1,1.275324108720E0));
#3393=DIRECTION('',(0.E0,-9.848077530122E-1,-1.736481776669E-1));
#3394=DIRECTION('',(1.E0,0.E0,0.E0));
#3395=AXIS2_PLACEMENT_3D('',#3392,#3393,#3394);
#3396=CYLINDRICAL_SURFACE('',#3395,2.E-1);
#3397=ORIENTED_EDGE('',*,*,#3108,.T.);
#3398=ORIENTED_EDGE('',*,*,#3158,.T.);
#3400=ORIENTED_EDGE('',*,*,#3399,.F.);
#3401=ORIENTED_EDGE('',*,*,#3384,.F.);
#3402=EDGE_LOOP('',(#3397,#3398,#3400,#3401));
#3403=FACE_OUTER_BOUND('',#3402,.F.);
#3404=ADVANCED_FACE('',(#3403),#3396,.T.);
#3405=CARTESIAN_POINT('',(0.E0,-1.6E1,1.323673019292E0));
#3406=DIRECTION('',(0.E0,-1.736481776669E-1,9.848077530122E-1));
#3407=DIRECTION('',(0.E0,-9.848077530122E-1,-1.736481776669E-1));
#3408=AXIS2_PLACEMENT_3D('',#3405,#3406,#3407);
#3409=PLANE('',#3408);
#3410=ORIENTED_EDGE('',*,*,#3210,.T.);
#3412=ORIENTED_EDGE('',*,*,#3411,.T.);
#3413=ORIENTED_EDGE('',*,*,#3399,.T.);
#3414=ORIENTED_EDGE('',*,*,#3170,.T.);
#3415=EDGE_LOOP('',(#3410,#3412,#3413,#3414));
#3416=FACE_OUTER_BOUND('',#3415,.F.);
#3417=ADVANCED_FACE('',(#3416),#3409,.T.);
#3418=CARTESIAN_POINT('',(-5.8617E1,-1.482502267295E1,-5.E-1));
#3419=DIRECTION('',(1.E0,0.E0,0.E0));
#3420=DIRECTION('',(0.E0,0.E0,1.E0));
#3421=AXIS2_PLACEMENT_3D('',#3418,#3419,#3420);
#3422=CYLINDRICAL_SURFACE('',#3421,2.E0);
#3423=ORIENTED_EDGE('',*,*,#3224,.T.);
#3425=ORIENTED_EDGE('',*,*,#3424,.T.);
#3426=ORIENTED_EDGE('',*,*,#3386,.T.);
#3427=ORIENTED_EDGE('',*,*,#3411,.F.);
#3428=EDGE_LOOP('',(#3423,#3425,#3426,#3427));
#3429=FACE_OUTER_BOUND('',#3428,.F.);
#3430=ADVANCED_FACE('',(#3429),#3422,.T.);
#3431=CARTESIAN_POINT('',(0.E0,0.E0,1.5E0));
#3432=DIRECTION('',(0.E0,0.E0,1.E0));
#3433=DIRECTION('',(1.E0,0.E0,0.E0));
#3434=AXIS2_PLACEMENT_3D('',#3431,#3432,#3433);
#3435=PLANE('',#3434);
#3436=ORIENTED_EDGE('',*,*,#3238,.T.);
#3438=ORIENTED_EDGE('',*,*,#3437,.F.);
#3439=ORIENTED_EDGE('',*,*,#3372,.T.);
#3440=ORIENTED_EDGE('',*,*,#3424,.F.);
#3441=EDGE_LOOP('',(#3436,#3438,#3439,#3440));
#3442=FACE_OUTER_BOUND('',#3441,.F.);
#3443=ADVANCED_FACE('',(#3442),#3435,.T.);
#3444=CARTESIAN_POINT('',(5.8617E1,1.482502267295E1,-5.E-1));
#3445=DIRECTION('',(-1.E0,0.E0,0.E0));
#3446=DIRECTION('',(0.E0,0.E0,1.E0));
#3447=AXIS2_PLACEMENT_3D('',#3444,#3445,#3446);
#3448=CYLINDRICAL_SURFACE('',#3447,2.E0);
#3449=ORIENTED_EDGE('',*,*,#3252,.T.);
#3451=ORIENTED_EDGE('',*,*,#3450,.F.);
#3452=ORIENTED_EDGE('',*,*,#3358,.T.);
#3453=ORIENTED_EDGE('',*,*,#3437,.T.);
#3454=EDGE_LOOP('',(#3449,#3451,#3452,#3453));
#3455=FACE_OUTER_BOUND('',#3454,.F.);
#3456=ADVANCED_FACE('',(#3455),#3448,.T.);
#3457=CARTESIAN_POINT('',(1.776356839400E-14,1.6E1,1.323673019292E0));
#3458=DIRECTION('',(0.E0,1.736481776669E-1,9.848077530122E-1));
#3459=DIRECTION('',(0.E0,9.848077530122E-1,-1.736481776669E-1));
#3460=AXIS2_PLACEMENT_3D('',#3457,#3458,#3459);
#3461=PLANE('',#3460);
#3462=ORIENTED_EDGE('',*,*,#3266,.T.);
#3463=ORIENTED_EDGE('',*,*,#3306,.T.);
#3464=ORIENTED_EDGE('',*,*,#3344,.T.);
#3465=ORIENTED_EDGE('',*,*,#3450,.T.);
#3466=EDGE_LOOP('',(#3462,#3463,#3464,#3465));
#3467=FACE_OUTER_BOUND('',#3466,.F.);
#3468=ADVANCED_FACE('',(#3467),#3461,.T.);
#3469=CARTESIAN_POINT('',(1.265E1,-2.625E1,0.E0));
#3470=DIRECTION('',(7.071067811865E-1,7.071067811866E-1,0.E0));
#3471=DIRECTION('',(-7.071067811866E-1,7.071067811865E-1,0.E0));
#3472=AXIS2_PLACEMENT_3D('',#3469,#3470,#3471);
#3473=PLANE('',#3472);
#3475=ORIENTED_EDGE('',*,*,#3474,.F.);
#3477=ORIENTED_EDGE('',*,*,#3476,.F.);
#3478=ORIENTED_EDGE('',*,*,#2833,.T.);
#3480=ORIENTED_EDGE('',*,*,#3479,.T.);
#3481=EDGE_LOOP('',(#3475,#3477,#3478,#3480));
#3482=FACE_OUTER_BOUND('',#3481,.F.);
#3483=ADVANCED_FACE('',(#3482),#3473,.T.);
#3484=CARTESIAN_POINT('',(0.E0,0.E0,-7.E0));
#3485=DIRECTION('',(0.E0,0.E0,1.E0));
#3486=DIRECTION('',(1.E0,0.E0,0.E0));
#3487=AXIS2_PLACEMENT_3D('',#3484,#3485,#3486);
#3488=PLANE('',#3487);
#3490=ORIENTED_EDGE('',*,*,#3489,.T.);
#3492=ORIENTED_EDGE('',*,*,#3491,.T.);
#3493=ORIENTED_EDGE('',*,*,#3474,.T.);
#3495=ORIENTED_EDGE('',*,*,#3494,.T.);
#3497=ORIENTED_EDGE('',*,*,#3496,.T.);
#3499=ORIENTED_EDGE('',*,*,#3498,.T.);
#3501=ORIENTED_EDGE('',*,*,#3500,.T.);
#3503=ORIENTED_EDGE('',*,*,#3502,.T.);
#3505=ORIENTED_EDGE('',*,*,#3504,.T.);
#3507=ORIENTED_EDGE('',*,*,#3506,.T.);
#3509=ORIENTED_EDGE('',*,*,#3508,.T.);
#3511=ORIENTED_EDGE('',*,*,#3510,.T.);
#3513=ORIENTED_EDGE('',*,*,#3512,.T.);
#3515=ORIENTED_EDGE('',*,*,#3514,.T.);
#3517=ORIENTED_EDGE('',*,*,#3516,.T.);
#3519=ORIENTED_EDGE('',*,*,#3518,.T.);
#3521=ORIENTED_EDGE('',*,*,#3520,.T.);
#3523=ORIENTED_EDGE('',*,*,#3522,.T.);
#3525=ORIENTED_EDGE('',*,*,#3524,.T.);
#3527=ORIENTED_EDGE('',*,*,#3526,.T.);
#3529=ORIENTED_EDGE('',*,*,#3528,.F.);
#3531=ORIENTED_EDGE('',*,*,#3530,.T.);
#3533=ORIENTED_EDGE('',*,*,#3532,.F.);
#3535=ORIENTED_EDGE('',*,*,#3534,.T.);
#3537=ORIENTED_EDGE('',*,*,#3536,.T.);
#3539=ORIENTED_EDGE('',*,*,#3538,.T.);
#3541=ORIENTED_EDGE('',*,*,#3540,.T.);
#3543=ORIENTED_EDGE('',*,*,#3542,.T.);
#3545=ORIENTED_EDGE('',*,*,#3544,.T.);
#3547=ORIENTED_EDGE('',*,*,#3546,.T.);
#3549=ORIENTED_EDGE('',*,*,#3548,.T.);
#3551=ORIENTED_EDGE('',*,*,#3550,.T.);
#3553=ORIENTED_EDGE('',*,*,#3552,.T.);
#3555=ORIENTED_EDGE('',*,*,#3554,.T.);
#3557=ORIENTED_EDGE('',*,*,#3556,.T.);
#3559=ORIENTED_EDGE('',*,*,#3558,.T.);
#3561=ORIENTED_EDGE('',*,*,#3560,.T.);
#3563=ORIENTED_EDGE('',*,*,#3562,.T.);
#3565=ORIENTED_EDGE('',*,*,#3564,.T.);
#3567=ORIENTED_EDGE('',*,*,#3566,.T.);
#3569=ORIENTED_EDGE('',*,*,#3568,.T.);
#3571=ORIENTED_EDGE('',*,*,#3570,.T.);
#3573=ORIENTED_EDGE('',*,*,#3572,.T.);
#3575=ORIENTED_EDGE('',*,*,#3574,.F.);
#3577=ORIENTED_EDGE('',*,*,#3576,.F.);
#3579=ORIENTED_EDGE('',*,*,#3578,.F.);
#3580=EDGE_LOOP('',(#3490,#3492,#3493,#3495,#3497,#3499,#3501,#3503,#3505,#3507,
#3509,#3511,#3513,#3515,#3517,#3519,#3521,#3523,#3525,#3527,#3529,#3531,#3533,
#3535,#3537,#3539,#3541,#3543,#3545,#3547,#3549,#3551,#3553,#3555,#3557,#3559,
#3561,#3563,#3565,#3567,#3569,#3571,#3573,#3575,#3577,#3579));
#3581=FACE_OUTER_BOUND('',#3580,.F.);
#3582=ADVANCED_FACE('',(#3581),#3488,.T.);
#3583=CARTESIAN_POINT('',(1.525E1,-2.625E1,0.E0));
#3584=DIRECTION('',(7.071067811865E-1,7.071067811866E-1,0.E0));
#3585=DIRECTION('',(-7.071067811866E-1,7.071067811865E-1,0.E0));
#3586=AXIS2_PLACEMENT_3D('',#3583,#3584,#3585);
#3587=PLANE('',#3586);
#3588=ORIENTED_EDGE('',*,*,#3489,.F.);
#3590=ORIENTED_EDGE('',*,*,#3589,.T.);
#3591=ORIENTED_EDGE('',*,*,#2837,.T.);
#3593=ORIENTED_EDGE('',*,*,#3592,.T.);
#3594=EDGE_LOOP('',(#3588,#3590,#3591,#3593));
#3595=FACE_OUTER_BOUND('',#3594,.F.);
#3596=ADVANCED_FACE('',(#3595),#3587,.T.);
#3597=CARTESIAN_POINT('',(-1.625E1,-2.625E1,0.E0));
#3598=DIRECTION('',(0.E0,-1.E0,0.E0));
#3599=DIRECTION('',(1.E0,0.E0,0.E0));
#3600=AXIS2_PLACEMENT_3D('',#3597,#3598,#3599);
#3601=PLANE('',#3600);
#3602=ORIENTED_EDGE('',*,*,#3589,.F.);
#3603=ORIENTED_EDGE('',*,*,#3578,.T.);
#3605=ORIENTED_EDGE('',*,*,#3604,.T.);
#3606=ORIENTED_EDGE('',*,*,#2839,.T.);
#3607=EDGE_LOOP('',(#3602,#3603,#3605,#3606));
#3608=FACE_OUTER_BOUND('',#3607,.F.);
#3609=ADVANCED_FACE('',(#3608),#3601,.F.);
#3610=CARTESIAN_POINT('',(-1.625E1,-2.625E1,0.E0));
#3611=DIRECTION('',(0.E0,-1.E0,0.E0));
#3612=DIRECTION('',(1.E0,0.E0,0.E0));
#3613=AXIS2_PLACEMENT_3D('',#3610,#3611,#3612);
#3614=PLANE('',#3613);
#3615=ORIENTED_EDGE('',*,*,#2847,.T.);
#3617=ORIENTED_EDGE('',*,*,#3616,.F.);
#3618=ORIENTED_EDGE('',*,*,#3528,.T.);
#3620=ORIENTED_EDGE('',*,*,#3619,.T.);
#3621=EDGE_LOOP('',(#3615,#3617,#3618,#3620));
#3622=FACE_OUTER_BOUND('',#3621,.F.);
#3623=ADVANCED_FACE('',(#3622),#3614,.F.);
#3624=CARTESIAN_POINT('',(1.625E1,-1.25E1,0.E0));
#3625=DIRECTION('',(1.E0,0.E0,0.E0));
#3626=DIRECTION('',(0.E0,1.E0,0.E0));
#3627=AXIS2_PLACEMENT_3D('',#3624,#3625,#3626);
#3628=PLANE('',#3627);
#3629=ORIENTED_EDGE('',*,*,#3576,.T.);
#3631=ORIENTED_EDGE('',*,*,#3630,.T.);
#3632=ORIENTED_EDGE('',*,*,#2978,.T.);
#3634=ORIENTED_EDGE('',*,*,#3633,.F.);
#3636=ORIENTED_EDGE('',*,*,#3635,.T.);
#3638=ORIENTED_EDGE('',*,*,#3637,.T.);
#3639=ORIENTED_EDGE('',*,*,#2958,.T.);
#3641=ORIENTED_EDGE('',*,*,#3640,.T.);
#3643=ORIENTED_EDGE('',*,*,#3642,.F.);
#3645=ORIENTED_EDGE('',*,*,#3644,.F.);
#3646=ORIENTED_EDGE('',*,*,#2841,.T.);
#3647=ORIENTED_EDGE('',*,*,#3604,.F.);
#3648=EDGE_LOOP('',(#3629,#3631,#3632,#3634,#3636,#3638,#3639,#3641,#3643,#3645,
#3646,#3647));
#3649=FACE_OUTER_BOUND('',#3648,.F.);
#3651=ORIENTED_EDGE('',*,*,#3650,.T.);
#3653=ORIENTED_EDGE('',*,*,#3652,.T.);
#3654=EDGE_LOOP('',(#3651,#3653));
#3655=FACE_BOUND('',#3654,.F.);
#3657=ORIENTED_EDGE('',*,*,#3656,.T.);
#3659=ORIENTED_EDGE('',*,*,#3658,.T.);
#3660=EDGE_LOOP('',(#3657,#3659));
#3661=FACE_BOUND('',#3660,.F.);
#3662=ADVANCED_FACE('',(#3649,#3655,#3661),#3628,.T.);
#3663=CARTESIAN_POINT('',(-1.625E1,2.4E1,-4.5E0));
#3664=DIRECTION('',(1.E0,0.E0,0.E0));
#3665=DIRECTION('',(0.E0,1.E0,0.E0));
#3666=AXIS2_PLACEMENT_3D('',#3663,#3664,#3665);
#3667=CYLINDRICAL_SURFACE('',#3666,2.25E0);
#3669=ORIENTED_EDGE('',*,*,#3668,.T.);
#3671=ORIENTED_EDGE('',*,*,#3670,.T.);
#3672=ORIENTED_EDGE('',*,*,#3656,.F.);
#3674=ORIENTED_EDGE('',*,*,#3673,.F.);
#3675=EDGE_LOOP('',(#3669,#3671,#3672,#3674));
#3676=FACE_OUTER_BOUND('',#3675,.F.);
#3677=ADVANCED_FACE('',(#3676),#3667,.F.);
#3678=CARTESIAN_POINT('',(-1.625E1,1.25E1,0.E0));
#3679=DIRECTION('',(-1.E0,0.E0,0.E0));
#3680=DIRECTION('',(0.E0,-1.E0,0.E0));
#3681=AXIS2_PLACEMENT_3D('',#3678,#3679,#3680);
#3682=PLANE('',#3681);
#3683=ORIENTED_EDGE('',*,*,#3530,.F.);
#3684=ORIENTED_EDGE('',*,*,#3616,.T.);
#3685=ORIENTED_EDGE('',*,*,#2845,.T.);
#3687=ORIENTED_EDGE('',*,*,#3686,.T.);
#3689=ORIENTED_EDGE('',*,*,#3688,.F.);
#3691=ORIENTED_EDGE('',*,*,#3690,.F.);
#3692=ORIENTED_EDGE('',*,*,#2954,.T.);
#3694=ORIENTED_EDGE('',*,*,#3693,.F.);
#3696=ORIENTED_EDGE('',*,*,#3695,.T.);
#3698=ORIENTED_EDGE('',*,*,#3697,.T.);
#3699=ORIENTED_EDGE('',*,*,#2935,.T.);
#3701=ORIENTED_EDGE('',*,*,#3700,.T.);
#3702=EDGE_LOOP('',(#3683,#3684,#3685,#3687,#3689,#3691,#3692,#3694,#3696,#3698,
#3699,#3701));
#3703=FACE_OUTER_BOUND('',#3702,.F.);
#3705=ORIENTED_EDGE('',*,*,#3704,.F.);
#3707=ORIENTED_EDGE('',*,*,#3706,.F.);
#3708=EDGE_LOOP('',(#3705,#3707));
#3709=FACE_BOUND('',#3708,.F.);
#3710=ORIENTED_EDGE('',*,*,#3668,.F.);
#3712=ORIENTED_EDGE('',*,*,#3711,.F.);
#3713=EDGE_LOOP('',(#3710,#3712));
#3714=FACE_BOUND('',#3713,.F.);
#3715=ADVANCED_FACE('',(#3703,#3709,#3714),#3682,.T.);
#3716=CARTESIAN_POINT('',(-1.625E1,2.4E1,-4.5E0));
#3717=DIRECTION('',(1.E0,0.E0,0.E0));
#3718=DIRECTION('',(0.E0,1.E0,0.E0));
#3719=AXIS2_PLACEMENT_3D('',#3716,#3717,#3718);
#3720=CYLINDRICAL_SURFACE('',#3719,2.25E0);
#3721=ORIENTED_EDGE('',*,*,#3711,.T.);
#3722=ORIENTED_EDGE('',*,*,#3673,.T.);
#3723=ORIENTED_EDGE('',*,*,#3658,.F.);
#3724=ORIENTED_EDGE('',*,*,#3670,.F.);
#3725=EDGE_LOOP('',(#3721,#3722,#3723,#3724));
#3726=FACE_OUTER_BOUND('',#3725,.F.);
#3727=ADVANCED_FACE('',(#3726),#3720,.F.);
#3728=CARTESIAN_POINT('',(-1.625E1,2.842170943040E-14,-4.5E0));
#3729=DIRECTION('',(1.E0,0.E0,0.E0));
#3730=DIRECTION('',(0.E0,1.E0,0.E0));
#3731=AXIS2_PLACEMENT_3D('',#3728,#3729,#3730);
#3732=CYLINDRICAL_SURFACE('',#3731,2.25E0);
#3733=ORIENTED_EDGE('',*,*,#3704,.T.);
#3735=ORIENTED_EDGE('',*,*,#3734,.T.);
#3736=ORIENTED_EDGE('',*,*,#3650,.F.);
#3738=ORIENTED_EDGE('',*,*,#3737,.F.);
#3739=EDGE_LOOP('',(#3733,#3735,#3736,#3738));
#3740=FACE_OUTER_BOUND('',#3739,.F.);
#3741=ADVANCED_FACE('',(#3740),#3732,.F.);
#3742=CARTESIAN_POINT('',(-1.625E1,2.842170943040E-14,-4.5E0));
#3743=DIRECTION('',(1.E0,0.E0,0.E0));
#3744=DIRECTION('',(0.E0,1.E0,0.E0));
#3745=AXIS2_PLACEMENT_3D('',#3742,#3743,#3744);
#3746=CYLINDRICAL_SURFACE('',#3745,2.25E0);
#3747=ORIENTED_EDGE('',*,*,#3706,.T.);
#3748=ORIENTED_EDGE('',*,*,#3737,.T.);
#3749=ORIENTED_EDGE('',*,*,#3652,.F.);
#3750=ORIENTED_EDGE('',*,*,#3734,.F.);
#3751=EDGE_LOOP('',(#3747,#3748,#3749,#3750));
#3752=FACE_OUTER_BOUND('',#3751,.F.);
#3753=ADVANCED_FACE('',(#3752),#3746,.F.);
#3754=CARTESIAN_POINT('',(-1.625E1,-3.E1,0.E0));
#3755=DIRECTION('',(0.E0,-1.E0,0.E0));
#3756=DIRECTION('',(1.E0,0.E0,0.E0));
#3757=AXIS2_PLACEMENT_3D('',#3754,#3755,#3756);
#3758=PLANE('',#3757);
#3759=ORIENTED_EDGE('',*,*,#2843,.T.);
#3760=ORIENTED_EDGE('',*,*,#3644,.T.);
#3762=ORIENTED_EDGE('',*,*,#3761,.F.);
#3763=ORIENTED_EDGE('',*,*,#3686,.F.);
#3764=EDGE_LOOP('',(#3759,#3760,#3762,#3763));
#3765=FACE_OUTER_BOUND('',#3764,.F.);
#3766=ADVANCED_FACE('',(#3765),#3758,.T.);
#3767=CARTESIAN_POINT('',(0.E0,0.E0,-9.E0));
#3768=DIRECTION('',(0.E0,0.E0,1.E0));
#3769=DIRECTION('',(1.E0,0.E0,0.E0));
#3770=AXIS2_PLACEMENT_3D('',#3767,#3768,#3769);
#3771=PLANE('',#3770);
#3772=ORIENTED_EDGE('',*,*,#3642,.T.);
#3774=ORIENTED_EDGE('',*,*,#3773,.T.);
#3775=ORIENTED_EDGE('',*,*,#3688,.T.);
#3776=ORIENTED_EDGE('',*,*,#3761,.T.);
#3777=EDGE_LOOP('',(#3772,#3774,#3775,#3776));
#3778=FACE_OUTER_BOUND('',#3777,.F.);
#3779=ADVANCED_FACE('',(#3778),#3771,.F.);
#3780=CARTESIAN_POINT('',(1.625E1,3.E1,0.E0));
#3781=DIRECTION('',(0.E0,1.E0,0.E0));
#3782=DIRECTION('',(-1.E0,0.E0,0.E0));
#3783=AXIS2_PLACEMENT_3D('',#3780,#3781,#3782);
#3784=PLANE('',#3783);
#3785=ORIENTED_EDGE('',*,*,#2956,.T.);
#3786=ORIENTED_EDGE('',*,*,#3690,.T.);
#3787=ORIENTED_EDGE('',*,*,#3773,.F.);
#3788=ORIENTED_EDGE('',*,*,#3640,.F.);
#3789=EDGE_LOOP('',(#3785,#3786,#3787,#3788));
#3790=FACE_OUTER_BOUND('',#3789,.F.);
#3791=ADVANCED_FACE('',(#3790),#3784,.T.);
#3792=CARTESIAN_POINT('',(-1.605E1,1.23E1,1.61252E1));
#3793=DIRECTION('',(0.E0,0.E0,-1.E0));
#3794=DIRECTION('',(-1.E0,0.E0,0.E0));
#3795=AXIS2_PLACEMENT_3D('',#3792,#3793,#3794);
#3796=CYLINDRICAL_SURFACE('',#3795,2.E-1);
#3797=ORIENTED_EDGE('',*,*,#2952,.T.);
#3799=ORIENTED_EDGE('',*,*,#3798,.F.);
#3801=ORIENTED_EDGE('',*,*,#3800,.T.);
#3802=ORIENTED_EDGE('',*,*,#3693,.T.);
#3803=EDGE_LOOP('',(#3797,#3799,#3801,#3802));
#3804=FACE_OUTER_BOUND('',#3803,.F.);
#3805=ADVANCED_FACE('',(#3804),#3796,.T.);
#3806=CARTESIAN_POINT('',(-1.425E1,1.25E1,0.E0));
#3807=DIRECTION('',(0.E0,1.E0,0.E0));
#3808=DIRECTION('',(-1.E0,0.E0,0.E0));
#3809=AXIS2_PLACEMENT_3D('',#3806,#3807,#3808);
#3810=PLANE('',#3809);
#3811=ORIENTED_EDGE('',*,*,#2950,.F.);
#3813=ORIENTED_EDGE('',*,*,#3812,.F.);
#3815=ORIENTED_EDGE('',*,*,#3814,.F.);
#3816=ORIENTED_EDGE('',*,*,#3798,.T.);
#3817=EDGE_LOOP('',(#3811,#3813,#3815,#3816));
#3818=FACE_OUTER_BOUND('',#3817,.F.);
#3819=ADVANCED_FACE('',(#3818),#3810,.T.);
#3820=CARTESIAN_POINT('',(-1.487132034356E1,1.1E1,1.61252E1));
#3821=DIRECTION('',(0.E0,0.E0,-1.E0));
#3822=DIRECTION('',(0.E0,1.E0,0.E0));
#3823=AXIS2_PLACEMENT_3D('',#3820,#3821,#3822);
#3824=CYLINDRICAL_SURFACE('',#3823,1.5E0);
#3825=ORIENTED_EDGE('',*,*,#2948,.T.);
#3827=ORIENTED_EDGE('',*,*,#3826,.T.);
#3829=ORIENTED_EDGE('',*,*,#3828,.T.);
#3831=ORIENTED_EDGE('',*,*,#3830,.T.);
#3833=ORIENTED_EDGE('',*,*,#3832,.T.);
#3835=ORIENTED_EDGE('',*,*,#3834,.F.);
#3837=ORIENTED_EDGE('',*,*,#3836,.T.);
#3838=ORIENTED_EDGE('',*,*,#3812,.T.);
#3839=EDGE_LOOP('',(#3825,#3827,#3829,#3831,#3833,#3835,#3837,#3838));
#3840=FACE_OUTER_BOUND('',#3839,.F.);
#3841=ADVANCED_FACE('',(#3840),#3824,.T.);
#3842=CARTESIAN_POINT('',(-1.445E1,1.23E1,1.61252E1));
#3843=DIRECTION('',(0.E0,0.E0,-1.E0));
#3844=DIRECTION('',(0.E0,1.E0,0.E0));
#3845=AXIS2_PLACEMENT_3D('',#3842,#3843,#3844);
#3846=CYLINDRICAL_SURFACE('',#3845,2.E-1);
#3847=ORIENTED_EDGE('',*,*,#2946,.T.);
#3849=ORIENTED_EDGE('',*,*,#3848,.F.);
#3851=ORIENTED_EDGE('',*,*,#3850,.T.);
#3852=ORIENTED_EDGE('',*,*,#3826,.F.);
#3853=EDGE_LOOP('',(#3847,#3849,#3851,#3852));
#3854=FACE_OUTER_BOUND('',#3853,.F.);
#3855=ADVANCED_FACE('',(#3854),#3846,.T.);
#3856=CARTESIAN_POINT('',(-1.425E1,-1.25E1,0.E0));
#3857=DIRECTION('',(1.E0,0.E0,0.E0));
#3858=DIRECTION('',(0.E0,1.E0,0.E0));
#3859=AXIS2_PLACEMENT_3D('',#3856,#3857,#3858);
#3860=PLANE('',#3859);
#3861=ORIENTED_EDGE('',*,*,#2944,.F.);
#3863=ORIENTED_EDGE('',*,*,#3862,.F.);
#3865=ORIENTED_EDGE('',*,*,#3864,.T.);
#3866=ORIENTED_EDGE('',*,*,#3848,.T.);
#3867=EDGE_LOOP('',(#3861,#3863,#3865,#3866));
#3868=FACE_OUTER_BOUND('',#3867,.F.);
#3869=ADVANCED_FACE('',(#3868),#3860,.T.);
#3870=CARTESIAN_POINT('',(-1.445E1,-1.23E1,1.61252E1));
#3871=DIRECTION('',(0.E0,0.E0,-1.E0));
#3872=DIRECTION('',(1.E0,0.E0,0.E0));
#3873=AXIS2_PLACEMENT_3D('',#3870,#3871,#3872);
#3874=CYLINDRICAL_SURFACE('',#3873,2.E-1);
#3875=ORIENTED_EDGE('',*,*,#2942,.T.);
#3877=ORIENTED_EDGE('',*,*,#3876,.F.);
#3879=ORIENTED_EDGE('',*,*,#3878,.T.);
#3880=ORIENTED_EDGE('',*,*,#3862,.T.);
#3881=EDGE_LOOP('',(#3875,#3877,#3879,#3880));
#3882=FACE_OUTER_BOUND('',#3881,.F.);
#3883=ADVANCED_FACE('',(#3882),#3874,.T.);
#3884=CARTESIAN_POINT('',(-1.487132034356E1,-1.1E1,-9.1252E0));
#3885=DIRECTION('',(0.E0,0.E0,1.E0));
#3886=DIRECTION('',(0.E0,-1.E0,0.E0));
#3887=AXIS2_PLACEMENT_3D('',#3884,#3885,#3886);
#3888=CYLINDRICAL_SURFACE('',#3887,1.5E0);
#3889=ORIENTED_EDGE('',*,*,#2940,.F.);
#3890=ORIENTED_EDGE('',*,*,#2823,.T.);
#3892=ORIENTED_EDGE('',*,*,#3891,.T.);
#3894=ORIENTED_EDGE('',*,*,#3893,.F.);
#3896=ORIENTED_EDGE('',*,*,#3895,.T.);
#3898=ORIENTED_EDGE('',*,*,#3897,.T.);
#3900=ORIENTED_EDGE('',*,*,#3899,.T.);
#3901=ORIENTED_EDGE('',*,*,#3876,.T.);
#3902=EDGE_LOOP('',(#3889,#3890,#3892,#3894,#3896,#3898,#3900,#3901));
#3903=FACE_OUTER_BOUND('',#3902,.F.);
#3904=ADVANCED_FACE('',(#3903),#3888,.T.);
#3905=CARTESIAN_POINT('',(-1.379709868731E1,-1.204643004982E1,
6.417210923919E0));
#3906=CARTESIAN_POINT('',(-1.380006256039E1,-1.204947267380E1,
6.414630773433E0));
#3907=CARTESIAN_POINT('',(-1.384060683406E1,-1.209074168807E1,
6.379336384639E0));
#3908=CARTESIAN_POINT('',(-1.392293997147E1,-1.216527539843E1,
6.307685432791E0));
#3909=CARTESIAN_POINT('',(-1.405161944814E1,-1.225920027393E1,
6.195764937992E0));
#3910=CARTESIAN_POINT('',(-1.419158782426E1,-1.234010480077E1,
6.074095760678E0));
#3911=CARTESIAN_POINT('',(-1.434258636195E1,-1.240665301182E1,
5.942915398033E0));
#3912=CARTESIAN_POINT('',(-1.450487144099E1,-1.245761363868E1,
5.802013197067E0));
#3913=CARTESIAN_POINT('',(-1.467923180525E1,-1.249103550058E1,
5.650718660724E0));
#3914=CARTESIAN_POINT('',(-1.480400570926E1,-1.249953350939E1,
5.542520120084E0));
#3915=CARTESIAN_POINT('',(-1.487032109905E1,-1.249966929415E1,
5.485033958887E0));
#3916=CARTESIAN_POINT('',(-1.487406255530E1,-1.249966305619E1,
5.481790700505E0));
#3917=CARTESIAN_POINT('',(-1.382674245171E1,-1.208364693742E1,
6.484710735161E0));
#3918=CARTESIAN_POINT('',(-1.382987634595E1,-1.208667071657E1,
6.482066283344E0));
#3919=CARTESIAN_POINT('',(-1.387273163460E1,-1.212766194501E1,
6.445899907237E0));
#3920=CARTESIAN_POINT('',(-1.395935952251E1,-1.220111125370E1,
6.372677129275E0));
#3921=CARTESIAN_POINT('',(-1.409366467564E1,-1.229225366936E1,
6.258803966065E0));
#3922=CARTESIAN_POINT('',(-1.423864868489E1,-1.236927698887E1,
6.135486083297E0));
#3923=CARTESIAN_POINT('',(-1.439392567909E1,-1.243096930425E1,
6.002979638738E0));
#3924=CARTESIAN_POINT('',(-1.455964847019E1,-1.247620417581E1,
5.861084745950E0));
#3925=CARTESIAN_POINT('',(-1.473647427825E1,-1.250310222125E1,
5.709156086931E0));
#3926=CARTESIAN_POINT('',(-1.486211496850E1,-1.250677335124E1,
5.600805494341E0));
#3927=CARTESIAN_POINT('',(-1.492863545818E1,-1.250433077316E1,
5.543324700158E0));
#3928=CARTESIAN_POINT('',(-1.493238767886E1,-1.250417903068E1,
5.540082027961E0));
#3929=CARTESIAN_POINT('',(-1.388497012749E1,-1.208397556834E1,
6.543272691901E0));
#3930=CARTESIAN_POINT('',(-1.388816072110E1,-1.208689063128E1,
6.540572453087E0));
#3931=CARTESIAN_POINT('',(-1.393177886396E1,-1.212638812716E1,
6.503649552150E0));
#3932=CARTESIAN_POINT('',(-1.401961214688E1,-1.219663671337E1,
6.429063078331E0));
#3933=CARTESIAN_POINT('',(-1.415486327392E1,-1.228252350029E1,
6.313495805449E0));
#3934=CARTESIAN_POINT('',(-1.429992367555E1,-1.235373841202E1,
6.188747527312E0));
#3935=CARTESIAN_POINT('',(-1.445430560516E1,-1.240921721753E1,
6.055090591363E0));
#3936=CARTESIAN_POINT('',(-1.461806468833E1,-1.244796137380E1,
5.912334452083E0));
#3937=CARTESIAN_POINT('',(-1.479172065230E1,-1.246821275907E1,
5.759855636494E0));
#3938=CARTESIAN_POINT('',(-1.491431827357E1,-1.246745927842E1,
5.651373125613E0));
#3939=CARTESIAN_POINT('',(-1.497900080835E1,-1.246278701868E1,
5.593896987782E0));
#3940=CARTESIAN_POINT('',(-1.498264863654E1,-1.246250987115E1,
5.590654824152E0));
#3941=CARTESIAN_POINT('',(-1.395250642876E1,-1.204730715488E1,
6.573510850222E0));
#3942=CARTESIAN_POINT('',(-1.395562163060E1,-1.205005961888E1,
6.570781806086E0));
#3943=CARTESIAN_POINT('',(-1.399820193694E1,-1.208734191034E1,
6.533468277531E0));
#3944=CARTESIAN_POINT('',(-1.408375223377E1,-1.215333299822E1,
6.458177666530E0));
#3945=CARTESIAN_POINT('',(-1.421495648355E1,-1.223323077440E1,
6.341735649030E0));
#3946=CARTESIAN_POINT('',(-1.435512874840E1,-1.229863285291E1,
6.216248793768E0));
#3947=CARTESIAN_POINT('',(-1.450373838828E1,-1.234859741156E1,
6.081997807642E0));
#3948=CARTESIAN_POINT('',(-1.466078239581E1,-1.238223453391E1,
5.938796968266E0));
#3949=CARTESIAN_POINT('',(-1.482668255097E1,-1.239791667958E1,
5.786034082225E0));
#3950=CARTESIAN_POINT('',(-1.494333460450E1,-1.239460554889E1,
5.677483456029E0));
#3951=CARTESIAN_POINT('',(-1.500474455341E1,-1.238879038701E1,
5.620009722481E0));
#3952=CARTESIAN_POINT('',(-1.500820738955E1,-1.238844944711E1,
5.616767821446E0));
#3953=(BOUNDED_SURFACE()B_SPLINE_SURFACE(3,3,((#3905,#3906,#3907,#3908,#3909,
#3910,#3911,#3912,#3913,#3914,#3915,#3916),(#3917,#3918,#3919,#3920,#3921,#3922,
#3923,#3924,#3925,#3926,#3927,#3928),(#3929,#3930,#3931,#3932,#3933,#3934,#3935,
#3936,#3937,#3938,#3939,#3940),(#3941,#3942,#3943,#3944,#3945,#3946,#3947,#3948,
#3949,#3950,#3951,#3952)),.UNSPECIFIED.,.F.,.F.,.F.)B_SPLINE_SURFACE_WITH_KNOTS(
(4,4),(4,1,1,1,1,1,1,1,1,4),(0.E0,1.E0),(-9.955515821468E-3,0.E0,
1.257998552211E-1,2.545035122096E-1,3.901686960263E-1,5.316162876649E-1,
6.776084829700E-1,8.337470386677E-1,1.E0,1.009939301975E0),.UNSPECIFIED.)GEOMETRIC_REPRESENTATION_ITEM()RATIONAL_B_SPLINE_SURFACE(((1.090225142045E0,
1.090225142045E0,1.090225142045E0,1.090225142045E0,1.090225142045E0,
1.090225142045E0,1.090225142045E0,1.090225142045E0,1.090225142045E0,
1.090225142045E0,1.090225142045E0,1.090225142045E0),(9.699249526516E-1,
9.699249526516E-1,9.699249526516E-1,9.699249526516E-1,9.699249526516E-1,
9.699249526516E-1,9.699249526516E-1,9.699249526516E-1,9.699249526516E-1,
9.699249526516E-1,9.699249526516E-1,9.699249526516E-1),(9.699249526516E-1,
9.699249526516E-1,9.699249526516E-1,9.699249526516E-1,9.699249526516E-1,
9.699249526516E-1,9.699249526516E-1,9.699249526516E-1,9.699249526516E-1,
9.699249526516E-1,9.699249526516E-1,9.699249526516E-1),(1.090225142045E0,
1.090225142045E0,1.090225142045E0,1.090225142045E0,1.090225142045E0,
1.090225142045E0,1.090225142045E0,1.090225142045E0,1.090225142045E0,
1.090225142045E0,1.090225142045E0,1.090225142045E0)))REPRESENTATION_ITEM('')SURFACE());
#3955=ORIENTED_EDGE('',*,*,#3954,.F.);
#3956=ORIENTED_EDGE('',*,*,#3891,.F.);
#3957=ORIENTED_EDGE('',*,*,#2808,.F.);
#3958=EDGE_LOOP('',(#3955,#3956,#3957));
#3959=FACE_OUTER_BOUND('',#3958,.F.);
#3960=ADVANCED_FACE('',(#3959),#3953,.T.);
#3961=CARTESIAN_POINT('',(-1.288199329556E1,-1.113148429069E1,
6.787970473788E0));
#3962=CARTESIAN_POINT('',(-1.293450069405E1,-1.118399168918E1,
6.788363144576E0));
#3963=CARTESIAN_POINT('',(-1.303883102262E1,-1.128832201775E1,
6.782801401507E0));
#3964=CARTESIAN_POINT('',(-1.319081549101E1,-1.144030648613E1,
6.756043747874E0));
#3965=CARTESIAN_POINT('',(-1.333232105376E1,-1.158181204889E1,
6.713485194823E0));
#3966=CARTESIAN_POINT('',(-1.346210398581E1,-1.171159498094E1,
6.658162445812E0));
#3967=CARTESIAN_POINT('',(-1.358308198415E1,-1.183257297927E1,
6.590704914452E0));
#3968=CARTESIAN_POINT('',(-1.369829457906E1,-1.194778557419E1,
6.509143826757E0));
#3969=CARTESIAN_POINT('',(-1.377386123399E1,-1.202335222911E1,
6.441904540733E0));
#3970=CARTESIAN_POINT('',(-1.381126905468E1,-1.206076004981E1,
6.404173081907E0));
#3971=CARTESIAN_POINT('',(-1.381388106384E1,-1.206337205897E1,
6.401515541391E0));
#3972=CARTESIAN_POINT('',(-1.287605884613E1,-1.113645799694E1,
6.916363076102E0));
#3973=CARTESIAN_POINT('',(-1.293117131184E1,-1.119157046266E1,
6.916775289930E0));
#3974=CARTESIAN_POINT('',(-1.304067424922E1,-1.130107340003E1,
6.910939238531E0));
#3975=CARTESIAN_POINT('',(-1.320035241241E1,-1.146075156322E1,
6.882834672632E0));
#3976=CARTESIAN_POINT('',(-1.334932407421E1,-1.160972322502E1,
6.838042485681E0));
#3977=CARTESIAN_POINT('',(-1.348635847912E1,-1.174675762993E1,
6.779642963908E0));
#3978=CARTESIAN_POINT('',(-1.361458665840E1,-1.187498580922E1,
6.708161791342E0));
#3979=CARTESIAN_POINT('',(-1.373732023871E1,-1.199771938953E1,
6.621305359561E0));
#3980=CARTESIAN_POINT('',(-1.381834986021E1,-1.207874901102E1,
6.549235087189E0));
#3981=CARTESIAN_POINT('',(-1.385863470919E1,-1.211903386E1,6.508602006736E0));
#3982=CARTESIAN_POINT('',(-1.386144849867E1,-1.212184764948E1,
6.505739204718E0));
#3983=CARTESIAN_POINT('',(-1.294003150323E1,-1.107180476714E1,
7.007314021908E0));
#3984=CARTESIAN_POINT('',(-1.299698935040E1,-1.112876261431E1,
7.007740079664E0));
#3985=CARTESIAN_POINT('',(-1.311015646822E1,-1.124192973213E1,
7.001709713316E0));
#3986=CARTESIAN_POINT('',(-1.327528470258E1,-1.140705796649E1,
6.972651019669E0));
#3987=CARTESIAN_POINT('',(-1.342954521091E1,-1.156131847482E1,
6.926276567758E0));
#3988=CARTESIAN_POINT('',(-1.357171642513E1,-1.170348968904E1,
6.865697517041E0));
#3989=CARTESIAN_POINT('',(-1.370508049856E1,-1.183685376247E1,
6.791366071433E0));
#3990=CARTESIAN_POINT('',(-1.383314180588E1,-1.196491506979E1,
6.700758515800E0));
#3991=CARTESIAN_POINT('',(-1.391804129190E1,-1.204981455581E1,
6.625266062013E0));
#3992=CARTESIAN_POINT('',(-1.396036417453E1,-1.209213743844E1,
6.582577526444E0));
#3993=CARTESIAN_POINT('',(-1.396332090145E1,-1.209509416536E1,
6.579569320972E0));
#3994=CARTESIAN_POINT('',(-1.303084890949E1,-1.098104507726E1,
6.999600871669E0));
#3995=CARTESIAN_POINT('',(-1.308765025797E1,-1.103784642573E1,
7.000025755382E0));
#3996=CARTESIAN_POINT('',(-1.320050663274E1,-1.115070280050E1,
6.994011868032E0));
#3997=CARTESIAN_POINT('',(-1.336517267050E1,-1.131536883827E1,
6.965034089769E0));
#3998=CARTESIAN_POINT('',(-1.351898465499E1,-1.146918082275E1,
6.918793822799E0));
#3999=CARTESIAN_POINT('',(-1.366072023897E1,-1.161091640674E1,
6.858399608359E0));
#4000=CARTESIAN_POINT('',(-1.379364875978E1,-1.174384492754E1,
6.784309881888E0));
#4001=CARTESIAN_POINT('',(-1.392125824597E1,-1.187145441374E1,
6.694020442594E0));
#4002=CARTESIAN_POINT('',(-1.400582954577E1,-1.195602571354E1,
6.618818208981E0));
#4003=CARTESIAN_POINT('',(-1.404797959172E1,-1.199817575948E1,
6.576303987533E0));
#4004=CARTESIAN_POINT('',(-1.405092419675E1,-1.200112036451E1,
6.573308113090E0));
#4005=(BOUNDED_SURFACE()B_SPLINE_SURFACE(3,3,((#3961,#3962,#3963,#3964,#3965,
#3966,#3967,#3968,#3969,#3970,#3971),(#3972,#3973,#3974,#3975,#3976,#3977,#3978,
#3979,#3980,#3981,#3982),(#3983,#3984,#3985,#3986,#3987,#3988,#3989,#3990,#3991,
#3992,#3993),(#3994,#3995,#3996,#3997,#3998,#3999,#4000,#4001,#4002,#4003,
#4004)),.UNSPECIFIED.,.F.,.F.,.F.)B_SPLINE_SURFACE_WITH_KNOTS((4,4),(4,1,1,1,1,
1,1,1,4),(0.E0,1.E0),(3.641306985162E-3,1.637560661932E-1,3.215717468477E-1,
4.703612484589E-1,6.050112264358E-1,7.356257904992E-1,8.682244432286E-1,1.E0,
1.009925116958E0),.UNSPECIFIED.)GEOMETRIC_REPRESENTATION_ITEM()RATIONAL_B_SPLINE_SURFACE(((1.202333821349E0,1.202333821349E0,1.202333821349E0,1.202333821349E0,
1.202333821349E0,1.202333821349E0,1.202333821349E0,1.202333821349E0,
1.202333821349E0,1.202333821349E0,1.202333821349E0),(9.325553928837E-1,
9.325553928837E-1,9.325553928837E-1,9.325553928837E-1,9.325553928837E-1,
9.325553928837E-1,9.325553928837E-1,9.325553928837E-1,9.325553928837E-1,
9.325553928837E-1,9.325553928837E-1),(9.325553928837E-1,9.325553928837E-1,
9.325553928837E-1,9.325553928837E-1,9.325553928837E-1,9.325553928837E-1,
9.325553928837E-1,9.325553928837E-1,9.325553928837E-1,9.325553928837E-1,
9.325553928837E-1),(1.202333821349E0,1.202333821349E0,1.202333821349E0,
1.202333821349E0,1.202333821349E0,1.202333821349E0,1.202333821349E0,
1.202333821349E0,1.202333821349E0,1.202333821349E0,1.202333821349E0)))REPRESENTATION_ITEM('')SURFACE());
#4007=ORIENTED_EDGE('',*,*,#4006,.F.);
#4009=ORIENTED_EDGE('',*,*,#4008,.T.);
#4010=ORIENTED_EDGE('',*,*,#3954,.T.);
#4011=ORIENTED_EDGE('',*,*,#2806,.F.);
#4012=EDGE_LOOP('',(#4007,#4009,#4010,#4011));
#4013=FACE_OUTER_BOUND('',#4012,.F.);
#4014=ADVANCED_FACE('',(#4013),#4005,.T.);
#4015=CARTESIAN_POINT('',(-5.8617E1,-5.658415728753E1,6.8E0));
#4016=DIRECTION('',(7.071067811865E-1,7.071067811865E-1,0.E0));
#4017=DIRECTION('',(0.E0,0.E0,1.E0));
#4018=AXIS2_PLACEMENT_3D('',#4015,#4016,#4017);
#4019=CYLINDRICAL_SURFACE('',#4018,2.E-1);
#4020=ORIENTED_EDGE('',*,*,#4006,.T.);
#4021=ORIENTED_EDGE('',*,*,#2767,.T.);
#4023=ORIENTED_EDGE('',*,*,#4022,.T.);
#4025=ORIENTED_EDGE('',*,*,#4024,.F.);
#4026=EDGE_LOOP('',(#4020,#4021,#4023,#4025));
#4027=FACE_OUTER_BOUND('',#4026,.F.);
#4028=ADVANCED_FACE('',(#4027),#4019,.T.);
#4029=CARTESIAN_POINT('',(-1.325E1,-8.671572875254E0,6.8E0));
#4030=DIRECTION('',(0.E0,0.E0,-1.E0));
#4031=DIRECTION('',(6.993418824312E-1,-7.147873330422E-1,0.E0));
#4032=AXIS2_PLACEMENT_3D('',#4029,#4030,#4031);
#4033=TOROIDAL_SURFACE('',#4032,1.8E0,2.E-1);
#4034=ORIENTED_EDGE('',*,*,#2765,.T.);
#4036=ORIENTED_EDGE('',*,*,#4035,.T.);
#4038=ORIENTED_EDGE('',*,*,#4037,.F.);
#4039=ORIENTED_EDGE('',*,*,#4022,.F.);
#4040=EDGE_LOOP('',(#4034,#4036,#4038,#4039));
#4041=FACE_OUTER_BOUND('',#4040,.F.);
#4042=ADVANCED_FACE('',(#4041),#4033,.T.);
#4043=CARTESIAN_POINT('',(-1.145E1,-8.686949675254E0,6.8E0));
#4044=DIRECTION('',(0.E0,1.E0,0.E0));
#4045=DIRECTION('',(0.E0,0.E0,1.E0));
#4046=AXIS2_PLACEMENT_3D('',#4043,#4044,#4045);
#4047=CYLINDRICAL_SURFACE('',#4046,2.E-1);
#4048=ORIENTED_EDGE('',*,*,#2763,.T.);
#4050=ORIENTED_EDGE('',*,*,#4049,.T.);
#4052=ORIENTED_EDGE('',*,*,#4051,.F.);
#4053=ORIENTED_EDGE('',*,*,#4035,.F.);
#4054=EDGE_LOOP('',(#4048,#4050,#4052,#4053));
#4055=FACE_OUTER_BOUND('',#4054,.F.);
#4056=ADVANCED_FACE('',(#4055),#4047,.T.);
#4057=CARTESIAN_POINT('',(-1.325E1,8.671572875254E0,6.8E0));
#4058=DIRECTION('',(0.E0,0.E0,-1.E0));
#4059=DIRECTION('',(9.999403577353E-1,-1.092158286551E-2,0.E0));
#4060=AXIS2_PLACEMENT_3D('',#4057,#4058,#4059);
#4061=TOROIDAL_SURFACE('',#4060,1.8E0,2.E-1);
#4062=ORIENTED_EDGE('',*,*,#2761,.T.);
#4064=ORIENTED_EDGE('',*,*,#4063,.T.);
#4066=ORIENTED_EDGE('',*,*,#4065,.F.);
#4067=ORIENTED_EDGE('',*,*,#4049,.F.);
#4068=EDGE_LOOP('',(#4062,#4064,#4066,#4067));
#4069=FACE_OUTER_BOUND('',#4068,.F.);
#4070=ADVANCED_FACE('',(#4069),#4061,.T.);
#4071=CARTESIAN_POINT('',(-1.196633475431E1,9.933492041837E0,6.8E0));
#4072=DIRECTION('',(-7.071067811865E-1,7.071067811865E-1,0.E0));
#4073=DIRECTION('',(0.E0,0.E0,1.E0));
#4074=AXIS2_PLACEMENT_3D('',#4071,#4072,#4073);
#4075=CYLINDRICAL_SURFACE('',#4074,2.E-1);
#4077=ORIENTED_EDGE('',*,*,#4076,.F.);
#4079=ORIENTED_EDGE('',*,*,#4078,.F.);
#4080=ORIENTED_EDGE('',*,*,#4063,.F.);
#4081=ORIENTED_EDGE('',*,*,#2759,.T.);
#4082=EDGE_LOOP('',(#4077,#4079,#4080,#4081));
#4083=FACE_OUTER_BOUND('',#4082,.F.);
#4084=ADVANCED_FACE('',(#4083),#4075,.T.);
#4085=CARTESIAN_POINT('',(-1.381387915068E1,1.206337014581E1,6.401517410327E0));
#4086=CARTESIAN_POINT('',(-1.381126639506E1,1.206075739019E1,6.404175729927E0));
#4087=CARTESIAN_POINT('',(-1.378072562768E1,1.203021662281E1,6.434980813892E0));
#4088=CARTESIAN_POINT('',(-1.371638101889E1,1.196587201402E1,6.493589071794E0));
#4089=CARTESIAN_POINT('',(-1.361256357442E1,1.186205456954E1,6.571408186426E0));
#4090=CARTESIAN_POINT('',(-1.349077778168E1,1.174026877680E1,6.644124078611E0));
#4091=CARTESIAN_POINT('',(-1.335186844406E1,1.160135943918E1,6.706821691124E0));
#4092=CARTESIAN_POINT('',(-1.319928352311E1,1.144877451824E1,6.754427858448E0));
#4093=CARTESIAN_POINT('',(-1.304104766038E1,1.129053865551E1,6.782699639893E0));
#4094=CARTESIAN_POINT('',(-1.293423474234E1,1.118372573747E1,6.788361262812E0));
#4095=CARTESIAN_POINT('',(-1.288199343522E1,1.113148443035E1,6.787970454232E0));
#4096=CARTESIAN_POINT('',(-1.386144643524E1,1.212184558741E1,6.505741219914E0));
#4097=CARTESIAN_POINT('',(-1.385863184733E1,1.211903099951E1,6.508604868870E0));
#4098=CARTESIAN_POINT('',(-1.382574223396E1,1.208614138613E1,6.541778954735E0));
#4099=CARTESIAN_POINT('',(-1.375669277596E1,1.201709192813E1,6.604655242134E0));
#4100=CARTESIAN_POINT('',(-1.364593379846E1,1.190633295064E1,6.687653457167E0));
#4101=CARTESIAN_POINT('',(-1.351668620318E1,1.177708535536E1,6.764801182485E0));
#4102=CARTESIAN_POINT('',(-1.336991912572E1,1.163031827790E1,6.831024717690E0));
#4103=CARTESIAN_POINT('',(-1.320924984804E1,1.146964900022E1,6.881137745275E0));
#4104=CARTESIAN_POINT('',(-1.304300080273E1,1.130339995490E1,6.910832362754E0));
#4105=CARTESIAN_POINT('',(-1.293089216385E1,1.119129131603E1,6.916773397770E0));
#4106=CARTESIAN_POINT('',(-1.287605899154E1,1.113645814371E1,6.916363081995E0));
#4107=CARTESIAN_POINT('',(-1.396331874227E1,1.209509198099E1,6.579571433750E0));
#4108=CARTESIAN_POINT('',(-1.396036118012E1,1.209213441883E1,6.582580534215E0));
#4109=CARTESIAN_POINT('',(-1.392580768780E1,1.205758092651E1,6.617432777092E0));
#4110=CARTESIAN_POINT('',(-1.385342540187E1,1.198519864059E1,6.683332457434E0));
#4111=CARTESIAN_POINT('',(-1.373774917112E1,1.186952240984E1,6.769999451142E0));
#4112=CARTESIAN_POINT('',(-1.360321577331E1,1.173498901203E1,6.850286604862E0));
#4113=CARTESIAN_POINT('',(-1.345088241866E1,1.158265565738E1,6.919007838312E0));
#4114=CARTESIAN_POINT('',(-1.328448633260E1,1.141625957132E1,6.970896679215E0));
#4115=CARTESIAN_POINT('',(-1.311256089735E1,1.124433413606E1,7.001599207354E0));
#4116=CARTESIAN_POINT('',(-1.299670086804E1,1.112847410676E1,7.007738172717E0));
#4117=CARTESIAN_POINT('',(-1.294003166650E1,1.107180490522E1,7.007314038407E0));
#4118=CARTESIAN_POINT('',(-1.405092204834E1,1.200111817003E1,6.573310200072E0));
#4119=CARTESIAN_POINT('',(-1.404797661124E1,1.199817273293E1,6.576306965398E0));
#4120=CARTESIAN_POINT('',(-1.401356422558E1,1.196376034727E1,6.611016890752E0));
#4121=CARTESIAN_POINT('',(-1.394146458295E1,1.189166070463E1,6.676660169701E0));
#4122=CARTESIAN_POINT('',(-1.382620536401E1,1.177640148570E1,6.763016029532E0));
#4123=CARTESIAN_POINT('',(-1.369212023315E1,1.164231635484E1,6.843036941373E0));
#4124=CARTESIAN_POINT('',(-1.354025893134E1,1.149045505303E1,6.911546355413E0));
#4125=CARTESIAN_POINT('',(-1.337434851210E1,1.132454463379E1,6.963284596967E0));
#4126=CARTESIAN_POINT('',(-1.320290446790E1,1.115310058959E1,6.993901648391E0));
#4127=CARTESIAN_POINT('',(-1.308736257843E1,1.103755870012E1,7.000023828103E0));
#4128=CARTESIAN_POINT('',(-1.303084908290E1,1.098104520458E1,6.999600865685E0));
#4129=(BOUNDED_SURFACE()B_SPLINE_SURFACE(3,3,((#4085,#4086,#4087,#4088,#4089,
#4090,#4091,#4092,#4093,#4094,#4095),(#4096,#4097,#4098,#4099,#4100,#4101,#4102,
#4103,#4104,#4105,#4106),(#4107,#4108,#4109,#4110,#4111,#4112,#4113,#4114,#4115,
#4116,#4117),(#4118,#4119,#4120,#4121,#4122,#4123,#4124,#4125,#4126,#4127,
#4128)),.UNSPECIFIED.,.F.,.F.,.F.)B_SPLINE_SURFACE_WITH_KNOTS((4,4),(4,1,1,1,1,
1,1,1,4),(0.E0,1.E0),(-9.872387564649E-3,0.E0,1.051690311835E-1,
2.241969334981E-1,3.584844021651E-1,5.075095678465E-1,6.670815312671E-1,
8.323391808621E-1,9.907408363016E-1),.UNSPECIFIED.)GEOMETRIC_REPRESENTATION_ITEM()RATIONAL_B_SPLINE_SURFACE(((1.202333865480E0,1.202333865480E0,1.202333865480E0,
1.202333865480E0,1.202333865480E0,1.202333865480E0,1.202333865480E0,
1.202333865480E0,1.202333865480E0,1.202333865480E0,1.202333865480E0),(
9.325553781732E-1,9.325553781732E-1,9.325553781733E-1,9.325553781732E-1,
9.325553781732E-1,9.325553781732E-1,9.325553781732E-1,9.325553781732E-1,
9.325553781733E-1,9.325553781732E-1,9.325553781732E-1),(9.325553781732E-1,
9.325553781732E-1,9.325553781733E-1,9.325553781732E-1,9.325553781732E-1,
9.325553781732E-1,9.325553781732E-1,9.325553781732E-1,9.325553781733E-1,
9.325553781732E-1,9.325553781732E-1),(1.202333865480E0,1.202333865480E0,
1.202333865480E0,1.202333865480E0,1.202333865480E0,1.202333865480E0,
1.202333865480E0,1.202333865480E0,1.202333865480E0,1.202333865480E0,
1.202333865480E0)))REPRESENTATION_ITEM('')SURFACE());
#4131=ORIENTED_EDGE('',*,*,#4130,.T.);
#4132=ORIENTED_EDGE('',*,*,#4076,.T.);
#4134=ORIENTED_EDGE('',*,*,#4133,.F.);
#4136=ORIENTED_EDGE('',*,*,#4135,.F.);
#4137=EDGE_LOOP('',(#4131,#4132,#4134,#4136));
#4138=FACE_OUTER_BOUND('',#4137,.F.);
#4139=ADVANCED_FACE('',(#4138),#4129,.T.);
#4140=CARTESIAN_POINT('',(-1.125E1,9.5E0,7.E0));
#4141=DIRECTION('',(7.071067811865E-1,7.071067811865E-1,0.E0));
#4142=DIRECTION('',(-7.071067811865E-1,7.071067811865E-1,0.E0));
#4143=AXIS2_PLACEMENT_3D('',#4140,#4141,#4142);
#4144=PLANE('',#4143);
#4145=ORIENTED_EDGE('',*,*,#3834,.T.);
#4147=ORIENTED_EDGE('',*,*,#4146,.T.);
#4149=ORIENTED_EDGE('',*,*,#4148,.F.);
#4150=ORIENTED_EDGE('',*,*,#4078,.T.);
#4151=ORIENTED_EDGE('',*,*,#4130,.F.);
#4152=EDGE_LOOP('',(#4145,#4147,#4149,#4150,#4151));
#4153=FACE_OUTER_BOUND('',#4152,.F.);
#4154=ADVANCED_FACE('',(#4153),#4144,.T.);
#4155=CARTESIAN_POINT('',(-5.8617E1,5.658415728753E1,5.2E0));
#4156=DIRECTION('',(7.071067811865E-1,-7.071067811865E-1,0.E0));
#4157=DIRECTION('',(0.E0,0.E0,-1.E0));
#4158=AXIS2_PLACEMENT_3D('',#4155,#4156,#4157);
#4159=CYLINDRICAL_SURFACE('',#4158,2.E-1);
#4160=ORIENTED_EDGE('',*,*,#3832,.F.);
#4162=ORIENTED_EDGE('',*,*,#4161,.T.);
#4164=ORIENTED_EDGE('',*,*,#4163,.T.);
#4166=ORIENTED_EDGE('',*,*,#4165,.T.);
#4167=ORIENTED_EDGE('',*,*,#4146,.F.);
#4168=EDGE_LOOP('',(#4160,#4162,#4164,#4166,#4167));
#4169=FACE_OUTER_BOUND('',#4168,.F.);
#4170=ADVANCED_FACE('',(#4169),#4159,.T.);
#4171=CARTESIAN_POINT('',(-1.390633292370E1,1.215050332660E1,5.159568544971E0));
#4172=CARTESIAN_POINT('',(-1.390680141658E1,1.215102458515E1,5.159756207731E0));
#4173=CARTESIAN_POINT('',(-1.391825377461E1,1.216375673726E1,5.164316039007E0));
#4174=CARTESIAN_POINT('',(-1.394082607345E1,1.218837740307E1,5.172009942878E0));
#4175=CARTESIAN_POINT('',(-1.397488184474E1,1.222427560793E1,5.180047634743E0));
#4176=CARTESIAN_POINT('',(-1.400897013020E1,1.225910449962E1,5.184746494751E0));
#4177=CARTESIAN_POINT('',(-1.404303858801E1,1.229292293026E1,5.186221187031E0));
#4178=CARTESIAN_POINT('',(-1.407704765596E1,1.232578569580E1,5.184519501226E0));
#4179=CARTESIAN_POINT('',(-1.411109482675E1,1.235786172542E1,5.179592136840E0));
#4180=CARTESIAN_POINT('',(-1.414535626062E1,1.238937033130E1,5.171235662802E0));
#4181=CARTESIAN_POINT('',(-1.417997095034E1,1.242047558443E1,5.159066571620E0));
#4182=CARTESIAN_POINT('',(-1.421346709453E1,1.244991252100E1,5.143227967644E0));
#4183=CARTESIAN_POINT('',(-1.423533439565E1,1.246875206663E1,5.129973939570E0));
#4184=CARTESIAN_POINT('',(-1.424550534771E1,1.247743809611E1,5.123059909150E0));
#4185=CARTESIAN_POINT('',(-1.392204120446E1,1.213619356229E1,5.056650840668E0));
#4186=CARTESIAN_POINT('',(-1.392237537751E1,1.213671494803E1,5.056817984665E0));
#4187=CARTESIAN_POINT('',(-1.393054665662E1,1.214944975464E1,5.060883224559E0));
#4188=CARTESIAN_POINT('',(-1.394676367310E1,1.217405460963E1,5.067929498983E0));
#4189=CARTESIAN_POINT('',(-1.397152567551E1,1.220987305204E1,5.075870701300E0));
#4190=CARTESIAN_POINT('',(-1.399657463062E1,1.224457097142E1,5.081278784663E0));
#4191=CARTESIAN_POINT('',(-1.402184945553E1,1.227821000698E1,5.084220048862E0));
#4192=CARTESIAN_POINT('',(-1.404730343247E1,1.231084634156E1,5.084712037646E0));
#4193=CARTESIAN_POINT('',(-1.407299765210E1,1.234264798999E1,5.082705483362E0));
#4194=CARTESIAN_POINT('',(-1.409905944229E1,1.237383086023E1,5.078035472168E0));
#4195=CARTESIAN_POINT('',(-1.412559467955E1,1.240455387158E1,5.070393172281E0));
#4196=CARTESIAN_POINT('',(-1.415147020055E1,1.243356543904E1,5.059792708004E0));
#4197=CARTESIAN_POINT('',(-1.416848390321E1,1.245209022024E1,5.050563086685E0));
#4198=CARTESIAN_POINT('',(-1.417642357542E1,1.246062131813E1,5.045674637841E0));
#4199=CARTESIAN_POINT('',(-1.398167798055E1,1.207741971201E1,4.993147588084E0));
#4200=CARTESIAN_POINT('',(-1.398192971689E1,1.207794162016E1,4.993236832628E0));
#4201=CARTESIAN_POINT('',(-1.398808260837E1,1.209068732950E1,4.995403913316E0));
#4202=CARTESIAN_POINT('',(-1.400017091510E1,1.211522724542E1,4.998995380328E0));
#4203=CARTESIAN_POINT('',(-1.401830640600E1,1.215071808312E1,5.002545294088E0));
#4204=CARTESIAN_POINT('',(-1.403636750449E1,1.218487806583E1,5.004353928378E0));
#4205=CARTESIAN_POINT('',(-1.405433435657E1,1.221778028008E1,5.004488290635E0));
#4206=CARTESIAN_POINT('',(-1.407219214681E1,1.224948660499E1,5.002979821881E0));
#4207=CARTESIAN_POINT('',(-1.408999620429E1,1.228016129990E1,4.999806942826E0));
#4208=CARTESIAN_POINT('',(-1.410784060261E1,1.231000629082E1,4.994867242086E0));
#4209=CARTESIAN_POINT('',(-1.412579768179E1,1.233915933772E1,4.987966935535E0));
#4210=CARTESIAN_POINT('',(-1.414310562017E1,1.236642380578E1,4.979213549654E0));
#4211=CARTESIAN_POINT('',(-1.415436249526E1,1.238365576923E1,4.972013579835E0));
#4212=CARTESIAN_POINT('',(-1.415958917339E1,1.239155052360E1,4.968283372361E0));
#4213=CARTESIAN_POINT('',(-1.405575708121E1,1.200324129071E1,5.000456657327E0));
#4214=CARTESIAN_POINT('',(-1.405601902309E1,1.200376385820E1,5.000449137504E0));
#4215=CARTESIAN_POINT('',(-1.406241416827E1,1.201652332785E1,5.000252996730E0));
#4216=CARTESIAN_POINT('',(-1.407464169300E1,1.204098128423E1,4.999290636450E0));
#4217=CARTESIAN_POINT('',(-1.409209427137E1,1.207605865235E1,4.996325644466E0));
#4218=CARTESIAN_POINT('',(-1.410867398817E1,1.210953970567E1,4.992005830420E0));
#4219=CARTESIAN_POINT('',(-1.412443180355E1,1.214151197843E1,4.986447631498E0));
#4220=CARTESIAN_POINT('',(-1.413940808884E1,1.217204453901E1,4.979733657944E0));
#4221=CARTESIAN_POINT('',(-1.415368590067E1,1.220129690696E1,4.971883984408E0));
#4222=CARTESIAN_POINT('',(-1.416735807845E1,1.222945336163E1,4.962851784152E0));
#4223=CARTESIAN_POINT('',(-1.418047958681E1,1.225662495786E1,4.952541809716E0));
#4224=CARTESIAN_POINT('',(-1.419250904720E1,1.228168441343E1,4.941331191210E0));
#4225=CARTESIAN_POINT('',(-1.419995220995E1,1.229728471281E1,4.933162598420E0));
#4226=CARTESIAN_POINT('',(-1.420332556360E1,1.230437633860E1,4.929150623616E0));
#4227=(BOUNDED_SURFACE()B_SPLINE_SURFACE(3,3,((#4171,#4172,#4173,#4174,#4175,
#4176,#4177,#4178,#4179,#4180,#4181,#4182,#4183,#4184),(#4185,#4186,#4187,#4188,
#4189,#4190,#4191,#4192,#4193,#4194,#4195,#4196,#4197,#4198),(#4199,#4200,#4201,
#4202,#4203,#4204,#4205,#4206,#4207,#4208,#4209,#4210,#4211,#4212),(#4213,#4214,
#4215,#4216,#4217,#4218,#4219,#4220,#4221,#4222,#4223,#4224,#4225,#4226)),
.UNSPECIFIED.,.F.,.F.,.F.)B_SPLINE_SURFACE_WITH_KNOTS((4,4),(4,1,1,1,1,1,1,1,1,
1,1,4),(0.E0,1.E0),(2.746951896023E-2,2.859661966668E-2,5.499015124061E-2,
8.024319558744E-2,1.045955094725E-1,1.280745082449E-1,1.507942116571E-1,
1.729494020760E-1,1.947885594852E-1,2.165415363671E-1,2.383379369376E-1,
2.574906552629E-1),.UNSPECIFIED.)GEOMETRIC_REPRESENTATION_ITEM()RATIONAL_B_SPLINE_SURFACE(((1.141041036456E0,1.141041036456E0,1.141041036456E0,1.141041036456E0,
1.141041036456E0,1.141041036456E0,1.141041036456E0,1.141041036456E0,
1.141041036456E0,1.141041036456E0,1.141041036456E0,1.141041036456E0,
1.141041036456E0,1.141041036456E0),(9.529863211814E-1,9.529863211814E-1,
9.529863211814E-1,9.529863211814E-1,9.529863211814E-1,9.529863211814E-1,
9.529863211814E-1,9.529863211814E-1,9.529863211814E-1,9.529863211814E-1,
9.529863211814E-1,9.529863211814E-1,9.529863211814E-1,9.529863211814E-1),(
9.529863211814E-1,9.529863211814E-1,9.529863211814E-1,9.529863211814E-1,
9.529863211814E-1,9.529863211814E-1,9.529863211814E-1,9.529863211814E-1,
9.529863211814E-1,9.529863211814E-1,9.529863211814E-1,9.529863211814E-1,
9.529863211814E-1,9.529863211814E-1),(1.141041036456E0,1.141041036456E0,
1.141041036456E0,1.141041036456E0,1.141041036456E0,1.141041036456E0,
1.141041036456E0,1.141041036456E0,1.141041036456E0,1.141041036456E0,
1.141041036456E0,1.141041036456E0,1.141041036456E0,1.141041036456E0)))REPRESENTATION_ITEM('')SURFACE());
#4228=ORIENTED_EDGE('',*,*,#3830,.F.);
#4230=ORIENTED_EDGE('',*,*,#4229,.T.);
#4232=ORIENTED_EDGE('',*,*,#4231,.F.);
#4233=ORIENTED_EDGE('',*,*,#4161,.F.);
#4234=EDGE_LOOP('',(#4228,#4230,#4232,#4233));
#4235=FACE_OUTER_BOUND('',#4234,.F.);
#4236=ADVANCED_FACE('',(#4235),#4227,.T.);
#4237=CARTESIAN_POINT('',(-1.405E1,1.23E1,4.8E0));
#4238=DIRECTION('',(0.E0,1.E0,0.E0));
#4239=DIRECTION('',(-9.967542221350E-1,0.E0,-8.050478654122E-2));
#4240=AXIS2_PLACEMENT_3D('',#4237,#4238,#4239);
#4241=TOROIDAL_SURFACE('',#4240,4.E-1,2.E-1);
#4242=ORIENTED_EDGE('',*,*,#3828,.F.);
#4243=ORIENTED_EDGE('',*,*,#3850,.F.);
#4245=ORIENTED_EDGE('',*,*,#4244,.F.);
#4246=ORIENTED_EDGE('',*,*,#4229,.F.);
#4247=EDGE_LOOP('',(#4242,#4243,#4245,#4246));
#4248=FACE_OUTER_BOUND('',#4247,.F.);
#4249=ADVANCED_FACE('',(#4248),#4241,.T.);
#4250=CARTESIAN_POINT('',(-1.405E1,-6.13224E1,4.8E0));
#4251=DIRECTION('',(0.E0,1.E0,0.E0));
#4252=DIRECTION('',(-1.E0,0.E0,0.E0));
#4253=AXIS2_PLACEMENT_3D('',#4250,#4251,#4252);
#4254=CYLINDRICAL_SURFACE('',#4253,2.E-1);
#4255=ORIENTED_EDGE('',*,*,#3864,.F.);
#4257=ORIENTED_EDGE('',*,*,#4256,.T.);
#4259=ORIENTED_EDGE('',*,*,#4258,.T.);
#4261=ORIENTED_EDGE('',*,*,#4260,.T.);
#4262=ORIENTED_EDGE('',*,*,#4231,.T.);
#4263=ORIENTED_EDGE('',*,*,#4244,.T.);
#4264=EDGE_LOOP('',(#4255,#4257,#4259,#4261,#4262,#4263));
#4265=FACE_OUTER_BOUND('',#4264,.F.);
#4266=ADVANCED_FACE('',(#4265),#4254,.F.);
#4267=CARTESIAN_POINT('',(-1.405E1,-1.23E1,4.8E0));
#4268=DIRECTION('',(0.E0,1.E0,0.E0));
#4269=DIRECTION('',(-9.970458808888E-1,0.E0,-7.680827691486E-2));
#4270=AXIS2_PLACEMENT_3D('',#4267,#4268,#4269);
#4271=TOROIDAL_SURFACE('',#4270,4.E-1,2.E-1);
#4272=ORIENTED_EDGE('',*,*,#3899,.F.);
#4274=ORIENTED_EDGE('',*,*,#4273,.T.);
#4275=ORIENTED_EDGE('',*,*,#4256,.F.);
#4276=ORIENTED_EDGE('',*,*,#3878,.F.);
#4277=EDGE_LOOP('',(#4272,#4274,#4275,#4276));
#4278=FACE_OUTER_BOUND('',#4277,.F.);
#4279=ADVANCED_FACE('',(#4278),#4271,.T.);
#4280=CARTESIAN_POINT('',(-1.405576296554E1,-1.200325301663E1,
5.000456525953E0));
#4281=CARTESIAN_POINT('',(-1.405850169251E1,-1.200871671809E1,
5.000377813377E0));
#4282=CARTESIAN_POINT('',(-1.406749550642E1,-1.202667865528E1,
4.999934418703E0));
#4283=CARTESIAN_POINT('',(-1.408242021018E1,-1.205659210925E1,
4.998186816687E0));
#4284=CARTESIAN_POINT('',(-1.410025105438E1,-1.209250809572E1,
4.994414029403E0));
#4285=CARTESIAN_POINT('',(-1.411736373315E1,-1.212714865939E1,
4.989157642437E0));
#4286=CARTESIAN_POINT('',(-1.413395057030E1,-1.216089582313E1,
4.982402156835E0));
#4287=CARTESIAN_POINT('',(-1.415012517116E1,-1.219398087830E1,
4.974055686722E0));
#4288=CARTESIAN_POINT('',(-1.416595702423E1,-1.222655217575E1,
4.963949348912E0));
#4289=CARTESIAN_POINT('',(-1.418152566816E1,-1.225878607952E1,
4.951780643628E0));
#4290=CARTESIAN_POINT('',(-1.419393291237E1,-1.228466134526E1,
4.939876455863E0));
#4291=CARTESIAN_POINT('',(-1.420105947960E1,-1.229961234972E1,
4.931845924366E0));
#4292=CARTESIAN_POINT('',(-1.420332443918E1,-1.230437380604E1,
4.929152364799E0));
#4293=CARTESIAN_POINT('',(-1.398168368820E1,-1.207743137056E1,
4.993149640984E0));
#4294=CARTESIAN_POINT('',(-1.398431575986E1,-1.208288818936E1,
4.994082650445E0));
#4295=CARTESIAN_POINT('',(-1.399306131614E1,-1.210086157005E1,
4.996973191192E0));
#4296=CARTESIAN_POINT('',(-1.400813323854E1,-1.213098135689E1,
5.000798339610E0));
#4297=CARTESIAN_POINT('',(-1.402707393027E1,-1.216746021487E1,
5.003662569071E0));
#4298=CARTESIAN_POINT('',(-1.404615636263E1,-1.220295651389E1,
5.004670289147E0));
#4299=CARTESIAN_POINT('',(-1.406556435328E1,-1.223786426726E1,
5.003789500658E0));
#4300=CARTESIAN_POINT('',(-1.408544250579E1,-1.227244477276E1,
5.000861867279E0));
#4301=CARTESIAN_POINT('',(-1.410592400515E1,-1.230689421238E1,
4.995596808815E0));
#4302=CARTESIAN_POINT('',(-1.412720052018E1,-1.234146493196E1,
4.987502189203E0));
#4303=CARTESIAN_POINT('',(-1.414521529156E1,-1.236968953864E1,
4.977998300693E0));
#4304=CARTESIAN_POINT('',(-1.415607787901E1,-1.238624739749E1,
4.970789530277E0));
#4305=CARTESIAN_POINT('',(-1.415958705438E1,-1.239154822619E1,
4.968285287202E0));
#4306=CARTESIAN_POINT('',(-1.392204876418E1,-1.213620520999E1,
5.056654473575E0));
#4307=CARTESIAN_POINT('',(-1.392554278852E1,-1.214165657545E1,
5.058401932260E0));
#4308=CARTESIAN_POINT('',(-1.393720380460E1,-1.215963902318E1,
5.063912457704E0));
#4309=CARTESIAN_POINT('',(-1.395757901562E1,-1.218992229403E1,
5.071767600598E0));
#4310=CARTESIAN_POINT('',(-1.398363272825E1,-1.222684713278E1,
5.078844314207E0));
#4311=CARTESIAN_POINT('',(-1.401029434413E1,-1.226302145780E1,
5.083239249509E0));
#4312=CARTESIAN_POINT('',(-1.403780736484E1,-1.229884878278E1,
5.084901298674E0));
#4313=CARTESIAN_POINT('',(-1.406638162080E1,-1.233461418054E1,
5.083584941027E0));
#4314=CARTESIAN_POINT('',(-1.409622741522E1,-1.237055173120E1,
5.078839717785E0));
#4315=CARTESIAN_POINT('',(-1.412765732162E1,-1.240697398333E1,
5.069910705271E0));
#4316=CARTESIAN_POINT('',(-1.415464458225E1,-1.243706004662E1,
5.058271622346E0));
#4317=CARTESIAN_POINT('',(-1.417108945135E1,-1.245489106667E1,
5.048958941706E0));
#4318=CARTESIAN_POINT('',(-1.417642007227E1,-1.246061925703E1,
5.045677200620E0));
#4319=CARTESIAN_POINT('',(-1.390634337320E1,-1.215051509960E1,
5.159572452638E0));
#4320=CARTESIAN_POINT('',(-1.391124178459E1,-1.215596513732E1,
5.161534401188E0));
#4321=CARTESIAN_POINT('',(-1.392754049277E1,-1.217394979263E1,
5.167655566658E0));
#4322=CARTESIAN_POINT('',(-1.395575296772E1,-1.220427286755E1,
5.176005405725E0));
#4323=CARTESIAN_POINT('',(-1.399140599751E1,-1.224130629094E1,
5.182787300526E0));
#4324=CARTESIAN_POINT('',(-1.402750886585E1,-1.227764569751E1,
5.186017824991E0));
#4325=CARTESIAN_POINT('',(-1.406440343888E1,-1.231369691408E1,
5.185633602065E0));
#4326=CARTESIAN_POINT('',(-1.410236675254E1,-1.234975080206E1,
5.181324299215E0));
#4327=CARTESIAN_POINT('',(-1.414166152058E1,-1.238605066875E1,
5.172520445952E0));
#4328=CARTESIAN_POINT('',(-1.418267021705E1,-1.242292372054E1,
5.158261109225E0));
#4329=CARTESIAN_POINT('',(-1.421755867854E1,-1.245346299973E1,
5.141007038245E0));
#4330=CARTESIAN_POINT('',(-1.423867205405E1,-1.247160400116E1,
5.127705008323E0));
#4331=CARTESIAN_POINT('',(-1.424550077649E1,-1.247743624289E1,
5.123063371555E0));
#4332=(BOUNDED_SURFACE()B_SPLINE_SURFACE(3,3,((#4280,#4281,#4282,#4283,#4284,
#4285,#4286,#4287,#4288,#4289,#4290,#4291,#4292),(#4293,#4294,#4295,#4296,#4297,
#4298,#4299,#4300,#4301,#4302,#4303,#4304,#4305),(#4306,#4307,#4308,#4309,#4310,
#4311,#4312,#4313,#4314,#4315,#4316,#4317,#4318),(#4319,#4320,#4321,#4322,#4323,
#4324,#4325,#4326,#4327,#4328,#4329,#4330,#4331)),.UNSPECIFIED.,.F.,.F.,.F.)B_SPLINE_SURFACE_WITH_KNOTS((4,4),(4,1,1,1,1,1,1,1,1,1,4),(0.E0,1.E0),(
1.752790306200E-2,2.943140299291E-2,5.666373374795E-2,8.280979971230E-2,
1.082694179178E-1,1.334291549677E-1,1.586174093187E-1,1.839818042792E-1,
2.098563003164E-1,2.368674465127E-1,2.498533354061E-1),.UNSPECIFIED.)GEOMETRIC_REPRESENTATION_ITEM()RATIONAL_B_SPLINE_SURFACE(((1.141040625266E0,
1.141040625266E0,1.141040625266E0,1.141040625266E0,1.141040625266E0,
1.141040625266E0,1.141040625266E0,1.141040625266E0,1.141040625266E0,
1.141040625266E0,1.141040625266E0,1.141040625266E0,1.141040625266E0),(
9.529864582446E-1,9.529864582446E-1,9.529864582446E-1,9.529864582446E-1,
9.529864582446E-1,9.529864582446E-1,9.529864582446E-1,9.529864582446E-1,
9.529864582446E-1,9.529864582446E-1,9.529864582446E-1,9.529864582446E-1,
9.529864582446E-1),(9.529864582446E-1,9.529864582446E-1,9.529864582446E-1,
9.529864582446E-1,9.529864582446E-1,9.529864582446E-1,9.529864582446E-1,
9.529864582446E-1,9.529864582446E-1,9.529864582446E-1,9.529864582446E-1,
9.529864582446E-1,9.529864582446E-1),(1.141040625266E0,1.141040625266E0,
1.141040625266E0,1.141040625266E0,1.141040625266E0,1.141040625266E0,
1.141040625266E0,1.141040625266E0,1.141040625266E0,1.141040625266E0,
1.141040625266E0,1.141040625266E0,1.141040625266E0)))REPRESENTATION_ITEM('')SURFACE());
#4333=ORIENTED_EDGE('',*,*,#3897,.F.);
#4335=ORIENTED_EDGE('',*,*,#4334,.F.);
#4336=ORIENTED_EDGE('',*,*,#4258,.F.);
#4337=ORIENTED_EDGE('',*,*,#4273,.F.);
#4338=EDGE_LOOP('',(#4333,#4335,#4336,#4337));
#4339=FACE_OUTER_BOUND('',#4338,.F.);
#4340=ADVANCED_FACE('',(#4339),#4332,.T.);
#4341=CARTESIAN_POINT('',(-1.196176203618E1,-9.928919323704E0,5.2E0));
#4342=DIRECTION('',(-7.071067811865E-1,-7.071067811865E-1,0.E0));
#4343=DIRECTION('',(0.E0,0.E0,-1.E0));
#4344=AXIS2_PLACEMENT_3D('',#4341,#4342,#4343);
#4345=CYLINDRICAL_SURFACE('',#4344,2.E-1);
#4346=ORIENTED_EDGE('',*,*,#3895,.F.);
#4348=ORIENTED_EDGE('',*,*,#4347,.F.);
#4350=ORIENTED_EDGE('',*,*,#4349,.F.);
#4352=ORIENTED_EDGE('',*,*,#4351,.T.);
#4353=ORIENTED_EDGE('',*,*,#4334,.T.);
#4354=EDGE_LOOP('',(#4346,#4348,#4350,#4352,#4353));
#4355=FACE_OUTER_BOUND('',#4354,.F.);
#4356=ADVANCED_FACE('',(#4355),#4345,.T.);
#4357=CARTESIAN_POINT('',(-1.425E1,-1.25E1,7.E0));
#4358=DIRECTION('',(7.071067811865E-1,-7.071067811865E-1,0.E0));
#4359=DIRECTION('',(7.071067811865E-1,7.071067811865E-1,0.E0));
#4360=AXIS2_PLACEMENT_3D('',#4357,#4358,#4359);
#4361=PLANE('',#4360);
#4362=ORIENTED_EDGE('',*,*,#3893,.T.);
#4363=ORIENTED_EDGE('',*,*,#4008,.F.);
#4364=ORIENTED_EDGE('',*,*,#4024,.T.);
#4366=ORIENTED_EDGE('',*,*,#4365,.T.);
#4367=ORIENTED_EDGE('',*,*,#4347,.T.);
#4368=EDGE_LOOP('',(#4362,#4363,#4364,#4366,#4367));
#4369=FACE_OUTER_BOUND('',#4368,.F.);
#4370=ADVANCED_FACE('',(#4369),#4361,.T.);
#4371=CARTESIAN_POINT('',(-1.325E1,-8.671572875254E0,1.61252E1));
#4372=DIRECTION('',(0.E0,0.E0,-1.E0));
#4373=DIRECTION('',(1.E0,0.E0,0.E0));
#4374=AXIS2_PLACEMENT_3D('',#4371,#4372,#4373);
#4375=CYLINDRICAL_SURFACE('',#4374,2.E0);
#4376=ORIENTED_EDGE('',*,*,#4037,.T.);
#4378=ORIENTED_EDGE('',*,*,#4377,.T.);
#4380=ORIENTED_EDGE('',*,*,#4379,.T.);
#4381=ORIENTED_EDGE('',*,*,#4365,.F.);
#4382=EDGE_LOOP('',(#4376,#4378,#4380,#4381));
#4383=FACE_OUTER_BOUND('',#4382,.F.);
#4384=ADVANCED_FACE('',(#4383),#4375,.T.);
#4385=CARTESIAN_POINT('',(-1.125E1,-9.5E0,7.E0));
#4386=DIRECTION('',(1.E0,0.E0,0.E0));
#4387=DIRECTION('',(0.E0,1.E0,0.E0));
#4388=AXIS2_PLACEMENT_3D('',#4385,#4386,#4387);
#4389=PLANE('',#4388);
#4390=ORIENTED_EDGE('',*,*,#4051,.T.);
#4392=ORIENTED_EDGE('',*,*,#4391,.T.);
#4394=ORIENTED_EDGE('',*,*,#4393,.T.);
#4395=ORIENTED_EDGE('',*,*,#4377,.F.);
#4396=EDGE_LOOP('',(#4390,#4392,#4394,#4395));
#4397=FACE_OUTER_BOUND('',#4396,.F.);
#4398=ADVANCED_FACE('',(#4397),#4389,.T.);
#4399=CARTESIAN_POINT('',(-1.325E1,8.671572875254E0,1.61252E1));
#4400=DIRECTION('',(0.E0,0.E0,-1.E0));
#4401=DIRECTION('',(7.071067811865E-1,7.071067811865E-1,0.E0));
#4402=AXIS2_PLACEMENT_3D('',#4399,#4400,#4401);
#4403=CYLINDRICAL_SURFACE('',#4402,2.E0);
#4404=ORIENTED_EDGE('',*,*,#4065,.T.);
#4405=ORIENTED_EDGE('',*,*,#4148,.T.);
#4407=ORIENTED_EDGE('',*,*,#4406,.T.);
#4408=ORIENTED_EDGE('',*,*,#4391,.F.);
#4409=EDGE_LOOP('',(#4404,#4405,#4407,#4408));
#4410=FACE_OUTER_BOUND('',#4409,.F.);
#4411=ADVANCED_FACE('',(#4410),#4403,.T.);
#4412=CARTESIAN_POINT('',(-1.325E1,8.671572875254E0,5.2E0));
#4413=DIRECTION('',(0.E0,0.E0,-1.E0));
#4414=DIRECTION('',(7.016494160037E-1,7.125223484367E-1,0.E0));
#4415=AXIS2_PLACEMENT_3D('',#4412,#4413,#4414);
#4416=TOROIDAL_SURFACE('',#4415,1.8E0,2.E-1);
#4418=ORIENTED_EDGE('',*,*,#4417,.T.);
#4420=ORIENTED_EDGE('',*,*,#4419,.T.);
#4421=ORIENTED_EDGE('',*,*,#4406,.F.);
#4422=ORIENTED_EDGE('',*,*,#4165,.F.);
#4423=EDGE_LOOP('',(#4418,#4420,#4421,#4422));
#4424=FACE_OUTER_BOUND('',#4423,.F.);
#4425=ADVANCED_FACE('',(#4424),#4416,.T.);
#4426=CARTESIAN_POINT('',(0.E0,0.E0,5.E0));
#4427=DIRECTION('',(0.E0,0.E0,1.E0));
#4428=DIRECTION('',(1.E0,0.E0,0.E0));
#4429=AXIS2_PLACEMENT_3D('',#4426,#4427,#4428);
#4430=PLANE('',#4429);
#4432=ORIENTED_EDGE('',*,*,#4431,.F.);
#4434=ORIENTED_EDGE('',*,*,#4433,.F.);
#4436=ORIENTED_EDGE('',*,*,#4435,.F.);
#4438=ORIENTED_EDGE('',*,*,#4437,.F.);
#4440=ORIENTED_EDGE('',*,*,#4439,.F.);
#4442=ORIENTED_EDGE('',*,*,#4441,.F.);
#4443=EDGE_LOOP('',(#4432,#4434,#4436,#4438,#4440,#4442));
#4444=FACE_OUTER_BOUND('',#4443,.F.);
#4445=ADVANCED_FACE('',(#4444),#4430,.F.);
#4446=CARTESIAN_POINT('',(0.E0,0.E0,5.E0));
#4447=DIRECTION('',(0.E0,0.E0,1.E0));
#4448=DIRECTION('',(1.E0,0.E0,0.E0));
#4449=AXIS2_PLACEMENT_3D('',#4446,#4447,#4448);
#4450=PLANE('',#4449);
#4451=ORIENTED_EDGE('',*,*,#4351,.F.);
#4453=ORIENTED_EDGE('',*,*,#4452,.F.);
#4455=ORIENTED_EDGE('',*,*,#4454,.F.);
#4456=ORIENTED_EDGE('',*,*,#4417,.F.);
#4457=ORIENTED_EDGE('',*,*,#4163,.F.);
#4458=ORIENTED_EDGE('',*,*,#4260,.F.);
#4459=EDGE_LOOP('',(#4451,#4453,#4455,#4456,#4457,#4458));
#4460=FACE_OUTER_BOUND('',#4459,.F.);
#4461=ADVANCED_FACE('',(#4460),#4450,.F.);
#4462=CARTESIAN_POINT('',(1.196176203618E1,9.928919323704E0,5.2E0));
#4463=DIRECTION('',(7.071067811865E-1,7.071067811865E-1,0.E0));
#4464=DIRECTION('',(0.E0,0.E0,-1.E0));
#4465=AXIS2_PLACEMENT_3D('',#4462,#4463,#4464);
#4466=CYLINDRICAL_SURFACE('',#4465,2.E-1);
#4468=ORIENTED_EDGE('',*,*,#4467,.F.);
#4470=ORIENTED_EDGE('',*,*,#4469,.F.);
#4472=ORIENTED_EDGE('',*,*,#4471,.F.);
#4473=ORIENTED_EDGE('',*,*,#4431,.T.);
#4475=ORIENTED_EDGE('',*,*,#4474,.T.);
#4476=EDGE_LOOP('',(#4468,#4470,#4472,#4473,#4475));
#4477=FACE_OUTER_BOUND('',#4476,.F.);
#4478=ADVANCED_FACE('',(#4477),#4466,.T.);
#4479=CARTESIAN_POINT('',(1.487132034356E1,1.1E1,-9.1252E0));
#4480=DIRECTION('',(0.E0,0.E0,1.E0));
#4481=DIRECTION('',(0.E0,1.E0,0.E0));
#4482=AXIS2_PLACEMENT_3D('',#4479,#4480,#4481);
#4483=CYLINDRICAL_SURFACE('',#4482,1.5E0);
#4484=ORIENTED_EDGE('',*,*,#2964,.F.);
#4486=ORIENTED_EDGE('',*,*,#4485,.T.);
#4488=ORIENTED_EDGE('',*,*,#4487,.T.);
#4490=ORIENTED_EDGE('',*,*,#4489,.F.);
#4491=ORIENTED_EDGE('',*,*,#4467,.T.);
#4493=ORIENTED_EDGE('',*,*,#4492,.T.);
#4495=ORIENTED_EDGE('',*,*,#4494,.T.);
#4497=ORIENTED_EDGE('',*,*,#4496,.T.);
#4498=EDGE_LOOP('',(#4484,#4486,#4488,#4490,#4491,#4493,#4495,#4497));
#4499=FACE_OUTER_BOUND('',#4498,.F.);
#4500=ADVANCED_FACE('',(#4499),#4483,.T.);
#4501=CARTESIAN_POINT('',(1.625E1,1.25E1,0.E0));
#4502=DIRECTION('',(0.E0,1.E0,0.E0));
#4503=DIRECTION('',(-1.E0,0.E0,0.E0));
#4504=AXIS2_PLACEMENT_3D('',#4501,#4502,#4503);
#4505=PLANE('',#4504);
#4506=ORIENTED_EDGE('',*,*,#2962,.F.);
#4508=ORIENTED_EDGE('',*,*,#4507,.F.);
#4510=ORIENTED_EDGE('',*,*,#4509,.T.);
#4511=ORIENTED_EDGE('',*,*,#4485,.F.);
#4512=EDGE_LOOP('',(#4506,#4508,#4510,#4511));
#4513=FACE_OUTER_BOUND('',#4512,.F.);
#4514=ADVANCED_FACE('',(#4513),#4505,.T.);
#4515=CARTESIAN_POINT('',(1.605E1,1.23E1,1.61252E1));
#4516=DIRECTION('',(0.E0,0.E0,-1.E0));
#4517=DIRECTION('',(0.E0,1.E0,0.E0));
#4518=AXIS2_PLACEMENT_3D('',#4515,#4516,#4517);
#4519=CYLINDRICAL_SURFACE('',#4518,2.E-1);
#4520=ORIENTED_EDGE('',*,*,#2960,.T.);
#4521=ORIENTED_EDGE('',*,*,#3637,.F.);
#4523=ORIENTED_EDGE('',*,*,#4522,.T.);
#4524=ORIENTED_EDGE('',*,*,#4507,.T.);
#4525=EDGE_LOOP('',(#4520,#4521,#4523,#4524));
#4526=FACE_OUTER_BOUND('',#4525,.F.);
#4527=ADVANCED_FACE('',(#4526),#4519,.T.);
#4528=CARTESIAN_POINT('',(1.624939177904E1,1.228778987831E1,5.472718626274E0));
#4529=CARTESIAN_POINT('',(1.624946842575E1,1.228785676820E1,5.476923849292E0));
#4530=CARTESIAN_POINT('',(1.625015504175E1,1.228845604978E1,5.525989525386E0));
#4531=CARTESIAN_POINT('',(1.624686714680E1,1.228558619923E1,5.619401276491E0));
#4532=CARTESIAN_POINT('',(1.623028659888E1,1.227111486759E1,5.752119641118E0));
#4533=CARTESIAN_POINT('',(1.620183447997E1,1.224628640952E1,5.883716395747E0));
#4534=CARTESIAN_POINT('',(1.616073676134E1,1.221043202097E1,6.014992843379E0));
#4535=CARTESIAN_POINT('',(1.610619947560E1,1.216286863448E1,6.145353098931E0));
#4536=CARTESIAN_POINT('',(1.603746347643E1,1.210294643268E1,6.273736381111E0));
#4537=CARTESIAN_POINT('',(1.595367042744E1,1.202993191778E1,6.398864687196E0));
#4538=CARTESIAN_POINT('',(1.585404909693E1,1.194317006551E1,6.519040707399E0));
#4539=CARTESIAN_POINT('',(1.573820218424E1,1.184233338592E1,6.632020533351E0));
#4540=CARTESIAN_POINT('',(1.560622974995E1,1.172752832984E1,6.735119017965E0));
#4541=CARTESIAN_POINT('',(1.545873611633E1,1.159929978360E1,6.825503409831E0));
#4542=CARTESIAN_POINT('',(1.529739907389E1,1.145912430899E1,6.900057135675E0));
#4543=CARTESIAN_POINT('',(1.512426000739E1,1.130879115598E1,6.956090793558E0));
#4544=CARTESIAN_POINT('',(1.494332893423E1,1.115179410250E1,6.990998838568E0));
#4545=CARTESIAN_POINT('',(1.481351117185E1,1.103922219413E1,6.999738282022E0));
#4546=CARTESIAN_POINT('',(1.474497507667E1,1.097981193335E1,6.999672421160E0));
#4547=CARTESIAN_POINT('',(1.473821997425E1,1.097395649459E1,6.999620642988E0));
#4548=CARTESIAN_POINT('',(1.625706062290E1,1.241616245819E1,5.470223405920E0));
#4549=CARTESIAN_POINT('',(1.625715097722E1,1.241623610047E1,5.474813002648E0));
#4550=CARTESIAN_POINT('',(1.625796074493E1,1.241689544020E1,5.528365455996E0));
#4551=CARTESIAN_POINT('',(1.625407928631E1,1.241373638756E1,5.630342473900E0));
#4552=CARTESIAN_POINT('',(1.623456987777E1,1.239785113957E1,5.774728945793E0));
#4553=CARTESIAN_POINT('',(1.620130808836E1,1.237073817965E1,5.916908405896E0));
#4554=CARTESIAN_POINT('',(1.615370310045E1,1.233186754057E1,6.057329766605E0));
#4555=CARTESIAN_POINT('',(1.609124145847E1,1.228074704717E1,6.195024898379E0));
#4556=CARTESIAN_POINT('',(1.601350786886E1,1.221693969425E1,6.328658305902E0));
#4557=CARTESIAN_POINT('',(1.592000489916E1,1.213991533701E1,6.456778124344E0));
#4558=CARTESIAN_POINT('',(1.581033961209E1,1.204920524591E1,6.577599994680E0));
#4559=CARTESIAN_POINT('',(1.568451217814E1,1.194464695919E1,6.688877437306E0));
#4560=CARTESIAN_POINT('',(1.554302707723E1,1.182648588201E1,6.788004694011E0));
#4561=CARTESIAN_POINT('',(1.538687517785E1,1.169537416326E1,6.872310123222E0));
#4562=CARTESIAN_POINT('',(1.521811843362E1,1.155287686322E1,6.938932982867E0));
#4563=CARTESIAN_POINT('',(1.503911813223E1,1.140084122119E1,6.985501873544E0));
#4564=CARTESIAN_POINT('',(1.485418169082E1,1.124281246265E1,7.009867904206E0));
#4565=CARTESIAN_POINT('',(1.472296858080E1,1.112999738375E1,7.010785047226E0));
#4566=CARTESIAN_POINT('',(1.465412111480E1,1.107060195314E1,7.006567902211E0));
#4567=CARTESIAN_POINT('',(1.464733941798E1,1.106474941751E1,7.006106806798E0));
#4568=CARTESIAN_POINT('',(1.616609327038E1,1.250709932646E1,5.470223967503E0));
#4569=CARTESIAN_POINT('',(1.616618832718E1,1.250717775202E1,5.474813304778E0));
#4570=CARTESIAN_POINT('',(1.616704047087E1,1.250787963588E1,5.528364124384E0));
#4571=CARTESIAN_POINT('',(1.616295339169E1,1.250451571758E1,5.630354392474E0));
#4572=CARTESIAN_POINT('',(1.614245230908E1,1.248762887622E1,5.774407567954E0));
#4573=CARTESIAN_POINT('',(1.610764069306E1,1.245889761554E1,5.915563444399E0));
#4574=CARTESIAN_POINT('',(1.605810615033E1,1.241789031787E1,6.053971928972E0));
#4575=CARTESIAN_POINT('',(1.599358327294E1,1.236425003275E1,6.188441727944E0));
#4576=CARTESIAN_POINT('',(1.591394706669E1,1.229769050740E1,6.317512560322E0));
#4577=CARTESIAN_POINT('',(1.581900874903E1,1.221782564867E1,6.439692570987E0));
#4578=CARTESIAN_POINT('',(1.570869064976E1,1.212431869491E1,6.553245331688E0));
#4579=CARTESIAN_POINT('',(1.558329764631E1,1.201712408743E1,6.656066754697E0));
#4580=CARTESIAN_POINT('',(1.544361184439E1,1.189658566418E1,6.745779395629E0));
#4581=CARTESIAN_POINT('',(1.529085677976E1,1.176343155695E1,6.820006811209E0));
#4582=CARTESIAN_POINT('',(1.512725641633E1,1.161928951678E1,6.876268226958E0));
#4583=CARTESIAN_POINT('',(1.495526555177E1,1.146604786160E1,6.912588428084E0));
#4584=CARTESIAN_POINT('',(1.477914279932E1,1.130728826142E1,6.927306705206E0));
#4585=CARTESIAN_POINT('',(1.465529196404E1,1.119430092480E1,6.922168010737E0));
#4586=CARTESIAN_POINT('',(1.459063005847E1,1.113491599962E1,6.915039320849E0));
#4587=CARTESIAN_POINT('',(1.458426377813E1,1.112906552052E1,6.914294056729E0));
#4588=CARTESIAN_POINT('',(1.603772314524E1,1.249938757942E1,5.472719933002E0));
#4589=CARTESIAN_POINT('',(1.603781073398E1,1.249946559934E1,5.476924552308E0));
#4590=CARTESIAN_POINT('',(1.603859595312E1,1.250016387532E1,5.525986426908E0));
#4591=CARTESIAN_POINT('',(1.603482960713E1,1.249681733031E1,5.619429009389E0));
#4592=CARTESIAN_POINT('',(1.601594156877E1,1.248001542737E1,5.751371838677E0));
#4593=CARTESIAN_POINT('',(1.598388321453E1,1.245142140395E1,5.880586853611E0));
#4594=CARTESIAN_POINT('',(1.593829568475E1,1.241059530199E1,6.007179612755E0));
#4595=CARTESIAN_POINT('',(1.587896218508E1,1.235716870353E1,6.130034958373E0));
#4596=CARTESIAN_POINT('',(1.580579905626E1,1.229084257151E1,6.247801749902E0));
#4597=CARTESIAN_POINT('',(1.571866614814E1,1.221121859669E1,6.359108932667E0));
#4598=CARTESIAN_POINT('',(1.561752581260E1,1.211794882613E1,6.462370725263E0));
#4599=CARTESIAN_POINT('',(1.550268976048E1,1.201097778737E1,6.555674545810E0));
#4600=CARTESIAN_POINT('',(1.537490404977E1,1.189064097092E1,6.636866502386E0));
#4601=CARTESIAN_POINT('',(1.523531438776E1,1.175766006499E1,6.703800729797E0));
#4602=CARTESIAN_POINT('',(1.508597554081E1,1.161365750422E1,6.754244787577E0));
#4603=CARTESIAN_POINT('',(1.492914647868E1,1.146051812294E1,6.786431141396E0));
#4604=CARTESIAN_POINT('',(1.476872365875E1,1.130182050054E1,6.798890178555E0));
#4605=CARTESIAN_POINT('',(1.465603690647E1,1.118884777195E1,6.793538513358E0));
#4606=CARTESIAN_POINT('',(1.459724004008E1,1.112946195588E1,6.786697884313E0));
#4607=CARTESIAN_POINT('',(1.459145155520E1,1.112361130238E1,6.785984884282E0));
#4608=(BOUNDED_SURFACE()B_SPLINE_SURFACE(3,3,((#4528,#4529,#4530,#4531,#4532,
#4533,#4534,#4535,#4536,#4537,#4538,#4539,#4540,#4541,#4542,#4543,#4544,#4545,
#4546,#4547),(#4548,#4549,#4550,#4551,#4552,#4553,#4554,#4555,#4556,#4557,#4558,
#4559,#4560,#4561,#4562,#4563,#4564,#4565,#4566,#4567),(#4568,#4569,#4570,#4571,
#4572,#4573,#4574,#4575,#4576,#4577,#4578,#4579,#4580,#4581,#4582,#4583,#4584,
#4585,#4586,#4587),(#4588,#4589,#4590,#4591,#4592,#4593,#4594,#4595,#4596,#4597,
#4598,#4599,#4600,#4601,#4602,#4603,#4604,#4605,#4606,#4607)),.UNSPECIFIED.,.F.,
.F.,.F.)B_SPLINE_SURFACE_WITH_KNOTS((4,4),(4,1,1,1,1,1,1,1,1,1,1,1,1,1,1,1,1,4),
(0.E0,1.E0),(-4.551137613871E-3,0.E0,4.853881196205E-2,9.634638094045E-2,
1.452775631730E-1,1.964524266285E-1,2.500583312914E-1,3.066715050143E-1,
3.671240985834E-1,4.316872094799E-1,5.007532967718E-1,5.746020038593E-1,
6.529001524939E-1,7.355985465879E-1,8.216706467106E-1,9.107081373605E-1,1.E0,
1.009760727026E0),.UNSPECIFIED.)GEOMETRIC_REPRESENTATION_ITEM()RATIONAL_B_SPLINE_SURFACE(((1.202333583976E0,1.202333583976E0,1.202333583976E0,1.202333583976E0,
1.202333583976E0,1.202333583976E0,1.202333583976E0,1.202333583976E0,
1.202333583976E0,1.202333583976E0,1.202333583976E0,1.202333583976E0,
1.202333583976E0,1.202333583976E0,1.202333583976E0,1.202333583976E0,
1.202333583976E0,1.202333583976E0,1.202333583976E0,1.202333583976E0),(
9.325554720079E-1,9.325554720079E-1,9.325554720079E-1,9.325554720079E-1,
9.325554720079E-1,9.325554720079E-1,9.325554720079E-1,9.325554720079E-1,
9.325554720079E-1,9.325554720079E-1,9.325554720079E-1,9.325554720079E-1,
9.325554720079E-1,9.325554720079E-1,9.325554720079E-1,9.325554720079E-1,
9.325554720079E-1,9.325554720079E-1,9.325554720079E-1,9.325554720079E-1),(
9.325554720079E-1,9.325554720079E-1,9.325554720079E-1,9.325554720079E-1,
9.325554720079E-1,9.325554720079E-1,9.325554720079E-1,9.325554720079E-1,
9.325554720079E-1,9.325554720079E-1,9.325554720079E-1,9.325554720079E-1,
9.325554720079E-1,9.325554720079E-1,9.325554720079E-1,9.325554720079E-1,
9.325554720079E-1,9.325554720079E-1,9.325554720079E-1,9.325554720079E-1),(
1.202333583976E0,1.202333583976E0,1.202333583976E0,1.202333583976E0,
1.202333583976E0,1.202333583976E0,1.202333583976E0,1.202333583976E0,
1.202333583976E0,1.202333583976E0,1.202333583976E0,1.202333583976E0,
1.202333583976E0,1.202333583976E0,1.202333583976E0,1.202333583976E0,
1.202333583976E0,1.202333583976E0,1.202333583976E0,1.202333583976E0)))REPRESENTATION_ITEM('')SURFACE());
#4609=ORIENTED_EDGE('',*,*,#4522,.F.);
#4611=ORIENTED_EDGE('',*,*,#4610,.F.);
#4613=ORIENTED_EDGE('',*,*,#4612,.F.);
#4614=EDGE_LOOP('',(#4609,#4611,#4613));
#4615=FACE_OUTER_BOUND('',#4614,.F.);
#4616=ADVANCED_FACE('',(#4615),#4608,.T.);
#4617=CARTESIAN_POINT('',(1.475E1,-6.13224E1,5.5E0));
#4618=DIRECTION('',(0.E0,1.E0,0.E0));
#4619=DIRECTION('',(0.E0,0.E0,1.E0));
#4620=AXIS2_PLACEMENT_3D('',#4617,#4618,#4619);
#4621=CYLINDRICAL_SURFACE('',#4620,1.5E0);
#4622=ORIENTED_EDGE('',*,*,#3635,.F.);
#4624=ORIENTED_EDGE('',*,*,#4623,.T.);
#4625=ORIENTED_EDGE('',*,*,#2779,.T.);
#4626=ORIENTED_EDGE('',*,*,#4610,.T.);
#4627=EDGE_LOOP('',(#4622,#4624,#4625,#4626));
#4628=FACE_OUTER_BOUND('',#4627,.F.);
#4629=ADVANCED_FACE('',(#4628),#4621,.T.);
#4630=CARTESIAN_POINT('',(1.603778989761E1,-1.249939180743E1,5.472718033453E0));
#4631=CARTESIAN_POINT('',(1.603784976870E1,-1.249946041026E1,5.476482895056E0));
#4632=CARTESIAN_POINT('',(1.603846307749E1,-1.250016309427E1,5.525168167950E0));
#4633=CARTESIAN_POINT('',(1.603567134793E1,-1.249696470400E1,5.618213745093E0));
#4634=CARTESIAN_POINT('',(1.602127742564E1,-1.248047286494E1,5.751029954015E0));
#4635=CARTESIAN_POINT('',(1.599652291659E1,-1.245210553778E1,5.882695911511E0));
#4636=CARTESIAN_POINT('',(1.596073414581E1,-1.241108312552E1,6.014047933106E0));
#4637=CARTESIAN_POINT('',(1.591323443952E1,-1.235661899812E1,6.144471289919E0));
#4638=CARTESIAN_POINT('',(1.585338330684E1,-1.228796472138E1,6.272900785238E0));
#4639=CARTESIAN_POINT('',(1.578044326640E1,-1.220425741093E1,6.398077987859E0));
#4640=CARTESIAN_POINT('',(1.569374854253E1,-1.210471349784E1,6.518320776482E0));
#4641=CARTESIAN_POINT('',(1.559296107796E1,-1.198892352928E1,6.631391936420E0));
#4642=CARTESIAN_POINT('',(1.547818302270E1,-1.185698258347E1,6.734599429138E0));
#4643=CARTESIAN_POINT('',(1.534991782437E1,-1.170944726325E1,6.825129157404E0));
#4644=CARTESIAN_POINT('',(1.520971551580E1,-1.154807976940E1,6.899794111795E0));
#4645=CARTESIAN_POINT('',(1.505967329421E1,-1.137527617641E1,6.955804203777E0));
#4646=CARTESIAN_POINT('',(1.490251511806E1,-1.119416021866E1,6.990905875263E0));
#4647=CARTESIAN_POINT('',(1.478974544272E1,-1.106411478927E1,6.999738619737E0));
#4648=CARTESIAN_POINT('',(1.472981210498E1,-1.099497528093E1,6.999672472346E0));
#4649=CARTESIAN_POINT('',(1.472395675575E1,-1.098822028329E1,6.999620729543E0));
#4650=CARTESIAN_POINT('',(1.616616248827E1,-1.250706065025E1,5.470222759184E0));
#4651=CARTESIAN_POINT('',(1.616622839398E1,-1.250714152542E1,5.474331743296E0));
#4652=CARTESIAN_POINT('',(1.616690312552E1,-1.250797023275E1,5.527468797066E0));
#4653=CARTESIAN_POINT('',(1.616383002631E1,-1.250419434757E1,5.629047631915E0));
#4654=CARTESIAN_POINT('',(1.614802920007E1,-1.248478849753E1,5.773546991575E0));
#4655=CARTESIAN_POINT('',(1.612099559208E1,-1.245162367295E1,5.915811074505E0));
#4656=CARTESIAN_POINT('',(1.608219370374E1,-1.240410215425E1,6.056325300861E0));
#4657=CARTESIAN_POINT('',(1.603113842207E1,-1.234171904150E1,6.194100131664E0));
#4658=CARTESIAN_POINT('',(1.596740274707E1,-1.226407109140E1,6.327795500242E0));
#4659=CARTESIAN_POINT('',(1.589045231843E1,-1.217065552494E1,6.455979855929E0));
#4660=CARTESIAN_POINT('',(1.579980746433E1,-1.206106608494E1,6.576883517492E0));
#4661=CARTESIAN_POINT('',(1.569529525268E1,-1.193529043241E1,6.688265683401E0));
#4662=CARTESIAN_POINT('',(1.557715730638E1,-1.179382886333E1,6.787512563902E0));
#4663=CARTESIAN_POINT('',(1.544600396510E1,-1.163762296478E1,6.871968667364E0));
#4664=CARTESIAN_POINT('',(1.530347613952E1,-1.146882596149E1,6.938705636922E0));
#4665=CARTESIAN_POINT('',(1.515173197771E1,-1.129016495083E1,6.985272172918E0));
#4666=CARTESIAN_POINT('',(1.499353614153E1,-1.110502528873E1,7.009824874570E0));
#4667=CARTESIAN_POINT('',(1.488052044111E1,-1.097357500290E1,7.010821945453E0));
#4668=CARTESIAN_POINT('',(1.482060212343E1,-1.090412132127E1,7.006567966608E0));
#4669=CARTESIAN_POINT('',(1.481474968467E1,-1.089733972210E1,7.006106912969E0));
#4670=CARTESIAN_POINT('',(1.625709937341E1,-1.241609331600E1,5.470223320449E0));
#4671=CARTESIAN_POINT('',(1.625716955395E1,-1.241617840247E1,5.474332072031E0));
#4672=CARTESIAN_POINT('',(1.625788779627E1,-1.241705047019E1,5.527467357731E0));
#4673=CARTESIAN_POINT('',(1.625461537975E1,-1.241307449899E1,5.629060493139E0));
#4674=CARTESIAN_POINT('',(1.623781792750E1,-1.239268170392E1,5.773230837577E0));
#4675=CARTESIAN_POINT('',(1.620916984592E1,-1.235797015326E1,5.914477722938E0));
#4676=CARTESIAN_POINT('',(1.616823351809E1,-1.230851997280E1,6.052986364384E0));
#4677=CARTESIAN_POINT('',(1.611465952938E1,-1.224407469444E1,6.187543467597E0));
#4678=CARTESIAN_POINT('',(1.604817211292E1,-1.216452162579E1,6.316684354410E0));
#4679=CARTESIAN_POINT('',(1.596838079582E1,-1.206966636905E1,6.438936747756E0));
#4680=CARTESIAN_POINT('',(1.587493773895E1,-1.195941803682E1,6.552577562405E0));
#4681=CARTESIAN_POINT('',(1.576778698199E1,-1.183406952701E1,6.655507245178E0));
#4682=CARTESIAN_POINT('',(1.564726894798E1,-1.169439964236E1,6.745339962194E0));
#4683=CARTESIAN_POINT('',(1.551406969704E1,-1.154158460672E1,6.819712462420E0));
#4684=CARTESIAN_POINT('',(1.536989451611E1,-1.137793904968E1,6.876082864579E0));
#4685=CARTESIAN_POINT('',(1.521694472979E1,-1.120626859607E1,6.912417123831E0));
#4686=CARTESIAN_POINT('',(1.505801383349E1,-1.102994162232E1,6.927304743468E0));
#4687=CARTESIAN_POINT('',(1.494482385324E1,-1.090586156090E1,6.922230587689E0));
#4688=CARTESIAN_POINT('',(1.488491617549E1,-1.084063024684E1,6.915039412007E0));
#4689=CARTESIAN_POINT('',(1.487906579847E1,-1.083426405231E1,6.914294191857E0));
#4690=CARTESIAN_POINT('',(1.624938764987E1,-1.228772320425E1,5.472719339439E0));
#4691=CARTESIAN_POINT('',(1.624945746789E1,-1.228780160618E1,5.476483659976E0));
#4692=CARTESIAN_POINT('',(1.625017202037E1,-1.228860518394E1,5.525164818814E0));
#4693=CARTESIAN_POINT('',(1.624691650656E1,-1.228494122073E1,5.618243671410E0));
#4694=CARTESIAN_POINT('',(1.623020357122E1,-1.226615289496E1,5.750294306700E0));
#4695=CARTESIAN_POINT('',(1.620169240189E1,-1.223418654675E1,5.879593383927E0));
#4696=CARTESIAN_POINT('',(1.616093708100E1,-1.218867640112E1,6.006278682461E0));
#4697=CARTESIAN_POINT('',(1.610757668628E1,-1.212941389509E1,6.129214825211E0));
#4698=CARTESIAN_POINT('',(1.604132262584E1,-1.205632666681E1,6.247046661477E0));
#4699=CARTESIAN_POINT('',(1.596177222470E1,-1.196926939309E1,6.358420995262E0));
#4700=CARTESIAN_POINT('',(1.586856646390E1,-1.186819232748E1,6.461764127824E0));
#4701=CARTESIAN_POINT('',(1.576163946358E1,-1.175339626186E1,6.555167510161E0));
#4702=CARTESIAN_POINT('',(1.564132326822E1,-1.162562432181E1,6.636469526025E0));
#4703=CARTESIAN_POINT('',(1.550829751662E1,-1.148597907797E1,6.703536082268E0));
#4704=CARTESIAN_POINT('',(1.536426203643E1,-1.133659829828E1,6.754079445549E0));
#4705=CARTESIAN_POINT('',(1.521141449072E1,-1.118006077990E1,6.786280422490E0));
#4706=CARTESIAN_POINT('',(1.505254592974E1,-1.101945074825E1,6.798892763861E0));
#4707=CARTESIAN_POINT('',(1.493937072895E1,-1.090655482774E1,6.793598590383E0));
#4708=CARTESIAN_POINT('',(1.487946214891E1,-1.084724019393E1,6.786697985801E0));
#4709=CARTESIAN_POINT('',(1.487361159704E1,-1.084145178634E1,6.785985026211E0));
#4710=(BOUNDED_SURFACE()B_SPLINE_SURFACE(3,3,((#4630,#4631,#4632,#4633,#4634,
#4635,#4636,#4637,#4638,#4639,#4640,#4641,#4642,#4643,#4644,#4645,#4646,#4647,
#4648,#4649),(#4650,#4651,#4652,#4653,#4654,#4655,#4656,#4657,#4658,#4659,#4660,
#4661,#4662,#4663,#4664,#4665,#4666,#4667,#4668,#4669),(#4670,#4671,#4672,#4673,
#4674,#4675,#4676,#4677,#4678,#4679,#4680,#4681,#4682,#4683,#4684,#4685,#4686,
#4687,#4688,#4689),(#4690,#4691,#4692,#4693,#4694,#4695,#4696,#4697,#4698,#4699,
#4700,#4701,#4702,#4703,#4704,#4705,#4706,#4707,#4708,#4709)),.UNSPECIFIED.,.F.,
.F.,.F.)B_SPLINE_SURFACE_WITH_KNOTS((4,4),(4,1,1,1,1,1,1,1,1,1,1,1,1,1,1,1,1,4),
(0.E0,1.E0),(-4.072543401368E-3,0.E0,4.858107978023E-2,9.637561598282E-2,
1.452912388654E-1,1.964615649740E-1,2.500468830797E-1,3.066155927745E-1,
3.670234447541E-1,4.315455065097E-1,5.005697078969E-1,5.743938254350E-1,
6.526727970661E-1,7.354232045778E-1,8.214249951395E-1,9.098804637241E-1,1.E0,
1.009755756127E0),.UNSPECIFIED.)GEOMETRIC_REPRESENTATION_ITEM()RATIONAL_B_SPLINE_SURFACE(((1.202333536719E0,1.202333536719E0,1.202333536719E0,1.202333536719E0,
1.202333536719E0,1.202333536719E0,1.202333536719E0,1.202333536719E0,
1.202333536719E0,1.202333536719E0,1.202333536719E0,1.202333536719E0,
1.202333536719E0,1.202333536719E0,1.202333536719E0,1.202333536719E0,
1.202333536719E0,1.202333536719E0,1.202333536719E0,1.202333536719E0),(
9.325554877604E-1,9.325554877604E-1,9.325554877604E-1,9.325554877604E-1,
9.325554877604E-1,9.325554877604E-1,9.325554877604E-1,9.325554877604E-1,
9.325554877604E-1,9.325554877604E-1,9.325554877604E-1,9.325554877604E-1,
9.325554877604E-1,9.325554877604E-1,9.325554877604E-1,9.325554877604E-1,
9.325554877604E-1,9.325554877604E-1,9.325554877604E-1,9.325554877604E-1),(
9.325554877604E-1,9.325554877604E-1,9.325554877604E-1,9.325554877604E-1,
9.325554877604E-1,9.325554877604E-1,9.325554877604E-1,9.325554877604E-1,
9.325554877604E-1,9.325554877604E-1,9.325554877604E-1,9.325554877604E-1,
9.325554877604E-1,9.325554877604E-1,9.325554877604E-1,9.325554877604E-1,
9.325554877604E-1,9.325554877604E-1,9.325554877604E-1,9.325554877604E-1),(
1.202333536719E0,1.202333536719E0,1.202333536719E0,1.202333536719E0,
1.202333536719E0,1.202333536719E0,1.202333536719E0,1.202333536719E0,
1.202333536719E0,1.202333536719E0,1.202333536719E0,1.202333536719E0,
1.202333536719E0,1.202333536719E0,1.202333536719E0,1.202333536719E0,
1.202333536719E0,1.202333536719E0,1.202333536719E0,1.202333536719E0)))REPRESENTATION_ITEM('')SURFACE());
#4712=ORIENTED_EDGE('',*,*,#4711,.F.);
#4714=ORIENTED_EDGE('',*,*,#4713,.F.);
#4715=ORIENTED_EDGE('',*,*,#4623,.F.);
#4716=EDGE_LOOP('',(#4712,#4714,#4715));
#4717=FACE_OUTER_BOUND('',#4716,.F.);
#4718=ADVANCED_FACE('',(#4717),#4710,.T.);
#4719=CARTESIAN_POINT('',(1.605E1,-1.23E1,1.61252E1));
#4720=DIRECTION('',(0.E0,0.E0,-1.E0));
#4721=DIRECTION('',(1.E0,0.E0,0.E0));
#4722=AXIS2_PLACEMENT_3D('',#4719,#4720,#4721);
#4723=CYLINDRICAL_SURFACE('',#4722,2.E-1);
#4724=ORIENTED_EDGE('',*,*,#2976,.T.);
#4726=ORIENTED_EDGE('',*,*,#4725,.F.);
#4727=ORIENTED_EDGE('',*,*,#4711,.T.);
#4728=ORIENTED_EDGE('',*,*,#3633,.T.);
#4729=EDGE_LOOP('',(#4724,#4726,#4727,#4728));
#4730=FACE_OUTER_BOUND('',#4729,.F.);
#4731=ADVANCED_FACE('',(#4730),#4723,.T.);
#4732=CARTESIAN_POINT('',(1.425E1,-1.25E1,0.E0));
#4733=DIRECTION('',(0.E0,-1.E0,0.E0));
#4734=DIRECTION('',(1.E0,0.E0,0.E0));
#4735=AXIS2_PLACEMENT_3D('',#4732,#4733,#4734);
#4736=PLANE('',#4735);
#4737=ORIENTED_EDGE('',*,*,#2974,.F.);
#4739=ORIENTED_EDGE('',*,*,#4738,.F.);
#4741=ORIENTED_EDGE('',*,*,#4740,.F.);
#4742=ORIENTED_EDGE('',*,*,#4725,.T.);
#4743=EDGE_LOOP('',(#4737,#4739,#4741,#4742));
#4744=FACE_OUTER_BOUND('',#4743,.F.);
#4745=ADVANCED_FACE('',(#4744),#4736,.T.);
#4746=CARTESIAN_POINT('',(1.487132034356E1,-1.1E1,1.61252E1));
#4747=DIRECTION('',(0.E0,0.E0,-1.E0));
#4748=DIRECTION('',(0.E0,-1.E0,0.E0));
#4749=AXIS2_PLACEMENT_3D('',#4746,#4747,#4748);
#4750=CYLINDRICAL_SURFACE('',#4749,1.5E0);
#4751=ORIENTED_EDGE('',*,*,#2972,.T.);
#4753=ORIENTED_EDGE('',*,*,#4752,.T.);
#4755=ORIENTED_EDGE('',*,*,#4754,.T.);
#4757=ORIENTED_EDGE('',*,*,#4756,.T.);
#4759=ORIENTED_EDGE('',*,*,#4758,.T.);
#4761=ORIENTED_EDGE('',*,*,#4760,.F.);
#4763=ORIENTED_EDGE('',*,*,#4762,.T.);
#4764=ORIENTED_EDGE('',*,*,#4738,.T.);
#4765=EDGE_LOOP('',(#4751,#4753,#4755,#4757,#4759,#4761,#4763,#4764));
#4766=FACE_OUTER_BOUND('',#4765,.F.);
#4767=ADVANCED_FACE('',(#4766),#4750,.T.);
#4768=CARTESIAN_POINT('',(1.445E1,-1.23E1,1.61252E1));
#4769=DIRECTION('',(0.E0,0.E0,-1.E0));
#4770=DIRECTION('',(0.E0,-1.E0,0.E0));
#4771=AXIS2_PLACEMENT_3D('',#4768,#4769,#4770);
#4772=CYLINDRICAL_SURFACE('',#4771,2.E-1);
#4773=ORIENTED_EDGE('',*,*,#2970,.T.);
#4775=ORIENTED_EDGE('',*,*,#4774,.F.);
#4777=ORIENTED_EDGE('',*,*,#4776,.T.);
#4778=ORIENTED_EDGE('',*,*,#4752,.F.);
#4779=EDGE_LOOP('',(#4773,#4775,#4777,#4778));
#4780=FACE_OUTER_BOUND('',#4779,.F.);
#4781=ADVANCED_FACE('',(#4780),#4772,.T.);
#4782=CARTESIAN_POINT('',(1.425E1,1.25E1,0.E0));
#4783=DIRECTION('',(-1.E0,0.E0,0.E0));
#4784=DIRECTION('',(0.E0,-1.E0,0.E0));
#4785=AXIS2_PLACEMENT_3D('',#4782,#4783,#4784);
#4786=PLANE('',#4785);
#4787=ORIENTED_EDGE('',*,*,#2968,.F.);
#4789=ORIENTED_EDGE('',*,*,#4788,.F.);
#4791=ORIENTED_EDGE('',*,*,#4790,.T.);
#4792=ORIENTED_EDGE('',*,*,#4774,.T.);
#4793=EDGE_LOOP('',(#4787,#4789,#4791,#4792));
#4794=FACE_OUTER_BOUND('',#4793,.F.);
#4795=ADVANCED_FACE('',(#4794),#4786,.T.);
#4796=CARTESIAN_POINT('',(1.445E1,1.23E1,1.61252E1));
#4797=DIRECTION('',(0.E0,0.E0,-1.E0));
#4798=DIRECTION('',(-1.E0,0.E0,0.E0));
#4799=AXIS2_PLACEMENT_3D('',#4796,#4797,#4798);
#4800=CYLINDRICAL_SURFACE('',#4799,2.E-1);
#4801=ORIENTED_EDGE('',*,*,#2966,.T.);
#4802=ORIENTED_EDGE('',*,*,#4496,.F.);
#4804=ORIENTED_EDGE('',*,*,#4803,.T.);
#4805=ORIENTED_EDGE('',*,*,#4788,.T.);
#4806=EDGE_LOOP('',(#4801,#4802,#4804,#4805));
#4807=FACE_OUTER_BOUND('',#4806,.F.);
#4808=ADVANCED_FACE('',(#4807),#4800,.T.);
#4809=CARTESIAN_POINT('',(1.405E1,1.23E1,4.8E0));
#4810=DIRECTION('',(0.E0,-1.E0,0.E0));
#4811=DIRECTION('',(9.970458808888E-1,0.E0,-7.680827691486E-2));
#4812=AXIS2_PLACEMENT_3D('',#4809,#4810,#4811);
#4813=TOROIDAL_SURFACE('',#4812,4.E-1,2.E-1);
#4814=ORIENTED_EDGE('',*,*,#4494,.F.);
#4816=ORIENTED_EDGE('',*,*,#4815,.T.);
#4818=ORIENTED_EDGE('',*,*,#4817,.F.);
#4819=ORIENTED_EDGE('',*,*,#4803,.F.);
#4820=EDGE_LOOP('',(#4814,#4816,#4818,#4819));
#4821=FACE_OUTER_BOUND('',#4820,.F.);
#4822=ADVANCED_FACE('',(#4821),#4813,.T.);
#4823=CARTESIAN_POINT('',(1.405576296554E1,1.200325301663E1,5.000456525953E0));
#4824=CARTESIAN_POINT('',(1.405850169251E1,1.200871671809E1,5.000377813377E0));
#4825=CARTESIAN_POINT('',(1.406749550642E1,1.202667865528E1,4.999934418703E0));
#4826=CARTESIAN_POINT('',(1.408242021018E1,1.205659210925E1,4.998186816687E0));
#4827=CARTESIAN_POINT('',(1.410025105438E1,1.209250809572E1,4.994414029403E0));
#4828=CARTESIAN_POINT('',(1.411736373315E1,1.212714865939E1,4.989157642437E0));
#4829=CARTESIAN_POINT('',(1.413395057030E1,1.216089582313E1,4.982402156835E0));
#4830=CARTESIAN_POINT('',(1.415012517116E1,1.219398087830E1,4.974055686722E0));
#4831=CARTESIAN_POINT('',(1.416595702423E1,1.222655217575E1,4.963949348912E0));
#4832=CARTESIAN_POINT('',(1.418152566816E1,1.225878607952E1,4.951780643628E0));
#4833=CARTESIAN_POINT('',(1.419393291237E1,1.228466134526E1,4.939876455863E0));
#4834=CARTESIAN_POINT('',(1.420105947960E1,1.229961234972E1,4.931845924366E0));
#4835=CARTESIAN_POINT('',(1.420332443918E1,1.230437380604E1,4.929152364799E0));
#4836=CARTESIAN_POINT('',(1.398168368820E1,1.207743137056E1,4.993149640984E0));
#4837=CARTESIAN_POINT('',(1.398431575986E1,1.208288818936E1,4.994082650445E0));
#4838=CARTESIAN_POINT('',(1.399306131614E1,1.210086157005E1,4.996973191192E0));
#4839=CARTESIAN_POINT('',(1.400813323854E1,1.213098135689E1,5.000798339610E0));
#4840=CARTESIAN_POINT('',(1.402707393027E1,1.216746021487E1,5.003662569071E0));
#4841=CARTESIAN_POINT('',(1.404615636263E1,1.220295651389E1,5.004670289147E0));
#4842=CARTESIAN_POINT('',(1.406556435328E1,1.223786426726E1,5.003789500658E0));
#4843=CARTESIAN_POINT('',(1.408544250579E1,1.227244477276E1,5.000861867279E0));
#4844=CARTESIAN_POINT('',(1.410592400515E1,1.230689421238E1,4.995596808815E0));
#4845=CARTESIAN_POINT('',(1.412720052018E1,1.234146493196E1,4.987502189203E0));
#4846=CARTESIAN_POINT('',(1.414521529156E1,1.236968953864E1,4.977998300693E0));
#4847=CARTESIAN_POINT('',(1.415607787901E1,1.238624739749E1,4.970789530277E0));
#4848=CARTESIAN_POINT('',(1.415958705438E1,1.239154822619E1,4.968285287202E0));
#4849=CARTESIAN_POINT('',(1.392204876418E1,1.213620520999E1,5.056654473575E0));
#4850=CARTESIAN_POINT('',(1.392554278852E1,1.214165657545E1,5.058401932260E0));
#4851=CARTESIAN_POINT('',(1.393720380460E1,1.215963902318E1,5.063912457704E0));
#4852=CARTESIAN_POINT('',(1.395757901562E1,1.218992229403E1,5.071767600598E0));
#4853=CARTESIAN_POINT('',(1.398363272825E1,1.222684713278E1,5.078844314207E0));
#4854=CARTESIAN_POINT('',(1.401029434413E1,1.226302145780E1,5.083239249509E0));
#4855=CARTESIAN_POINT('',(1.403780736484E1,1.229884878278E1,5.084901298674E0));
#4856=CARTESIAN_POINT('',(1.406638162080E1,1.233461418054E1,5.083584941027E0));
#4857=CARTESIAN_POINT('',(1.409622741522E1,1.237055173120E1,5.078839717785E0));
#4858=CARTESIAN_POINT('',(1.412765732162E1,1.240697398333E1,5.069910705271E0));
#4859=CARTESIAN_POINT('',(1.415464458225E1,1.243706004662E1,5.058271622346E0));
#4860=CARTESIAN_POINT('',(1.417108945135E1,1.245489106667E1,5.048958941706E0));
#4861=CARTESIAN_POINT('',(1.417642007227E1,1.246061925703E1,5.045677200620E0));
#4862=CARTESIAN_POINT('',(1.390634337320E1,1.215051509960E1,5.159572452638E0));
#4863=CARTESIAN_POINT('',(1.391124178459E1,1.215596513732E1,5.161534401188E0));
#4864=CARTESIAN_POINT('',(1.392754049277E1,1.217394979263E1,5.167655566658E0));
#4865=CARTESIAN_POINT('',(1.395575296772E1,1.220427286755E1,5.176005405725E0));
#4866=CARTESIAN_POINT('',(1.399140599751E1,1.224130629094E1,5.182787300526E0));
#4867=CARTESIAN_POINT('',(1.402750886585E1,1.227764569751E1,5.186017824991E0));
#4868=CARTESIAN_POINT('',(1.406440343888E1,1.231369691408E1,5.185633602065E0));
#4869=CARTESIAN_POINT('',(1.410236675254E1,1.234975080206E1,5.181324299215E0));
#4870=CARTESIAN_POINT('',(1.414166152058E1,1.238605066875E1,5.172520445952E0));
#4871=CARTESIAN_POINT('',(1.418267021705E1,1.242292372054E1,5.158261109225E0));
#4872=CARTESIAN_POINT('',(1.421755867854E1,1.245346299973E1,5.141007038245E0));
#4873=CARTESIAN_POINT('',(1.423867205405E1,1.247160400116E1,5.127705008323E0));
#4874=CARTESIAN_POINT('',(1.424550077649E1,1.247743624289E1,5.123063371555E0));
#4875=(BOUNDED_SURFACE()B_SPLINE_SURFACE(3,3,((#4823,#4824,#4825,#4826,#4827,
#4828,#4829,#4830,#4831,#4832,#4833,#4834,#4835),(#4836,#4837,#4838,#4839,#4840,
#4841,#4842,#4843,#4844,#4845,#4846,#4847,#4848),(#4849,#4850,#4851,#4852,#4853,
#4854,#4855,#4856,#4857,#4858,#4859,#4860,#4861),(#4862,#4863,#4864,#4865,#4866,
#4867,#4868,#4869,#4870,#4871,#4872,#4873,#4874)),.UNSPECIFIED.,.F.,.F.,.F.)B_SPLINE_SURFACE_WITH_KNOTS((4,4),(4,1,1,1,1,1,1,1,1,1,4),(0.E0,1.E0),(
1.752790306200E-2,2.943140299290E-2,5.666373374794E-2,8.280979971230E-2,
1.082694179178E-1,1.334291549677E-1,1.586174093187E-1,1.839818042791E-1,
2.098563003164E-1,2.368674465127E-1,2.498533354061E-1),.UNSPECIFIED.)GEOMETRIC_REPRESENTATION_ITEM()RATIONAL_B_SPLINE_SURFACE(((1.141040625266E0,
1.141040625266E0,1.141040625266E0,1.141040625266E0,1.141040625266E0,
1.141040625266E0,1.141040625266E0,1.141040625266E0,1.141040625266E0,
1.141040625266E0,1.141040625266E0,1.141040625266E0,1.141040625266E0),(
9.529864582446E-1,9.529864582446E-1,9.529864582446E-1,9.529864582446E-1,
9.529864582446E-1,9.529864582446E-1,9.529864582446E-1,9.529864582446E-1,
9.529864582446E-1,9.529864582446E-1,9.529864582446E-1,9.529864582446E-1,
9.529864582446E-1),(9.529864582446E-1,9.529864582446E-1,9.529864582446E-1,
9.529864582446E-1,9.529864582446E-1,9.529864582446E-1,9.529864582446E-1,
9.529864582446E-1,9.529864582446E-1,9.529864582446E-1,9.529864582446E-1,
9.529864582446E-1,9.529864582446E-1),(1.141040625266E0,1.141040625266E0,
1.141040625266E0,1.141040625266E0,1.141040625266E0,1.141040625266E0,
1.141040625266E0,1.141040625266E0,1.141040625266E0,1.141040625266E0,
1.141040625266E0,1.141040625266E0,1.141040625266E0)))REPRESENTATION_ITEM('')SURFACE());
#4876=ORIENTED_EDGE('',*,*,#4492,.F.);
#4877=ORIENTED_EDGE('',*,*,#4474,.F.);
#4879=ORIENTED_EDGE('',*,*,#4878,.F.);
#4880=ORIENTED_EDGE('',*,*,#4815,.F.);
#4881=EDGE_LOOP('',(#4876,#4877,#4879,#4880));
#4882=FACE_OUTER_BOUND('',#4881,.F.);
#4883=ADVANCED_FACE('',(#4882),#4875,.T.);
#4884=CARTESIAN_POINT('',(1.405E1,6.13224E1,4.8E0));
#4885=DIRECTION('',(0.E0,-1.E0,0.E0));
#4886=DIRECTION('',(1.E0,0.E0,0.E0));
#4887=AXIS2_PLACEMENT_3D('',#4884,#4885,#4886);
#4888=CYLINDRICAL_SURFACE('',#4887,2.E-1);
#4889=ORIENTED_EDGE('',*,*,#4790,.F.);
#4890=ORIENTED_EDGE('',*,*,#4817,.T.);
#4891=ORIENTED_EDGE('',*,*,#4878,.T.);
#4892=ORIENTED_EDGE('',*,*,#4441,.T.);
#4894=ORIENTED_EDGE('',*,*,#4893,.T.);
#4896=ORIENTED_EDGE('',*,*,#4895,.T.);
#4897=EDGE_LOOP('',(#4889,#4890,#4891,#4892,#4894,#4896));
#4898=FACE_OUTER_BOUND('',#4897,.F.);
#4899=ADVANCED_FACE('',(#4898),#4888,.F.);
#4900=CARTESIAN_POINT('',(1.390633292370E1,-1.215050332660E1,5.159568544971E0));
#4901=CARTESIAN_POINT('',(1.390680141658E1,-1.215102458515E1,5.159756207731E0));
#4902=CARTESIAN_POINT('',(1.391825377461E1,-1.216375673726E1,5.164316039007E0));
#4903=CARTESIAN_POINT('',(1.394082607345E1,-1.218837740307E1,5.172009942878E0));
#4904=CARTESIAN_POINT('',(1.397488184474E1,-1.222427560793E1,5.180047634742E0));
#4905=CARTESIAN_POINT('',(1.400897013020E1,-1.225910449962E1,5.184746494751E0));
#4906=CARTESIAN_POINT('',(1.404303858801E1,-1.229292293026E1,5.186221187031E0));
#4907=CARTESIAN_POINT('',(1.407704765596E1,-1.232578569580E1,5.184519501226E0));
#4908=CARTESIAN_POINT('',(1.411109482675E1,-1.235786172542E1,5.179592136840E0));
#4909=CARTESIAN_POINT('',(1.414535626062E1,-1.238937033130E1,5.171235662802E0));
#4910=CARTESIAN_POINT('',(1.417997095034E1,-1.242047558443E1,5.159066571620E0));
#4911=CARTESIAN_POINT('',(1.421346709453E1,-1.244991252100E1,5.143227967644E0));
#4912=CARTESIAN_POINT('',(1.423533439565E1,-1.246875206663E1,5.129973939570E0));
#4913=CARTESIAN_POINT('',(1.424550534771E1,-1.247743809611E1,5.123059909150E0));
#4914=CARTESIAN_POINT('',(1.392204120446E1,-1.213619356229E1,5.056650840668E0));
#4915=CARTESIAN_POINT('',(1.392237537751E1,-1.213671494803E1,5.056817984665E0));
#4916=CARTESIAN_POINT('',(1.393054665662E1,-1.214944975464E1,5.060883224559E0));
#4917=CARTESIAN_POINT('',(1.394676367310E1,-1.217405460963E1,5.067929498983E0));
#4918=CARTESIAN_POINT('',(1.397152567551E1,-1.220987305204E1,5.075870701300E0));
#4919=CARTESIAN_POINT('',(1.399657463062E1,-1.224457097142E1,5.081278784663E0));
#4920=CARTESIAN_POINT('',(1.402184945553E1,-1.227821000698E1,5.084220048862E0));
#4921=CARTESIAN_POINT('',(1.404730343247E1,-1.231084634156E1,5.084712037646E0));
#4922=CARTESIAN_POINT('',(1.407299765210E1,-1.234264798999E1,5.082705483362E0));
#4923=CARTESIAN_POINT('',(1.409905944229E1,-1.237383086023E1,5.078035472168E0));
#4924=CARTESIAN_POINT('',(1.412559467955E1,-1.240455387158E1,5.070393172281E0));
#4925=CARTESIAN_POINT('',(1.415147020055E1,-1.243356543904E1,5.059792708004E0));
#4926=CARTESIAN_POINT('',(1.416848390321E1,-1.245209022024E1,5.050563086685E0));
#4927=CARTESIAN_POINT('',(1.417642357542E1,-1.246062131813E1,5.045674637841E0));
#4928=CARTESIAN_POINT('',(1.398167798055E1,-1.207741971201E1,4.993147588084E0));
#4929=CARTESIAN_POINT('',(1.398192971689E1,-1.207794162016E1,4.993236832628E0));
#4930=CARTESIAN_POINT('',(1.398808260837E1,-1.209068732950E1,4.995403913316E0));
#4931=CARTESIAN_POINT('',(1.400017091510E1,-1.211522724542E1,4.998995380328E0));
#4932=CARTESIAN_POINT('',(1.401830640600E1,-1.215071808312E1,5.002545294088E0));
#4933=CARTESIAN_POINT('',(1.403636750449E1,-1.218487806583E1,5.004353928378E0));
#4934=CARTESIAN_POINT('',(1.405433435657E1,-1.221778028008E1,5.004488290635E0));
#4935=CARTESIAN_POINT('',(1.407219214681E1,-1.224948660499E1,5.002979821881E0));
#4936=CARTESIAN_POINT('',(1.408999620429E1,-1.228016129990E1,4.999806942826E0));
#4937=CARTESIAN_POINT('',(1.410784060261E1,-1.231000629082E1,4.994867242086E0));
#4938=CARTESIAN_POINT('',(1.412579768179E1,-1.233915933772E1,4.987966935535E0));
#4939=CARTESIAN_POINT('',(1.414310562017E1,-1.236642380578E1,4.979213549654E0));
#4940=CARTESIAN_POINT('',(1.415436249526E1,-1.238365576923E1,4.972013579835E0));
#4941=CARTESIAN_POINT('',(1.415958917339E1,-1.239155052360E1,4.968283372361E0));
#4942=CARTESIAN_POINT('',(1.405575708121E1,-1.200324129071E1,5.000456657327E0));
#4943=CARTESIAN_POINT('',(1.405601902309E1,-1.200376385820E1,5.000449137504E0));
#4944=CARTESIAN_POINT('',(1.406241416827E1,-1.201652332785E1,5.000252996730E0));
#4945=CARTESIAN_POINT('',(1.407464169300E1,-1.204098128423E1,4.999290636450E0));
#4946=CARTESIAN_POINT('',(1.409209427137E1,-1.207605865235E1,4.996325644466E0));
#4947=CARTESIAN_POINT('',(1.410867398817E1,-1.210953970567E1,4.992005830420E0));
#4948=CARTESIAN_POINT('',(1.412443180355E1,-1.214151197844E1,4.986447631498E0));
#4949=CARTESIAN_POINT('',(1.413940808884E1,-1.217204453901E1,4.979733657944E0));
#4950=CARTESIAN_POINT('',(1.415368590067E1,-1.220129690696E1,4.971883984408E0));
#4951=CARTESIAN_POINT('',(1.416735807845E1,-1.222945336163E1,4.962851784152E0));
#4952=CARTESIAN_POINT('',(1.418047958681E1,-1.225662495786E1,4.952541809716E0));
#4953=CARTESIAN_POINT('',(1.419250904720E1,-1.228168441343E1,4.941331191210E0));
#4954=CARTESIAN_POINT('',(1.419995220995E1,-1.229728471281E1,4.933162598420E0));
#4955=CARTESIAN_POINT('',(1.420332556360E1,-1.230437633860E1,4.929150623616E0));
#4956=(BOUNDED_SURFACE()B_SPLINE_SURFACE(3,3,((#4900,#4901,#4902,#4903,#4904,
#4905,#4906,#4907,#4908,#4909,#4910,#4911,#4912,#4913),(#4914,#4915,#4916,#4917,
#4918,#4919,#4920,#4921,#4922,#4923,#4924,#4925,#4926,#4927),(#4928,#4929,#4930,
#4931,#4932,#4933,#4934,#4935,#4936,#4937,#4938,#4939,#4940,#4941),(#4942,#4943,
#4944,#4945,#4946,#4947,#4948,#4949,#4950,#4951,#4952,#4953,#4954,#4955)),
.UNSPECIFIED.,.F.,.F.,.F.)B_SPLINE_SURFACE_WITH_KNOTS((4,4),(4,1,1,1,1,1,1,1,1,
1,1,4),(0.E0,1.E0),(2.746951896023E-2,2.859661966668E-2,5.499015124062E-2,
8.024319558744E-2,1.045955094725E-1,1.280745082449E-1,1.507942116571E-1,
1.729494020760E-1,1.947885594852E-1,2.165415363671E-1,2.383379369377E-1,
2.574906552629E-1),.UNSPECIFIED.)GEOMETRIC_REPRESENTATION_ITEM()RATIONAL_B_SPLINE_SURFACE(((1.141041036456E0,1.141041036456E0,1.141041036456E0,1.141041036456E0,
1.141041036456E0,1.141041036456E0,1.141041036456E0,1.141041036456E0,
1.141041036456E0,1.141041036456E0,1.141041036456E0,1.141041036456E0,
1.141041036456E0,1.141041036456E0),(9.529863211814E-1,9.529863211814E-1,
9.529863211814E-1,9.529863211814E-1,9.529863211814E-1,9.529863211814E-1,
9.529863211814E-1,9.529863211814E-1,9.529863211814E-1,9.529863211814E-1,
9.529863211814E-1,9.529863211814E-1,9.529863211814E-1,9.529863211814E-1),(
9.529863211814E-1,9.529863211814E-1,9.529863211814E-1,9.529863211814E-1,
9.529863211814E-1,9.529863211814E-1,9.529863211814E-1,9.529863211814E-1,
9.529863211814E-1,9.529863211814E-1,9.529863211814E-1,9.529863211814E-1,
9.529863211814E-1,9.529863211814E-1),(1.141041036456E0,1.141041036456E0,
1.141041036456E0,1.141041036456E0,1.141041036456E0,1.141041036456E0,
1.141041036456E0,1.141041036456E0,1.141041036456E0,1.141041036456E0,
1.141041036456E0,1.141041036456E0,1.141041036456E0,1.141041036456E0)))REPRESENTATION_ITEM('')SURFACE());
#4957=ORIENTED_EDGE('',*,*,#4756,.F.);
#4959=ORIENTED_EDGE('',*,*,#4958,.T.);
#4960=ORIENTED_EDGE('',*,*,#4893,.F.);
#4962=ORIENTED_EDGE('',*,*,#4961,.F.);
#4963=EDGE_LOOP('',(#4957,#4959,#4960,#4962));
#4964=FACE_OUTER_BOUND('',#4963,.F.);
#4965=ADVANCED_FACE('',(#4964),#4956,.T.);
#4966=CARTESIAN_POINT('',(1.405E1,-1.23E1,4.8E0));
#4967=DIRECTION('',(0.E0,-1.E0,0.E0));
#4968=DIRECTION('',(9.967542221350E-1,0.E0,-8.050478654122E-2));
#4969=AXIS2_PLACEMENT_3D('',#4966,#4967,#4968);
#4970=TOROIDAL_SURFACE('',#4969,4.E-1,2.E-1);
#4971=ORIENTED_EDGE('',*,*,#4754,.F.);
#4972=ORIENTED_EDGE('',*,*,#4776,.F.);
#4973=ORIENTED_EDGE('',*,*,#4895,.F.);
#4974=ORIENTED_EDGE('',*,*,#4958,.F.);
#4975=EDGE_LOOP('',(#4971,#4972,#4973,#4974));
#4976=FACE_OUTER_BOUND('',#4975,.F.);
#4977=ADVANCED_FACE('',(#4976),#4970,.T.);
#4978=CARTESIAN_POINT('',(5.8617E1,-5.658415728753E1,5.2E0));
#4979=DIRECTION('',(-7.071067811865E-1,7.071067811865E-1,0.E0));
#4980=DIRECTION('',(0.E0,0.E0,-1.E0));
#4981=AXIS2_PLACEMENT_3D('',#4978,#4979,#4980);
#4982=CYLINDRICAL_SURFACE('',#4981,2.E-1);
#4983=ORIENTED_EDGE('',*,*,#4758,.F.);
#4984=ORIENTED_EDGE('',*,*,#4961,.T.);
#4985=ORIENTED_EDGE('',*,*,#4439,.T.);
#4987=ORIENTED_EDGE('',*,*,#4986,.T.);
#4989=ORIENTED_EDGE('',*,*,#4988,.F.);
#4990=EDGE_LOOP('',(#4983,#4984,#4985,#4987,#4989));
#4991=FACE_OUTER_BOUND('',#4990,.F.);
#4992=ADVANCED_FACE('',(#4991),#4982,.T.);
#4993=CARTESIAN_POINT('',(1.325E1,-8.671572875254E0,5.2E0));
#4994=DIRECTION('',(0.E0,0.E0,-1.E0));
#4995=DIRECTION('',(-7.016494160037E-1,-7.125223484367E-1,0.E0));
#4996=AXIS2_PLACEMENT_3D('',#4993,#4994,#4995);
#4997=TOROIDAL_SURFACE('',#4996,1.8E0,2.E-1);
#4998=ORIENTED_EDGE('',*,*,#4437,.T.);
#5000=ORIENTED_EDGE('',*,*,#4999,.T.);
#5002=ORIENTED_EDGE('',*,*,#5001,.F.);
#5003=ORIENTED_EDGE('',*,*,#4986,.F.);
#5004=EDGE_LOOP('',(#4998,#5000,#5002,#5003));
#5005=FACE_OUTER_BOUND('',#5004,.F.);
#5006=ADVANCED_FACE('',(#5005),#4997,.T.);
#5007=CARTESIAN_POINT('',(1.145E1,-8.693416475254E0,5.2E0));
#5008=DIRECTION('',(0.E0,1.E0,0.E0));
#5009=DIRECTION('',(0.E0,0.E0,-1.E0));
#5010=AXIS2_PLACEMENT_3D('',#5007,#5008,#5009);
#5011=CYLINDRICAL_SURFACE('',#5010,2.E-1);
#5012=ORIENTED_EDGE('',*,*,#4435,.T.);
#5014=ORIENTED_EDGE('',*,*,#5013,.T.);
#5016=ORIENTED_EDGE('',*,*,#5015,.F.);
#5017=ORIENTED_EDGE('',*,*,#4999,.F.);
#5018=EDGE_LOOP('',(#5012,#5014,#5016,#5017));
#5019=FACE_OUTER_BOUND('',#5018,.F.);
#5020=ADVANCED_FACE('',(#5019),#5011,.T.);
#5021=CARTESIAN_POINT('',(1.325E1,8.671572875254E0,5.2E0));
#5022=DIRECTION('',(0.E0,0.E0,-1.E0));
#5023=DIRECTION('',(-9.999704443983E-1,-7.688324254756E-3,0.E0));
#5024=AXIS2_PLACEMENT_3D('',#5021,#5022,#5023);
#5025=TOROIDAL_SURFACE('',#5024,1.8E0,2.E-1);
#5026=ORIENTED_EDGE('',*,*,#4433,.T.);
#5027=ORIENTED_EDGE('',*,*,#4471,.T.);
#5029=ORIENTED_EDGE('',*,*,#5028,.F.);
#5030=ORIENTED_EDGE('',*,*,#5013,.F.);
#5031=EDGE_LOOP('',(#5026,#5027,#5029,#5030));
#5032=FACE_OUTER_BOUND('',#5031,.F.);
#5033=ADVANCED_FACE('',(#5032),#5025,.T.);
#5034=CARTESIAN_POINT('',(1.325E1,8.671572875254E0,1.61252E1));
#5035=DIRECTION('',(0.E0,0.E0,-1.E0));
#5036=DIRECTION('',(-1.E0,0.E0,0.E0));
#5037=AXIS2_PLACEMENT_3D('',#5034,#5035,#5036);
#5038=CYLINDRICAL_SURFACE('',#5037,2.E0);
#5040=ORIENTED_EDGE('',*,*,#5039,.T.);
#5042=ORIENTED_EDGE('',*,*,#5041,.T.);
#5043=ORIENTED_EDGE('',*,*,#5028,.T.);
#5045=ORIENTED_EDGE('',*,*,#5044,.F.);
#5046=EDGE_LOOP('',(#5040,#5042,#5043,#5045));
#5047=FACE_OUTER_BOUND('',#5046,.F.);
#5048=ADVANCED_FACE('',(#5047),#5038,.T.);
#5049=CARTESIAN_POINT('',(1.325E1,8.671572875254E0,6.8E0));
#5050=DIRECTION('',(0.E0,0.E0,-1.E0));
#5051=DIRECTION('',(-6.993418824312E-1,7.147873330422E-1,0.E0));
#5052=AXIS2_PLACEMENT_3D('',#5049,#5050,#5051);
#5053=TOROIDAL_SURFACE('',#5052,1.8E0,2.E-1);
#5054=ORIENTED_EDGE('',*,*,#2789,.T.);
#5056=ORIENTED_EDGE('',*,*,#5055,.T.);
#5057=ORIENTED_EDGE('',*,*,#5039,.F.);
#5059=ORIENTED_EDGE('',*,*,#5058,.F.);
#5060=EDGE_LOOP('',(#5054,#5056,#5057,#5059));
#5061=FACE_OUTER_BOUND('',#5060,.F.);
#5062=ADVANCED_FACE('',(#5061),#5053,.T.);
#5063=CARTESIAN_POINT('',(1.145E1,8.686949675254E0,6.8E0));
#5064=DIRECTION('',(0.E0,-1.E0,0.E0));
#5065=DIRECTION('',(0.E0,0.E0,1.E0));
#5066=AXIS2_PLACEMENT_3D('',#5063,#5064,#5065);
#5067=CYLINDRICAL_SURFACE('',#5066,2.E-1);
#5068=ORIENTED_EDGE('',*,*,#2787,.T.);
#5070=ORIENTED_EDGE('',*,*,#5069,.T.);
#5072=ORIENTED_EDGE('',*,*,#5071,.F.);
#5073=ORIENTED_EDGE('',*,*,#5055,.F.);
#5074=EDGE_LOOP('',(#5068,#5070,#5072,#5073));
#5075=FACE_OUTER_BOUND('',#5074,.F.);
#5076=ADVANCED_FACE('',(#5075),#5067,.T.);
#5077=CARTESIAN_POINT('',(1.325E1,-8.671572875254E0,6.8E0));
#5078=DIRECTION('',(0.E0,0.E0,-1.E0));
#5079=DIRECTION('',(-9.999403577353E-1,1.092158286551E-2,0.E0));
#5080=AXIS2_PLACEMENT_3D('',#5077,#5078,#5079);
#5081=TOROIDAL_SURFACE('',#5080,1.8E0,2.E-1);
#5082=ORIENTED_EDGE('',*,*,#2785,.T.);
#5084=ORIENTED_EDGE('',*,*,#5083,.T.);
#5086=ORIENTED_EDGE('',*,*,#5085,.F.);
#5087=ORIENTED_EDGE('',*,*,#5069,.F.);
#5088=EDGE_LOOP('',(#5082,#5084,#5086,#5087));
#5089=FACE_OUTER_BOUND('',#5088,.F.);
#5090=ADVANCED_FACE('',(#5089),#5081,.T.);
#5091=CARTESIAN_POINT('',(1.196633475431E1,-9.933492041837E0,6.8E0));
#5092=DIRECTION('',(7.071067811865E-1,-7.071067811865E-1,0.E0));
#5093=DIRECTION('',(0.E0,0.E0,1.E0));
#5094=AXIS2_PLACEMENT_3D('',#5091,#5092,#5093);
#5095=CYLINDRICAL_SURFACE('',#5094,2.E-1);
#5097=ORIENTED_EDGE('',*,*,#5096,.F.);
#5099=ORIENTED_EDGE('',*,*,#5098,.F.);
#5100=ORIENTED_EDGE('',*,*,#5083,.F.);
#5101=ORIENTED_EDGE('',*,*,#2783,.T.);
#5102=EDGE_LOOP('',(#5097,#5099,#5100,#5101));
#5103=FACE_OUTER_BOUND('',#5102,.F.);
#5104=ADVANCED_FACE('',(#5103),#5095,.T.);
#5105=CARTESIAN_POINT('',(1.381387915068E1,-1.206337014581E1,6.401517410327E0));
#5106=CARTESIAN_POINT('',(1.381126639506E1,-1.206075739019E1,6.404175729927E0));
#5107=CARTESIAN_POINT('',(1.378072562768E1,-1.203021662281E1,6.434980813892E0));
#5108=CARTESIAN_POINT('',(1.371638101889E1,-1.196587201402E1,6.493589071794E0));
#5109=CARTESIAN_POINT('',(1.361256357442E1,-1.186205456954E1,6.571408186426E0));
#5110=CARTESIAN_POINT('',(1.349077778168E1,-1.174026877680E1,6.644124078611E0));
#5111=CARTESIAN_POINT('',(1.335186844406E1,-1.160135943918E1,6.706821691124E0));
#5112=CARTESIAN_POINT('',(1.319928352311E1,-1.144877451824E1,6.754427858448E0));
#5113=CARTESIAN_POINT('',(1.304104766038E1,-1.129053865551E1,6.782699639893E0));
#5114=CARTESIAN_POINT('',(1.293423474234E1,-1.118372573747E1,6.788361262812E0));
#5115=CARTESIAN_POINT('',(1.288199343522E1,-1.113148443035E1,6.787970454232E0));
#5116=CARTESIAN_POINT('',(1.386144643524E1,-1.212184558741E1,6.505741219914E0));
#5117=CARTESIAN_POINT('',(1.385863184733E1,-1.211903099951E1,6.508604868870E0));
#5118=CARTESIAN_POINT('',(1.382574223396E1,-1.208614138613E1,6.541778954735E0));
#5119=CARTESIAN_POINT('',(1.375669277596E1,-1.201709192813E1,6.604655242134E0));
#5120=CARTESIAN_POINT('',(1.364593379846E1,-1.190633295064E1,6.687653457167E0));
#5121=CARTESIAN_POINT('',(1.351668620318E1,-1.177708535536E1,6.764801182485E0));
#5122=CARTESIAN_POINT('',(1.336991912572E1,-1.163031827790E1,6.831024717690E0));
#5123=CARTESIAN_POINT('',(1.320924984804E1,-1.146964900022E1,6.881137745275E0));
#5124=CARTESIAN_POINT('',(1.304300080273E1,-1.130339995490E1,6.910832362754E0));
#5125=CARTESIAN_POINT('',(1.293089216385E1,-1.119129131603E1,6.916773397770E0));
#5126=CARTESIAN_POINT('',(1.287605899154E1,-1.113645814371E1,6.916363081995E0));
#5127=CARTESIAN_POINT('',(1.396331874227E1,-1.209509198099E1,6.579571433750E0));
#5128=CARTESIAN_POINT('',(1.396036118012E1,-1.209213441883E1,6.582580534215E0));
#5129=CARTESIAN_POINT('',(1.392580768780E1,-1.205758092651E1,6.617432777092E0));
#5130=CARTESIAN_POINT('',(1.385342540187E1,-1.198519864059E1,6.683332457434E0));
#5131=CARTESIAN_POINT('',(1.373774917112E1,-1.186952240984E1,6.769999451142E0));
#5132=CARTESIAN_POINT('',(1.360321577331E1,-1.173498901203E1,6.850286604862E0));
#5133=CARTESIAN_POINT('',(1.345088241866E1,-1.158265565738E1,6.919007838312E0));
#5134=CARTESIAN_POINT('',(1.328448633260E1,-1.141625957132E1,6.970896679215E0));
#5135=CARTESIAN_POINT('',(1.311256089735E1,-1.124433413606E1,7.001599207354E0));
#5136=CARTESIAN_POINT('',(1.299670086804E1,-1.112847410676E1,7.007738172717E0));
#5137=CARTESIAN_POINT('',(1.294003166650E1,-1.107180490522E1,7.007314038407E0));
#5138=CARTESIAN_POINT('',(1.405092204834E1,-1.200111817003E1,6.573310200072E0));
#5139=CARTESIAN_POINT('',(1.404797661124E1,-1.199817273293E1,6.576306965398E0));
#5140=CARTESIAN_POINT('',(1.401356422558E1,-1.196376034727E1,6.611016890752E0));
#5141=CARTESIAN_POINT('',(1.394146458295E1,-1.189166070463E1,6.676660169701E0));
#5142=CARTESIAN_POINT('',(1.382620536401E1,-1.177640148570E1,6.763016029532E0));
#5143=CARTESIAN_POINT('',(1.369212023315E1,-1.164231635484E1,6.843036941373E0));
#5144=CARTESIAN_POINT('',(1.354025893134E1,-1.149045505303E1,6.911546355413E0));
#5145=CARTESIAN_POINT('',(1.337434851210E1,-1.132454463379E1,6.963284596967E0));
#5146=CARTESIAN_POINT('',(1.320290446790E1,-1.115310058959E1,6.993901648391E0));
#5147=CARTESIAN_POINT('',(1.308736257843E1,-1.103755870012E1,7.000023828103E0));
#5148=CARTESIAN_POINT('',(1.303084908290E1,-1.098104520458E1,6.999600865685E0));
#5149=(BOUNDED_SURFACE()B_SPLINE_SURFACE(3,3,((#5105,#5106,#5107,#5108,#5109,
#5110,#5111,#5112,#5113,#5114,#5115),(#5116,#5117,#5118,#5119,#5120,#5121,#5122,
#5123,#5124,#5125,#5126),(#5127,#5128,#5129,#5130,#5131,#5132,#5133,#5134,#5135,
#5136,#5137),(#5138,#5139,#5140,#5141,#5142,#5143,#5144,#5145,#5146,#5147,
#5148)),.UNSPECIFIED.,.F.,.F.,.F.)B_SPLINE_SURFACE_WITH_KNOTS((4,4),(4,1,1,1,1,
1,1,1,4),(0.E0,1.E0),(-9.872387564645E-3,0.E0,1.051690311835E-1,
2.241969334981E-1,3.584844021651E-1,5.075095678465E-1,6.670815312671E-1,
8.323391808621E-1,9.907408363016E-1),.UNSPECIFIED.)GEOMETRIC_REPRESENTATION_ITEM()RATIONAL_B_SPLINE_SURFACE(((1.202333865480E0,1.202333865480E0,1.202333865480E0,
1.202333865480E0,1.202333865480E0,1.202333865480E0,1.202333865480E0,
1.202333865480E0,1.202333865480E0,1.202333865480E0,1.202333865480E0),(
9.325553781733E-1,9.325553781733E-1,9.325553781733E-1,9.325553781733E-1,
9.325553781733E-1,9.325553781732E-1,9.325553781733E-1,9.325553781733E-1,
9.325553781733E-1,9.325553781733E-1,9.325553781733E-1),(9.325553781733E-1,
9.325553781733E-1,9.325553781733E-1,9.325553781733E-1,9.325553781733E-1,
9.325553781732E-1,9.325553781733E-1,9.325553781733E-1,9.325553781733E-1,
9.325553781733E-1,9.325553781733E-1),(1.202333865480E0,1.202333865480E0,
1.202333865480E0,1.202333865480E0,1.202333865480E0,1.202333865480E0,
1.202333865480E0,1.202333865480E0,1.202333865480E0,1.202333865480E0,
1.202333865480E0)))REPRESENTATION_ITEM('')SURFACE());
#5151=ORIENTED_EDGE('',*,*,#5150,.T.);
#5152=ORIENTED_EDGE('',*,*,#5096,.T.);
#5154=ORIENTED_EDGE('',*,*,#5153,.F.);
#5156=ORIENTED_EDGE('',*,*,#5155,.F.);
#5157=EDGE_LOOP('',(#5151,#5152,#5154,#5156));
#5158=FACE_OUTER_BOUND('',#5157,.F.);
#5159=ADVANCED_FACE('',(#5158),#5149,.T.);
#5160=CARTESIAN_POINT('',(1.125E1,-9.5E0,7.E0));
#5161=DIRECTION('',(-7.071067811865E-1,-7.071067811865E-1,0.E0));
#5162=DIRECTION('',(7.071067811865E-1,-7.071067811865E-1,0.E0));
#5163=AXIS2_PLACEMENT_3D('',#5160,#5161,#5162);
#5164=PLANE('',#5163);
#5165=ORIENTED_EDGE('',*,*,#4760,.T.);
#5166=ORIENTED_EDGE('',*,*,#4988,.T.);
#5168=ORIENTED_EDGE('',*,*,#5167,.F.);
#5169=ORIENTED_EDGE('',*,*,#5098,.T.);
#5170=ORIENTED_EDGE('',*,*,#5150,.F.);
#5171=EDGE_LOOP('',(#5165,#5166,#5168,#5169,#5170));
#5172=FACE_OUTER_BOUND('',#5171,.F.);
#5173=ADVANCED_FACE('',(#5172),#5164,.T.);
#5174=CARTESIAN_POINT('',(1.325E1,-8.671572875254E0,1.61252E1));
#5175=DIRECTION('',(0.E0,0.E0,-1.E0));
#5176=DIRECTION('',(-7.071067811865E-1,-7.071067811865E-1,0.E0));
#5177=AXIS2_PLACEMENT_3D('',#5174,#5175,#5176);
#5178=CYLINDRICAL_SURFACE('',#5177,2.E0);
#5179=ORIENTED_EDGE('',*,*,#5085,.T.);
#5180=ORIENTED_EDGE('',*,*,#5167,.T.);
#5181=ORIENTED_EDGE('',*,*,#5001,.T.);
#5183=ORIENTED_EDGE('',*,*,#5182,.F.);
#5184=EDGE_LOOP('',(#5179,#5180,#5181,#5183));
#5185=FACE_OUTER_BOUND('',#5184,.F.);
#5186=ADVANCED_FACE('',(#5185),#5178,.T.);
#5187=CARTESIAN_POINT('',(1.125E1,9.5E0,7.E0));
#5188=DIRECTION('',(-1.E0,0.E0,0.E0));
#5189=DIRECTION('',(0.E0,-1.E0,0.E0));
#5190=AXIS2_PLACEMENT_3D('',#5187,#5188,#5189);
#5191=PLANE('',#5190);
#5192=ORIENTED_EDGE('',*,*,#5071,.T.);
#5193=ORIENTED_EDGE('',*,*,#5182,.T.);
#5194=ORIENTED_EDGE('',*,*,#5015,.T.);
#5195=ORIENTED_EDGE('',*,*,#5041,.F.);
#5196=EDGE_LOOP('',(#5192,#5193,#5194,#5195));
#5197=FACE_OUTER_BOUND('',#5196,.F.);
#5198=ADVANCED_FACE('',(#5197),#5191,.T.);
#5199=CARTESIAN_POINT('',(5.8617E1,-1.1E1,5.5E0));
#5200=DIRECTION('',(-1.E0,0.E0,0.E0));
#5201=DIRECTION('',(0.E0,-1.E0,0.E0));
#5202=AXIS2_PLACEMENT_3D('',#5199,#5200,#5201);
#5203=CYLINDRICAL_SURFACE('',#5202,1.5E0);
#5204=ORIENTED_EDGE('',*,*,#2781,.F.);
#5205=ORIENTED_EDGE('',*,*,#4713,.T.);
#5206=ORIENTED_EDGE('',*,*,#4740,.T.);
#5208=ORIENTED_EDGE('',*,*,#5207,.T.);
#5209=ORIENTED_EDGE('',*,*,#5153,.T.);
#5210=EDGE_LOOP('',(#5204,#5205,#5206,#5208,#5209));
#5211=FACE_OUTER_BOUND('',#5210,.F.);
#5212=ADVANCED_FACE('',(#5211),#5203,.T.);
#5213=CARTESIAN_POINT('',(1.487406009429E1,-1.249966281844E1,5.481792789063E0));
#5214=CARTESIAN_POINT('',(1.487031948136E1,-1.249966914001E1,5.485035315418E0));
#5215=CARTESIAN_POINT('',(1.480665925397E1,-1.249954009695E1,5.540219808837E0));
#5216=CARTESIAN_POINT('',(1.468747319345E1,-1.249173635267E1,5.643571395177E0));
#5217=CARTESIAN_POINT('',(1.451937418988E1,-1.246095016011E1,5.789426484997E0));
#5218=CARTESIAN_POINT('',(1.436189545589E1,-1.241360910330E1,5.926146720064E0));
#5219=CARTESIAN_POINT('',(1.421164391696E1,-1.235003399291E1,6.056667707484E0));
#5220=CARTESIAN_POINT('',(1.406787404899E1,-1.226993397381E1,6.181630752906E0));
#5221=CARTESIAN_POINT('',(1.393148342907E1,-1.217270047239E1,6.300251118565E0));
#5222=CARTESIAN_POINT('',(1.384313844526E1,-1.209331844693E1,6.377132539866E0));
#5223=CARTESIAN_POINT('',(1.380006205583E1,-1.204947217676E1,6.414631171772E0));
#5224=CARTESIAN_POINT('',(1.379709793744E1,-1.204642930996E1,6.417211535427E0));
#5225=CARTESIAN_POINT('',(1.493238521081E1,-1.250417890251E1,5.540084115990E0));
#5226=CARTESIAN_POINT('',(1.492863383930E1,-1.250433069609E1,5.543326060224E0));
#5227=CARTESIAN_POINT('',(1.486477677329E1,-1.250667678691E1,5.598505452186E0));
#5228=CARTESIAN_POINT('',(1.474478110319E1,-1.250348467511E1,5.701996119269E0));
#5229=CARTESIAN_POINT('',(1.457438858693E1,-1.247900559360E1,5.848434226262E0));
#5230=CARTESIAN_POINT('',(1.441369469457E1,-1.243726347449E1,5.986074386784E0));
#5231=CARTESIAN_POINT('',(1.425933364215E1,-1.237859262335E1,6.117858465816E0));
#5232=CARTESIAN_POINT('',(1.411057286797E1,-1.230258631672E1,6.244448567154E0));
#5233=CARTESIAN_POINT('',(1.396833505946E1,-1.220840663595E1,6.365086477964E0));
#5234=CARTESIAN_POINT('',(1.387540754464E1,-1.213022137273E1,6.443641615069E0));
#5235=CARTESIAN_POINT('',(1.382987580838E1,-1.208667023958E1,6.482066704343E0));
#5236=CARTESIAN_POINT('',(1.382674165560E1,-1.208364621960E1,6.484711376696E0));
#5237=CARTESIAN_POINT('',(1.498264623952E1,-1.246250983046E1,5.590656914890E0));
#5238=CARTESIAN_POINT('',(1.497899923996E1,-1.246278699849E1,5.593898354083E0));
#5239=CARTESIAN_POINT('',(1.491690658332E1,-1.246727346248E1,5.649073320087E0));
#5240=CARTESIAN_POINT('',(1.479983354989E1,-1.246829907299E1,5.752684651818E0));
#5241=CARTESIAN_POINT('',(1.463256903324E1,-1.245019951472E1,5.899628576945E0));
#5242=CARTESIAN_POINT('',(1.447388491045E1,-1.241472866642E1,6.038066852856E0));
#5243=CARTESIAN_POINT('',(1.432054205230E1,-1.236222273424E1,6.170946773782E0));
#5244=CARTESIAN_POINT('',(1.417184173855E1,-1.229218381867E1,6.298948487721E0));
#5245=CARTESIAN_POINT('',(1.402870105815E1,-1.220359452965E1,6.421336794527E0));
#5246=CARTESIAN_POINT('',(1.393450241625E1,-1.212885429143E1,6.501344025745E0));
#5247=CARTESIAN_POINT('',(1.388816018195E1,-1.208689017804E1,6.540572897412E0));
#5248=CARTESIAN_POINT('',(1.388496932584E1,-1.208397488340E1,6.543273363156E0));
#5249=CARTESIAN_POINT('',(1.500820511315E1,-1.238844944696E1,5.616769912230E0));
#5250=CARTESIAN_POINT('',(1.500474306550E1,-1.238879038880E1,5.620011090647E0));
#5251=CARTESIAN_POINT('',(1.494579198821E1,-1.239437393073E1,5.675183771331E0));
#5252=CARTESIAN_POINT('',(1.483440634805E1,-1.239782714745E1,5.778857407615E0));
#5253=CARTESIAN_POINT('',(1.467465587170E1,-1.238406769083E1,5.926062509262E0));
#5254=CARTESIAN_POINT('',(1.452254114604E1,-1.235346444786E1,6.064912887833E0));
#5255=CARTESIAN_POINT('',(1.437500713387E1,-1.230634330173E1,6.198358640929E0));
#5256=CARTESIAN_POINT('',(1.423139863277E1,-1.224217005148E1,6.327089233571E0));
#5257=CARTESIAN_POINT('',(1.409259827772E1,-1.215985712026E1,6.450381348095E0));
#5258=CARTESIAN_POINT('',(1.400086069788E1,-1.208966975227E1,6.531138360432E0));
#5259=CARTESIAN_POINT('',(1.395562111604E1,-1.205005918522E1,6.570782260887E0));
#5260=CARTESIAN_POINT('',(1.395250565836E1,-1.204730650275E1,6.573511535254E0));
#5261=(BOUNDED_SURFACE()B_SPLINE_SURFACE(3,3,((#5213,#5214,#5215,#5216,#5217,
#5218,#5219,#5220,#5221,#5222,#5223,#5224),(#5225,#5226,#5227,#5228,#5229,#5230,
#5231,#5232,#5233,#5234,#5235,#5236),(#5237,#5238,#5239,#5240,#5241,#5242,#5243,
#5244,#5245,#5246,#5247,#5248),(#5249,#5250,#5251,#5252,#5253,#5254,#5255,#5256,
#5257,#5258,#5259,#5260)),.UNSPECIFIED.,.F.,.F.,.F.)B_SPLINE_SURFACE_WITH_KNOTS(
(4,4),(4,1,1,1,1,1,1,1,1,4),(0.E0,1.E0),(-9.938698559976E-3,0.E0,
1.592255348051E-1,3.074831354145E-1,4.512313394831E-1,5.887259040598E-1,
7.269117336170E-1,8.657253201125E-1,1.E0,1.009956135932E0),.UNSPECIFIED.)GEOMETRIC_REPRESENTATION_ITEM()RATIONAL_B_SPLINE_SURFACE(((1.090225171461E0,
1.090225171461E0,1.090225171461E0,1.090225171461E0,1.090225171461E0,
1.090225171461E0,1.090225171461E0,1.090225171461E0,1.090225171461E0,
1.090225171461E0,1.090225171461E0,1.090225171461E0),(9.699249428462E-1,
9.699249428462E-1,9.699249428462E-1,9.699249428462E-1,9.699249428462E-1,
9.699249428462E-1,9.699249428462E-1,9.699249428462E-1,9.699249428462E-1,
9.699249428462E-1,9.699249428462E-1,9.699249428462E-1),(9.699249428462E-1,
9.699249428462E-1,9.699249428462E-1,9.699249428462E-1,9.699249428462E-1,
9.699249428462E-1,9.699249428462E-1,9.699249428462E-1,9.699249428462E-1,
9.699249428462E-1,9.699249428462E-1,9.699249428462E-1),(1.090225171461E0,
1.090225171461E0,1.090225171461E0,1.090225171461E0,1.090225171461E0,
1.090225171461E0,1.090225171461E0,1.090225171461E0,1.090225171461E0,
1.090225171461E0,1.090225171461E0,1.090225171461E0)))REPRESENTATION_ITEM('')SURFACE());
#5262=ORIENTED_EDGE('',*,*,#5155,.T.);
#5263=ORIENTED_EDGE('',*,*,#5207,.F.);
#5264=ORIENTED_EDGE('',*,*,#4762,.F.);
#5265=EDGE_LOOP('',(#5262,#5263,#5264));
#5266=FACE_OUTER_BOUND('',#5265,.F.);
#5267=ADVANCED_FACE('',(#5266),#5261,.T.);
#5268=CARTESIAN_POINT('',(5.8617E1,5.658415728753E1,6.8E0));
#5269=DIRECTION('',(-7.071067811865E-1,-7.071067811865E-1,0.E0));
#5270=DIRECTION('',(0.E0,0.E0,1.E0));
#5271=AXIS2_PLACEMENT_3D('',#5268,#5269,#5270);
#5272=CYLINDRICAL_SURFACE('',#5271,2.E-1);
#5274=ORIENTED_EDGE('',*,*,#5273,.T.);
#5275=ORIENTED_EDGE('',*,*,#2791,.T.);
#5276=ORIENTED_EDGE('',*,*,#5058,.T.);
#5278=ORIENTED_EDGE('',*,*,#5277,.F.);
#5279=EDGE_LOOP('',(#5274,#5275,#5276,#5278));
#5280=FACE_OUTER_BOUND('',#5279,.F.);
#5281=ADVANCED_FACE('',(#5280),#5272,.T.);
#5282=CARTESIAN_POINT('',(1.288199329556E1,1.113148429069E1,6.787970473788E0));
#5283=CARTESIAN_POINT('',(1.293450069405E1,1.118399168918E1,6.788363144576E0));
#5284=CARTESIAN_POINT('',(1.303883102262E1,1.128832201775E1,6.782801401507E0));
#5285=CARTESIAN_POINT('',(1.319081549101E1,1.144030648613E1,6.756043747874E0));
#5286=CARTESIAN_POINT('',(1.333232105376E1,1.158181204889E1,6.713485194823E0));
#5287=CARTESIAN_POINT('',(1.346210398581E1,1.171159498094E1,6.658162445812E0));
#5288=CARTESIAN_POINT('',(1.358308198415E1,1.183257297927E1,6.590704914452E0));
#5289=CARTESIAN_POINT('',(1.369829457906E1,1.194778557419E1,6.509143826757E0));
#5290=CARTESIAN_POINT('',(1.377386123399E1,1.202335222911E1,6.441904540733E0));
#5291=CARTESIAN_POINT('',(1.381126905468E1,1.206076004981E1,6.404173081907E0));
#5292=CARTESIAN_POINT('',(1.381388106384E1,1.206337205897E1,6.401515541391E0));
#5293=CARTESIAN_POINT('',(1.287605884613E1,1.113645799694E1,6.916363076102E0));
#5294=CARTESIAN_POINT('',(1.293117131184E1,1.119157046266E1,6.916775289930E0));
#5295=CARTESIAN_POINT('',(1.304067424922E1,1.130107340003E1,6.910939238531E0));
#5296=CARTESIAN_POINT('',(1.320035241241E1,1.146075156322E1,6.882834672632E0));
#5297=CARTESIAN_POINT('',(1.334932407421E1,1.160972322502E1,6.838042485681E0));
#5298=CARTESIAN_POINT('',(1.348635847912E1,1.174675762993E1,6.779642963908E0));
#5299=CARTESIAN_POINT('',(1.361458665840E1,1.187498580922E1,6.708161791342E0));
#5300=CARTESIAN_POINT('',(1.373732023871E1,1.199771938953E1,6.621305359561E0));
#5301=CARTESIAN_POINT('',(1.381834986021E1,1.207874901102E1,6.549235087189E0));
#5302=CARTESIAN_POINT('',(1.385863470919E1,1.211903386E1,6.508602006736E0));
#5303=CARTESIAN_POINT('',(1.386144849867E1,1.212184764948E1,6.505739204718E0));
#5304=CARTESIAN_POINT('',(1.294003150323E1,1.107180476714E1,7.007314021908E0));
#5305=CARTESIAN_POINT('',(1.299698935040E1,1.112876261431E1,7.007740079664E0));
#5306=CARTESIAN_POINT('',(1.311015646822E1,1.124192973213E1,7.001709713316E0));
#5307=CARTESIAN_POINT('',(1.327528470258E1,1.140705796649E1,6.972651019669E0));
#5308=CARTESIAN_POINT('',(1.342954521091E1,1.156131847482E1,6.926276567758E0));
#5309=CARTESIAN_POINT('',(1.357171642513E1,1.170348968904E1,6.865697517041E0));
#5310=CARTESIAN_POINT('',(1.370508049856E1,1.183685376247E1,6.791366071433E0));
#5311=CARTESIAN_POINT('',(1.383314180588E1,1.196491506979E1,6.700758515800E0));
#5312=CARTESIAN_POINT('',(1.391804129190E1,1.204981455581E1,6.625266062013E0));
#5313=CARTESIAN_POINT('',(1.396036417453E1,1.209213743844E1,6.582577526444E0));
#5314=CARTESIAN_POINT('',(1.396332090145E1,1.209509416536E1,6.579569320972E0));
#5315=CARTESIAN_POINT('',(1.303084890949E1,1.098104507726E1,6.999600871669E0));
#5316=CARTESIAN_POINT('',(1.308765025797E1,1.103784642573E1,7.000025755382E0));
#5317=CARTESIAN_POINT('',(1.320050663274E1,1.115070280050E1,6.994011868032E0));
#5318=CARTESIAN_POINT('',(1.336517267050E1,1.131536883827E1,6.965034089769E0));
#5319=CARTESIAN_POINT('',(1.351898465499E1,1.146918082275E1,6.918793822799E0));
#5320=CARTESIAN_POINT('',(1.366072023897E1,1.161091640674E1,6.858399608359E0));
#5321=CARTESIAN_POINT('',(1.379364875978E1,1.174384492754E1,6.784309881888E0));
#5322=CARTESIAN_POINT('',(1.392125824597E1,1.187145441374E1,6.694020442594E0));
#5323=CARTESIAN_POINT('',(1.400582954577E1,1.195602571354E1,6.618818208981E0));
#5324=CARTESIAN_POINT('',(1.404797959172E1,1.199817575948E1,6.576303987533E0));
#5325=CARTESIAN_POINT('',(1.405092419675E1,1.200112036451E1,6.573308113090E0));
#5326=(BOUNDED_SURFACE()B_SPLINE_SURFACE(3,3,((#5282,#5283,#5284,#5285,#5286,
#5287,#5288,#5289,#5290,#5291,#5292),(#5293,#5294,#5295,#5296,#5297,#5298,#5299,
#5300,#5301,#5302,#5303),(#5304,#5305,#5306,#5307,#5308,#5309,#5310,#5311,#5312,
#5313,#5314),(#5315,#5316,#5317,#5318,#5319,#5320,#5321,#5322,#5323,#5324,
#5325)),.UNSPECIFIED.,.F.,.F.,.F.)B_SPLINE_SURFACE_WITH_KNOTS((4,4),(4,1,1,1,1,
1,1,1,4),(0.E0,1.E0),(3.641306985169E-3,1.637560661931E-1,3.215717468477E-1,
4.703612484589E-1,6.050112264358E-1,7.356257904992E-1,8.682244432286E-1,1.E0,
1.009925116958E0),.UNSPECIFIED.)GEOMETRIC_REPRESENTATION_ITEM()RATIONAL_B_SPLINE_SURFACE(((1.202333821349E0,1.202333821349E0,1.202333821349E0,1.202333821349E0,
1.202333821349E0,1.202333821349E0,1.202333821349E0,1.202333821349E0,
1.202333821349E0,1.202333821349E0,1.202333821349E0),(9.325553928837E-1,
9.325553928837E-1,9.325553928837E-1,9.325553928837E-1,9.325553928837E-1,
9.325553928837E-1,9.325553928837E-1,9.325553928837E-1,9.325553928837E-1,
9.325553928837E-1,9.325553928837E-1),(9.325553928837E-1,9.325553928837E-1,
9.325553928837E-1,9.325553928837E-1,9.325553928837E-1,9.325553928837E-1,
9.325553928837E-1,9.325553928837E-1,9.325553928837E-1,9.325553928837E-1,
9.325553928837E-1),(1.202333821349E0,1.202333821349E0,1.202333821349E0,
1.202333821349E0,1.202333821349E0,1.202333821349E0,1.202333821349E0,
1.202333821349E0,1.202333821349E0,1.202333821349E0,1.202333821349E0)))REPRESENTATION_ITEM('')SURFACE());
#5327=ORIENTED_EDGE('',*,*,#5273,.F.);
#5329=ORIENTED_EDGE('',*,*,#5328,.T.);
#5331=ORIENTED_EDGE('',*,*,#5330,.T.);
#5333=ORIENTED_EDGE('',*,*,#5332,.F.);
#5334=EDGE_LOOP('',(#5327,#5329,#5331,#5333));
#5335=FACE_OUTER_BOUND('',#5334,.F.);
#5336=ADVANCED_FACE('',(#5335),#5326,.T.);
#5337=CARTESIAN_POINT('',(1.425E1,1.25E1,7.E0));
#5338=DIRECTION('',(-7.071067811865E-1,7.071067811865E-1,0.E0));
#5339=DIRECTION('',(-7.071067811865E-1,-7.071067811865E-1,0.E0));
#5340=AXIS2_PLACEMENT_3D('',#5337,#5338,#5339);
#5341=PLANE('',#5340);
#5342=ORIENTED_EDGE('',*,*,#4489,.T.);
#5343=ORIENTED_EDGE('',*,*,#5328,.F.);
#5344=ORIENTED_EDGE('',*,*,#5277,.T.);
#5345=ORIENTED_EDGE('',*,*,#5044,.T.);
#5346=ORIENTED_EDGE('',*,*,#4469,.T.);
#5347=EDGE_LOOP('',(#5342,#5343,#5344,#5345,#5346));
#5348=FACE_OUTER_BOUND('',#5347,.F.);
#5349=ADVANCED_FACE('',(#5348),#5341,.T.);
#5350=CARTESIAN_POINT('',(1.379709868731E1,1.204643004982E1,6.417210923919E0));
#5351=CARTESIAN_POINT('',(1.380006256039E1,1.204947267380E1,6.414630773433E0));
#5352=CARTESIAN_POINT('',(1.384060683406E1,1.209074168806E1,6.379336384639E0));
#5353=CARTESIAN_POINT('',(1.392293997147E1,1.216527539843E1,6.307685432791E0));
#5354=CARTESIAN_POINT('',(1.405161944814E1,1.225920027393E1,6.195764937992E0));
#5355=CARTESIAN_POINT('',(1.419158782426E1,1.234010480077E1,6.074095760678E0));
#5356=CARTESIAN_POINT('',(1.434258636195E1,1.240665301182E1,5.942915398033E0));
#5357=CARTESIAN_POINT('',(1.450487144099E1,1.245761363868E1,5.802013197067E0));
#5358=CARTESIAN_POINT('',(1.467923180525E1,1.249103550058E1,5.650718660724E0));
#5359=CARTESIAN_POINT('',(1.480400570926E1,1.249953350939E1,5.542520120084E0));
#5360=CARTESIAN_POINT('',(1.487032109905E1,1.249966929415E1,5.485033958887E0));
#5361=CARTESIAN_POINT('',(1.487406255530E1,1.249966305619E1,5.481790700505E0));
#5362=CARTESIAN_POINT('',(1.382674245171E1,1.208364693742E1,6.484710735161E0));
#5363=CARTESIAN_POINT('',(1.382987634595E1,1.208667071657E1,6.482066283344E0));
#5364=CARTESIAN_POINT('',(1.387273163460E1,1.212766194501E1,6.445899907237E0));
#5365=CARTESIAN_POINT('',(1.395935952251E1,1.220111125370E1,6.372677129275E0));
#5366=CARTESIAN_POINT('',(1.409366467564E1,1.229225366936E1,6.258803966065E0));
#5367=CARTESIAN_POINT('',(1.423864868489E1,1.236927698887E1,6.135486083297E0));
#5368=CARTESIAN_POINT('',(1.439392567909E1,1.243096930425E1,6.002979638739E0));
#5369=CARTESIAN_POINT('',(1.455964847019E1,1.247620417581E1,5.861084745950E0));
#5370=CARTESIAN_POINT('',(1.473647427825E1,1.250310222125E1,5.709156086931E0));
#5371=CARTESIAN_POINT('',(1.486211496850E1,1.250677335124E1,5.600805494341E0));
#5372=CARTESIAN_POINT('',(1.492863545818E1,1.250433077316E1,5.543324700158E0));
#5373=CARTESIAN_POINT('',(1.493238767886E1,1.250417903068E1,5.540082027961E0));
#5374=CARTESIAN_POINT('',(1.388497012749E1,1.208397556834E1,6.543272691901E0));
#5375=CARTESIAN_POINT('',(1.388816072110E1,1.208689063128E1,6.540572453087E0));
#5376=CARTESIAN_POINT('',(1.393177886396E1,1.212638812716E1,6.503649552150E0));
#5377=CARTESIAN_POINT('',(1.401961214688E1,1.219663671337E1,6.429063078331E0));
#5378=CARTESIAN_POINT('',(1.415486327392E1,1.228252350029E1,6.313495805449E0));
#5379=CARTESIAN_POINT('',(1.429992367555E1,1.235373841202E1,6.188747527312E0));
#5380=CARTESIAN_POINT('',(1.445430560516E1,1.240921721753E1,6.055090591363E0));
#5381=CARTESIAN_POINT('',(1.461806468833E1,1.244796137380E1,5.912334452083E0));
#5382=CARTESIAN_POINT('',(1.479172065230E1,1.246821275907E1,5.759855636494E0));
#5383=CARTESIAN_POINT('',(1.491431827357E1,1.246745927842E1,5.651373125613E0));
#5384=CARTESIAN_POINT('',(1.497900080835E1,1.246278701868E1,5.593896987782E0));
#5385=CARTESIAN_POINT('',(1.498264863654E1,1.246250987115E1,5.590654824152E0));
#5386=CARTESIAN_POINT('',(1.395250642876E1,1.204730715488E1,6.573510850222E0));
#5387=CARTESIAN_POINT('',(1.395562163060E1,1.205005961888E1,6.570781806086E0));
#5388=CARTESIAN_POINT('',(1.399820193694E1,1.208734191034E1,6.533468277531E0));
#5389=CARTESIAN_POINT('',(1.408375223377E1,1.215333299822E1,6.458177666530E0));
#5390=CARTESIAN_POINT('',(1.421495648355E1,1.223323077440E1,6.341735649030E0));
#5391=CARTESIAN_POINT('',(1.435512874840E1,1.229863285291E1,6.216248793768E0));
#5392=CARTESIAN_POINT('',(1.450373838828E1,1.234859741156E1,6.081997807642E0));
#5393=CARTESIAN_POINT('',(1.466078239580E1,1.238223453391E1,5.938796968267E0));
#5394=CARTESIAN_POINT('',(1.482668255097E1,1.239791667958E1,5.786034082225E0));
#5395=CARTESIAN_POINT('',(1.494333460450E1,1.239460554889E1,5.677483456029E0));
#5396=CARTESIAN_POINT('',(1.500474455341E1,1.238879038701E1,5.620009722481E0));
#5397=CARTESIAN_POINT('',(1.500820738955E1,1.238844944711E1,5.616767821446E0));
#5398=(BOUNDED_SURFACE()B_SPLINE_SURFACE(3,3,((#5350,#5351,#5352,#5353,#5354,
#5355,#5356,#5357,#5358,#5359,#5360,#5361),(#5362,#5363,#5364,#5365,#5366,#5367,
#5368,#5369,#5370,#5371,#5372,#5373),(#5374,#5375,#5376,#5377,#5378,#5379,#5380,
#5381,#5382,#5383,#5384,#5385),(#5386,#5387,#5388,#5389,#5390,#5391,#5392,#5393,
#5394,#5395,#5396,#5397)),.UNSPECIFIED.,.F.,.F.,.F.)B_SPLINE_SURFACE_WITH_KNOTS(
(4,4),(4,1,1,1,1,1,1,1,1,4),(0.E0,1.E0),(-9.955515821484E-3,0.E0,
1.257998552211E-1,2.545035122096E-1,3.901686960264E-1,5.316162876649E-1,
6.776084829700E-1,8.337470386677E-1,1.E0,1.009939301975E0),.UNSPECIFIED.)GEOMETRIC_REPRESENTATION_ITEM()RATIONAL_B_SPLINE_SURFACE(((1.090225142045E0,
1.090225142045E0,1.090225142045E0,1.090225142045E0,1.090225142045E0,
1.090225142045E0,1.090225142045E0,1.090225142045E0,1.090225142045E0,
1.090225142045E0,1.090225142045E0,1.090225142045E0),(9.699249526516E-1,
9.699249526516E-1,9.699249526516E-1,9.699249526516E-1,9.699249526516E-1,
9.699249526516E-1,9.699249526516E-1,9.699249526516E-1,9.699249526516E-1,
9.699249526516E-1,9.699249526516E-1,9.699249526516E-1),(9.699249526516E-1,
9.699249526516E-1,9.699249526516E-1,9.699249526516E-1,9.699249526516E-1,
9.699249526516E-1,9.699249526516E-1,9.699249526516E-1,9.699249526516E-1,
9.699249526516E-1,9.699249526516E-1,9.699249526516E-1),(1.090225142045E0,
1.090225142045E0,1.090225142045E0,1.090225142045E0,1.090225142045E0,
1.090225142045E0,1.090225142045E0,1.090225142045E0,1.090225142045E0,
1.090225142045E0,1.090225142045E0,1.090225142045E0)))REPRESENTATION_ITEM('')SURFACE());
#5399=ORIENTED_EDGE('',*,*,#5330,.F.);
#5400=ORIENTED_EDGE('',*,*,#4487,.F.);
#5402=ORIENTED_EDGE('',*,*,#5401,.F.);
#5403=EDGE_LOOP('',(#5399,#5400,#5402));
#5404=FACE_OUTER_BOUND('',#5403,.F.);
#5405=ADVANCED_FACE('',(#5404),#5398,.T.);
#5406=CARTESIAN_POINT('',(5.8617E1,1.1E1,5.5E0));
#5407=DIRECTION('',(-1.E0,0.E0,0.E0));
#5408=DIRECTION('',(0.E0,0.E0,1.E0));
#5409=AXIS2_PLACEMENT_3D('',#5406,#5407,#5408);
#5410=CYLINDRICAL_SURFACE('',#5409,1.5E0);
#5411=ORIENTED_EDGE('',*,*,#4509,.F.);
#5412=ORIENTED_EDGE('',*,*,#4612,.T.);
#5413=ORIENTED_EDGE('',*,*,#2777,.T.);
#5414=ORIENTED_EDGE('',*,*,#5332,.T.);
#5415=ORIENTED_EDGE('',*,*,#5401,.T.);
#5416=EDGE_LOOP('',(#5411,#5412,#5413,#5414,#5415));
#5417=FACE_OUTER_BOUND('',#5416,.F.);
#5418=ADVANCED_FACE('',(#5417),#5410,.T.);
#5419=CARTESIAN_POINT('',(-1.325E1,-8.671572875254E0,5.2E0));
#5420=DIRECTION('',(0.E0,0.E0,-1.E0));
#5421=DIRECTION('',(9.999704443983E-1,7.688324254756E-3,0.E0));
#5422=AXIS2_PLACEMENT_3D('',#5419,#5420,#5421);
#5423=TOROIDAL_SURFACE('',#5422,1.8E0,2.E-1);
#5424=ORIENTED_EDGE('',*,*,#4452,.T.);
#5425=ORIENTED_EDGE('',*,*,#4349,.T.);
#5426=ORIENTED_EDGE('',*,*,#4379,.F.);
#5428=ORIENTED_EDGE('',*,*,#5427,.F.);
#5429=EDGE_LOOP('',(#5424,#5425,#5426,#5428));
#5430=FACE_OUTER_BOUND('',#5429,.F.);
#5431=ADVANCED_FACE('',(#5430),#5423,.T.);
#5432=CARTESIAN_POINT('',(-1.145E1,8.693416475254E0,5.2E0));
#5433=DIRECTION('',(0.E0,-1.E0,0.E0));
#5434=DIRECTION('',(0.E0,0.E0,-1.E0));
#5435=AXIS2_PLACEMENT_3D('',#5432,#5433,#5434);
#5436=CYLINDRICAL_SURFACE('',#5435,2.E-1);
#5437=ORIENTED_EDGE('',*,*,#4454,.T.);
#5438=ORIENTED_EDGE('',*,*,#5427,.T.);
#5439=ORIENTED_EDGE('',*,*,#4393,.F.);
#5440=ORIENTED_EDGE('',*,*,#4419,.F.);
#5441=EDGE_LOOP('',(#5437,#5438,#5439,#5440));
#5442=FACE_OUTER_BOUND('',#5441,.F.);
#5443=ADVANCED_FACE('',(#5442),#5436,.T.);
#5444=CARTESIAN_POINT('',(-5.8617E1,1.1E1,5.5E0));
#5445=DIRECTION('',(1.E0,0.E0,0.E0));
#5446=DIRECTION('',(0.E0,1.E0,0.E0));
#5447=AXIS2_PLACEMENT_3D('',#5444,#5445,#5446);
#5448=CYLINDRICAL_SURFACE('',#5447,1.5E0);
#5449=ORIENTED_EDGE('',*,*,#2757,.F.);
#5451=ORIENTED_EDGE('',*,*,#5450,.T.);
#5452=ORIENTED_EDGE('',*,*,#3814,.T.);
#5454=ORIENTED_EDGE('',*,*,#5453,.T.);
#5455=ORIENTED_EDGE('',*,*,#4133,.T.);
#5456=EDGE_LOOP('',(#5449,#5451,#5452,#5454,#5455));
#5457=FACE_OUTER_BOUND('',#5456,.F.);
#5458=ADVANCED_FACE('',(#5457),#5448,.T.);
#5459=CARTESIAN_POINT('',(-1.603778989761E1,1.249939180743E1,5.472718033453E0));
#5460=CARTESIAN_POINT('',(-1.603784976870E1,1.249946041026E1,5.476482895056E0));
#5461=CARTESIAN_POINT('',(-1.603846307749E1,1.250016309427E1,5.525168168024E0));
#5462=CARTESIAN_POINT('',(-1.603567134792E1,1.249696470399E1,5.618213745228E0));
#5463=CARTESIAN_POINT('',(-1.602127742561E1,1.248047286491E1,5.751029954187E0));
#5464=CARTESIAN_POINT('',(-1.599652291656E1,1.245210553775E1,5.882695911648E0));
#5465=CARTESIAN_POINT('',(-1.596073414577E1,1.241108312548E1,6.014047933227E0));
#5466=CARTESIAN_POINT('',(-1.591323443947E1,1.235661899807E1,6.144471290039E0));
#5467=CARTESIAN_POINT('',(-1.585338330678E1,1.228796472131E1,6.272900785346E0));
#5468=CARTESIAN_POINT('',(-1.578044326635E1,1.220425741087E1,6.398077987943E0));
#5469=CARTESIAN_POINT('',(-1.569374854248E1,1.210471349778E1,6.518320776544E0));
#5470=CARTESIAN_POINT('',(-1.559296107792E1,1.198892352922E1,6.631391936467E0));
#5471=CARTESIAN_POINT('',(-1.547818302266E1,1.185698258343E1,6.734599429167E0));
#5472=CARTESIAN_POINT('',(-1.534991782435E1,1.170944726323E1,6.825129157416E0));
#5473=CARTESIAN_POINT('',(-1.520971551579E1,1.154807976939E1,6.899794111798E0));
#5474=CARTESIAN_POINT('',(-1.505967329421E1,1.137527617641E1,6.955804203779E0));
#5475=CARTESIAN_POINT('',(-1.490251511805E1,1.119416021865E1,6.990905875264E0));
#5476=CARTESIAN_POINT('',(-1.478974544272E1,1.106411478927E1,6.999738619737E0));
#5477=CARTESIAN_POINT('',(-1.472981210498E1,1.099497528093E1,6.999672472346E0));
#5478=CARTESIAN_POINT('',(-1.472395675575E1,1.098822028329E1,6.999620729543E0));
#5479=CARTESIAN_POINT('',(-1.616616248827E1,1.250706065025E1,5.470222759184E0));
#5480=CARTESIAN_POINT('',(-1.616622839398E1,1.250714152542E1,5.474331743296E0));
#5481=CARTESIAN_POINT('',(-1.616690312552E1,1.250797023275E1,5.527468797146E0));
#5482=CARTESIAN_POINT('',(-1.616383002630E1,1.250419434756E1,5.629047632063E0));
#5483=CARTESIAN_POINT('',(-1.614802920004E1,1.248478849749E1,5.773546991761E0));
#5484=CARTESIAN_POINT('',(-1.612099559205E1,1.245162367291E1,5.915811074653E0));
#5485=CARTESIAN_POINT('',(-1.608219370369E1,1.240410215420E1,6.056325300990E0));
#5486=CARTESIAN_POINT('',(-1.603113842202E1,1.234171904143E1,6.194100131789E0));
#5487=CARTESIAN_POINT('',(-1.596740274701E1,1.226407109133E1,6.327795500352E0));
#5488=CARTESIAN_POINT('',(-1.589045231837E1,1.217065552487E1,6.455979856013E0));
#5489=CARTESIAN_POINT('',(-1.579980746427E1,1.206106608487E1,6.576883517554E0));
#5490=CARTESIAN_POINT('',(-1.569529525263E1,1.193529043236E1,6.688265683447E0));
#5491=CARTESIAN_POINT('',(-1.557715730634E1,1.179382886328E1,6.787512563929E0));
#5492=CARTESIAN_POINT('',(-1.544600396508E1,1.163762296476E1,6.871968667375E0));
#5493=CARTESIAN_POINT('',(-1.530347613951E1,1.146882596148E1,6.938705636924E0));
#5494=CARTESIAN_POINT('',(-1.515173197771E1,1.129016495083E1,6.985272172920E0));
#5495=CARTESIAN_POINT('',(-1.499353614152E1,1.110502528872E1,7.009824874570E0));
#5496=CARTESIAN_POINT('',(-1.488052044111E1,1.097357500289E1,7.010821945453E0));
#5497=CARTESIAN_POINT('',(-1.482060212343E1,1.090412132127E1,7.006567966608E0));
#5498=CARTESIAN_POINT('',(-1.481474968467E1,1.089733972210E1,7.006106912969E0));
#5499=CARTESIAN_POINT('',(-1.625709937341E1,1.241609331600E1,5.470223320449E0));
#5500=CARTESIAN_POINT('',(-1.625716955395E1,1.241617840247E1,5.474332072031E0));
#5501=CARTESIAN_POINT('',(-1.625788779628E1,1.241705047020E1,5.527467357811E0));
#5502=CARTESIAN_POINT('',(-1.625461537974E1,1.241307449898E1,5.629060493287E0));
#5503=CARTESIAN_POINT('',(-1.623781792747E1,1.239268170389E1,5.773230837761E0));
#5504=CARTESIAN_POINT('',(-1.620916984588E1,1.235797015322E1,5.914477723084E0));
#5505=CARTESIAN_POINT('',(-1.616823351805E1,1.230851997274E1,6.052986364510E0));
#5506=CARTESIAN_POINT('',(-1.611465952932E1,1.224407469437E1,6.187543467718E0));
#5507=CARTESIAN_POINT('',(-1.604817211286E1,1.216452162571E1,6.316684354516E0));
#5508=CARTESIAN_POINT('',(-1.596838079576E1,1.206966636898E1,6.438936747836E0));
#5509=CARTESIAN_POINT('',(-1.587493773889E1,1.195941803676E1,6.552577562463E0));
#5510=CARTESIAN_POINT('',(-1.576778698194E1,1.183406952695E1,6.655507245219E0));
#5511=CARTESIAN_POINT('',(-1.564726894794E1,1.169439964231E1,6.745339962218E0));
#5512=CARTESIAN_POINT('',(-1.551406969701E1,1.154158460669E1,6.819712462430E0));
#5513=CARTESIAN_POINT('',(-1.536989451610E1,1.137793904967E1,6.876082864581E0));
#5514=CARTESIAN_POINT('',(-1.521694472978E1,1.120626859606E1,6.912417123832E0));
#5515=CARTESIAN_POINT('',(-1.505801383348E1,1.102994162231E1,6.927304743468E0));
#5516=CARTESIAN_POINT('',(-1.494482385324E1,1.090586156089E1,6.922230587689E0));
#5517=CARTESIAN_POINT('',(-1.488491617549E1,1.084063024684E1,6.915039412007E0));
#5518=CARTESIAN_POINT('',(-1.487906579847E1,1.083426405231E1,6.914294191857E0));
#5519=CARTESIAN_POINT('',(-1.624938764987E1,1.228772320425E1,5.472719339439E0));
#5520=CARTESIAN_POINT('',(-1.624945746789E1,1.228780160618E1,5.476483659976E0));
#5521=CARTESIAN_POINT('',(-1.625017202037E1,1.228860518394E1,5.525164818887E0));
#5522=CARTESIAN_POINT('',(-1.624691650655E1,1.228494122072E1,5.618243671545E0));
#5523=CARTESIAN_POINT('',(-1.623020357119E1,1.226615289492E1,5.750294306869E0));
#5524=CARTESIAN_POINT('',(-1.620169240185E1,1.223418654671E1,5.879593384061E0));
#5525=CARTESIAN_POINT('',(-1.616093708096E1,1.218867640107E1,6.006278682577E0));
#5526=CARTESIAN_POINT('',(-1.610757668623E1,1.212941389503E1,6.129214825322E0));
#5527=CARTESIAN_POINT('',(-1.604132262578E1,1.205632666674E1,6.247046661573E0));
#5528=CARTESIAN_POINT('',(-1.596177222464E1,1.196926939303E1,6.358420995335E0));
#5529=CARTESIAN_POINT('',(-1.586856646385E1,1.186819232743E1,6.461764127877E0));
#5530=CARTESIAN_POINT('',(-1.576163946354E1,1.175339626181E1,6.555167510199E0));
#5531=CARTESIAN_POINT('',(-1.564132326818E1,1.162562432177E1,6.636469526048E0));
#5532=CARTESIAN_POINT('',(-1.550829751660E1,1.148597907795E1,6.703536082277E0));
#5533=CARTESIAN_POINT('',(-1.536426203642E1,1.133659829828E1,6.754079445551E0));
#5534=CARTESIAN_POINT('',(-1.521141449071E1,1.118006077989E1,6.786280422491E0));
#5535=CARTESIAN_POINT('',(-1.505254592974E1,1.101945074824E1,6.798892763861E0));
#5536=CARTESIAN_POINT('',(-1.493937072895E1,1.090655482773E1,6.793598590382E0));
#5537=CARTESIAN_POINT('',(-1.487946214891E1,1.084724019393E1,6.786697985801E0));
#5538=CARTESIAN_POINT('',(-1.487361159704E1,1.084145178634E1,6.785985026211E0));
#5539=(BOUNDED_SURFACE()B_SPLINE_SURFACE(3,3,((#5459,#5460,#5461,#5462,#5463,
#5464,#5465,#5466,#5467,#5468,#5469,#5470,#5471,#5472,#5473,#5474,#5475,#5476,
#5477,#5478),(#5479,#5480,#5481,#5482,#5483,#5484,#5485,#5486,#5487,#5488,#5489,
#5490,#5491,#5492,#5493,#5494,#5495,#5496,#5497,#5498),(#5499,#5500,#5501,#5502,
#5503,#5504,#5505,#5506,#5507,#5508,#5509,#5510,#5511,#5512,#5513,#5514,#5515,
#5516,#5517,#5518),(#5519,#5520,#5521,#5522,#5523,#5524,#5525,#5526,#5527,#5528,
#5529,#5530,#5531,#5532,#5533,#5534,#5535,#5536,#5537,#5538)),.UNSPECIFIED.,.F.,
.F.,.F.)B_SPLINE_SURFACE_WITH_KNOTS((4,4),(4,1,1,1,1,1,1,1,1,1,1,1,1,1,1,1,1,4),
(0.E0,1.E0),(-4.072543401375E-3,0.E0,4.858107985975E-2,9.637561604854E-2,
1.452912389097E-1,1.964615650214E-1,2.500468831331E-1,3.066155928261E-1,
3.670234447980E-1,4.315455065427E-1,5.005697079280E-1,5.743938254641E-1,
6.526727970770E-1,7.354232045776E-1,8.214249951420E-1,9.098804637309E-1,1.E0,
1.009755756127E0),.UNSPECIFIED.)GEOMETRIC_REPRESENTATION_ITEM()RATIONAL_B_SPLINE_SURFACE(((1.202333536719E0,1.202333536719E0,1.202333536719E0,1.202333536719E0,
1.202333536719E0,1.202333536719E0,1.202333536719E0,1.202333536719E0,
1.202333536719E0,1.202333536719E0,1.202333536719E0,1.202333536719E0,
1.202333536719E0,1.202333536719E0,1.202333536719E0,1.202333536719E0,
1.202333536719E0,1.202333536719E0,1.202333536719E0,1.202333536719E0),(
9.325554877604E-1,9.325554877604E-1,9.325554877604E-1,9.325554877604E-1,
9.325554877604E-1,9.325554877604E-1,9.325554877604E-1,9.325554877604E-1,
9.325554877604E-1,9.325554877604E-1,9.325554877604E-1,9.325554877604E-1,
9.325554877604E-1,9.325554877604E-1,9.325554877604E-1,9.325554877604E-1,
9.325554877604E-1,9.325554877604E-1,9.325554877604E-1,9.325554877604E-1),(
9.325554877604E-1,9.325554877604E-1,9.325554877604E-1,9.325554877604E-1,
9.325554877604E-1,9.325554877604E-1,9.325554877604E-1,9.325554877604E-1,
9.325554877604E-1,9.325554877604E-1,9.325554877604E-1,9.325554877604E-1,
9.325554877604E-1,9.325554877604E-1,9.325554877604E-1,9.325554877604E-1,
9.325554877604E-1,9.325554877604E-1,9.325554877604E-1,9.325554877604E-1),(
1.202333536719E0,1.202333536719E0,1.202333536719E0,1.202333536719E0,
1.202333536719E0,1.202333536719E0,1.202333536719E0,1.202333536719E0,
1.202333536719E0,1.202333536719E0,1.202333536719E0,1.202333536719E0,
1.202333536719E0,1.202333536719E0,1.202333536719E0,1.202333536719E0,
1.202333536719E0,1.202333536719E0,1.202333536719E0,1.202333536719E0)))REPRESENTATION_ITEM('')SURFACE());
#5540=ORIENTED_EDGE('',*,*,#3800,.F.);
#5541=ORIENTED_EDGE('',*,*,#5450,.F.);
#5543=ORIENTED_EDGE('',*,*,#5542,.F.);
#5544=EDGE_LOOP('',(#5540,#5541,#5543));
#5545=FACE_OUTER_BOUND('',#5544,.F.);
#5546=ADVANCED_FACE('',(#5545),#5539,.T.);
#5547=CARTESIAN_POINT('',(-1.475E1,6.13224E1,5.5E0));
#5548=DIRECTION('',(0.E0,-1.E0,0.E0));
#5549=DIRECTION('',(0.E0,0.E0,1.E0));
#5550=AXIS2_PLACEMENT_3D('',#5547,#5548,#5549);
#5551=CYLINDRICAL_SURFACE('',#5550,1.5E0);
#5552=ORIENTED_EDGE('',*,*,#3695,.F.);
#5553=ORIENTED_EDGE('',*,*,#5542,.T.);
#5554=ORIENTED_EDGE('',*,*,#2755,.T.);
#5556=ORIENTED_EDGE('',*,*,#5555,.T.);
#5557=EDGE_LOOP('',(#5552,#5553,#5554,#5556));
#5558=FACE_OUTER_BOUND('',#5557,.F.);
#5559=ADVANCED_FACE('',(#5558),#5551,.T.);
#5560=CARTESIAN_POINT('',(-1.624939177904E1,-1.228778987831E1,
5.472718626274E0));
#5561=CARTESIAN_POINT('',(-1.624946842575E1,-1.228785676820E1,
5.476923849292E0));
#5562=CARTESIAN_POINT('',(-1.625015504175E1,-1.228845604978E1,
5.525989525456E0));
#5563=CARTESIAN_POINT('',(-1.624686714680E1,-1.228558619922E1,
5.619401276627E0));
#5564=CARTESIAN_POINT('',(-1.623028659885E1,-1.227111486757E1,
5.752119641298E0));
#5565=CARTESIAN_POINT('',(-1.620183447993E1,-1.224628640949E1,
5.883716395910E0));
#5566=CARTESIAN_POINT('',(-1.616073676127E1,-1.221043202091E1,
6.014992843571E0));
#5567=CARTESIAN_POINT('',(-1.610619947546E1,-1.216286863436E1,
6.145353099229E0));
#5568=CARTESIAN_POINT('',(-1.603746347617E1,-1.210294643246E1,
6.273736381547E0));
#5569=CARTESIAN_POINT('',(-1.595367042706E1,-1.202993191745E1,
6.398864687708E0));
#5570=CARTESIAN_POINT('',(-1.585404909651E1,-1.194317006514E1,
6.519040707857E0));
#5571=CARTESIAN_POINT('',(-1.573820218385E1,-1.184233338559E1,
6.632020533679E0));
#5572=CARTESIAN_POINT('',(-1.560622974964E1,-1.172752832957E1,
6.735119018178E0));
#5573=CARTESIAN_POINT('',(-1.545873611606E1,-1.159929978337E1,
6.825503409971E0));
#5574=CARTESIAN_POINT('',(-1.529739907366E1,-1.145912430880E1,
6.900057135759E0));
#5575=CARTESIAN_POINT('',(-1.512426000723E1,-1.130879115584E1,
6.956090793596E0));
#5576=CARTESIAN_POINT('',(-1.494332893414E1,-1.115179410243E1,
6.990998838576E0));
#5577=CARTESIAN_POINT('',(-1.481351117182E1,-1.103922219411E1,
6.999738282022E0));
#5578=CARTESIAN_POINT('',(-1.474497507667E1,-1.097981193335E1,
6.999672421160E0));
#5579=CARTESIAN_POINT('',(-1.473821997425E1,-1.097395649459E1,
6.999620642988E0));
#5580=CARTESIAN_POINT('',(-1.625706062290E1,-1.241616245819E1,
5.470223405920E0));
#5581=CARTESIAN_POINT('',(-1.625715097722E1,-1.241623610047E1,
5.474813002648E0));
#5582=CARTESIAN_POINT('',(-1.625796074493E1,-1.241689544020E1,
5.528365456073E0));
#5583=CARTESIAN_POINT('',(-1.625407928630E1,-1.241373638755E1,
5.630342474048E0));
#5584=CARTESIAN_POINT('',(-1.623456987773E1,-1.239785113954E1,
5.774728945988E0));
#5585=CARTESIAN_POINT('',(-1.620130808831E1,-1.237073817961E1,
5.916908406072E0));
#5586=CARTESIAN_POINT('',(-1.615370310038E1,-1.233186754051E1,
6.057329766810E0));
#5587=CARTESIAN_POINT('',(-1.609124145831E1,-1.228074704704E1,
6.195024898692E0));
#5588=CARTESIAN_POINT('',(-1.601350786857E1,-1.221693969402E1,
6.328658306354E0));
#5589=CARTESIAN_POINT('',(-1.592000489874E1,-1.213991533666E1,
6.456778124865E0));
#5590=CARTESIAN_POINT('',(-1.581033961163E1,-1.204920524552E1,
6.577599995135E0));
#5591=CARTESIAN_POINT('',(-1.568451217772E1,-1.194464695884E1,
6.688877437624E0));
#5592=CARTESIAN_POINT('',(-1.554302707690E1,-1.182648588173E1,
6.788004694213E0));
#5593=CARTESIAN_POINT('',(-1.538687517757E1,-1.169537416303E1,
6.872310123349E0));
#5594=CARTESIAN_POINT('',(-1.521811843338E1,-1.155287686302E1,
6.938932982940E0));
#5595=CARTESIAN_POINT('',(-1.503911813206E1,-1.140084122105E1,
6.985501873573E0));
#5596=CARTESIAN_POINT('',(-1.485418169074E1,-1.124281246258E1,
7.009867904208E0));
#5597=CARTESIAN_POINT('',(-1.472296858077E1,-1.112999738372E1,
7.010785047224E0));
#5598=CARTESIAN_POINT('',(-1.465412111480E1,-1.107060195314E1,
7.006567902211E0));
#5599=CARTESIAN_POINT('',(-1.464733941798E1,-1.106474941751E1,
7.006106806798E0));
#5600=CARTESIAN_POINT('',(-1.616609327038E1,-1.250709932646E1,
5.470223967503E0));
#5601=CARTESIAN_POINT('',(-1.616618832718E1,-1.250717775202E1,
5.474813304778E0));
#5602=CARTESIAN_POINT('',(-1.616704047088E1,-1.250787963588E1,
5.528364124461E0));
#5603=CARTESIAN_POINT('',(-1.616295339168E1,-1.250451571757E1,
5.630354392622E0));
#5604=CARTESIAN_POINT('',(-1.614245230904E1,-1.248762887619E1,
5.774407568148E0));
#5605=CARTESIAN_POINT('',(-1.610764069300E1,-1.245889761550E1,
5.915563444573E0));
#5606=CARTESIAN_POINT('',(-1.605810615025E1,-1.241789031780E1,
6.053971929173E0));
#5607=CARTESIAN_POINT('',(-1.599358327278E1,-1.236425003261E1,
6.188441728249E0));
#5608=CARTESIAN_POINT('',(-1.591394706640E1,-1.229769050716E1,
6.317512560757E0));
#5609=CARTESIAN_POINT('',(-1.581900874861E1,-1.221782564831E1,
6.439692571480E0));
#5610=CARTESIAN_POINT('',(-1.570869064929E1,-1.212431869451E1,
6.553245332111E0));
#5611=CARTESIAN_POINT('',(-1.558329764590E1,-1.201712408707E1,
6.656066754988E0));
#5612=CARTESIAN_POINT('',(-1.544361184406E1,-1.189658566390E1,
6.745779395809E0));
#5613=CARTESIAN_POINT('',(-1.529085677949E1,-1.176343155671E1,
6.820006811319E0));
#5614=CARTESIAN_POINT('',(-1.512725641610E1,-1.161928951658E1,
6.876268227017E0));
#5615=CARTESIAN_POINT('',(-1.495526555161E1,-1.146604786145E1,
6.912588428104E0));
#5616=CARTESIAN_POINT('',(-1.477914279924E1,-1.130728826134E1,
6.927306705205E0));
#5617=CARTESIAN_POINT('',(-1.465529196401E1,-1.119430092477E1,
6.922168010734E0));
#5618=CARTESIAN_POINT('',(-1.459063005847E1,-1.113491599962E1,
6.915039320849E0));
#5619=CARTESIAN_POINT('',(-1.458426377813E1,-1.112906552052E1,
6.914294056729E0));
#5620=CARTESIAN_POINT('',(-1.603772314524E1,-1.249938757942E1,
5.472719933002E0));
#5621=CARTESIAN_POINT('',(-1.603781073398E1,-1.249946559934E1,
5.476924552308E0));
#5622=CARTESIAN_POINT('',(-1.603859595312E1,-1.250016387532E1,
5.525986426978E0));
#5623=CARTESIAN_POINT('',(-1.603482960713E1,-1.249681733030E1,
5.619429009525E0));
#5624=CARTESIAN_POINT('',(-1.601594156874E1,-1.248001542734E1,
5.751371838855E0));
#5625=CARTESIAN_POINT('',(-1.598388321448E1,-1.245142140391E1,
5.880586853770E0));
#5626=CARTESIAN_POINT('',(-1.593829568468E1,-1.241059530192E1,
6.007179612939E0));
#5627=CARTESIAN_POINT('',(-1.587896218493E1,-1.235716870340E1,
6.130034958652E0));
#5628=CARTESIAN_POINT('',(-1.580579905599E1,-1.229084257127E1,
6.247801750298E0));
#5629=CARTESIAN_POINT('',(-1.571866614775E1,-1.221121859634E1,
6.359108933116E0));
#5630=CARTESIAN_POINT('',(-1.561752581217E1,-1.211794882573E1,
6.462370725647E0));
#5631=CARTESIAN_POINT('',(-1.550268976011E1,-1.201097778701E1,
6.555674546073E0));
#5632=CARTESIAN_POINT('',(-1.537490404947E1,-1.189064097064E1,
6.636866502549E0));
#5633=CARTESIAN_POINT('',(-1.523531438751E1,-1.175766006475E1,
6.703800729896E0));
#5634=CARTESIAN_POINT('',(-1.508597554061E1,-1.161365750402E1,
6.754244787629E0));
#5635=CARTESIAN_POINT('',(-1.492914647854E1,-1.146051812279E1,
6.786431141413E0));
#5636=CARTESIAN_POINT('',(-1.476872365868E1,-1.130182050047E1,
6.798890178553E0));
#5637=CARTESIAN_POINT('',(-1.465603690645E1,-1.118884777192E1,
6.793538513355E0));
#5638=CARTESIAN_POINT('',(-1.459724004008E1,-1.112946195588E1,
6.786697884313E0));
#5639=CARTESIAN_POINT('',(-1.459145155520E1,-1.112361130238E1,
6.785984884282E0));
#5640=(BOUNDED_SURFACE()B_SPLINE_SURFACE(3,3,((#5560,#5561,#5562,#5563,#5564,
#5565,#5566,#5567,#5568,#5569,#5570,#5571,#5572,#5573,#5574,#5575,#5576,#5577,
#5578,#5579),(#5580,#5581,#5582,#5583,#5584,#5585,#5586,#5587,#5588,#5589,#5590,
#5591,#5592,#5593,#5594,#5595,#5596,#5597,#5598,#5599),(#5600,#5601,#5602,#5603,
#5604,#5605,#5606,#5607,#5608,#5609,#5610,#5611,#5612,#5613,#5614,#5615,#5616,
#5617,#5618,#5619),(#5620,#5621,#5622,#5623,#5624,#5625,#5626,#5627,#5628,#5629,
#5630,#5631,#5632,#5633,#5634,#5635,#5636,#5637,#5638,#5639)),.UNSPECIFIED.,.F.,
.F.,.F.)B_SPLINE_SURFACE_WITH_KNOTS((4,4),(4,1,1,1,1,1,1,1,1,1,1,1,1,1,1,1,1,4),
(0.E0,1.E0),(-4.551137613877E-3,0.E0,4.853881203814E-2,9.634638101068E-2,
1.452775632260E-1,1.964524266925E-1,2.500583314038E-1,3.066715052147E-1,
3.671240988680E-1,4.316872097728E-1,5.007532969856E-1,5.746020040128E-1,
6.529001526357E-1,7.355985467037E-1,8.216706467901E-1,9.107081374045E-1,1.E0,
1.009760727026E0),.UNSPECIFIED.)GEOMETRIC_REPRESENTATION_ITEM()RATIONAL_B_SPLINE_SURFACE(((1.202333583976E0,1.202333583976E0,1.202333583976E0,1.202333583976E0,
1.202333583976E0,1.202333583976E0,1.202333583976E0,1.202333583976E0,
1.202333583976E0,1.202333583976E0,1.202333583976E0,1.202333583976E0,
1.202333583976E0,1.202333583976E0,1.202333583976E0,1.202333583976E0,
1.202333583976E0,1.202333583976E0,1.202333583976E0,1.202333583976E0),(
9.325554720079E-1,9.325554720079E-1,9.325554720079E-1,9.325554720079E-1,
9.325554720079E-1,9.325554720079E-1,9.325554720079E-1,9.325554720079E-1,
9.325554720079E-1,9.325554720079E-1,9.325554720079E-1,9.325554720079E-1,
9.325554720079E-1,9.325554720079E-1,9.325554720079E-1,9.325554720079E-1,
9.325554720079E-1,9.325554720079E-1,9.325554720079E-1,9.325554720079E-1),(
9.325554720079E-1,9.325554720079E-1,9.325554720079E-1,9.325554720079E-1,
9.325554720079E-1,9.325554720079E-1,9.325554720079E-1,9.325554720079E-1,
9.325554720079E-1,9.325554720079E-1,9.325554720079E-1,9.325554720079E-1,
9.325554720079E-1,9.325554720079E-1,9.325554720079E-1,9.325554720079E-1,
9.325554720079E-1,9.325554720079E-1,9.325554720079E-1,9.325554720079E-1),(
1.202333583976E0,1.202333583976E0,1.202333583976E0,1.202333583976E0,
1.202333583976E0,1.202333583976E0,1.202333583976E0,1.202333583976E0,
1.202333583976E0,1.202333583976E0,1.202333583976E0,1.202333583976E0,
1.202333583976E0,1.202333583976E0,1.202333583976E0,1.202333583976E0,
1.202333583976E0,1.202333583976E0,1.202333583976E0,1.202333583976E0)))REPRESENTATION_ITEM('')SURFACE());
#5642=ORIENTED_EDGE('',*,*,#5641,.F.);
#5643=ORIENTED_EDGE('',*,*,#5555,.F.);
#5644=ORIENTED_EDGE('',*,*,#2803,.F.);
#5645=EDGE_LOOP('',(#5642,#5643,#5644));
#5646=FACE_OUTER_BOUND('',#5645,.F.);
#5647=ADVANCED_FACE('',(#5646),#5640,.T.);
#5648=CARTESIAN_POINT('',(-1.605E1,-1.23E1,1.61252E1));
#5649=DIRECTION('',(0.E0,0.E0,-1.E0));
#5650=DIRECTION('',(0.E0,-1.E0,0.E0));
#5651=AXIS2_PLACEMENT_3D('',#5648,#5649,#5650);
#5652=CYLINDRICAL_SURFACE('',#5651,2.E-1);
#5653=ORIENTED_EDGE('',*,*,#2937,.T.);
#5654=ORIENTED_EDGE('',*,*,#3697,.F.);
#5655=ORIENTED_EDGE('',*,*,#5641,.T.);
#5656=ORIENTED_EDGE('',*,*,#2820,.T.);
#5657=EDGE_LOOP('',(#5653,#5654,#5655,#5656));
#5658=FACE_OUTER_BOUND('',#5657,.F.);
#5659=ADVANCED_FACE('',(#5658),#5652,.T.);
#5660=CARTESIAN_POINT('',(-1.487406009429E1,1.249966281844E1,5.481792789063E0));
#5661=CARTESIAN_POINT('',(-1.487031948136E1,1.249966914001E1,5.485035315418E0));
#5662=CARTESIAN_POINT('',(-1.480665925397E1,1.249954009695E1,5.540219808837E0));
#5663=CARTESIAN_POINT('',(-1.468747319345E1,1.249173635267E1,5.643571395177E0));
#5664=CARTESIAN_POINT('',(-1.451937418988E1,1.246095016011E1,5.789426484997E0));
#5665=CARTESIAN_POINT('',(-1.436189545589E1,1.241360910330E1,5.926146720065E0));
#5666=CARTESIAN_POINT('',(-1.421164391696E1,1.235003399291E1,6.056667707484E0));
#5667=CARTESIAN_POINT('',(-1.406787404899E1,1.226993397381E1,6.181630752906E0));
#5668=CARTESIAN_POINT('',(-1.393148342907E1,1.217270047239E1,6.300251118565E0));
#5669=CARTESIAN_POINT('',(-1.384313844526E1,1.209331844693E1,6.377132539866E0));
#5670=CARTESIAN_POINT('',(-1.380006205583E1,1.204947217676E1,6.414631171772E0));
#5671=CARTESIAN_POINT('',(-1.379709793744E1,1.204642930996E1,6.417211535427E0));
#5672=CARTESIAN_POINT('',(-1.493238521081E1,1.250417890251E1,5.540084115990E0));
#5673=CARTESIAN_POINT('',(-1.492863383930E1,1.250433069609E1,5.543326060224E0));
#5674=CARTESIAN_POINT('',(-1.486477677329E1,1.250667678691E1,5.598505452186E0));
#5675=CARTESIAN_POINT('',(-1.474478110319E1,1.250348467511E1,5.701996119269E0));
#5676=CARTESIAN_POINT('',(-1.457438858693E1,1.247900559360E1,5.848434226262E0));
#5677=CARTESIAN_POINT('',(-1.441369469457E1,1.243726347449E1,5.986074386784E0));
#5678=CARTESIAN_POINT('',(-1.425933364215E1,1.237859262335E1,6.117858465816E0));
#5679=CARTESIAN_POINT('',(-1.411057286797E1,1.230258631672E1,6.244448567154E0));
#5680=CARTESIAN_POINT('',(-1.396833505946E1,1.220840663595E1,6.365086477964E0));
#5681=CARTESIAN_POINT('',(-1.387540754464E1,1.213022137273E1,6.443641615069E0));
#5682=CARTESIAN_POINT('',(-1.382987580838E1,1.208667023958E1,6.482066704343E0));
#5683=CARTESIAN_POINT('',(-1.382674165560E1,1.208364621960E1,6.484711376696E0));
#5684=CARTESIAN_POINT('',(-1.498264623952E1,1.246250983046E1,5.590656914890E0));
#5685=CARTESIAN_POINT('',(-1.497899923996E1,1.246278699849E1,5.593898354083E0));
#5686=CARTESIAN_POINT('',(-1.491690658332E1,1.246727346248E1,5.649073320087E0));
#5687=CARTESIAN_POINT('',(-1.479983354989E1,1.246829907299E1,5.752684651818E0));
#5688=CARTESIAN_POINT('',(-1.463256903324E1,1.245019951472E1,5.899628576945E0));
#5689=CARTESIAN_POINT('',(-1.447388491045E1,1.241472866642E1,6.038066852856E0));
#5690=CARTESIAN_POINT('',(-1.432054205230E1,1.236222273424E1,6.170946773782E0));
#5691=CARTESIAN_POINT('',(-1.417184173855E1,1.229218381867E1,6.298948487721E0));
#5692=CARTESIAN_POINT('',(-1.402870105815E1,1.220359452965E1,6.421336794527E0));
#5693=CARTESIAN_POINT('',(-1.393450241625E1,1.212885429143E1,6.501344025745E0));
#5694=CARTESIAN_POINT('',(-1.388816018195E1,1.208689017804E1,6.540572897412E0));
#5695=CARTESIAN_POINT('',(-1.388496932584E1,1.208397488340E1,6.543273363156E0));
#5696=CARTESIAN_POINT('',(-1.500820511315E1,1.238844944696E1,5.616769912230E0));
#5697=CARTESIAN_POINT('',(-1.500474306550E1,1.238879038880E1,5.620011090648E0));
#5698=CARTESIAN_POINT('',(-1.494579198821E1,1.239437393073E1,5.675183771331E0));
#5699=CARTESIAN_POINT('',(-1.483440634805E1,1.239782714745E1,5.778857407615E0));
#5700=CARTESIAN_POINT('',(-1.467465587170E1,1.238406769083E1,5.926062509262E0));
#5701=CARTESIAN_POINT('',(-1.452254114604E1,1.235346444786E1,6.064912887833E0));
#5702=CARTESIAN_POINT('',(-1.437500713387E1,1.230634330173E1,6.198358640929E0));
#5703=CARTESIAN_POINT('',(-1.423139863277E1,1.224217005148E1,6.327089233571E0));
#5704=CARTESIAN_POINT('',(-1.409259827772E1,1.215985712026E1,6.450381348095E0));
#5705=CARTESIAN_POINT('',(-1.400086069788E1,1.208966975227E1,6.531138360432E0));
#5706=CARTESIAN_POINT('',(-1.395562111604E1,1.205005918522E1,6.570782260887E0));
#5707=CARTESIAN_POINT('',(-1.395250565836E1,1.204730650275E1,6.573511535254E0));
#5708=(BOUNDED_SURFACE()B_SPLINE_SURFACE(3,3,((#5660,#5661,#5662,#5663,#5664,
#5665,#5666,#5667,#5668,#5669,#5670,#5671),(#5672,#5673,#5674,#5675,#5676,#5677,
#5678,#5679,#5680,#5681,#5682,#5683),(#5684,#5685,#5686,#5687,#5688,#5689,#5690,
#5691,#5692,#5693,#5694,#5695),(#5696,#5697,#5698,#5699,#5700,#5701,#5702,#5703,
#5704,#5705,#5706,#5707)),.UNSPECIFIED.,.F.,.F.,.F.)B_SPLINE_SURFACE_WITH_KNOTS(
(4,4),(4,1,1,1,1,1,1,1,1,4),(0.E0,1.E0),(-9.938698559974E-3,0.E0,
1.592255348051E-1,3.074831354145E-1,4.512313394831E-1,5.887259040599E-1,
7.269117336170E-1,8.657253201125E-1,1.E0,1.009956135932E0),.UNSPECIFIED.)GEOMETRIC_REPRESENTATION_ITEM()RATIONAL_B_SPLINE_SURFACE(((1.090225171461E0,
1.090225171461E0,1.090225171461E0,1.090225171461E0,1.090225171461E0,
1.090225171461E0,1.090225171461E0,1.090225171461E0,1.090225171461E0,
1.090225171461E0,1.090225171461E0,1.090225171461E0),(9.699249428462E-1,
9.699249428462E-1,9.699249428462E-1,9.699249428462E-1,9.699249428462E-1,
9.699249428462E-1,9.699249428462E-1,9.699249428462E-1,9.699249428462E-1,
9.699249428462E-1,9.699249428462E-1,9.699249428462E-1),(9.699249428462E-1,
9.699249428462E-1,9.699249428462E-1,9.699249428462E-1,9.699249428462E-1,
9.699249428462E-1,9.699249428462E-1,9.699249428462E-1,9.699249428462E-1,
9.699249428462E-1,9.699249428462E-1,9.699249428462E-1),(1.090225171461E0,
1.090225171461E0,1.090225171461E0,1.090225171461E0,1.090225171461E0,
1.090225171461E0,1.090225171461E0,1.090225171461E0,1.090225171461E0,
1.090225171461E0,1.090225171461E0,1.090225171461E0)))REPRESENTATION_ITEM('')SURFACE());
#5709=ORIENTED_EDGE('',*,*,#4135,.T.);
#5710=ORIENTED_EDGE('',*,*,#5453,.F.);
#5711=ORIENTED_EDGE('',*,*,#3836,.F.);
#5712=EDGE_LOOP('',(#5709,#5710,#5711));
#5713=FACE_OUTER_BOUND('',#5712,.F.);
#5714=ADVANCED_FACE('',(#5713),#5708,.T.);
#5715=CARTESIAN_POINT('',(1.625E1,-2.175E1,0.E0));
#5716=DIRECTION('',(0.E0,1.E0,0.E0));
#5717=DIRECTION('',(-1.E0,0.E0,0.E0));
#5718=AXIS2_PLACEMENT_3D('',#5715,#5716,#5717);
#5719=PLANE('',#5718);
#5721=ORIENTED_EDGE('',*,*,#5720,.T.);
#5722=ORIENTED_EDGE('',*,*,#2891,.F.);
#5723=ORIENTED_EDGE('',*,*,#3630,.F.);
#5724=ORIENTED_EDGE('',*,*,#3574,.T.);
#5725=EDGE_LOOP('',(#5721,#5722,#5723,#5724));
#5726=FACE_OUTER_BOUND('',#5725,.F.);
#5727=ADVANCED_FACE('',(#5726),#5719,.F.);
#5728=CARTESIAN_POINT('',(1.625E1,-2.175E1,0.E0));
#5729=DIRECTION('',(0.E0,1.E0,0.E0));
#5730=DIRECTION('',(-1.E0,0.E0,0.E0));
#5731=AXIS2_PLACEMENT_3D('',#5728,#5729,#5730);
#5732=PLANE('',#5731);
#5733=ORIENTED_EDGE('',*,*,#2933,.F.);
#5735=ORIENTED_EDGE('',*,*,#5734,.F.);
#5736=ORIENTED_EDGE('',*,*,#3532,.T.);
#5737=ORIENTED_EDGE('',*,*,#3700,.F.);
#5738=EDGE_LOOP('',(#5733,#5735,#5736,#5737));
#5739=FACE_OUTER_BOUND('',#5738,.F.);
#5740=ADVANCED_FACE('',(#5739),#5732,.F.);
#5741=CARTESIAN_POINT('',(1.395E1,-2.305E1,0.E0));
#5742=DIRECTION('',(7.071067811865E-1,-7.071067811865E-1,0.E0));
#5743=DIRECTION('',(7.071067811865E-1,7.071067811865E-1,0.E0));
#5744=AXIS2_PLACEMENT_3D('',#5741,#5742,#5743);
#5745=PLANE('',#5744);
#5746=ORIENTED_EDGE('',*,*,#3572,.F.);
#5748=ORIENTED_EDGE('',*,*,#5747,.F.);
#5749=ORIENTED_EDGE('',*,*,#2893,.T.);
#5750=ORIENTED_EDGE('',*,*,#5720,.F.);
#5751=EDGE_LOOP('',(#5746,#5748,#5749,#5750));
#5752=FACE_OUTER_BOUND('',#5751,.F.);
#5753=ADVANCED_FACE('',(#5752),#5745,.T.);
#5754=CARTESIAN_POINT('',(1.265E1,-2.175E1,0.E0));
#5755=DIRECTION('',(-7.071067811866E-1,-7.071067811865E-1,0.E0));
#5756=DIRECTION('',(7.071067811865E-1,-7.071067811866E-1,0.E0));
#5757=AXIS2_PLACEMENT_3D('',#5754,#5755,#5756);
#5758=PLANE('',#5757);
#5759=ORIENTED_EDGE('',*,*,#3570,.F.);
#5761=ORIENTED_EDGE('',*,*,#5760,.F.);
#5762=ORIENTED_EDGE('',*,*,#2895,.T.);
#5763=ORIENTED_EDGE('',*,*,#5747,.T.);
#5764=EDGE_LOOP('',(#5759,#5761,#5762,#5763));
#5765=FACE_OUTER_BOUND('',#5764,.F.);
#5766=ADVANCED_FACE('',(#5765),#5758,.T.);
#5767=CARTESIAN_POINT('',(1.135E1,-2.305E1,0.E0));
#5768=DIRECTION('',(7.071067811865E-1,-7.071067811865E-1,0.E0));
#5769=DIRECTION('',(7.071067811865E-1,7.071067811865E-1,0.E0));
#5770=AXIS2_PLACEMENT_3D('',#5767,#5768,#5769);
#5771=PLANE('',#5770);
#5772=ORIENTED_EDGE('',*,*,#3568,.F.);
#5774=ORIENTED_EDGE('',*,*,#5773,.F.);
#5775=ORIENTED_EDGE('',*,*,#2897,.T.);
#5776=ORIENTED_EDGE('',*,*,#5760,.T.);
#5777=EDGE_LOOP('',(#5772,#5774,#5775,#5776));
#5778=FACE_OUTER_BOUND('',#5777,.F.);
#5779=ADVANCED_FACE('',(#5778),#5771,.T.);
#5780=CARTESIAN_POINT('',(1.005E1,-2.175E1,0.E0));
#5781=DIRECTION('',(-7.071067811866E-1,-7.071067811865E-1,0.E0));
#5782=DIRECTION('',(7.071067811865E-1,-7.071067811866E-1,0.E0));
#5783=AXIS2_PLACEMENT_3D('',#5780,#5781,#5782);
#5784=PLANE('',#5783);
#5785=ORIENTED_EDGE('',*,*,#3566,.F.);
#5787=ORIENTED_EDGE('',*,*,#5786,.F.);
#5788=ORIENTED_EDGE('',*,*,#2899,.T.);
#5789=ORIENTED_EDGE('',*,*,#5773,.T.);
#5790=EDGE_LOOP('',(#5785,#5787,#5788,#5789));
#5791=FACE_OUTER_BOUND('',#5790,.F.);
#5792=ADVANCED_FACE('',(#5791),#5784,.T.);
#5793=CARTESIAN_POINT('',(8.75E0,-2.305E1,0.E0));
#5794=DIRECTION('',(7.071067811865E-1,-7.071067811866E-1,0.E0));
#5795=DIRECTION('',(7.071067811866E-1,7.071067811865E-1,0.E0));
#5796=AXIS2_PLACEMENT_3D('',#5793,#5794,#5795);
#5797=PLANE('',#5796);
#5798=ORIENTED_EDGE('',*,*,#3564,.F.);
#5800=ORIENTED_EDGE('',*,*,#5799,.F.);
#5801=ORIENTED_EDGE('',*,*,#2901,.T.);
#5802=ORIENTED_EDGE('',*,*,#5786,.T.);
#5803=EDGE_LOOP('',(#5798,#5800,#5801,#5802));
#5804=FACE_OUTER_BOUND('',#5803,.F.);
#5805=ADVANCED_FACE('',(#5804),#5797,.T.);
#5806=CARTESIAN_POINT('',(7.45E0,-2.175E1,0.E0));
#5807=DIRECTION('',(-7.071067811865E-1,-7.071067811865E-1,0.E0));
#5808=DIRECTION('',(7.071067811865E-1,-7.071067811865E-1,0.E0));
#5809=AXIS2_PLACEMENT_3D('',#5806,#5807,#5808);
#5810=PLANE('',#5809);
#5811=ORIENTED_EDGE('',*,*,#3562,.F.);
#5813=ORIENTED_EDGE('',*,*,#5812,.F.);
#5814=ORIENTED_EDGE('',*,*,#2903,.T.);
#5815=ORIENTED_EDGE('',*,*,#5799,.T.);
#5816=EDGE_LOOP('',(#5811,#5813,#5814,#5815));
#5817=FACE_OUTER_BOUND('',#5816,.F.);
#5818=ADVANCED_FACE('',(#5817),#5810,.T.);
#5819=CARTESIAN_POINT('',(6.15E0,-2.305E1,0.E0));
#5820=DIRECTION('',(7.071067811865E-1,-7.071067811865E-1,0.E0));
#5821=DIRECTION('',(7.071067811865E-1,7.071067811865E-1,0.E0));
#5822=AXIS2_PLACEMENT_3D('',#5819,#5820,#5821);
#5823=PLANE('',#5822);
#5824=ORIENTED_EDGE('',*,*,#3560,.F.);
#5826=ORIENTED_EDGE('',*,*,#5825,.F.);
#5827=ORIENTED_EDGE('',*,*,#2905,.T.);
#5828=ORIENTED_EDGE('',*,*,#5812,.T.);
#5829=EDGE_LOOP('',(#5824,#5826,#5827,#5828));
#5830=FACE_OUTER_BOUND('',#5829,.F.);
#5831=ADVANCED_FACE('',(#5830),#5823,.T.);
#5832=CARTESIAN_POINT('',(4.85E0,-2.175E1,0.E0));
#5833=DIRECTION('',(-7.071067811866E-1,-7.071067811865E-1,0.E0));
#5834=DIRECTION('',(7.071067811865E-1,-7.071067811866E-1,0.E0));
#5835=AXIS2_PLACEMENT_3D('',#5832,#5833,#5834);
#5836=PLANE('',#5835);
#5837=ORIENTED_EDGE('',*,*,#3558,.F.);
#5839=ORIENTED_EDGE('',*,*,#5838,.F.);
#5840=ORIENTED_EDGE('',*,*,#2907,.T.);
#5841=ORIENTED_EDGE('',*,*,#5825,.T.);
#5842=EDGE_LOOP('',(#5837,#5839,#5840,#5841));
#5843=FACE_OUTER_BOUND('',#5842,.F.);
#5844=ADVANCED_FACE('',(#5843),#5836,.T.);
#5845=CARTESIAN_POINT('',(3.55E0,-2.305E1,0.E0));
#5846=DIRECTION('',(7.071067811865E-1,-7.071067811866E-1,0.E0));
#5847=DIRECTION('',(7.071067811866E-1,7.071067811865E-1,0.E0));
#5848=AXIS2_PLACEMENT_3D('',#5845,#5846,#5847);
#5849=PLANE('',#5848);
#5850=ORIENTED_EDGE('',*,*,#3556,.F.);
#5852=ORIENTED_EDGE('',*,*,#5851,.F.);
#5853=ORIENTED_EDGE('',*,*,#2909,.T.);
#5854=ORIENTED_EDGE('',*,*,#5838,.T.);
#5855=EDGE_LOOP('',(#5850,#5852,#5853,#5854));
#5856=FACE_OUTER_BOUND('',#5855,.F.);
#5857=ADVANCED_FACE('',(#5856),#5849,.T.);
#5858=CARTESIAN_POINT('',(2.25E0,-2.175E1,0.E0));
#5859=DIRECTION('',(-7.071067811866E-1,-7.071067811865E-1,0.E0));
#5860=DIRECTION('',(7.071067811865E-1,-7.071067811866E-1,0.E0));
#5861=AXIS2_PLACEMENT_3D('',#5858,#5859,#5860);
#5862=PLANE('',#5861);
#5863=ORIENTED_EDGE('',*,*,#3554,.F.);
#5865=ORIENTED_EDGE('',*,*,#5864,.F.);
#5866=ORIENTED_EDGE('',*,*,#2911,.T.);
#5867=ORIENTED_EDGE('',*,*,#5851,.T.);
#5868=EDGE_LOOP('',(#5863,#5865,#5866,#5867));
#5869=FACE_OUTER_BOUND('',#5868,.F.);
#5870=ADVANCED_FACE('',(#5869),#5862,.T.);
#5871=CARTESIAN_POINT('',(9.499999999999E-1,-2.305E1,0.E0));
#5872=DIRECTION('',(7.071067811865E-1,-7.071067811866E-1,0.E0));
#5873=DIRECTION('',(7.071067811866E-1,7.071067811865E-1,0.E0));
#5874=AXIS2_PLACEMENT_3D('',#5871,#5872,#5873);
#5875=PLANE('',#5874);
#5876=ORIENTED_EDGE('',*,*,#3552,.F.);
#5878=ORIENTED_EDGE('',*,*,#5877,.F.);
#5879=ORIENTED_EDGE('',*,*,#2913,.T.);
#5880=ORIENTED_EDGE('',*,*,#5864,.T.);
#5881=EDGE_LOOP('',(#5876,#5878,#5879,#5880));
#5882=FACE_OUTER_BOUND('',#5881,.F.);
#5883=ADVANCED_FACE('',(#5882),#5875,.T.);
#5884=CARTESIAN_POINT('',(-3.500000000001E-1,-2.175E1,0.E0));
#5885=DIRECTION('',(-7.071067811866E-1,-7.071067811865E-1,0.E0));
#5886=DIRECTION('',(7.071067811865E-1,-7.071067811866E-1,0.E0));
#5887=AXIS2_PLACEMENT_3D('',#5884,#5885,#5886);
#5888=PLANE('',#5887);
#5889=ORIENTED_EDGE('',*,*,#3550,.F.);
#5891=ORIENTED_EDGE('',*,*,#5890,.F.);
#5892=ORIENTED_EDGE('',*,*,#2915,.T.);
#5893=ORIENTED_EDGE('',*,*,#5877,.T.);
#5894=EDGE_LOOP('',(#5889,#5891,#5892,#5893));
#5895=FACE_OUTER_BOUND('',#5894,.F.);
#5896=ADVANCED_FACE('',(#5895),#5888,.T.);
#5897=CARTESIAN_POINT('',(-1.65E0,-2.305E1,0.E0));
#5898=DIRECTION('',(7.071067811865E-1,-7.071067811865E-1,0.E0));
#5899=DIRECTION('',(7.071067811865E-1,7.071067811865E-1,0.E0));
#5900=AXIS2_PLACEMENT_3D('',#5897,#5898,#5899);
#5901=PLANE('',#5900);
#5902=ORIENTED_EDGE('',*,*,#3548,.F.);
#5904=ORIENTED_EDGE('',*,*,#5903,.F.);
#5905=ORIENTED_EDGE('',*,*,#2917,.T.);
#5906=ORIENTED_EDGE('',*,*,#5890,.T.);
#5907=EDGE_LOOP('',(#5902,#5904,#5905,#5906));
#5908=FACE_OUTER_BOUND('',#5907,.F.);
#5909=ADVANCED_FACE('',(#5908),#5901,.T.);
#5910=CARTESIAN_POINT('',(-2.95E0,-2.175E1,0.E0));
#5911=DIRECTION('',(-7.071067811866E-1,-7.071067811865E-1,0.E0));
#5912=DIRECTION('',(7.071067811865E-1,-7.071067811866E-1,0.E0));
#5913=AXIS2_PLACEMENT_3D('',#5910,#5911,#5912);
#5914=PLANE('',#5913);
#5915=ORIENTED_EDGE('',*,*,#3546,.F.);
#5917=ORIENTED_EDGE('',*,*,#5916,.F.);
#5918=ORIENTED_EDGE('',*,*,#2919,.T.);
#5919=ORIENTED_EDGE('',*,*,#5903,.T.);
#5920=EDGE_LOOP('',(#5915,#5917,#5918,#5919));
#5921=FACE_OUTER_BOUND('',#5920,.F.);
#5922=ADVANCED_FACE('',(#5921),#5914,.T.);
#5923=CARTESIAN_POINT('',(-4.25E0,-2.305E1,0.E0));
#5924=DIRECTION('',(7.071067811865E-1,-7.071067811865E-1,0.E0));
#5925=DIRECTION('',(7.071067811865E-1,7.071067811865E-1,0.E0));
#5926=AXIS2_PLACEMENT_3D('',#5923,#5924,#5925);
#5927=PLANE('',#5926);
#5928=ORIENTED_EDGE('',*,*,#3544,.F.);
#5930=ORIENTED_EDGE('',*,*,#5929,.F.);
#5931=ORIENTED_EDGE('',*,*,#2921,.T.);
#5932=ORIENTED_EDGE('',*,*,#5916,.T.);
#5933=EDGE_LOOP('',(#5928,#5930,#5931,#5932));
#5934=FACE_OUTER_BOUND('',#5933,.F.);
#5935=ADVANCED_FACE('',(#5934),#5927,.T.);
#5936=CARTESIAN_POINT('',(-5.55E0,-2.175E1,0.E0));
#5937=DIRECTION('',(-7.071067811866E-1,-7.071067811865E-1,0.E0));
#5938=DIRECTION('',(7.071067811865E-1,-7.071067811866E-1,0.E0));
#5939=AXIS2_PLACEMENT_3D('',#5936,#5937,#5938);
#5940=PLANE('',#5939);
#5941=ORIENTED_EDGE('',*,*,#3542,.F.);
#5943=ORIENTED_EDGE('',*,*,#5942,.F.);
#5944=ORIENTED_EDGE('',*,*,#2923,.T.);
#5945=ORIENTED_EDGE('',*,*,#5929,.T.);
#5946=EDGE_LOOP('',(#5941,#5943,#5944,#5945));
#5947=FACE_OUTER_BOUND('',#5946,.F.);
#5948=ADVANCED_FACE('',(#5947),#5940,.T.);
#5949=CARTESIAN_POINT('',(-6.85E0,-2.305E1,0.E0));
#5950=DIRECTION('',(7.071067811865E-1,-7.071067811866E-1,0.E0));
#5951=DIRECTION('',(7.071067811866E-1,7.071067811865E-1,0.E0));
#5952=AXIS2_PLACEMENT_3D('',#5949,#5950,#5951);
#5953=PLANE('',#5952);
#5954=ORIENTED_EDGE('',*,*,#3540,.F.);
#5956=ORIENTED_EDGE('',*,*,#5955,.F.);
#5957=ORIENTED_EDGE('',*,*,#2925,.T.);
#5958=ORIENTED_EDGE('',*,*,#5942,.T.);
#5959=EDGE_LOOP('',(#5954,#5956,#5957,#5958));
#5960=FACE_OUTER_BOUND('',#5959,.F.);
#5961=ADVANCED_FACE('',(#5960),#5953,.T.);
#5962=CARTESIAN_POINT('',(-8.15E0,-2.175E1,0.E0));
#5963=DIRECTION('',(-7.071067811866E-1,-7.071067811865E-1,0.E0));
#5964=DIRECTION('',(7.071067811865E-1,-7.071067811866E-1,0.E0));
#5965=AXIS2_PLACEMENT_3D('',#5962,#5963,#5964);
#5966=PLANE('',#5965);
#5967=ORIENTED_EDGE('',*,*,#3538,.F.);
#5969=ORIENTED_EDGE('',*,*,#5968,.F.);
#5970=ORIENTED_EDGE('',*,*,#2927,.T.);
#5971=ORIENTED_EDGE('',*,*,#5955,.T.);
#5972=EDGE_LOOP('',(#5967,#5969,#5970,#5971));
#5973=FACE_OUTER_BOUND('',#5972,.F.);
#5974=ADVANCED_FACE('',(#5973),#5966,.T.);
#5975=CARTESIAN_POINT('',(-9.45E0,-2.305E1,0.E0));
#5976=DIRECTION('',(7.071067811865E-1,-7.071067811866E-1,0.E0));
#5977=DIRECTION('',(7.071067811866E-1,7.071067811865E-1,0.E0));
#5978=AXIS2_PLACEMENT_3D('',#5975,#5976,#5977);
#5979=PLANE('',#5978);
#5980=ORIENTED_EDGE('',*,*,#3536,.F.);
#5982=ORIENTED_EDGE('',*,*,#5981,.F.);
#5983=ORIENTED_EDGE('',*,*,#2929,.T.);
#5984=ORIENTED_EDGE('',*,*,#5968,.T.);
#5985=EDGE_LOOP('',(#5980,#5982,#5983,#5984));
#5986=FACE_OUTER_BOUND('',#5985,.F.);
#5987=ADVANCED_FACE('',(#5986),#5979,.T.);
#5988=CARTESIAN_POINT('',(-1.075E1,-2.175E1,0.E0));
#5989=DIRECTION('',(-7.071067811865E-1,-7.071067811865E-1,0.E0));
#5990=DIRECTION('',(7.071067811865E-1,-7.071067811865E-1,0.E0));
#5991=AXIS2_PLACEMENT_3D('',#5988,#5989,#5990);
#5992=PLANE('',#5991);
#5993=ORIENTED_EDGE('',*,*,#3534,.F.);
#5994=ORIENTED_EDGE('',*,*,#5734,.T.);
#5995=ORIENTED_EDGE('',*,*,#2931,.T.);
#5996=ORIENTED_EDGE('',*,*,#5981,.T.);
#5997=EDGE_LOOP('',(#5993,#5994,#5995,#5996));
#5998=FACE_OUTER_BOUND('',#5997,.F.);
#5999=ADVANCED_FACE('',(#5998),#5992,.T.);
#6000=CARTESIAN_POINT('',(-9.45E0,-2.495E1,0.E0));
#6001=DIRECTION('',(-7.071067811865E-1,7.071067811865E-1,0.E0));
#6002=DIRECTION('',(-7.071067811865E-1,-7.071067811865E-1,0.E0));
#6003=AXIS2_PLACEMENT_3D('',#6000,#6001,#6002);
#6004=PLANE('',#6003);
#6005=ORIENTED_EDGE('',*,*,#3526,.F.);
#6007=ORIENTED_EDGE('',*,*,#6006,.F.);
#6008=ORIENTED_EDGE('',*,*,#2849,.T.);
#6009=ORIENTED_EDGE('',*,*,#3619,.F.);
#6010=EDGE_LOOP('',(#6005,#6007,#6008,#6009));
#6011=FACE_OUTER_BOUND('',#6010,.F.);
#6012=ADVANCED_FACE('',(#6011),#6004,.T.);
#6013=CARTESIAN_POINT('',(-8.15E0,-2.625E1,0.E0));
#6014=DIRECTION('',(7.071067811865E-1,7.071067811866E-1,0.E0));
#6015=DIRECTION('',(-7.071067811866E-1,7.071067811865E-1,0.E0));
#6016=AXIS2_PLACEMENT_3D('',#6013,#6014,#6015);
#6017=PLANE('',#6016);
#6018=ORIENTED_EDGE('',*,*,#3524,.F.);
#6020=ORIENTED_EDGE('',*,*,#6019,.F.);
#6021=ORIENTED_EDGE('',*,*,#2851,.T.);
#6022=ORIENTED_EDGE('',*,*,#6006,.T.);
#6023=EDGE_LOOP('',(#6018,#6020,#6021,#6022));
#6024=FACE_OUTER_BOUND('',#6023,.F.);
#6025=ADVANCED_FACE('',(#6024),#6017,.T.);
#6026=CARTESIAN_POINT('',(-6.85E0,-2.495E1,0.E0));
#6027=DIRECTION('',(-7.071067811865E-1,7.071067811865E-1,0.E0));
#6028=DIRECTION('',(-7.071067811865E-1,-7.071067811865E-1,0.E0));
#6029=AXIS2_PLACEMENT_3D('',#6026,#6027,#6028);
#6030=PLANE('',#6029);
#6031=ORIENTED_EDGE('',*,*,#3522,.F.);
#6033=ORIENTED_EDGE('',*,*,#6032,.F.);
#6034=ORIENTED_EDGE('',*,*,#2853,.T.);
#6035=ORIENTED_EDGE('',*,*,#6019,.T.);
#6036=EDGE_LOOP('',(#6031,#6033,#6034,#6035));
#6037=FACE_OUTER_BOUND('',#6036,.F.);
#6038=ADVANCED_FACE('',(#6037),#6030,.T.);
#6039=CARTESIAN_POINT('',(-5.55E0,-2.625E1,0.E0));
#6040=DIRECTION('',(7.071067811865E-1,7.071067811866E-1,0.E0));
#6041=DIRECTION('',(-7.071067811866E-1,7.071067811865E-1,0.E0));
#6042=AXIS2_PLACEMENT_3D('',#6039,#6040,#6041);
#6043=PLANE('',#6042);
#6044=ORIENTED_EDGE('',*,*,#3520,.F.);
#6046=ORIENTED_EDGE('',*,*,#6045,.F.);
#6047=ORIENTED_EDGE('',*,*,#2855,.T.);
#6048=ORIENTED_EDGE('',*,*,#6032,.T.);
#6049=EDGE_LOOP('',(#6044,#6046,#6047,#6048));
#6050=FACE_OUTER_BOUND('',#6049,.F.);
#6051=ADVANCED_FACE('',(#6050),#6043,.T.);
#6052=CARTESIAN_POINT('',(-4.25E0,-2.495E1,0.E0));
#6053=DIRECTION('',(-7.071067811865E-1,7.071067811865E-1,0.E0));
#6054=DIRECTION('',(-7.071067811865E-1,-7.071067811865E-1,0.E0));
#6055=AXIS2_PLACEMENT_3D('',#6052,#6053,#6054);
#6056=PLANE('',#6055);
#6057=ORIENTED_EDGE('',*,*,#3518,.F.);
#6059=ORIENTED_EDGE('',*,*,#6058,.F.);
#6060=ORIENTED_EDGE('',*,*,#2857,.T.);
#6061=ORIENTED_EDGE('',*,*,#6045,.T.);
#6062=EDGE_LOOP('',(#6057,#6059,#6060,#6061));
#6063=FACE_OUTER_BOUND('',#6062,.F.);
#6064=ADVANCED_FACE('',(#6063),#6056,.T.);
#6065=CARTESIAN_POINT('',(-2.95E0,-2.625E1,0.E0));
#6066=DIRECTION('',(7.071067811865E-1,7.071067811866E-1,0.E0));
#6067=DIRECTION('',(-7.071067811866E-1,7.071067811865E-1,0.E0));
#6068=AXIS2_PLACEMENT_3D('',#6065,#6066,#6067);
#6069=PLANE('',#6068);
#6070=ORIENTED_EDGE('',*,*,#3516,.F.);
#6072=ORIENTED_EDGE('',*,*,#6071,.F.);
#6073=ORIENTED_EDGE('',*,*,#2859,.T.);
#6074=ORIENTED_EDGE('',*,*,#6058,.T.);
#6075=EDGE_LOOP('',(#6070,#6072,#6073,#6074));
#6076=FACE_OUTER_BOUND('',#6075,.F.);
#6077=ADVANCED_FACE('',(#6076),#6069,.T.);
#6078=CARTESIAN_POINT('',(-1.65E0,-2.495E1,0.E0));
#6079=DIRECTION('',(-7.071067811865E-1,7.071067811865E-1,0.E0));
#6080=DIRECTION('',(-7.071067811865E-1,-7.071067811865E-1,0.E0));
#6081=AXIS2_PLACEMENT_3D('',#6078,#6079,#6080);
#6082=PLANE('',#6081);
#6083=ORIENTED_EDGE('',*,*,#3514,.F.);
#6085=ORIENTED_EDGE('',*,*,#6084,.F.);
#6086=ORIENTED_EDGE('',*,*,#2861,.T.);
#6087=ORIENTED_EDGE('',*,*,#6071,.T.);
#6088=EDGE_LOOP('',(#6083,#6085,#6086,#6087));
#6089=FACE_OUTER_BOUND('',#6088,.F.);
#6090=ADVANCED_FACE('',(#6089),#6082,.T.);
#6091=CARTESIAN_POINT('',(-3.500000000001E-1,-2.625E1,0.E0));
#6092=DIRECTION('',(7.071067811865E-1,7.071067811866E-1,0.E0));
#6093=DIRECTION('',(-7.071067811866E-1,7.071067811865E-1,0.E0));
#6094=AXIS2_PLACEMENT_3D('',#6091,#6092,#6093);
#6095=PLANE('',#6094);
#6096=ORIENTED_EDGE('',*,*,#3512,.F.);
#6098=ORIENTED_EDGE('',*,*,#6097,.F.);
#6099=ORIENTED_EDGE('',*,*,#2863,.T.);
#6100=ORIENTED_EDGE('',*,*,#6084,.T.);
#6101=EDGE_LOOP('',(#6096,#6098,#6099,#6100));
#6102=FACE_OUTER_BOUND('',#6101,.F.);
#6103=ADVANCED_FACE('',(#6102),#6095,.T.);
#6104=CARTESIAN_POINT('',(9.499999999999E-1,-2.495E1,0.E0));
#6105=DIRECTION('',(-7.071067811866E-1,7.071067811865E-1,0.E0));
#6106=DIRECTION('',(-7.071067811865E-1,-7.071067811866E-1,0.E0));
#6107=AXIS2_PLACEMENT_3D('',#6104,#6105,#6106);
#6108=PLANE('',#6107);
#6109=ORIENTED_EDGE('',*,*,#3510,.F.);
#6111=ORIENTED_EDGE('',*,*,#6110,.F.);
#6112=ORIENTED_EDGE('',*,*,#2865,.T.);
#6113=ORIENTED_EDGE('',*,*,#6097,.T.);
#6114=EDGE_LOOP('',(#6109,#6111,#6112,#6113));
#6115=FACE_OUTER_BOUND('',#6114,.F.);
#6116=ADVANCED_FACE('',(#6115),#6108,.T.);
#6117=CARTESIAN_POINT('',(2.25E0,-2.625E1,0.E0));
#6118=DIRECTION('',(7.071067811865E-1,7.071067811866E-1,0.E0));
#6119=DIRECTION('',(-7.071067811866E-1,7.071067811865E-1,0.E0));
#6120=AXIS2_PLACEMENT_3D('',#6117,#6118,#6119);
#6121=PLANE('',#6120);
#6122=ORIENTED_EDGE('',*,*,#3508,.F.);
#6124=ORIENTED_EDGE('',*,*,#6123,.F.);
#6125=ORIENTED_EDGE('',*,*,#2867,.T.);
#6126=ORIENTED_EDGE('',*,*,#6110,.T.);
#6127=EDGE_LOOP('',(#6122,#6124,#6125,#6126));
#6128=FACE_OUTER_BOUND('',#6127,.F.);
#6129=ADVANCED_FACE('',(#6128),#6121,.T.);
#6130=CARTESIAN_POINT('',(3.55E0,-2.495E1,0.E0));
#6131=DIRECTION('',(-7.071067811866E-1,7.071067811865E-1,0.E0));
#6132=DIRECTION('',(-7.071067811865E-1,-7.071067811866E-1,0.E0));
#6133=AXIS2_PLACEMENT_3D('',#6130,#6131,#6132);
#6134=PLANE('',#6133);
#6135=ORIENTED_EDGE('',*,*,#3506,.F.);
#6137=ORIENTED_EDGE('',*,*,#6136,.F.);
#6138=ORIENTED_EDGE('',*,*,#2869,.T.);
#6139=ORIENTED_EDGE('',*,*,#6123,.T.);
#6140=EDGE_LOOP('',(#6135,#6137,#6138,#6139));
#6141=FACE_OUTER_BOUND('',#6140,.F.);
#6142=ADVANCED_FACE('',(#6141),#6134,.T.);
#6143=CARTESIAN_POINT('',(4.85E0,-2.625E1,0.E0));
#6144=DIRECTION('',(7.071067811865E-1,7.071067811866E-1,0.E0));
#6145=DIRECTION('',(-7.071067811866E-1,7.071067811865E-1,0.E0));
#6146=AXIS2_PLACEMENT_3D('',#6143,#6144,#6145);
#6147=PLANE('',#6146);
#6148=ORIENTED_EDGE('',*,*,#3504,.F.);
#6150=ORIENTED_EDGE('',*,*,#6149,.F.);
#6151=ORIENTED_EDGE('',*,*,#2871,.T.);
#6152=ORIENTED_EDGE('',*,*,#6136,.T.);
#6153=EDGE_LOOP('',(#6148,#6150,#6151,#6152));
#6154=FACE_OUTER_BOUND('',#6153,.F.);
#6155=ADVANCED_FACE('',(#6154),#6147,.T.);
#6156=CARTESIAN_POINT('',(6.15E0,-2.495E1,0.E0));
#6157=DIRECTION('',(-7.071067811865E-1,7.071067811865E-1,0.E0));
#6158=DIRECTION('',(-7.071067811865E-1,-7.071067811865E-1,0.E0));
#6159=AXIS2_PLACEMENT_3D('',#6156,#6157,#6158);
#6160=PLANE('',#6159);
#6161=ORIENTED_EDGE('',*,*,#3502,.F.);
#6163=ORIENTED_EDGE('',*,*,#6162,.F.);
#6164=ORIENTED_EDGE('',*,*,#2873,.T.);
#6165=ORIENTED_EDGE('',*,*,#6149,.T.);
#6166=EDGE_LOOP('',(#6161,#6163,#6164,#6165));
#6167=FACE_OUTER_BOUND('',#6166,.F.);
#6168=ADVANCED_FACE('',(#6167),#6160,.T.);
#6169=CARTESIAN_POINT('',(7.45E0,-2.625E1,0.E0));
#6170=DIRECTION('',(7.071067811865E-1,7.071067811866E-1,0.E0));
#6171=DIRECTION('',(-7.071067811866E-1,7.071067811865E-1,0.E0));
#6172=AXIS2_PLACEMENT_3D('',#6169,#6170,#6171);
#6173=PLANE('',#6172);
#6174=ORIENTED_EDGE('',*,*,#3500,.F.);
#6176=ORIENTED_EDGE('',*,*,#6175,.F.);
#6177=ORIENTED_EDGE('',*,*,#2875,.T.);
#6178=ORIENTED_EDGE('',*,*,#6162,.T.);
#6179=EDGE_LOOP('',(#6174,#6176,#6177,#6178));
#6180=FACE_OUTER_BOUND('',#6179,.F.);
#6181=ADVANCED_FACE('',(#6180),#6173,.T.);
#6182=CARTESIAN_POINT('',(8.75E0,-2.495E1,0.E0));
#6183=DIRECTION('',(-7.071067811865E-1,7.071067811865E-1,0.E0));
#6184=DIRECTION('',(-7.071067811865E-1,-7.071067811865E-1,0.E0));
#6185=AXIS2_PLACEMENT_3D('',#6182,#6183,#6184);
#6186=PLANE('',#6185);
#6187=ORIENTED_EDGE('',*,*,#3498,.F.);
#6189=ORIENTED_EDGE('',*,*,#6188,.F.);
#6190=ORIENTED_EDGE('',*,*,#2877,.T.);
#6191=ORIENTED_EDGE('',*,*,#6175,.T.);
#6192=EDGE_LOOP('',(#6187,#6189,#6190,#6191));
#6193=FACE_OUTER_BOUND('',#6192,.F.);
#6194=ADVANCED_FACE('',(#6193),#6186,.T.);
#6195=CARTESIAN_POINT('',(1.005E1,-2.625E1,0.E0));
#6196=DIRECTION('',(7.071067811865E-1,7.071067811866E-1,0.E0));
#6197=DIRECTION('',(-7.071067811866E-1,7.071067811865E-1,0.E0));
#6198=AXIS2_PLACEMENT_3D('',#6195,#6196,#6197);
#6199=PLANE('',#6198);
#6200=ORIENTED_EDGE('',*,*,#3496,.F.);
#6202=ORIENTED_EDGE('',*,*,#6201,.F.);
#6203=ORIENTED_EDGE('',*,*,#2879,.T.);
#6204=ORIENTED_EDGE('',*,*,#6188,.T.);
#6205=EDGE_LOOP('',(#6200,#6202,#6203,#6204));
#6206=FACE_OUTER_BOUND('',#6205,.F.);
#6207=ADVANCED_FACE('',(#6206),#6199,.T.);
#6208=CARTESIAN_POINT('',(1.135E1,-2.495E1,0.E0));
#6209=DIRECTION('',(-7.071067811865E-1,7.071067811865E-1,0.E0));
#6210=DIRECTION('',(-7.071067811865E-1,-7.071067811865E-1,0.E0));
#6211=AXIS2_PLACEMENT_3D('',#6208,#6209,#6210);
#6212=PLANE('',#6211);
#6213=ORIENTED_EDGE('',*,*,#3494,.F.);
#6214=ORIENTED_EDGE('',*,*,#3479,.F.);
#6215=ORIENTED_EDGE('',*,*,#2881,.T.);
#6216=ORIENTED_EDGE('',*,*,#6201,.T.);
#6217=EDGE_LOOP('',(#6213,#6214,#6215,#6216));
#6218=FACE_OUTER_BOUND('',#6217,.F.);
#6219=ADVANCED_FACE('',(#6218),#6212,.T.);
#6220=CARTESIAN_POINT('',(1.395E1,-2.495E1,0.E0));
#6221=DIRECTION('',(-7.071067811865E-1,7.071067811865E-1,0.E0));
#6222=DIRECTION('',(-7.071067811865E-1,-7.071067811865E-1,0.E0));
#6223=AXIS2_PLACEMENT_3D('',#6220,#6221,#6222);
#6224=PLANE('',#6223);
#6225=ORIENTED_EDGE('',*,*,#3491,.F.);
#6226=ORIENTED_EDGE('',*,*,#3592,.F.);
#6227=ORIENTED_EDGE('',*,*,#2835,.T.);
#6228=ORIENTED_EDGE('',*,*,#3476,.T.);
#6229=EDGE_LOOP('',(#6225,#6226,#6227,#6228));
#6230=FACE_OUTER_BOUND('',#6229,.F.);
#6231=ADVANCED_FACE('',(#6230),#6224,.T.);
#6235=DIMENSIONAL_EXPONENTS(0.E0,0.E0,0.E0,0.E0,0.E0,0.E0,0.E0);
#6237=PLANE_ANGLE_MEASURE_WITH_UNIT(PLANE_ANGLE_MEASURE(1.745329251994E-2),
#6236);
#6238=(CONVERSION_BASED_UNIT('DEGREE',#6237)NAMED_UNIT(*)PLANE_ANGLE_UNIT());
#6240=UNCERTAINTY_MEASURE_WITH_UNIT(LENGTH_MEASURE(1.E-3),#6234,'closure',
'Maximum model space distance between geometric entities at asserted connectivities');
#6241=(GEOMETRIC_REPRESENTATION_CONTEXT(3)GLOBAL_UNCERTAINTY_ASSIGNED_CONTEXT((
#6240))GLOBAL_UNIT_ASSIGNED_CONTEXT((#6234,#6238,#6239))REPRESENTATION_CONTEXT(
'ID1','3'));
#6243=APPLICATION_CONTEXT(
'CONFIGURATION CONTROLLED 3D DESIGNS OF MECHANICAL PARTS AND ASSEMBLIES');
#6244=APPLICATION_PROTOCOL_DEFINITION('international standard',
'config_control_design',1994,#6243);
#6245=DESIGN_CONTEXT('',#6243,'design');
#6246=MECHANICAL_CONTEXT('',#6243,'mechanical');
#6247=PRODUCT('ATACHEMENTROPE','ATACHEMENTROPE','NOT SPECIFIED',(#6246));
#6248=PRODUCT_DEFINITION_FORMATION_WITH_SPECIFIED_SOURCE('7','LAST_VERSION',
#6247,.MADE.);
#6252=PRODUCT_CATEGORY('part','');
#6253=PRODUCT_RELATED_PRODUCT_CATEGORY('detail','',(#6247));
#6254=PRODUCT_CATEGORY_RELATIONSHIP('','',#6252,#6253);
#6255=SECURITY_CLASSIFICATION_LEVEL('unclassified');
#6256=SECURITY_CLASSIFICATION('','',#6255);
#6257=CC_DESIGN_SECURITY_CLASSIFICATION(#6256,(#6248));
#6258=APPROVAL_STATUS('approved');
#6259=APPROVAL(#6258,'');
#6260=CC_DESIGN_APPROVAL(#6259,(#6256,#6248,#6249));
#6261=CALENDAR_DATE(126,8,8);
#6262=COORDINATED_UNIVERSAL_TIME_OFFSET(2,0,.AHEAD.);
#6263=LOCAL_TIME(18,58,1.2E1,#6262);
#6264=DATE_AND_TIME(#6261,#6263);
#6265=APPROVAL_DATE_TIME(#6264,#6259);
#6266=DATE_TIME_ROLE('creation_date');
#6267=CC_DESIGN_DATE_AND_TIME_ASSIGNMENT(#6264,#6266,(#6249));
#6268=DATE_TIME_ROLE('classification_date');
#6269=CC_DESIGN_DATE_AND_TIME_ASSIGNMENT(#6264,#6268,(#6256));
#6270=PERSON('UNSPECIFIED','UNSPECIFIED',$,$,$,$);
#6271=ORGANIZATION('UNSPECIFIED','UNSPECIFIED','UNSPECIFIED');
#6272=PERSON_AND_ORGANIZATION(#6270,#6271);
#6273=APPROVAL_ROLE('approver');
#6274=APPROVAL_PERSON_ORGANIZATION(#6272,#6259,#6273);
#6275=PERSON_AND_ORGANIZATION_ROLE('creator');
#6276=CC_DESIGN_PERSON_AND_ORGANIZATION_ASSIGNMENT(#6272,#6275,(#6248,#6249));
#6277=PERSON_AND_ORGANIZATION_ROLE('design_supplier');
#6278=CC_DESIGN_PERSON_AND_ORGANIZATION_ASSIGNMENT(#6272,#6277,(#6248));
#6279=PERSON_AND_ORGANIZATION_ROLE('classification_officer');
#6280=CC_DESIGN_PERSON_AND_ORGANIZATION_ASSIGNMENT(#6272,#6279,(#6256));
#6281=PERSON_AND_ORGANIZATION_ROLE('design_owner');
#6282=CC_DESIGN_PERSON_AND_ORGANIZATION_ASSIGNMENT(#6272,#6281,(#6247));
#21=CIRCLE('',#20,1.8E0);
#30=CIRCLE('',#29,1.8E0);
#55=CIRCLE('',#54,1.8E0);
#64=CIRCLE('',#63,1.8E0);
#313=CIRCLE('',#312,2.E-1);
#326=CIRCLE('',#325,1.E-1);
#335=CIRCLE('',#334,1.8E0);
#344=CIRCLE('',#343,1.8E0);
#353=CIRCLE('',#352,1.E-1);
#362=CIRCLE('',#361,2.E-1);
#367=CIRCLE('',#366,2.E-1);
#388=CIRCLE('',#387,2.E-1);
#401=CIRCLE('',#400,1.E-1);
#410=CIRCLE('',#409,1.8E0);
#419=CIRCLE('',#418,1.8E0);
#428=CIRCLE('',#427,1.E-1);
#437=CIRCLE('',#436,2.E-1);
#442=CIRCLE('',#441,2.E-1);
#447=CIRCLE('',#446,2.E-1);
#452=CIRCLE('',#451,3.E-1);
#457=CIRCLE('',#456,3.E-1);
#462=CIRCLE('',#461,2.E-1);
#467=CIRCLE('',#466,2.E-1);
#472=CIRCLE('',#471,2.E-1);
#477=CIRCLE('',#476,2.E-1);
#482=CIRCLE('',#481,2.E-1);
#487=CIRCLE('',#486,2.E-1);
#492=CIRCLE('',#491,2.E-1);
#497=CIRCLE('',#496,3.E-1);
#502=CIRCLE('',#501,3.E-1);
#507=CIRCLE('',#506,2.E-1);
#512=CIRCLE('',#511,2.E-1);
#517=CIRCLE('',#516,2.E-1);
#522=CIRCLE('',#521,2.E-1);
#527=CIRCLE('',#526,2.E-1);
#532=CIRCLE('',#531,2.E-1);
#553=CIRCLE('',#552,2.E0);
#558=CIRCLE('',#557,2.E0);
#579=CIRCLE('',#578,2.E0);
#584=CIRCLE('',#583,2.E0);
#793=CIRCLE('',#792,2.25E0);
#798=CIRCLE('',#797,2.25E0);
#803=CIRCLE('',#802,2.25E0);
#808=CIRCLE('',#807,2.25E0);
#845=CIRCLE('',#844,2.25E0);
#850=CIRCLE('',#849,2.25E0);
#855=CIRCLE('',#854,2.25E0);
#860=CIRCLE('',#859,2.25E0);
#929=CIRCLE('',#928,2.E-1);
#934=CIRCLE('',#933,2.E-1);
#955=CIRCLE('',#954,1.5E0);
#960=CIRCLE('',#959,2.E-1);
#985=CIRCLE('',#984,2.E-1);
#994=CIRCLE('',#993,1.5E0);
#999=CIRCLE('',#998,2.E-1);
#1010=B_SPLINE_CURVE_WITH_KNOTS('',3,(#1000,#1001,#1002,#1003,#1004,#1005,#1006,
#1007,#1008,#1009),.UNSPECIFIED.,.F.,.F.,(4,1,1,1,1,1,1,4),(0.E0,
1.428571428571E-1,2.857142857143E-1,4.285714285714E-1,5.714285714286E-1,
7.142857142857E-1,8.571428571429E-1,1.E0),.UNSPECIFIED.);
#1021=B_SPLINE_CURVE_WITH_KNOTS('',3,(#1011,#1012,#1013,#1014,#1015,#1016,#1017,
#1018,#1019,#1020),.UNSPECIFIED.,.F.,.F.,(4,1,1,1,1,1,1,4),(0.E0,
1.428571428571E-1,2.857142857143E-1,4.285714285714E-1,5.714285714286E-1,
7.142857142857E-1,8.571428571429E-1,1.E0),.UNSPECIFIED.);
#1032=B_SPLINE_CURVE_WITH_KNOTS('',3,(#1022,#1023,#1024,#1025,#1026,#1027,#1028,
#1029,#1030,#1031),.UNSPECIFIED.,.F.,.F.,(4,1,1,1,1,1,1,4),(0.E0,
1.428571428571E-1,2.857142857143E-1,4.285714285714E-1,5.714285714286E-1,
7.142857142857E-1,8.571428571429E-1,1.E0),.UNSPECIFIED.);
#1037=CIRCLE('',#1036,2.E-1);
#1042=CIRCLE('',#1041,2.E-1);
#1047=CIRCLE('',#1046,2.E-1);
#1052=CIRCLE('',#1051,2.E-1);
#1057=CIRCLE('',#1056,2.E-1);
#1062=CIRCLE('',#1061,2.E-1);
#1073=B_SPLINE_CURVE_WITH_KNOTS('',3,(#1063,#1064,#1065,#1066,#1067,#1068,#1069,
#1070,#1071,#1072),.UNSPECIFIED.,.F.,.F.,(4,1,1,1,1,1,1,4),(0.E0,
1.428571428571E-1,2.857142857143E-1,4.285714285714E-1,5.714285714286E-1,
7.142857142857E-1,8.571428571429E-1,1.E0),.UNSPECIFIED.);
#1078=CIRCLE('',#1077,2.E-1);
#1105=B_SPLINE_CURVE_WITH_KNOTS('',3,(#1095,#1096,#1097,#1098,#1099,#1100,#1101,
#1102,#1103,#1104),.UNSPECIFIED.,.F.,.F.,(4,1,1,1,1,1,1,4),(0.E0,
1.428571428571E-1,2.857142857143E-1,4.285714285714E-1,5.714285714286E-1,
7.142857142857E-1,8.571428571429E-1,1.E0),.UNSPECIFIED.);
#1138=B_SPLINE_CURVE_WITH_KNOTS('',3,(#1106,#1107,#1108,#1109,#1110,#1111,#1112,
#1113,#1114,#1115,#1116,#1117,#1118,#1119,#1120,#1121,#1122,#1123,#1124,#1125,
#1126,#1127,#1128,#1129,#1130,#1131,#1132,#1133,#1134,#1135,#1136,#1137),
.UNSPECIFIED.,.F.,.F.,(4,1,1,1,1,1,1,1,1,1,1,1,1,1,1,1,1,1,1,1,1,1,1,1,1,1,1,1,
1,4),(0.E0,3.448275862069E-2,6.896551724138E-2,1.034482758621E-1,
1.379310344828E-1,1.724137931034E-1,2.068965517241E-1,2.413793103448E-1,
2.758620689655E-1,3.103448275862E-1,3.448275862069E-1,3.793103448276E-1,
4.137931034483E-1,4.482758620690E-1,4.827586206897E-1,5.172413793103E-1,
5.517241379310E-1,5.862068965517E-1,6.206896551724E-1,6.551724137931E-1,
6.896551724138E-1,7.241379310345E-1,7.586206896552E-1,7.931034482759E-1,
8.275862068966E-1,8.620689655172E-1,8.965517241379E-1,9.310344827586E-1,
9.655172413793E-1,1.E0),.UNSPECIFIED.);
#1151=B_SPLINE_CURVE_WITH_KNOTS('',3,(#1139,#1140,#1141,#1142,#1143,#1144,#1145,
#1146,#1147,#1148,#1149,#1150),.UNSPECIFIED.,.F.,.F.,(4,1,1,1,1,1,1,1,1,4),
(0.E0,1.111111111111E-1,2.222222222222E-1,3.333333333333E-1,4.444444444444E-1,
5.555555555556E-1,6.666666666667E-1,7.777777777778E-1,8.888888888889E-1,1.E0),
.UNSPECIFIED.);
#1157=B_SPLINE_CURVE_WITH_KNOTS('',3,(#1152,#1153,#1154,#1155,#1156),
.UNSPECIFIED.,.F.,.F.,(4,1,4),(0.E0,5.E-1,1.E0),.UNSPECIFIED.);
#1171=B_SPLINE_CURVE_WITH_KNOTS('',3,(#1158,#1159,#1160,#1161,#1162,#1163,#1164,
#1165,#1166,#1167,#1168,#1169,#1170),.UNSPECIFIED.,.F.,.F.,(4,1,1,1,1,1,1,1,1,1,
4),(0.E0,1.E-1,2.E-1,3.E-1,4.E-1,5.E-1,6.E-1,7.E-1,8.E-1,9.E-1,1.E0),
.UNSPECIFIED.);
#1176=CIRCLE('',#1175,2.000000121273E-1);
#1185=B_SPLINE_CURVE_WITH_KNOTS('',3,(#1177,#1178,#1179,#1180,#1181,#1182,#1183,
#1184),.UNSPECIFIED.,.F.,.F.,(4,1,1,1,1,4),(0.E0,2.E-1,4.E-1,6.E-1,8.E-1,1.E0),
.UNSPECIFIED.);
#1190=CIRCLE('',#1189,2.E-1);
#1195=CIRCLE('',#1194,2.E-1);
#1204=B_SPLINE_CURVE_WITH_KNOTS('',3,(#1196,#1197,#1198,#1199,#1200,#1201,#1202,
#1203),.UNSPECIFIED.,.F.,.F.,(4,1,1,1,1,4),(0.E0,2.E-1,4.E-1,6.E-1,8.E-1,1.E0),
.UNSPECIFIED.);
#1210=B_SPLINE_CURVE_WITH_KNOTS('',3,(#1205,#1206,#1207,#1208,#1209),
.UNSPECIFIED.,.F.,.F.,(4,1,4),(0.E0,5.E-1,1.E0),.UNSPECIFIED.);
#1215=CIRCLE('',#1214,2.E-1);
#1220=CIRCLE('',#1219,2.E-1);
#1232=B_SPLINE_CURVE_WITH_KNOTS('',3,(#1221,#1222,#1223,#1224,#1225,#1226,#1227,
#1228,#1229,#1230,#1231),.UNSPECIFIED.,.F.,.F.,(4,1,1,1,1,1,1,1,4),(0.E0,
1.25E-1,2.5E-1,3.75E-1,5.E-1,6.25E-1,7.5E-1,8.75E-1,1.E0),.UNSPECIFIED.);
#1237=CIRCLE('',#1236,2.000000223705E-1);
#1250=B_SPLINE_CURVE_WITH_KNOTS('',3,(#1238,#1239,#1240,#1241,#1242,#1243,#1244,
#1245,#1246,#1247,#1248,#1249),.UNSPECIFIED.,.F.,.F.,(4,1,1,1,1,1,1,1,1,4),
(0.E0,1.111111111111E-1,2.222222222222E-1,3.333333333333E-1,4.444444444444E-1,
5.555555555556E-1,6.666666666667E-1,7.777777777778E-1,8.888888888889E-1,1.E0),
.UNSPECIFIED.);
#1283=B_SPLINE_CURVE_WITH_KNOTS('',3,(#1251,#1252,#1253,#1254,#1255,#1256,#1257,
#1258,#1259,#1260,#1261,#1262,#1263,#1264,#1265,#1266,#1267,#1268,#1269,#1270,
#1271,#1272,#1273,#1274,#1275,#1276,#1277,#1278,#1279,#1280,#1281,#1282),
.UNSPECIFIED.,.F.,.F.,(4,1,1,1,1,1,1,1,1,1,1,1,1,1,1,1,1,1,1,1,1,1,1,1,1,1,1,1,
1,4),(0.E0,3.448275862069E-2,6.896551724138E-2,1.034482758621E-1,
1.379310344828E-1,1.724137931034E-1,2.068965517241E-1,2.413793103448E-1,
2.758620689655E-1,3.103448275862E-1,3.448275862069E-1,3.793103448276E-1,
4.137931034483E-1,4.482758620690E-1,4.827586206897E-1,5.172413793103E-1,
5.517241379310E-1,5.862068965517E-1,6.206896551724E-1,6.551724137931E-1,
6.896551724138E-1,7.241379310345E-1,7.586206896552E-1,7.931034482759E-1,
8.275862068966E-1,8.620689655172E-1,8.965517241379E-1,9.310344827586E-1,
9.655172413793E-1,1.E0),.UNSPECIFIED.);
#1288=CIRCLE('',#1287,2.E-1);
#1303=B_SPLINE_CURVE_WITH_KNOTS('',3,(#1293,#1294,#1295,#1296,#1297,#1298,#1299,
#1300,#1301,#1302),.UNSPECIFIED.,.F.,.F.,(4,1,1,1,1,1,1,4),(0.E0,
1.428571428571E-1,2.857142857143E-1,4.285714285714E-1,5.714285714286E-1,
7.142857142857E-1,8.571428571429E-1,1.E0),.UNSPECIFIED.);
#1320=CIRCLE('',#1319,2.E0);
#1325=CIRCLE('',#1324,2.E0);
#1346=CIRCLE('',#1345,2.E0);
#1351=CIRCLE('',#1350,2.E0);
#1356=CIRCLE('',#1355,2.E-1);
#1365=CIRCLE('',#1364,1.8E0);
#1374=CIRCLE('',#1373,1.8E0);
#1391=CIRCLE('',#1390,1.8E0);
#1400=CIRCLE('',#1399,1.8E0);
#1441=B_SPLINE_CURVE_WITH_KNOTS('',3,(#1409,#1410,#1411,#1412,#1413,#1414,#1415,
#1416,#1417,#1418,#1419,#1420,#1421,#1422,#1423,#1424,#1425,#1426,#1427,#1428,
#1429,#1430,#1431,#1432,#1433,#1434,#1435,#1436,#1437,#1438,#1439,#1440),
.UNSPECIFIED.,.F.,.F.,(4,1,1,1,1,1,1,1,1,1,1,1,1,1,1,1,1,1,1,1,1,1,1,1,1,1,1,1,
1,4),(0.E0,3.448275862069E-2,6.896551724138E-2,1.034482758621E-1,
1.379310344828E-1,1.724137931034E-1,2.068965517241E-1,2.413793103448E-1,
2.758620689655E-1,3.103448275862E-1,3.448275862069E-1,3.793103448276E-1,
4.137931034483E-1,4.482758620690E-1,4.827586206897E-1,5.172413793103E-1,
5.517241379310E-1,5.862068965517E-1,6.206896551724E-1,6.551724137931E-1,
6.896551724138E-1,7.241379310345E-1,7.586206896552E-1,7.931034482759E-1,
8.275862068966E-1,8.620689655172E-1,8.965517241379E-1,9.310344827586E-1,
9.655172413793E-1,1.E0),.UNSPECIFIED.);
#1446=CIRCLE('',#1445,2.E-1);
#1451=CIRCLE('',#1450,1.5E0);
#1472=CIRCLE('',#1471,2.E-1);
#1477=CIRCLE('',#1476,2.E-1);
#1496=B_SPLINE_CURVE_WITH_KNOTS('',3,(#1478,#1479,#1480,#1481,#1482,#1483,#1484,
#1485,#1486,#1487,#1488,#1489,#1490,#1491,#1492,#1493,#1494,#1495),
.UNSPECIFIED.,.F.,.F.,(4,1,1,1,1,1,1,1,1,1,1,1,1,1,1,4),(0.E0,6.666666666667E-2,
1.333333333333E-1,2.E-1,2.666666666667E-1,3.333333333333E-1,4.E-1,
4.666666666667E-1,5.333333333333E-1,6.E-1,6.666666666667E-1,7.333333333333E-1,
8.E-1,8.666666666667E-1,9.333333333333E-1,1.E0),.UNSPECIFIED.);
#1515=B_SPLINE_CURVE_WITH_KNOTS('',3,(#1497,#1498,#1499,#1500,#1501,#1502,#1503,
#1504,#1505,#1506,#1507,#1508,#1509,#1510,#1511,#1512,#1513,#1514),
.UNSPECIFIED.,.F.,.F.,(4,1,1,1,1,1,1,1,1,1,1,1,1,1,1,4),(0.E0,6.666666666667E-2,
1.333333333333E-1,2.E-1,2.666666666667E-1,3.333333333333E-1,4.E-1,
4.666666666667E-1,5.333333333333E-1,6.E-1,6.666666666667E-1,7.333333333333E-1,
8.E-1,8.666666666667E-1,9.333333333333E-1,1.E0),.UNSPECIFIED.);
#1534=B_SPLINE_CURVE_WITH_KNOTS('',3,(#1516,#1517,#1518,#1519,#1520,#1521,#1522,
#1523,#1524,#1525,#1526,#1527,#1528,#1529,#1530,#1531,#1532,#1533),
.UNSPECIFIED.,.F.,.F.,(4,1,1,1,1,1,1,1,1,1,1,1,1,1,1,4),(0.E0,6.666666666667E-2,
1.333333333333E-1,2.E-1,2.666666666667E-1,3.333333333333E-1,4.E-1,
4.666666666667E-1,5.333333333333E-1,6.E-1,6.666666666667E-1,7.333333333333E-1,
8.E-1,8.666666666667E-1,9.333333333333E-1,1.E0),.UNSPECIFIED.);
#1553=B_SPLINE_CURVE_WITH_KNOTS('',3,(#1535,#1536,#1537,#1538,#1539,#1540,#1541,
#1542,#1543,#1544,#1545,#1546,#1547,#1548,#1549,#1550,#1551,#1552),
.UNSPECIFIED.,.F.,.F.,(4,1,1,1,1,1,1,1,1,1,1,1,1,1,1,4),(0.E0,6.666666666667E-2,
1.333333333333E-1,2.E-1,2.666666666667E-1,3.333333333333E-1,4.E-1,
4.666666666667E-1,5.333333333333E-1,6.E-1,6.666666666667E-1,7.333333333333E-1,
8.E-1,8.666666666667E-1,9.333333333333E-1,1.E0),.UNSPECIFIED.);
#1558=CIRCLE('',#1557,2.E-1);
#1563=CIRCLE('',#1562,2.E-1);
#1584=CIRCLE('',#1583,1.5E0);
#1589=CIRCLE('',#1588,2.E-1);
#1614=CIRCLE('',#1613,2.E-1);
#1627=B_SPLINE_CURVE_WITH_KNOTS('',3,(#1619,#1620,#1621,#1622,#1623,#1624,#1625,
#1626),.UNSPECIFIED.,.F.,.F.,(4,1,1,1,1,4),(0.E0,2.E-1,4.E-1,6.E-1,8.E-1,1.E0),
.UNSPECIFIED.);
#1633=B_SPLINE_CURVE_WITH_KNOTS('',3,(#1628,#1629,#1630,#1631,#1632),
.UNSPECIFIED.,.F.,.F.,(4,1,4),(0.E0,5.E-1,1.E0),.UNSPECIFIED.);
#1638=CIRCLE('',#1637,2.E-1);
#1643=CIRCLE('',#1642,2.E-1);
#1655=B_SPLINE_CURVE_WITH_KNOTS('',3,(#1644,#1645,#1646,#1647,#1648,#1649,#1650,
#1651,#1652,#1653,#1654),.UNSPECIFIED.,.F.,.F.,(4,1,1,1,1,1,1,1,4),(0.E0,
1.25E-1,2.5E-1,3.75E-1,5.E-1,6.25E-1,7.5E-1,8.75E-1,1.E0),.UNSPECIFIED.);
#1660=CIRCLE('',#1659,2.000000223705E-1);
#1673=B_SPLINE_CURVE_WITH_KNOTS('',3,(#1661,#1662,#1663,#1664,#1665,#1666,#1667,
#1668,#1669,#1670,#1671,#1672),.UNSPECIFIED.,.F.,.F.,(4,1,1,1,1,1,1,1,1,4),
(0.E0,1.111111111111E-1,2.222222222222E-1,3.333333333333E-1,4.444444444444E-1,
5.555555555556E-1,6.666666666667E-1,7.777777777778E-1,8.888888888889E-1,1.E0),
.UNSPECIFIED.);
#1685=B_SPLINE_CURVE_WITH_KNOTS('',3,(#1674,#1675,#1676,#1677,#1678,#1679,#1680,
#1681,#1682,#1683,#1684),.UNSPECIFIED.,.F.,.F.,(4,1,1,1,1,1,1,1,4),(0.E0,
1.25E-1,2.5E-1,3.75E-1,5.E-1,6.25E-1,7.5E-1,8.75E-1,1.E0),.UNSPECIFIED.);
#1691=B_SPLINE_CURVE_WITH_KNOTS('',3,(#1686,#1687,#1688,#1689,#1690),
.UNSPECIFIED.,.F.,.F.,(4,1,4),(0.E0,5.E-1,1.E0),.UNSPECIFIED.);
#1705=B_SPLINE_CURVE_WITH_KNOTS('',3,(#1692,#1693,#1694,#1695,#1696,#1697,#1698,
#1699,#1700,#1701,#1702,#1703,#1704),.UNSPECIFIED.,.F.,.F.,(4,1,1,1,1,1,1,1,1,1,
4),(0.E0,1.E-1,2.E-1,3.E-1,4.E-1,5.E-1,6.E-1,7.E-1,8.E-1,9.E-1,1.E0),
.UNSPECIFIED.);
#1710=CIRCLE('',#1709,2.000000121273E-1);
#1719=B_SPLINE_CURVE_WITH_KNOTS('',3,(#1711,#1712,#1713,#1714,#1715,#1716,#1717,
#1718),.UNSPECIFIED.,.F.,.F.,(4,1,1,1,1,4),(0.E0,2.E-1,4.E-1,6.E-1,8.E-1,1.E0),
.UNSPECIFIED.);
#1724=CIRCLE('',#1723,2.E-1);
#1729=CIRCLE('',#1728,2.E-1);
#1762=B_SPLINE_CURVE_WITH_KNOTS('',3,(#1730,#1731,#1732,#1733,#1734,#1735,#1736,
#1737,#1738,#1739,#1740,#1741,#1742,#1743,#1744,#1745,#1746,#1747,#1748,#1749,
#1750,#1751,#1752,#1753,#1754,#1755,#1756,#1757,#1758,#1759,#1760,#1761),
.UNSPECIFIED.,.F.,.F.,(4,1,1,1,1,1,1,1,1,1,1,1,1,1,1,1,1,1,1,1,1,1,1,1,1,1,1,1,
1,4),(0.E0,3.448275862069E-2,6.896551724138E-2,1.034482758621E-1,
1.379310344828E-1,1.724137931034E-1,2.068965517241E-1,2.413793103448E-1,
2.758620689655E-1,3.103448275862E-1,3.448275862069E-1,3.793103448276E-1,
4.137931034483E-1,4.482758620690E-1,4.827586206897E-1,5.172413793103E-1,
5.517241379310E-1,5.862068965517E-1,6.206896551724E-1,6.551724137931E-1,
6.896551724138E-1,7.241379310345E-1,7.586206896552E-1,7.931034482759E-1,
8.275862068966E-1,8.620689655172E-1,8.965517241379E-1,9.310344827586E-1,
9.655172413793E-1,1.E0),.UNSPECIFIED.);
#1767=CIRCLE('',#1766,2.E-1);
#1772=CIRCLE('',#1771,2.E-1);
#1777=CIRCLE('',#1776,2.E-1);
#1782=CIRCLE('',#1781,2.E0);
#1787=CIRCLE('',#1786,2.E0);
#1792=CIRCLE('',#1791,2.E-1);
#1797=CIRCLE('',#1796,2.E-1);
#1802=CIRCLE('',#1801,2.E-1);
#1807=CIRCLE('',#1806,2.E-1);
#1812=CIRCLE('',#1811,2.E-1);
#1823=B_SPLINE_CURVE_WITH_KNOTS('',3,(#1813,#1814,#1815,#1816,#1817,#1818,#1819,
#1820,#1821,#1822),.UNSPECIFIED.,.F.,.F.,(4,1,1,1,1,1,1,4),(0.E0,
1.428571428571E-1,2.857142857143E-1,4.285714285714E-1,5.714285714286E-1,
7.142857142857E-1,8.571428571429E-1,1.E0),.UNSPECIFIED.);
#1828=CIRCLE('',#1827,2.E-1);
#1855=B_SPLINE_CURVE_WITH_KNOTS('',3,(#1845,#1846,#1847,#1848,#1849,#1850,#1851,
#1852,#1853,#1854),.UNSPECIFIED.,.F.,.F.,(4,1,1,1,1,1,1,4),(0.E0,
1.428571428571E-1,2.857142857143E-1,4.285714285714E-1,5.714285714286E-1,
7.142857142857E-1,8.571428571429E-1,1.E0),.UNSPECIFIED.);
#1860=CIRCLE('',#1859,2.E0);
#1865=CIRCLE('',#1864,2.E0);
#1892=B_SPLINE_CURVE_WITH_KNOTS('',3,(#1882,#1883,#1884,#1885,#1886,#1887,#1888,
#1889,#1890,#1891),.UNSPECIFIED.,.F.,.F.,(4,1,1,1,1,1,1,4),(0.E0,
1.428571428571E-1,2.857142857143E-1,4.285714285714E-1,5.714285714286E-1,
7.142857142857E-1,8.571428571429E-1,1.E0),.UNSPECIFIED.);
#1903=B_SPLINE_CURVE_WITH_KNOTS('',3,(#1893,#1894,#1895,#1896,#1897,#1898,#1899,
#1900,#1901,#1902),.UNSPECIFIED.,.F.,.F.,(4,1,1,1,1,1,1,4),(0.E0,
1.428571428571E-1,2.857142857143E-1,4.285714285714E-1,5.714285714286E-1,
7.142857142857E-1,8.571428571429E-1,1.E0),.UNSPECIFIED.);
#1908=CIRCLE('',#1907,2.E-1);
#1919=B_SPLINE_CURVE_WITH_KNOTS('',3,(#1909,#1910,#1911,#1912,#1913,#1914,#1915,
#1916,#1917,#1918),.UNSPECIFIED.,.F.,.F.,(4,1,1,1,1,1,1,4),(0.E0,
1.428571428571E-1,2.857142857143E-1,4.285714285714E-1,5.714285714286E-1,
7.142857142857E-1,8.571428571429E-1,1.E0),.UNSPECIFIED.);
#1934=B_SPLINE_CURVE_WITH_KNOTS('',3,(#1924,#1925,#1926,#1927,#1928,#1929,#1930,
#1931,#1932,#1933),.UNSPECIFIED.,.F.,.F.,(4,1,1,1,1,1,1,4),(0.E0,
1.428571428571E-1,2.857142857143E-1,4.285714285714E-1,5.714285714286E-1,
7.142857142857E-1,8.571428571429E-1,1.E0),.UNSPECIFIED.);
#1951=CIRCLE('',#1950,2.E-1);
#1962=B_SPLINE_CURVE_WITH_KNOTS('',3,(#1952,#1953,#1954,#1955,#1956,#1957,#1958,
#1959,#1960,#1961),.UNSPECIFIED.,.F.,.F.,(4,1,1,1,1,1,1,4),(0.E0,
1.428571428571E-1,2.857142857143E-1,4.285714285714E-1,5.714285714286E-1,
7.142857142857E-1,8.571428571429E-1,1.E0),.UNSPECIFIED.);
#1973=B_SPLINE_CURVE_WITH_KNOTS('',3,(#1963,#1964,#1965,#1966,#1967,#1968,#1969,
#1970,#1971,#1972),.UNSPECIFIED.,.F.,.F.,(4,1,1,1,1,1,1,4),(0.E0,
1.428571428571E-1,2.857142857143E-1,4.285714285714E-1,5.714285714286E-1,
7.142857142857E-1,8.571428571429E-1,1.E0),.UNSPECIFIED.);
#1978=CIRCLE('',#1977,2.E-1);
#1983=CIRCLE('',#1982,2.E-1);
#2002=B_SPLINE_CURVE_WITH_KNOTS('',3,(#1984,#1985,#1986,#1987,#1988,#1989,#1990,
#1991,#1992,#1993,#1994,#1995,#1996,#1997,#1998,#1999,#2000,#2001),
.UNSPECIFIED.,.F.,.F.,(4,1,1,1,1,1,1,1,1,1,1,1,1,1,1,4),(0.E0,6.666666666667E-2,
1.333333333333E-1,2.E-1,2.666666666667E-1,3.333333333333E-1,4.E-1,
4.666666666667E-1,5.333333333333E-1,6.E-1,6.666666666667E-1,7.333333333333E-1,
8.E-1,8.666666666667E-1,9.333333333333E-1,1.E0),.UNSPECIFIED.);
#2021=B_SPLINE_CURVE_WITH_KNOTS('',3,(#2003,#2004,#2005,#2006,#2007,#2008,#2009,
#2010,#2011,#2012,#2013,#2014,#2015,#2016,#2017,#2018,#2019,#2020),
.UNSPECIFIED.,.F.,.F.,(4,1,1,1,1,1,1,1,1,1,1,1,1,1,1,4),(0.E0,6.666666666667E-2,
1.333333333333E-1,2.E-1,2.666666666667E-1,3.333333333333E-1,4.E-1,
4.666666666667E-1,5.333333333333E-1,6.E-1,6.666666666667E-1,7.333333333333E-1,
8.E-1,8.666666666667E-1,9.333333333333E-1,1.E0),.UNSPECIFIED.);
#2040=B_SPLINE_CURVE_WITH_KNOTS('',3,(#2022,#2023,#2024,#2025,#2026,#2027,#2028,
#2029,#2030,#2031,#2032,#2033,#2034,#2035,#2036,#2037,#2038,#2039),
.UNSPECIFIED.,.F.,.F.,(4,1,1,1,1,1,1,1,1,1,1,1,1,1,1,4),(0.E0,6.666666666667E-2,
1.333333333333E-1,2.E-1,2.666666666667E-1,3.333333333333E-1,4.E-1,
4.666666666667E-1,5.333333333333E-1,6.E-1,6.666666666667E-1,7.333333333333E-1,
8.E-1,8.666666666667E-1,9.333333333333E-1,1.E0),.UNSPECIFIED.);
#2059=B_SPLINE_CURVE_WITH_KNOTS('',3,(#2041,#2042,#2043,#2044,#2045,#2046,#2047,
#2048,#2049,#2050,#2051,#2052,#2053,#2054,#2055,#2056,#2057,#2058),
.UNSPECIFIED.,.F.,.F.,(4,1,1,1,1,1,1,1,1,1,1,1,1,1,1,4),(0.E0,6.666666666667E-2,
1.333333333333E-1,2.E-1,2.666666666667E-1,3.333333333333E-1,4.E-1,
4.666666666667E-1,5.333333333333E-1,6.E-1,6.666666666667E-1,7.333333333333E-1,
8.E-1,8.666666666667E-1,9.333333333333E-1,1.E0),.UNSPECIFIED.);
#2064=CIRCLE('',#2063,2.E-1);
#2069=CIRCLE('',#2068,2.E-1);
#2080=B_SPLINE_CURVE_WITH_KNOTS('',3,(#2070,#2071,#2072,#2073,#2074,#2075,#2076,
#2077,#2078,#2079),.UNSPECIFIED.,.F.,.F.,(4,1,1,1,1,1,1,4),(0.E0,
1.428571428571E-1,2.857142857143E-1,4.285714285714E-1,5.714285714286E-1,
7.142857142857E-1,8.571428571429E-1,1.E0),.UNSPECIFIED.);
#2091=B_SPLINE_CURVE_WITH_KNOTS('',3,(#2081,#2082,#2083,#2084,#2085,#2086,#2087,
#2088,#2089,#2090),.UNSPECIFIED.,.F.,.F.,(4,1,1,1,1,1,1,4),(0.E0,
1.428571428571E-1,2.857142857143E-1,4.285714285714E-1,5.714285714286E-1,
7.142857142857E-1,8.571428571429E-1,1.E0),.UNSPECIFIED.);
#2753=EDGE_CURVE('',#2410,#2411,#4,.T.);
#2755=EDGE_CURVE('',#2414,#2410,#8,.T.);
#2757=EDGE_CURVE('',#2414,#2415,#12,.T.);
#2759=EDGE_CURVE('',#2341,#2415,#16,.T.);
#2761=EDGE_CURVE('',#2337,#2341,#21,.T.);
#2763=EDGE_CURVE('',#2331,#2337,#25,.T.);
#2765=EDGE_CURVE('',#2330,#2331,#30,.T.);
#2767=EDGE_CURVE('',#2411,#2330,#34,.T.);
#2777=EDGE_CURVE('',#2441,#2442,#38,.T.);
#2779=EDGE_CURVE('',#2445,#2441,#42,.T.);
#2781=EDGE_CURVE('',#2445,#2446,#46,.T.);
#2783=EDGE_CURVE('',#2325,#2446,#50,.T.);
#2785=EDGE_CURVE('',#2321,#2325,#55,.T.);
#2787=EDGE_CURVE('',#2315,#2321,#59,.T.);
#2789=EDGE_CURVE('',#2314,#2315,#64,.T.);
#2791=EDGE_CURVE('',#2442,#2314,#68,.T.);
#2801=EDGE_CURVE('',#2406,#2407,#80,.T.);
#2803=EDGE_CURVE('',#2406,#2410,#2059,.T.);
#2806=EDGE_CURVE('',#2411,#2465,#1032,.T.);
#2808=EDGE_CURVE('',#2465,#2407,#1021,.T.);
#2818=EDGE_CURVE('',#2510,#2511,#72,.T.);
#2820=EDGE_CURVE('',#2406,#2510,#76,.T.);
#2823=EDGE_CURVE('',#2511,#2407,#84,.T.);
#2833=EDGE_CURVE('',#2655,#2657,#88,.T.);
#2835=EDGE_CURVE('',#2653,#2655,#92,.T.);
#2837=EDGE_CURVE('',#2633,#2653,#96,.T.);
#2839=EDGE_CURVE('',#2569,#2633,#100,.T.);
#2841=EDGE_CURVE('',#2483,#2569,#104,.T.);
#2843=EDGE_CURVE('',#2482,#2483,#108,.T.);
#2845=EDGE_CURVE('',#2639,#2482,#112,.T.);
#2847=EDGE_CURVE('',#2638,#2639,#116,.T.);
#2849=EDGE_CURVE('',#2737,#2638,#120,.T.);
#2851=EDGE_CURVE('',#2735,#2737,#124,.T.);
#2853=EDGE_CURVE('',#2733,#2735,#128,.T.);
#2855=EDGE_CURVE('',#2731,#2733,#132,.T.);
#2857=EDGE_CURVE('',#2729,#2731,#136,.T.);
#2859=EDGE_CURVE('',#2679,#2729,#140,.T.);
#2861=EDGE_CURVE('',#2677,#2679,#144,.T.);
#2863=EDGE_CURVE('',#2675,#2677,#148,.T.);
#2865=EDGE_CURVE('',#2673,#2675,#152,.T.);
#2867=EDGE_CURVE('',#2671,#2673,#156,.T.);
#2869=EDGE_CURVE('',#2669,#2671,#160,.T.);
#2871=EDGE_CURVE('',#2667,#2669,#164,.T.);
#2873=EDGE_CURVE('',#2665,#2667,#168,.T.);
#2875=EDGE_CURVE('',#2663,#2665,#172,.T.);
#2877=EDGE_CURVE('',#2661,#2663,#176,.T.);
#2879=EDGE_CURVE('',#2659,#2661,#180,.T.);
#2881=EDGE_CURVE('',#2657,#2659,#184,.T.);
#2891=EDGE_CURVE('',#2571,#2635,#188,.T.);
#2893=EDGE_CURVE('',#2707,#2635,#192,.T.);
#2895=EDGE_CURVE('',#2705,#2707,#196,.T.);
#2897=EDGE_CURVE('',#2703,#2705,#200,.T.);
#2899=EDGE_CURVE('',#2701,#2703,#204,.T.);
#2901=EDGE_CURVE('',#2699,#2701,#208,.T.);
#2903=EDGE_CURVE('',#2697,#2699,#212,.T.);
#2905=EDGE_CURVE('',#2695,#2697,#216,.T.);
#2907=EDGE_CURVE('',#2693,#2695,#220,.T.);
#2909=EDGE_CURVE('',#2691,#2693,#224,.T.);
#2911=EDGE_CURVE('',#2689,#2691,#228,.T.);
#2913=EDGE_CURVE('',#2687,#2689,#232,.T.);
#2915=EDGE_CURVE('',#2685,#2687,#236,.T.);
#2917=EDGE_CURVE('',#2683,#2685,#240,.T.);
#2919=EDGE_CURVE('',#2682,#2683,#244,.T.);
#2921=EDGE_CURVE('',#2747,#2682,#248,.T.);
#2923=EDGE_CURVE('',#2745,#2747,#252,.T.);
#2925=EDGE_CURVE('',#2743,#2745,#256,.T.);
#2927=EDGE_CURVE('',#2741,#2743,#260,.T.);
#2929=EDGE_CURVE('',#2739,#2741,#264,.T.);
#2931=EDGE_CURVE('',#2642,#2739,#268,.T.);
#2933=EDGE_CURVE('',#2642,#2643,#272,.T.);
#2935=EDGE_CURVE('',#2547,#2643,#276,.T.);
#2937=EDGE_CURVE('',#2510,#2547,#2064,.T.);
#2940=EDGE_CURVE('',#2511,#2537,#994,.T.);
#2942=EDGE_CURVE('',#2514,#2537,#985,.T.);
#2944=EDGE_CURVE('',#2514,#2515,#968,.T.);
#2946=EDGE_CURVE('',#2535,#2515,#960,.T.);
#2948=EDGE_CURVE('',#2518,#2535,#955,.T.);
#2950=EDGE_CURVE('',#2518,#2519,#938,.T.);
#2952=EDGE_CURVE('',#2545,#2519,#929,.T.);
#2954=EDGE_CURVE('',#2479,#2545,#280,.T.);
#2956=EDGE_CURVE('',#2478,#2479,#284,.T.);
#2958=EDGE_CURVE('',#2543,#2478,#288,.T.);
#2960=EDGE_CURVE('',#2522,#2543,#1472,.T.);
#2962=EDGE_CURVE('',#2522,#2523,#1455,.T.);
#2964=EDGE_CURVE('',#2523,#2533,#1451,.T.);
#2966=EDGE_CURVE('',#2526,#2533,#1614,.T.);
#2968=EDGE_CURVE('',#2526,#2527,#1597,.T.);
#2970=EDGE_CURVE('',#2539,#2527,#1589,.T.);
#2972=EDGE_CURVE('',#2530,#2539,#1584,.T.);
#2974=EDGE_CURVE('',#2530,#2531,#1567,.T.);
#2976=EDGE_CURVE('',#2541,#2531,#1558,.T.);
#2978=EDGE_CURVE('',#2571,#2541,#292,.T.);
#2982=EDGE_CURVE('',#2494,#2495,#296,.T.);
#2984=EDGE_CURVE('',#2498,#2495,#437,.T.);
#2986=EDGE_CURVE('',#2498,#2499,#392,.T.);
#2988=EDGE_CURVE('',#2499,#2502,#388,.T.);
#2990=EDGE_CURVE('',#2502,#2503,#371,.T.);
#2992=EDGE_CURVE('',#2506,#2503,#362,.T.);
#2994=EDGE_CURVE('',#2506,#2507,#317,.T.);
#2996=EDGE_CURVE('',#2507,#2494,#313,.T.);
#3007=EDGE_CURVE('',#2494,#2279,#300,.T.);
#3009=EDGE_CURVE('',#2287,#2279,#304,.T.);
#3011=EDGE_CURVE('',#2287,#2495,#308,.T.);
#3022=EDGE_CURVE('',#2507,#2277,#357,.T.);
#3024=EDGE_CURVE('',#2277,#2279,#462,.T.);
#3036=EDGE_CURVE('',#2251,#2506,#321,.T.);
#3038=EDGE_CURVE('',#2250,#2251,#326,.T.);
#3040=EDGE_CURVE('',#2257,#2250,#330,.T.);
#3042=EDGE_CURVE('',#2261,#2257,#335,.T.);
#3044=EDGE_CURVE('',#2265,#2261,#339,.T.);
#3046=EDGE_CURVE('',#2269,#2265,#344,.T.);
#3048=EDGE_CURVE('',#2273,#2269,#348,.T.);
#3050=EDGE_CURVE('',#2277,#2273,#353,.T.);
#3062=EDGE_CURVE('',#2255,#2503,#383,.T.);
#3064=EDGE_CURVE('',#2251,#2255,#367,.T.);
#3076=EDGE_CURVE('',#2502,#2311,#375,.T.);
#3078=EDGE_CURVE('',#2255,#2311,#379,.T.);
#3090=EDGE_CURVE('',#2499,#2309,#432,.T.);
#3092=EDGE_CURVE('',#2309,#2311,#507,.T.);
#3104=EDGE_CURVE('',#2283,#2498,#396,.T.);
#3106=EDGE_CURVE('',#2282,#2283,#401,.T.);
#3108=EDGE_CURVE('',#2289,#2282,#405,.T.);
#3110=EDGE_CURVE('',#2293,#2289,#410,.T.);
#3112=EDGE_CURVE('',#2297,#2293,#414,.T.);
#3114=EDGE_CURVE('',#2301,#2297,#419,.T.);
#3116=EDGE_CURVE('',#2305,#2301,#423,.T.);
#3118=EDGE_CURVE('',#2309,#2305,#428,.T.);
#3131=EDGE_CURVE('',#2283,#2287,#442,.T.);
#3156=EDGE_CURVE('',#2286,#2287,#457,.T.);
#3158=EDGE_CURVE('',#2282,#2286,#447,.T.);
#3168=EDGE_CURVE('',#2279,#2275,#452,.T.);
#3170=EDGE_CURVE('',#2286,#2275,#548,.T.);
#3195=EDGE_CURVE('',#2273,#2275,#467,.T.);
#3208=EDGE_CURVE('',#2269,#2271,#472,.T.);
#3210=EDGE_CURVE('',#2275,#2271,#536,.T.);
#3222=EDGE_CURVE('',#2265,#2267,#477,.T.);
#3224=EDGE_CURVE('',#2271,#2267,#553,.T.);
#3236=EDGE_CURVE('',#2261,#2263,#482,.T.);
#3238=EDGE_CURVE('',#2267,#2263,#562,.T.);
#3250=EDGE_CURVE('',#2257,#2259,#487,.T.);
#3252=EDGE_CURVE('',#2263,#2259,#579,.T.);
#3264=EDGE_CURVE('',#2250,#2254,#492,.T.);
#3266=EDGE_CURVE('',#2259,#2254,#588,.T.);
#3291=EDGE_CURVE('',#2254,#2255,#497,.T.);
#3304=EDGE_CURVE('',#2311,#2307,#502,.T.);
#3306=EDGE_CURVE('',#2254,#2307,#592,.T.);
#3329=EDGE_CURVE('',#2305,#2307,#512,.T.);
#3342=EDGE_CURVE('',#2301,#2303,#517,.T.);
#3344=EDGE_CURVE('',#2307,#2303,#596,.T.);
#3356=EDGE_CURVE('',#2297,#2299,#522,.T.);
#3358=EDGE_CURVE('',#2303,#2299,#584,.T.);
#3370=EDGE_CURVE('',#2293,#2295,#527,.T.);
#3372=EDGE_CURVE('',#2299,#2295,#570,.T.);
#3384=EDGE_CURVE('',#2289,#2291,#532,.T.);
#3386=EDGE_CURVE('',#2295,#2291,#558,.T.);
#3399=EDGE_CURVE('',#2291,#2286,#544,.T.);
#3411=EDGE_CURVE('',#2271,#2291,#540,.T.);
#3424=EDGE_CURVE('',#2267,#2295,#574,.T.);
#3437=EDGE_CURVE('',#2299,#2263,#566,.T.);
#3450=EDGE_CURVE('',#2303,#2259,#600,.T.);
#3474=EDGE_CURVE('',#2577,#2579,#616,.T.);
#3476=EDGE_CURVE('',#2655,#2577,#604,.T.);
#3479=EDGE_CURVE('',#2657,#2579,#2243,.T.);
#3489=EDGE_CURVE('',#2574,#2575,#608,.T.);
#3491=EDGE_CURVE('',#2575,#2577,#612,.T.);
#3494=EDGE_CURVE('',#2579,#2581,#620,.T.);
#3496=EDGE_CURVE('',#2581,#2583,#624,.T.);
#3498=EDGE_CURVE('',#2583,#2585,#628,.T.);
#3500=EDGE_CURVE('',#2585,#2587,#632,.T.);
#3502=EDGE_CURVE('',#2587,#2589,#636,.T.);
#3504=EDGE_CURVE('',#2589,#2591,#640,.T.);
#3506=EDGE_CURVE('',#2591,#2593,#644,.T.);
#3508=EDGE_CURVE('',#2593,#2595,#648,.T.);
#3510=EDGE_CURVE('',#2595,#2597,#652,.T.);
#3512=EDGE_CURVE('',#2597,#2599,#656,.T.);
#3514=EDGE_CURVE('',#2599,#2601,#660,.T.);
#3516=EDGE_CURVE('',#2601,#2709,#664,.T.);
#3518=EDGE_CURVE('',#2709,#2711,#668,.T.);
#3520=EDGE_CURVE('',#2711,#2713,#672,.T.);
#3522=EDGE_CURVE('',#2713,#2715,#676,.T.);
#3524=EDGE_CURVE('',#2715,#2717,#680,.T.);
#3526=EDGE_CURVE('',#2717,#2647,#684,.T.);
#3528=EDGE_CURVE('',#2646,#2647,#688,.T.);
#3530=EDGE_CURVE('',#2646,#2651,#864,.T.);
#3532=EDGE_CURVE('',#2650,#2651,#692,.T.);
#3534=EDGE_CURVE('',#2650,#2719,#696,.T.);
#3536=EDGE_CURVE('',#2719,#2721,#700,.T.);
#3538=EDGE_CURVE('',#2721,#2723,#704,.T.);
#3540=EDGE_CURVE('',#2723,#2725,#708,.T.);
#3542=EDGE_CURVE('',#2725,#2727,#712,.T.);
#3544=EDGE_CURVE('',#2727,#2604,#716,.T.);
#3546=EDGE_CURVE('',#2604,#2605,#720,.T.);
#3548=EDGE_CURVE('',#2605,#2607,#724,.T.);
#3550=EDGE_CURVE('',#2607,#2609,#728,.T.);
#3552=EDGE_CURVE('',#2609,#2611,#732,.T.);
#3554=EDGE_CURVE('',#2611,#2613,#736,.T.);
#3556=EDGE_CURVE('',#2613,#2615,#740,.T.);
#3558=EDGE_CURVE('',#2615,#2617,#744,.T.);
#3560=EDGE_CURVE('',#2617,#2619,#748,.T.);
#3562=EDGE_CURVE('',#2619,#2621,#752,.T.);
#3564=EDGE_CURVE('',#2621,#2623,#756,.T.);
#3566=EDGE_CURVE('',#2623,#2625,#760,.T.);
#3568=EDGE_CURVE('',#2625,#2627,#764,.T.);
#3570=EDGE_CURVE('',#2627,#2629,#768,.T.);
#3572=EDGE_CURVE('',#2629,#2631,#772,.T.);
#3574=EDGE_CURVE('',#2567,#2631,#776,.T.);
#3576=EDGE_CURVE('',#2566,#2567,#812,.T.);
#3578=EDGE_CURVE('',#2574,#2566,#780,.T.);
#3589=EDGE_CURVE('',#2574,#2633,#784,.T.);
#3592=EDGE_CURVE('',#2653,#2575,#2247,.T.);
#3604=EDGE_CURVE('',#2566,#2569,#836,.T.);
#3616=EDGE_CURVE('',#2646,#2639,#868,.T.);
#3619=EDGE_CURVE('',#2647,#2638,#788,.T.);
#3630=EDGE_CURVE('',#2567,#2571,#816,.T.);
#3633=EDGE_CURVE('',#2474,#2541,#820,.T.);
#3635=EDGE_CURVE('',#2474,#2475,#824,.T.);
#3637=EDGE_CURVE('',#2475,#2543,#828,.T.);
#3640=EDGE_CURVE('',#2478,#2487,#924,.T.);
#3642=EDGE_CURVE('',#2486,#2487,#908,.T.);
#3644=EDGE_CURVE('',#2483,#2486,#832,.T.);
#3650=EDGE_CURVE('',#2562,#2563,#803,.T.);
#3652=EDGE_CURVE('',#2563,#2562,#808,.T.);
#3656=EDGE_CURVE('',#2554,#2555,#793,.T.);
#3658=EDGE_CURVE('',#2555,#2554,#798,.T.);
#3668=EDGE_CURVE('',#2550,#2551,#845,.T.);
#3670=EDGE_CURVE('',#2551,#2555,#892,.T.);
#3673=EDGE_CURVE('',#2550,#2554,#840,.T.);
#3686=EDGE_CURVE('',#2482,#2491,#904,.T.);
#3688=EDGE_CURVE('',#2489,#2491,#916,.T.);
#3690=EDGE_CURVE('',#2479,#2489,#872,.T.);
#3693=EDGE_CURVE('',#2470,#2545,#876,.T.);
#3695=EDGE_CURVE('',#2470,#2471,#880,.T.);
#3697=EDGE_CURVE('',#2471,#2547,#884,.T.);
#3700=EDGE_CURVE('',#2643,#2651,#888,.T.);
#3704=EDGE_CURVE('',#2558,#2559,#855,.T.);
#3706=EDGE_CURVE('',#2559,#2558,#860,.T.);
#3711=EDGE_CURVE('',#2551,#2550,#850,.T.);
#3734=EDGE_CURVE('',#2559,#2563,#900,.T.);
#3737=EDGE_CURVE('',#2558,#2562,#896,.T.);
#3761=EDGE_CURVE('',#2491,#2486,#920,.T.);
#3773=EDGE_CURVE('',#2487,#2489,#912,.T.);
#3798=EDGE_CURVE('',#2418,#2519,#950,.T.);
#3800=EDGE_CURVE('',#2418,#2470,#934,.T.);
#3812=EDGE_CURVE('',#2419,#2518,#942,.T.);
#3814=EDGE_CURVE('',#2418,#2419,#946,.T.);
#3826=EDGE_CURVE('',#2535,#2420,#964,.T.);
#3828=EDGE_CURVE('',#2420,#2421,#1185,.T.);
#3830=EDGE_CURVE('',#2421,#2422,#1151,.T.);
#3832=EDGE_CURVE('',#2422,#2423,#1138,.T.);
#3834=EDGE_CURVE('',#2425,#2423,#1082,.T.);
#3836=EDGE_CURVE('',#2425,#2419,#2091,.T.);
#3848=EDGE_CURVE('',#2387,#2515,#980,.T.);
#3850=EDGE_CURVE('',#2387,#2420,#1190,.T.);
#3862=EDGE_CURVE('',#2386,#2514,#972,.T.);
#3864=EDGE_CURVE('',#2386,#2387,#976,.T.);
#3876=EDGE_CURVE('',#2401,#2537,#989,.T.);
#3878=EDGE_CURVE('',#2401,#2386,#1220,.T.);
#3891=EDGE_CURVE('',#2407,#2403,#1010,.T.);
#3893=EDGE_CURVE('',#2398,#2403,#1292,.T.);
#3895=EDGE_CURVE('',#2398,#2399,#1283,.T.);
#3897=EDGE_CURVE('',#2399,#2400,#1232,.T.);
#3899=EDGE_CURVE('',#2400,#2401,#1204,.T.);
#3954=EDGE_CURVE('',#2403,#2465,#999,.T.);
#4006=EDGE_CURVE('',#2428,#2411,#1037,.T.);
#4008=EDGE_CURVE('',#2428,#2403,#1303,.T.);
#4022=EDGE_CURVE('',#2330,#2334,#1042,.T.);
#4024=EDGE_CURVE('',#2428,#2334,#1307,.T.);
#4035=EDGE_CURVE('',#2331,#2335,#1047,.T.);
#4037=EDGE_CURVE('',#2334,#2335,#1320,.T.);
#4049=EDGE_CURVE('',#2337,#2339,#1052,.T.);
#4051=EDGE_CURVE('',#2335,#2339,#1329,.T.);
#4063=EDGE_CURVE('',#2341,#2343,#1062,.T.);
#4065=EDGE_CURVE('',#2339,#2343,#1346,.T.);
#4076=EDGE_CURVE('',#2426,#2415,#1057,.T.);
#4078=EDGE_CURVE('',#2343,#2426,#1094,.T.);
#4130=EDGE_CURVE('',#2425,#2426,#1105,.T.);
#4133=EDGE_CURVE('',#2461,#2415,#1073,.T.);
#4135=EDGE_CURVE('',#2425,#2461,#1078,.T.);
#4146=EDGE_CURVE('',#2423,#2381,#1086,.T.);
#4148=EDGE_CURVE('',#2343,#2381,#1090,.T.);
#4161=EDGE_CURVE('',#2422,#2383,#1176,.T.);
#4163=EDGE_CURVE('',#2383,#2379,#1404,.T.);
#4165=EDGE_CURVE('',#2379,#2381,#1356,.T.);
#4229=EDGE_CURVE('',#2421,#2397,#1157,.T.);
#4231=EDGE_CURVE('',#2383,#2397,#1171,.T.);
#4244=EDGE_CURVE('',#2397,#2387,#1195,.T.);
#4256=EDGE_CURVE('',#2386,#2396,#1215,.T.);
#4258=EDGE_CURVE('',#2396,#2367,#1250,.T.);
#4260=EDGE_CURVE('',#2367,#2383,#1408,.T.);
#4273=EDGE_CURVE('',#2400,#2396,#1210,.T.);
#4334=EDGE_CURVE('',#2367,#2399,#1237,.T.);
#4347=EDGE_CURVE('',#2373,#2398,#1315,.T.);
#4349=EDGE_CURVE('',#2366,#2373,#1288,.T.);
#4351=EDGE_CURVE('',#2366,#2367,#1386,.T.);
#4365=EDGE_CURVE('',#2334,#2373,#1311,.T.);
#4377=EDGE_CURVE('',#2335,#2372,#1341,.T.);
#4379=EDGE_CURVE('',#2372,#2373,#1325,.T.);
#4391=EDGE_CURVE('',#2339,#2377,#1333,.T.);
#4393=EDGE_CURVE('',#2377,#2372,#1337,.T.);
#4406=EDGE_CURVE('',#2381,#2377,#1351,.T.);
#4417=EDGE_CURVE('',#2379,#2375,#1400,.T.);
#4419=EDGE_CURVE('',#2375,#2377,#1983,.T.);
#4431=EDGE_CURVE('',#2346,#2347,#1360,.T.);
#4433=EDGE_CURVE('',#2349,#2346,#1365,.T.);
#4435=EDGE_CURVE('',#2355,#2349,#1369,.T.);
#4437=EDGE_CURVE('',#2359,#2355,#1374,.T.);
#4439=EDGE_CURVE('',#2363,#2359,#1378,.T.);
#4441=EDGE_CURVE('',#2347,#2363,#1382,.T.);
#4452=EDGE_CURVE('',#2369,#2366,#1391,.T.);
#4454=EDGE_CURVE('',#2375,#2369,#1395,.T.);
#4467=EDGE_CURVE('',#2429,#2430,#1441,.T.);
#4469=EDGE_CURVE('',#2353,#2429,#1946,.T.);
#4471=EDGE_CURVE('',#2346,#2353,#1446,.T.);
#4474=EDGE_CURVE('',#2347,#2430,#1660,.T.);
#4485=EDGE_CURVE('',#2523,#2438,#1467,.T.);
#4487=EDGE_CURVE('',#2438,#2434,#1962,.T.);
#4489=EDGE_CURVE('',#2429,#2434,#1923,.T.);
#4492=EDGE_CURVE('',#2430,#2431,#1655,.T.);
#4494=EDGE_CURVE('',#2431,#2432,#1627,.T.);
#4496=EDGE_CURVE('',#2432,#2533,#1618,.T.);
#4507=EDGE_CURVE('',#2437,#2522,#1459,.T.);
#4509=EDGE_CURVE('',#2437,#2438,#1463,.T.);
#4522=EDGE_CURVE('',#2475,#2437,#1477,.T.);
#4610=EDGE_CURVE('',#2441,#2475,#1496,.T.);
#4612=EDGE_CURVE('',#2437,#2441,#1515,.T.);
#4623=EDGE_CURVE('',#2474,#2445,#1553,.T.);
#4711=EDGE_CURVE('',#2449,#2474,#1563,.T.);
#4713=EDGE_CURVE('',#2445,#2449,#1534,.T.);
#4725=EDGE_CURVE('',#2449,#2531,#1579,.T.);
#4738=EDGE_CURVE('',#2450,#2530,#1571,.T.);
#4740=EDGE_CURVE('',#2449,#2450,#1575,.T.);
#4752=EDGE_CURVE('',#2539,#2451,#1593,.T.);
#4754=EDGE_CURVE('',#2451,#2452,#1719,.T.);
#4756=EDGE_CURVE('',#2452,#2453,#1685,.T.);
#4758=EDGE_CURVE('',#2453,#2454,#1762,.T.);
#4760=EDGE_CURVE('',#2456,#2454,#1832,.T.);
#4762=EDGE_CURVE('',#2456,#2450,#1903,.T.);
#4774=EDGE_CURVE('',#2391,#2527,#1609,.T.);
#4776=EDGE_CURVE('',#2391,#2451,#1724,.T.);
#4788=EDGE_CURVE('',#2390,#2526,#1601,.T.);
#4790=EDGE_CURVE('',#2390,#2391,#1605,.T.);
#4803=EDGE_CURVE('',#2432,#2390,#1643,.T.);
#4815=EDGE_CURVE('',#2431,#2393,#1633,.T.);
#4817=EDGE_CURVE('',#2390,#2393,#1638,.T.);
#4878=EDGE_CURVE('',#2393,#2347,#1673,.T.);
#4893=EDGE_CURVE('',#2363,#2394,#1705,.T.);
#4895=EDGE_CURVE('',#2394,#2391,#1729,.T.);
#4958=EDGE_CURVE('',#2452,#2394,#1691,.T.);
#4961=EDGE_CURVE('',#2453,#2363,#1710,.T.);
#4986=EDGE_CURVE('',#2359,#2361,#1767,.T.);
#4988=EDGE_CURVE('',#2454,#2361,#1836,.T.);
#4999=EDGE_CURVE('',#2355,#2357,#1772,.T.);
#5001=EDGE_CURVE('',#2361,#2357,#1865,.T.);
#5013=EDGE_CURVE('',#2349,#2352,#1777,.T.);
#5015=EDGE_CURVE('',#2357,#2352,#1877,.T.);
#5028=EDGE_CURVE('',#2352,#2353,#1787,.T.);
#5039=EDGE_CURVE('',#2318,#2319,#1782,.T.);
#5041=EDGE_CURVE('',#2319,#2352,#1881,.T.);
#5044=EDGE_CURVE('',#2318,#2353,#1942,.T.);
#5055=EDGE_CURVE('',#2315,#2319,#1797,.T.);
#5058=EDGE_CURVE('',#2314,#2318,#1792,.T.);
#5069=EDGE_CURVE('',#2321,#2323,#1802,.T.);
#5071=EDGE_CURVE('',#2319,#2323,#1869,.T.);
#5083=EDGE_CURVE('',#2325,#2327,#1812,.T.);
#5085=EDGE_CURVE('',#2323,#2327,#1860,.T.);
#5096=EDGE_CURVE('',#2457,#2446,#1807,.T.);
#5098=EDGE_CURVE('',#2327,#2457,#1844,.T.);
#5150=EDGE_CURVE('',#2456,#2457,#1855,.T.);
#5153=EDGE_CURVE('',#2463,#2446,#1823,.T.);
#5155=EDGE_CURVE('',#2456,#2463,#1828,.T.);
#5167=EDGE_CURVE('',#2327,#2361,#1840,.T.);
#5182=EDGE_CURVE('',#2323,#2357,#1873,.T.);
#5207=EDGE_CURVE('',#2450,#2463,#1892,.T.);
#5273=EDGE_CURVE('',#2459,#2442,#1908,.T.);
#5277=EDGE_CURVE('',#2459,#2318,#1938,.T.);
#5328=EDGE_CURVE('',#2459,#2434,#1934,.T.);
#5330=EDGE_CURVE('',#2434,#2467,#1951,.T.);
#5332=EDGE_CURVE('',#2442,#2467,#1919,.T.);
#5401=EDGE_CURVE('',#2467,#2438,#1973,.T.);
#5427=EDGE_CURVE('',#2369,#2372,#1978,.T.);
#5450=EDGE_CURVE('',#2414,#2418,#2002,.T.);
#5453=EDGE_CURVE('',#2419,#2461,#2080,.T.);
#5542=EDGE_CURVE('',#2470,#2414,#2021,.T.);
#5555=EDGE_CURVE('',#2410,#2471,#2040,.T.);
#5641=EDGE_CURVE('',#2471,#2406,#2069,.T.);
#5720=EDGE_CURVE('',#2631,#2635,#2095,.T.);
#5734=EDGE_CURVE('',#2650,#2642,#2099,.T.);
#5747=EDGE_CURVE('',#2707,#2629,#2103,.T.);
#5760=EDGE_CURVE('',#2705,#2627,#2107,.T.);
#5773=EDGE_CURVE('',#2703,#2625,#2111,.T.);
#5786=EDGE_CURVE('',#2701,#2623,#2115,.T.);
#5799=EDGE_CURVE('',#2699,#2621,#2119,.T.);
#5812=EDGE_CURVE('',#2697,#2619,#2123,.T.);
#5825=EDGE_CURVE('',#2695,#2617,#2127,.T.);
#5838=EDGE_CURVE('',#2693,#2615,#2131,.T.);
#5851=EDGE_CURVE('',#2691,#2613,#2135,.T.);
#5864=EDGE_CURVE('',#2689,#2611,#2139,.T.);
#5877=EDGE_CURVE('',#2687,#2609,#2143,.T.);
#5890=EDGE_CURVE('',#2685,#2607,#2147,.T.);
#5903=EDGE_CURVE('',#2683,#2605,#2151,.T.);
#5916=EDGE_CURVE('',#2682,#2604,#2155,.T.);
#5929=EDGE_CURVE('',#2747,#2727,#2159,.T.);
#5942=EDGE_CURVE('',#2745,#2725,#2163,.T.);
#5955=EDGE_CURVE('',#2743,#2723,#2167,.T.);
#5968=EDGE_CURVE('',#2741,#2721,#2171,.T.);
#5981=EDGE_CURVE('',#2739,#2719,#2175,.T.);
#6006=EDGE_CURVE('',#2737,#2717,#2179,.T.);
#6019=EDGE_CURVE('',#2735,#2715,#2183,.T.);
#6032=EDGE_CURVE('',#2733,#2713,#2187,.T.);
#6045=EDGE_CURVE('',#2731,#2711,#2191,.T.);
#6058=EDGE_CURVE('',#2729,#2709,#2195,.T.);
#6071=EDGE_CURVE('',#2679,#2601,#2199,.T.);
#6084=EDGE_CURVE('',#2677,#2599,#2203,.T.);
#6097=EDGE_CURVE('',#2675,#2597,#2207,.T.);
#6110=EDGE_CURVE('',#2673,#2595,#2211,.T.);
#6123=EDGE_CURVE('',#2671,#2593,#2215,.T.);
#6136=EDGE_CURVE('',#2669,#2591,#2219,.T.);
#6149=EDGE_CURVE('',#2667,#2589,#2223,.T.);
#6162=EDGE_CURVE('',#2665,#2587,#2227,.T.);
#6175=EDGE_CURVE('',#2663,#2585,#2231,.T.);
#6188=EDGE_CURVE('',#2661,#2583,#2235,.T.);
#6201=EDGE_CURVE('',#2659,#2581,#2239,.T.);
#6232=CLOSED_SHELL('',(#2771,#2795,#2812,#2827,#2885,#3000,#3015,#3029,#3055,
#3069,#3083,#3097,#3123,#3136,#3162,#3176,#3201,#3215,#3229,#3243,#3257,#3271,
#3296,#3310,#3335,#3349,#3363,#3377,#3391,#3404,#3417,#3430,#3443,#3456,#3468,
#3483,#3582,#3596,#3609,#3623,#3662,#3677,#3715,#3727,#3741,#3753,#3766,#3779,
#3791,#3805,#3819,#3841,#3855,#3869,#3883,#3904,#3960,#4014,#4028,#4042,#4056,
#4070,#4084,#4139,#4154,#4170,#4236,#4249,#4266,#4279,#4340,#4356,#4370,#4384,
#4398,#4411,#4425,#4445,#4461,#4478,#4500,#4514,#4527,#4616,#4629,#4718,#4731,
#4745,#4767,#4781,#4795,#4808,#4822,#4883,#4899,#4965,#4977,#4992,#5006,#5020,
#5033,#5048,#5062,#5076,#5090,#5104,#5159,#5173,#5186,#5198,#5212,#5267,#5281,
#5336,#5349,#5405,#5418,#5431,#5443,#5458,#5546,#5559,#5647,#5659,#5714,#5727,
#5740,#5753,#5766,#5779,#5792,#5805,#5818,#5831,#5844,#5857,#5870,#5883,#5896,
#5909,#5922,#5935,#5948,#5961,#5974,#5987,#5999,#6012,#6025,#6038,#6051,#6064,
#6077,#6090,#6103,#6116,#6129,#6142,#6155,#6168,#6181,#6194,#6207,#6219,#6231));
#6233=MANIFOLD_SOLID_BREP('',#6232);
#6234=(LENGTH_UNIT()NAMED_UNIT(*)SI_UNIT(.MILLI.,.METRE.));
#6236=(NAMED_UNIT(*)PLANE_ANGLE_UNIT()SI_UNIT($,.RADIAN.));
#6239=(NAMED_UNIT(*)SI_UNIT($,.STERADIAN.)SOLID_ANGLE_UNIT());
#6242=ADVANCED_BREP_SHAPE_REPRESENTATION('',(#6233),#6241);
#6249=PRODUCT_DEFINITION('design','',#6248,#6245);
#6250=PRODUCT_DEFINITION_SHAPE('','SHAPE FOR ATACHEMENTROPE.',#6249);
#6251=SHAPE_DEFINITION_REPRESENTATION(#6250,#6242);
ENDSEC;
END-ISO-10303-21;
