ISO-10303-21;
HEADER;
FILE_DESCRIPTION((''),'2;1');
FILE_NAME('BACKPACKATTACHMENT','2026-08-08T18:57:05',('Julian'),(''),
'CREO PARAMETRIC BY PTC INC, 2025102','CREO PARAMETRIC BY PTC INC, 2025102','');
FILE_SCHEMA(('CONFIG_CONTROL_DESIGN'));
ENDSEC;
DATA;
#1=DIRECTION('',(1.E0,4.367478316550E-9,-1.041970109602E-9));
#2=VECTOR('',#1,1.717157266042E0);
#3=CARTESIAN_POINT('',(-1.475E1,-1.1E1,7.E0));
#4=LINE('',#3,#2);
#5=DIRECTION('',(0.E0,-1.E0,0.E0));
#6=VECTOR('',#5,2.2E1);
#7=CARTESIAN_POINT('',(-1.475E1,1.1E1,7.E0));
#8=LINE('',#7,#6);
#9=DIRECTION('',(1.E0,-7.727681866162E-9,3.752300697876E-9));
#10=VECTOR('',#9,1.717157249514E0);
#11=CARTESIAN_POINT('',(-1.475E1,1.1E1,7.E0));
#12=LINE('',#11,#10);
#13=DIRECTION('',(-7.071067983616E-1,7.071067640115E-1,4.315974713281E-9));
#14=VECTOR('',#13,1.492893236308E0);
#15=CARTESIAN_POINT('',(-1.197720779386E1,9.944365081390E0,7.E0));
#16=LINE('',#15,#14);
#17=CARTESIAN_POINT('',(-1.325E1,8.671572875254E0,7.E0));
#18=DIRECTION('',(0.E0,0.E0,1.E0));
#19=DIRECTION('',(1.E0,0.E0,0.E0));
#20=AXIS2_PLACEMENT_3D('',#17,#18,#19);
#22=DIRECTION('',(0.E0,1.E0,0.E0));
#23=VECTOR('',#22,1.734314575051E1);
#24=CARTESIAN_POINT('',(-1.145E1,-8.671572875254E0,7.E0));
#25=LINE('',#24,#23);
#26=CARTESIAN_POINT('',(-1.325E1,-8.671572875254E0,7.E0));
#27=DIRECTION('',(0.E0,0.E0,1.E0));
#28=DIRECTION('',(7.071067811866E-1,-7.071067811865E-1,0.E0));
#29=AXIS2_PLACEMENT_3D('',#26,#27,#28);
#31=DIRECTION('',(7.071067908937E-1,7.071067714794E-1,1.198495987726E-9));
#32=VECTOR('',#31,1.492893228702E0);
#33=CARTESIAN_POINT('',(-1.303284273396E1,-1.099999999250E1,6.999999998211E0));
#34=LINE('',#33,#32);
#35=DIRECTION('',(-1.E0,-4.367478316550E-9,-1.041970626840E-9));
#36=VECTOR('',#35,1.717157266042E0);
#37=CARTESIAN_POINT('',(1.475E1,1.1E1,7.E0));
#38=LINE('',#37,#36);
#39=DIRECTION('',(0.E0,1.E0,0.E0));
#40=VECTOR('',#39,2.2E1);
#41=CARTESIAN_POINT('',(1.475E1,-1.1E1,7.E0));
#42=LINE('',#41,#40);
#43=DIRECTION('',(-1.E0,7.727681866162E-9,3.752300697876E-9));
#44=VECTOR('',#43,1.717157249514E0);
#45=CARTESIAN_POINT('',(1.475E1,-1.1E1,7.E0));
#46=LINE('',#45,#44);
#47=DIRECTION('',(7.071067983616E-1,-7.071067640115E-1,4.315975308219E-9));
#48=VECTOR('',#47,1.492893236308E0);
#49=CARTESIAN_POINT('',(1.197720779386E1,-9.944365081390E0,7.E0));
#50=LINE('',#49,#48);
#51=CARTESIAN_POINT('',(1.325E1,-8.671572875254E0,7.E0));
#52=DIRECTION('',(0.E0,0.E0,1.E0));
#53=DIRECTION('',(-1.E0,0.E0,0.E0));
#54=AXIS2_PLACEMENT_3D('',#51,#52,#53);
#56=DIRECTION('',(0.E0,-1.E0,0.E0));
#57=VECTOR('',#56,1.734314575051E1);
#58=CARTESIAN_POINT('',(1.145E1,8.671572875254E0,7.E0));
#59=LINE('',#58,#57);
#60=CARTESIAN_POINT('',(1.325E1,8.671572875254E0,7.E0));
#61=DIRECTION('',(0.E0,0.E0,1.E0));
#62=DIRECTION('',(-7.071067811866E-1,7.071067811865E-1,0.E0));
#63=AXIS2_PLACEMENT_3D('',#60,#61,#62);
#65=DIRECTION('',(-7.071067908937E-1,-7.071067714794E-1,1.198495987726E-9));
#66=VECTOR('',#65,1.492893228702E0);
#67=CARTESIAN_POINT('',(1.303284273396E1,1.099999999250E1,6.999999998211E0));
#68=LINE('',#67,#66);
#69=DIRECTION('',(1.E0,0.E0,0.E0));
#70=VECTOR('',#69,9.786796564404E-1);
#71=CARTESIAN_POINT('',(-1.585E1,-1.25E1,0.E0));
#72=LINE('',#71,#70);
#73=DIRECTION('',(2.878716653478E-14,2.078387172430E-8,1.E0));
#74=VECTOR('',#73,5.553589838475E0);
#75=CARTESIAN_POINT('',(-1.605E1,-1.25E1,-5.358983848622E-2));
#76=LINE('',#75,#74);
#77=DIRECTION('',(1.E0,-9.792745482758E-8,9.869824152533E-12));
#78=VECTOR('',#77,1.178679656440E0);
#79=CARTESIAN_POINT('',(-1.605E1,-1.249999988457E1,5.499999999988E0));
#80=LINE('',#79,#78);
#81=DIRECTION('',(0.E0,0.E0,1.E0));
#82=VECTOR('',#81,5.5E0);
#83=CARTESIAN_POINT('',(-1.487132034356E1,-1.25E1,0.E0));
#84=LINE('',#83,#82);
#85=DIRECTION('',(0.E0,-1.E0,0.E0));
#86=VECTOR('',#85,1.21E1);
#87=CARTESIAN_POINT('',(-1.585E1,2.46E1,0.E0));
#88=LINE('',#87,#86);
#89=DIRECTION('',(-1.E0,0.E0,0.E0));
#90=VECTOR('',#89,3.17E1);
#91=CARTESIAN_POINT('',(1.585E1,2.46E1,0.E0));
#92=LINE('',#91,#90);
#93=DIRECTION('',(0.E0,1.E0,0.E0));
#94=VECTOR('',#93,1.21E1);
#95=CARTESIAN_POINT('',(1.585E1,1.25E1,0.E0));
#96=LINE('',#95,#94);
#97=DIRECTION('',(0.E0,1.E0,0.E0));
#98=VECTOR('',#97,1.21E1);
#99=CARTESIAN_POINT('',(1.585E1,-2.46E1,0.E0));
#100=LINE('',#99,#98);
#101=DIRECTION('',(1.E0,0.E0,0.E0));
#102=VECTOR('',#101,3.17E1);
#103=CARTESIAN_POINT('',(-1.585E1,-2.46E1,0.E0));
#104=LINE('',#103,#102);
#105=DIRECTION('',(0.E0,-1.E0,0.E0));
#106=VECTOR('',#105,1.21E1);
#107=CARTESIAN_POINT('',(-1.585E1,-1.25E1,0.E0));
#108=LINE('',#107,#106);
#109=DIRECTION('',(1.E0,0.E0,0.E0));
#110=VECTOR('',#109,3.2E0);
#111=CARTESIAN_POINT('',(-1.6E0,-1.7E1,0.E0));
#112=LINE('',#111,#110);
#113=DIRECTION('',(-2.278420191931E-13,2.380068970897E-14,1.E0));
#114=VECTOR('',#113,8.956161495089E-1);
#115=CARTESIAN_POINT('',(-1.6E0,-1.7E1,0.E0));
#116=LINE('',#115,#114);
#117=DIRECTION('',(-1.E0,0.E0,-4.360158067929E-12));
#118=VECTOR('',#117,3.2E0);
#119=CARTESIAN_POINT('',(1.6E0,-1.7E1,8.956161495229E-1));
#120=LINE('',#119,#118);
#121=DIRECTION('',(-2.258586283805E-13,-2.380068970860E-14,-1.E0));
#122=VECTOR('',#121,8.956161495229E-1);
#123=CARTESIAN_POINT('',(1.6E0,-1.7E1,8.956161495229E-1));
#124=LINE('',#123,#122);
#125=CARTESIAN_POINT('',(-1.6E0,-1.68E1,0.E0));
#126=DIRECTION('',(0.E0,0.E0,1.E0));
#127=DIRECTION('',(-1.E0,1.776356839400E-14,0.E0));
#128=AXIS2_PLACEMENT_3D('',#125,#126,#127);
#130=DIRECTION('',(0.E0,-1.E0,0.E0));
#131=VECTOR('',#130,3.36E1);
#132=CARTESIAN_POINT('',(-1.8E0,1.68E1,0.E0));
#133=LINE('',#132,#131);
#134=DIRECTION('',(0.E0,0.E0,-1.E0));
#135=VECTOR('',#134,8.956161492299E-1);
#136=CARTESIAN_POINT('',(-1.8E0,1.68E1,8.956161492299E-1));
#137=LINE('',#136,#135);
#138=CARTESIAN_POINT('',(-1.8E0,1.67E1,8.956161492299E-1));
#139=DIRECTION('',(-1.E0,0.E0,0.E0));
#140=DIRECTION('',(0.E0,1.736481776669E-1,9.848077530122E-1));
#141=AXIS2_PLACEMENT_3D('',#138,#139,#140);
#143=DIRECTION('',(0.E0,9.848077530122E-1,-1.736481776669E-1));
#144=VECTOR('',#143,1.604146007366E0);
#145=CARTESIAN_POINT('',(-1.8E0,1.513758939275E1,1.272653955422E0));
#146=LINE('',#145,#144);
#147=CARTESIAN_POINT('',(-1.8E0,1.482502267295E1,-5.E-1));
#148=DIRECTION('',(-1.E0,0.E0,0.E0));
#149=DIRECTION('',(0.E0,0.E0,1.E0));
#150=AXIS2_PLACEMENT_3D('',#147,#148,#149);
#152=DIRECTION('',(0.E0,1.E0,0.E0));
#153=VECTOR('',#152,2.965004534590E1);
#154=CARTESIAN_POINT('',(-1.8E0,-1.482502267295E1,1.3E0));
#155=LINE('',#154,#153);
#156=CARTESIAN_POINT('',(-1.8E0,-1.482502267295E1,-5.E-1));
#157=DIRECTION('',(-1.E0,0.E0,0.E0));
#158=DIRECTION('',(0.E0,-1.736481776669E-1,9.848077530122E-1));
#159=AXIS2_PLACEMENT_3D('',#156,#157,#158);
#161=DIRECTION('',(0.E0,9.848077530122E-1,1.736481776669E-1));
#162=VECTOR('',#161,1.604146007366E0);
#163=CARTESIAN_POINT('',(-1.8E0,-1.671736481777E1,9.940969245311E-1));
#164=LINE('',#163,#162);
#165=CARTESIAN_POINT('',(-1.8E0,-1.67E1,8.956161492299E-1));
#166=DIRECTION('',(-1.E0,0.E0,0.E0));
#167=DIRECTION('',(0.E0,-1.E0,0.E0));
#168=AXIS2_PLACEMENT_3D('',#165,#166,#167);
#170=DIRECTION('',(0.E0,0.E0,1.E0));
#171=VECTOR('',#170,8.956161492299E-1);
#172=CARTESIAN_POINT('',(-1.8E0,-1.68E1,0.E0));
#173=LINE('',#172,#171);
#174=CARTESIAN_POINT('',(-1.6E0,1.68E1,0.E0));
#175=DIRECTION('',(0.E0,0.E0,-1.E0));
#176=DIRECTION('',(-1.E0,-1.776356839400E-14,0.E0));
#177=AXIS2_PLACEMENT_3D('',#174,#175,#176);
#179=CARTESIAN_POINT('',(-1.6E0,1.68E1,8.956161492299E-1));
#180=DIRECTION('',(0.E0,0.E0,-1.E0));
#181=DIRECTION('',(-1.E0,-1.776356839400E-14,0.E0));
#182=AXIS2_PLACEMENT_3D('',#179,#180,#181);
#184=DIRECTION('',(-1.E0,0.E0,0.E0));
#185=VECTOR('',#184,3.2E0);
#186=CARTESIAN_POINT('',(1.6E0,1.7E1,0.E0));
#187=LINE('',#186,#185);
#188=DIRECTION('',(0.E0,0.E0,1.E0));
#189=VECTOR('',#188,8.956161495089E-1);
#190=CARTESIAN_POINT('',(1.6E0,1.7E1,0.E0));
#191=LINE('',#190,#189);
#192=DIRECTION('',(1.E0,0.E0,-4.360192762398E-12));
#193=VECTOR('',#192,3.2E0);
#194=CARTESIAN_POINT('',(-1.6E0,1.7E1,8.956161495229E-1));
#195=LINE('',#194,#193);
#196=DIRECTION('',(0.E0,0.E0,-1.E0));
#197=VECTOR('',#196,8.956161495229E-1);
#198=CARTESIAN_POINT('',(-1.6E0,1.7E1,8.956161495229E-1));
#199=LINE('',#198,#197);
#200=CARTESIAN_POINT('',(1.6E0,1.68E1,0.E0));
#201=DIRECTION('',(0.E0,0.E0,1.E0));
#202=DIRECTION('',(1.E0,-1.776356839400E-14,0.E0));
#203=AXIS2_PLACEMENT_3D('',#200,#201,#202);
#205=DIRECTION('',(0.E0,1.E0,0.E0));
#206=VECTOR('',#205,3.36E1);
#207=CARTESIAN_POINT('',(1.8E0,-1.68E1,0.E0));
#208=LINE('',#207,#206);
#209=DIRECTION('',(0.E0,0.E0,-1.E0));
#210=VECTOR('',#209,8.956161492299E-1);
#211=CARTESIAN_POINT('',(1.8E0,-1.68E1,8.956161492299E-1));
#212=LINE('',#211,#210);
#213=CARTESIAN_POINT('',(1.8E0,-1.67E1,8.956161492299E-1));
#214=DIRECTION('',(1.E0,0.E0,0.E0));
#215=DIRECTION('',(0.E0,-1.736481776675E-1,9.848077530121E-1));
#216=AXIS2_PLACEMENT_3D('',#213,#214,#215);
#218=DIRECTION('',(0.E0,-9.848077530122E-1,-1.736481776669E-1));
#219=VECTOR('',#218,1.604146007366E0);
#220=CARTESIAN_POINT('',(1.8E0,-1.513758939275E1,1.272653955422E0));
#221=LINE('',#220,#219);
#222=CARTESIAN_POINT('',(1.8E0,-1.482502267295E1,-5.E-1));
#223=DIRECTION('',(1.E0,0.E0,0.E0));
#224=DIRECTION('',(0.E0,-2.960594732334E-14,1.E0));
#225=AXIS2_PLACEMENT_3D('',#222,#223,#224);
#227=DIRECTION('',(0.E0,-1.E0,0.E0));
#228=VECTOR('',#227,2.965004534590E1);
#229=CARTESIAN_POINT('',(1.8E0,1.482502267295E1,1.3E0));
#230=LINE('',#229,#228);
#231=CARTESIAN_POINT('',(1.8E0,1.482502267295E1,-5.E-1));
#232=DIRECTION('',(1.E0,0.E0,0.E0));
#233=DIRECTION('',(0.E0,1.736481776669E-1,9.848077530122E-1));
#234=AXIS2_PLACEMENT_3D('',#231,#232,#233);
#236=DIRECTION('',(0.E0,-9.848077530122E-1,1.736481776669E-1));
#237=VECTOR('',#236,1.604146007366E0);
#238=CARTESIAN_POINT('',(1.8E0,1.671736481777E1,9.940969245311E-1));
#239=LINE('',#238,#237);
#240=CARTESIAN_POINT('',(1.8E0,1.67E1,8.956161492299E-1));
#241=DIRECTION('',(1.E0,0.E0,0.E0));
#242=DIRECTION('',(0.E0,1.E0,0.E0));
#243=AXIS2_PLACEMENT_3D('',#240,#241,#242);
#245=DIRECTION('',(0.E0,0.E0,1.E0));
#246=VECTOR('',#245,8.956161492299E-1);
#247=CARTESIAN_POINT('',(1.8E0,1.68E1,0.E0));
#248=LINE('',#247,#246);
#249=CARTESIAN_POINT('',(1.6E0,-1.68E1,0.E0));
#250=DIRECTION('',(0.E0,0.E0,-1.E0));
#251=DIRECTION('',(1.E0,1.776356839400E-14,0.E0));
#252=AXIS2_PLACEMENT_3D('',#249,#250,#251);
#254=CARTESIAN_POINT('',(1.6E0,-1.68E1,8.956161492299E-1));
#255=DIRECTION('',(0.E0,0.E0,-1.E0));
#256=DIRECTION('',(1.E0,1.776356839400E-14,0.E0));
#257=AXIS2_PLACEMENT_3D('',#254,#255,#256);
#259=CARTESIAN_POINT('',(1.6E0,-1.671736481777E1,9.940969245311E-1));
#260=DIRECTION('',(0.E0,-9.848077530122E-1,-1.736481776669E-1));
#261=DIRECTION('',(1.E0,0.E0,0.E0));
#262=AXIS2_PLACEMENT_3D('',#259,#260,#261);
#264=CARTESIAN_POINT('',(-1.6E0,-1.67E1,8.956161492299E-1));
#265=DIRECTION('',(-1.E0,0.E0,0.E0));
#266=DIRECTION('',(0.E0,-1.E0,0.E0));
#267=AXIS2_PLACEMENT_3D('',#264,#265,#266);
#269=CARTESIAN_POINT('',(1.6E0,-1.67E1,8.956161492299E-1));
#270=DIRECTION('',(1.E0,0.E0,0.E0));
#271=DIRECTION('',(0.E0,-1.736481776669E-1,9.848077530122E-1));
#272=AXIS2_PLACEMENT_3D('',#269,#270,#271);
#274=CARTESIAN_POINT('',(-1.6E0,-1.68E1,8.956161492299E-1));
#275=DIRECTION('',(0.E0,0.E0,1.E0));
#276=DIRECTION('',(-1.E0,0.E0,0.E0));
#277=AXIS2_PLACEMENT_3D('',#274,#275,#276);
#279=CARTESIAN_POINT('',(-1.6E0,-1.671736481777E1,9.940969245311E-1));
#280=DIRECTION('',(0.E0,9.848077530122E-1,1.736481776669E-1));
#281=DIRECTION('',(-1.E0,0.E0,0.E0));
#282=AXIS2_PLACEMENT_3D('',#279,#280,#281);
#284=CARTESIAN_POINT('',(-1.6E0,-1.513758939275E1,1.272653955422E0));
#285=DIRECTION('',(0.E0,9.848077530122E-1,1.736481776669E-1));
#286=DIRECTION('',(-1.E0,0.E0,0.E0));
#287=AXIS2_PLACEMENT_3D('',#284,#285,#286);
#289=CARTESIAN_POINT('',(-1.6E0,-1.482502267295E1,1.3E0));
#290=DIRECTION('',(0.E0,1.E0,0.E0));
#291=DIRECTION('',(-1.E0,0.E0,0.E0));
#292=AXIS2_PLACEMENT_3D('',#289,#290,#291);
#294=CARTESIAN_POINT('',(-1.6E0,1.482502267295E1,1.3E0));
#295=DIRECTION('',(0.E0,1.E0,0.E0));
#296=DIRECTION('',(-1.E0,0.E0,0.E0));
#297=AXIS2_PLACEMENT_3D('',#294,#295,#296);
#299=CARTESIAN_POINT('',(-1.6E0,1.513758939275E1,1.272653955422E0));
#300=DIRECTION('',(0.E0,9.848077530122E-1,-1.736481776669E-1));
#301=DIRECTION('',(-1.E0,0.E0,0.E0));
#302=AXIS2_PLACEMENT_3D('',#299,#300,#301);
#304=CARTESIAN_POINT('',(-1.6E0,1.671736481777E1,9.940969245311E-1));
#305=DIRECTION('',(0.E0,9.848077530122E-1,-1.736481776669E-1));
#306=DIRECTION('',(-1.E0,0.E0,0.E0));
#307=AXIS2_PLACEMENT_3D('',#304,#305,#306);
#309=CARTESIAN_POINT('',(-1.6E0,1.67E1,8.956161492299E-1));
#310=DIRECTION('',(-1.E0,0.E0,0.E0));
#311=DIRECTION('',(0.E0,1.736481776669E-1,9.848077530122E-1));
#312=AXIS2_PLACEMENT_3D('',#309,#310,#311);
#314=CARTESIAN_POINT('',(1.6E0,1.67E1,8.956161492299E-1));
#315=DIRECTION('',(1.E0,0.E0,0.E0));
#316=DIRECTION('',(0.E0,1.E0,0.E0));
#317=AXIS2_PLACEMENT_3D('',#314,#315,#316);
#319=CARTESIAN_POINT('',(1.6E0,1.68E1,8.956161492299E-1));
#320=DIRECTION('',(0.E0,0.E0,1.E0));
#321=DIRECTION('',(1.E0,0.E0,0.E0));
#322=AXIS2_PLACEMENT_3D('',#319,#320,#321);
#324=CARTESIAN_POINT('',(1.6E0,1.671736481777E1,9.940969245311E-1));
#325=DIRECTION('',(0.E0,-9.848077530122E-1,1.736481776669E-1));
#326=DIRECTION('',(1.E0,0.E0,0.E0));
#327=AXIS2_PLACEMENT_3D('',#324,#325,#326);
#329=CARTESIAN_POINT('',(1.6E0,1.513758939275E1,1.272653955422E0));
#330=DIRECTION('',(0.E0,-9.848077530122E-1,1.736481776669E-1));
#331=DIRECTION('',(1.E0,0.E0,0.E0));
#332=AXIS2_PLACEMENT_3D('',#329,#330,#331);
#334=CARTESIAN_POINT('',(1.6E0,1.482502267295E1,1.3E0));
#335=DIRECTION('',(0.E0,-1.E0,0.E0));
#336=DIRECTION('',(1.E0,0.E0,0.E0));
#337=AXIS2_PLACEMENT_3D('',#334,#335,#336);
#339=CARTESIAN_POINT('',(1.6E0,-1.482502267295E1,1.3E0));
#340=DIRECTION('',(0.E0,-1.E0,0.E0));
#341=DIRECTION('',(1.E0,0.E0,0.E0));
#342=AXIS2_PLACEMENT_3D('',#339,#340,#341);
#344=CARTESIAN_POINT('',(1.6E0,-1.513758939275E1,1.272653955422E0));
#345=DIRECTION('',(0.E0,-9.848077530122E-1,-1.736481776669E-1));
#346=DIRECTION('',(1.E0,0.E0,0.E0));
#347=AXIS2_PLACEMENT_3D('',#344,#345,#346);
#349=DIRECTION('',(0.E0,9.848077530122E-1,1.736481776669E-1));
#350=VECTOR('',#349,1.604146007027E0);
#351=CARTESIAN_POINT('',(-1.6E0,-1.675209445297E1,1.191058475192E0));
#352=LINE('',#351,#350);
#353=DIRECTION('',(1.E0,0.E0,0.E0));
#354=VECTOR('',#353,3.2E0);
#355=CARTESIAN_POINT('',(-1.6E0,-1.517231902828E1,1.469615506024E0));
#356=LINE('',#355,#354);
#357=DIRECTION('',(0.E0,-9.848077530122E-1,-1.736481776669E-1));
#358=VECTOR('',#357,1.604146007357E0);
#359=CARTESIAN_POINT('',(1.6E0,-1.517231902828E1,1.469615506024E0));
#360=LINE('',#359,#358);
#361=DIRECTION('',(-1.E0,1.014943684652E-10,1.789617065651E-11));
#362=VECTOR('',#361,3.2E0);
#363=CARTESIAN_POINT('',(1.6E0,-1.675209445329E1,1.191058475135E0));
#364=LINE('',#363,#362);
#365=CARTESIAN_POINT('',(-1.6E0,-1.482502267295E1,-5.E-1));
#366=DIRECTION('',(-1.E0,0.E0,0.E0));
#367=DIRECTION('',(0.E0,-1.736481776669E-1,9.848077530122E-1));
#368=AXIS2_PLACEMENT_3D('',#365,#366,#367);
#370=CARTESIAN_POINT('',(1.6E0,-1.482502267295E1,-5.E-1));
#371=DIRECTION('',(1.E0,0.E0,0.E0));
#372=DIRECTION('',(0.E0,0.E0,1.E0));
#373=AXIS2_PLACEMENT_3D('',#370,#371,#372);
#375=DIRECTION('',(0.E0,1.E0,0.E0));
#376=VECTOR('',#375,2.965004534590E1);
#377=CARTESIAN_POINT('',(-1.6E0,-1.482502267295E1,1.5E0));
#378=LINE('',#377,#376);
#379=DIRECTION('',(-1.E0,0.E0,0.E0));
#380=VECTOR('',#379,3.2E0);
#381=CARTESIAN_POINT('',(1.6E0,1.482502267295E1,1.5E0));
#382=LINE('',#381,#380);
#383=DIRECTION('',(0.E0,-1.E0,0.E0));
#384=VECTOR('',#383,2.965004534590E1);
#385=CARTESIAN_POINT('',(1.6E0,1.482502267295E1,1.5E0));
#386=LINE('',#385,#384);
#387=DIRECTION('',(1.E0,0.E0,0.E0));
#388=VECTOR('',#387,3.2E0);
#389=CARTESIAN_POINT('',(-1.6E0,-1.482502267295E1,1.5E0));
#390=LINE('',#389,#388);
#391=CARTESIAN_POINT('',(-1.6E0,1.482502267295E1,-5.E-1));
#392=DIRECTION('',(-1.E0,0.E0,0.E0));
#393=DIRECTION('',(0.E0,0.E0,1.E0));
#394=AXIS2_PLACEMENT_3D('',#391,#392,#393);
#396=CARTESIAN_POINT('',(1.6E0,1.482502267295E1,-5.E-1));
#397=DIRECTION('',(1.E0,0.E0,0.E0));
#398=DIRECTION('',(0.E0,1.736481776669E-1,9.848077530122E-1));
#399=AXIS2_PLACEMENT_3D('',#396,#397,#398);
#401=DIRECTION('',(0.E0,9.848077530122E-1,-1.736481776669E-1));
#402=VECTOR('',#401,1.604146007357E0);
#403=CARTESIAN_POINT('',(-1.6E0,1.517231902828E1,1.469615506024E0));
#404=LINE('',#403,#402);
#405=DIRECTION('',(1.E0,-1.014943684652E-10,1.789617065651E-11));
#406=VECTOR('',#405,3.2E0);
#407=CARTESIAN_POINT('',(-1.6E0,1.675209445329E1,1.191058475135E0));
#408=LINE('',#407,#406);
#409=DIRECTION('',(0.E0,-9.848077530122E-1,1.736481776669E-1));
#410=VECTOR('',#409,1.604146007027E0);
#411=CARTESIAN_POINT('',(1.6E0,1.675209445297E1,1.191058475192E0));
#412=LINE('',#411,#410);
#413=DIRECTION('',(-1.E0,0.E0,0.E0));
#414=VECTOR('',#413,3.2E0);
#415=CARTESIAN_POINT('',(1.6E0,1.517231902828E1,1.469615506024E0));
#416=LINE('',#415,#414);
#417=CARTESIAN_POINT('',(-1.585E1,1.25E1,-4.E-1));
#418=DIRECTION('',(0.E0,-1.E0,0.E0));
#419=DIRECTION('',(0.E0,0.E0,1.E0));
#420=AXIS2_PLACEMENT_3D('',#417,#418,#419);
#422=CARTESIAN_POINT('',(-1.605E1,1.25E1,-5.358983848622E-2));
#423=CARTESIAN_POINT('',(-1.605973686018E1,1.25E1,-5.921141732972E-2));
#424=CARTESIAN_POINT('',(-1.607943830508E1,1.249857490230E1,
-7.168206030432E-2));
#425=CARTESIAN_POINT('',(-1.610903399040E1,1.249191097675E1,
-9.439370920399E-2));
#426=CARTESIAN_POINT('',(-1.613824547818E1,1.248043353038E1,
-1.216328819057E-1));
#427=CARTESIAN_POINT('',(-1.616676421629E1,1.246356963674E1,
-1.543467677378E-1));
#428=CARTESIAN_POINT('',(-1.619367420716E1,1.244070156922E1,
-1.933669984571E-1));
#429=CARTESIAN_POINT('',(-1.621718569441E1,1.241191149358E1,
-2.385022959113E-1));
#430=CARTESIAN_POINT('',(-1.623541839129E1,1.237822920541E1,
-2.885078188312E-1));
#431=CARTESIAN_POINT('',(-1.624715484531E1,1.234071738584E1,
-3.424108310417E-1));
#432=CARTESIAN_POINT('',(-1.625E1,1.231379953791E1,-3.804845063281E-1));
#433=CARTESIAN_POINT('',(-1.625E1,1.23E1,-4.E-1));
#435=DIRECTION('',(0.E0,0.E0,1.E0));
#436=VECTOR('',#435,7.599999999999E0);
#437=CARTESIAN_POINT('',(-1.625E1,-2.46E1,-7.999999999999E0));
#438=LINE('',#437,#436);
#439=DIRECTION('',(0.E0,1.E0,-1.804841990146E-11));
#440=VECTOR('',#439,1.12E1);
#441=CARTESIAN_POINT('',(-1.625E1,-2.46E1,-7.999999999999E0));
#442=LINE('',#441,#440);
#443=DIRECTION('',(0.E0,0.E0,1.E0));
#444=VECTOR('',#443,5.400000000201E0);
#445=CARTESIAN_POINT('',(-1.625E1,-1.34E1,-8.000000000201E0));
#446=LINE('',#445,#444);
#447=DIRECTION('',(0.E0,1.E0,0.E0));
#448=VECTOR('',#447,6.E0);
#449=CARTESIAN_POINT('',(-1.625E1,-1.34E1,-2.6E0));
#450=LINE('',#449,#448);
#451=CARTESIAN_POINT('',(-1.625E1,-7.4E0,-3.4E0));
#452=DIRECTION('',(1.E0,0.E0,0.E0));
#453=DIRECTION('',(0.E0,1.E0,0.E0));
#454=AXIS2_PLACEMENT_3D('',#451,#452,#453);
#456=DIRECTION('',(0.E0,0.E0,1.E0));
#457=VECTOR('',#456,4.2E0);
#458=CARTESIAN_POINT('',(-1.625E1,-6.6E0,-7.6E0));
#459=LINE('',#458,#457);
#460=DIRECTION('',(0.E0,1.E0,0.E0));
#461=VECTOR('',#460,1.32E1);
#462=CARTESIAN_POINT('',(-1.625E1,-6.6E0,-7.6E0));
#463=LINE('',#462,#461);
#464=DIRECTION('',(0.E0,0.E0,1.E0));
#465=VECTOR('',#464,4.2E0);
#466=CARTESIAN_POINT('',(-1.625E1,6.6E0,-7.6E0));
#467=LINE('',#466,#465);
#468=CARTESIAN_POINT('',(-1.625E1,7.4E0,-3.4E0));
#469=DIRECTION('',(1.E0,0.E0,0.E0));
#470=DIRECTION('',(0.E0,0.E0,1.E0));
#471=AXIS2_PLACEMENT_3D('',#468,#469,#470);
#473=DIRECTION('',(0.E0,1.E0,0.E0));
#474=VECTOR('',#473,6.E0);
#475=CARTESIAN_POINT('',(-1.625E1,7.4E0,-2.6E0));
#476=LINE('',#475,#474);
#477=DIRECTION('',(0.E0,0.E0,1.E0));
#478=VECTOR('',#477,5.399999999999E0);
#479=CARTESIAN_POINT('',(-1.625E1,1.34E1,-7.999999999999E0));
#480=LINE('',#479,#478);
#481=DIRECTION('',(0.E0,1.E0,0.E0));
#482=VECTOR('',#481,1.12E1);
#483=CARTESIAN_POINT('',(-1.625E1,1.34E1,-7.999999999999E0));
#484=LINE('',#483,#482);
#485=DIRECTION('',(0.E0,0.E0,-1.E0));
#486=VECTOR('',#485,7.599999999999E0);
#487=CARTESIAN_POINT('',(-1.625E1,2.46E1,-4.E-1));
#488=LINE('',#487,#486);
#489=DIRECTION('',(0.E0,-1.E0,0.E0));
#490=VECTOR('',#489,1.23E1);
#491=CARTESIAN_POINT('',(-1.625E1,2.46E1,-4.E-1));
#492=LINE('',#491,#490);
#493=DIRECTION('',(-2.114120983064E-9,-1.E0,3.578709144743E-13));
#494=VECTOR('',#493,2.46E1);
#495=CARTESIAN_POINT('',(-1.624999986692E1,1.23E1,5.499999999986E0));
#496=LINE('',#495,#494);
#497=DIRECTION('',(0.E0,-1.E0,0.E0));
#498=VECTOR('',#497,1.23E1);
#499=CARTESIAN_POINT('',(-1.625E1,-1.23E1,-4.E-1));
#500=LINE('',#499,#498);
#501=CARTESIAN_POINT('',(-1.585E1,-2.46E1,-8.E0));
#502=DIRECTION('',(0.E0,0.E0,1.E0));
#503=DIRECTION('',(-1.E0,0.E0,0.E0));
#504=AXIS2_PLACEMENT_3D('',#501,#502,#503);
#506=DIRECTION('',(-1.E0,0.E0,0.E0));
#507=VECTOR('',#506,2.47E1);
#508=CARTESIAN_POINT('',(1.235E1,-2.5E1,-2.6E0));
#509=LINE('',#508,#507);
#510=CARTESIAN_POINT('',(-1.235E1,-2.5E1,-3.4E0));
#511=DIRECTION('',(0.E0,1.E0,0.E0));
#512=DIRECTION('',(-1.E0,0.E0,3.663735981263E-14));
#513=AXIS2_PLACEMENT_3D('',#510,#511,#512);
#515=DIRECTION('',(0.E0,0.E0,1.E0));
#516=VECTOR('',#515,3.E0);
#517=CARTESIAN_POINT('',(-1.315E1,-2.5E1,-6.4E0));
#518=LINE('',#517,#516);
#519=DIRECTION('',(1.E0,0.E0,0.E0));
#520=VECTOR('',#519,8.75E0);
#521=CARTESIAN_POINT('',(-1.315E1,-2.5E1,-6.4E0));
#522=LINE('',#521,#520);
#523=DIRECTION('',(0.E0,0.E0,1.E0));
#524=VECTOR('',#523,2.2E0);
#525=CARTESIAN_POINT('',(-4.4E0,-2.5E1,-8.6E0));
#526=LINE('',#525,#524);
#527=DIRECTION('',(-1.E0,0.E0,0.E0));
#528=VECTOR('',#527,1.084999999983E1);
#529=CARTESIAN_POINT('',(-4.4E0,-2.5E1,-8.6E0));
#530=LINE('',#529,#528);
#531=CARTESIAN_POINT('',(-1.525E1,-2.5E1,-8.E0));
#532=DIRECTION('',(0.E0,1.E0,0.E0));
#533=DIRECTION('',(0.E0,0.E0,-1.E0));
#534=AXIS2_PLACEMENT_3D('',#531,#532,#533);
#536=DIRECTION('',(0.E0,0.E0,1.E0));
#537=VECTOR('',#536,7.599999999835E0);
#538=CARTESIAN_POINT('',(-1.585E1,-2.5E1,-7.999999999835E0));
#539=LINE('',#538,#537);
#540=DIRECTION('',(1.E0,0.E0,0.E0));
#541=VECTOR('',#540,3.17E1);
#542=CARTESIAN_POINT('',(-1.585E1,-2.5E1,-4.E-1));
#543=LINE('',#542,#541);
#544=DIRECTION('',(0.E0,0.E0,1.E0));
#545=VECTOR('',#544,7.6E0);
#546=CARTESIAN_POINT('',(1.585E1,-2.5E1,-8.E0));
#547=LINE('',#546,#545);
#548=CARTESIAN_POINT('',(1.525E1,-2.5E1,-8.E0));
#549=DIRECTION('',(0.E0,-1.E0,0.E0));
#550=DIRECTION('',(0.E0,0.E0,-1.E0));
#551=AXIS2_PLACEMENT_3D('',#548,#549,#550);
#553=DIRECTION('',(1.E0,0.E0,0.E0));
#554=VECTOR('',#553,1.085E1);
#555=CARTESIAN_POINT('',(4.4E0,-2.5E1,-8.6E0));
#556=LINE('',#555,#554);
#557=DIRECTION('',(0.E0,0.E0,1.E0));
#558=VECTOR('',#557,2.2E0);
#559=CARTESIAN_POINT('',(4.4E0,-2.5E1,-8.6E0));
#560=LINE('',#559,#558);
#561=DIRECTION('',(1.E0,0.E0,0.E0));
#562=VECTOR('',#561,8.75E0);
#563=CARTESIAN_POINT('',(4.4E0,-2.5E1,-6.4E0));
#564=LINE('',#563,#562);
#565=DIRECTION('',(0.E0,0.E0,1.E0));
#566=VECTOR('',#565,3.E0);
#567=CARTESIAN_POINT('',(1.315E1,-2.5E1,-6.4E0));
#568=LINE('',#567,#566);
#569=CARTESIAN_POINT('',(1.235E1,-2.5E1,-3.4E0));
#570=DIRECTION('',(0.E0,1.E0,0.E0));
#571=DIRECTION('',(0.E0,0.E0,1.E0));
#572=AXIS2_PLACEMENT_3D('',#569,#570,#571);
#574=CARTESIAN_POINT('',(1.235E1,-2.46E1,-2.6E0));
#575=DIRECTION('',(1.E0,0.E0,0.E0));
#576=DIRECTION('',(0.E0,-1.E0,0.E0));
#577=AXIS2_PLACEMENT_3D('',#574,#575,#576);
#579=CARTESIAN_POINT('',(1.315E1,-2.46E1,-3.4E0));
#580=DIRECTION('',(0.E0,0.E0,1.E0));
#581=DIRECTION('',(-1.E0,0.E0,0.E0));
#582=AXIS2_PLACEMENT_3D('',#579,#580,#581);
#584=CARTESIAN_POINT('',(1.235E1,-2.46E1,-3.4E0));
#585=DIRECTION('',(0.E0,1.E0,0.E0));
#586=DIRECTION('',(0.E0,0.E0,1.E0));
#587=AXIS2_PLACEMENT_3D('',#584,#585,#586);
#589=CARTESIAN_POINT('',(1.275E1,-2.46E1,-6.E0));
#590=CARTESIAN_POINT('',(1.275E1,-2.461513221071E1,-6.E0));
#591=CARTESIAN_POINT('',(1.275172307366E1,-2.464577155375E1,-6.001723073657E0));
#592=CARTESIAN_POINT('',(1.275977396673E1,-2.469207922387E1,-6.009773966730E0));
#593=CARTESIAN_POINT('',(1.277365889208E1,-2.473848390427E1,-6.023658892076E0));
#594=CARTESIAN_POINT('',(1.279392100949E1,-2.478463831368E1,-6.043921009490E0));
#595=CARTESIAN_POINT('',(1.282121996147E1,-2.482998479246E1,-6.071219961473E0));
#596=CARTESIAN_POINT('',(1.285651028793E1,-2.487382655608E1,-6.106510287926E0));
#597=CARTESIAN_POINT('',(1.290023543571E1,-2.491444422218E1,-6.150235435712E0));
#598=CARTESIAN_POINT('',(1.295264561935E1,-2.494993608119E1,-6.202645619349E0));
#599=CARTESIAN_POINT('',(1.301305468638E1,-2.497787367434E1,-6.263054686384E0));
#600=CARTESIAN_POINT('',(1.307980384480E1,-2.499583173868E1,-6.329803844805E0));
#601=CARTESIAN_POINT('',(1.312629276313E1,-2.5E1,-6.376292763126E0));
#602=CARTESIAN_POINT('',(1.315E1,-2.5E1,-6.4E0));
#604=DIRECTION('',(0.E0,1.E0,0.E0));
#605=VECTOR('',#604,1.12E1);
#606=CARTESIAN_POINT('',(1.275E1,-2.46E1,-6.E0));
#607=LINE('',#606,#605);
#608=DIRECTION('',(0.E0,0.E0,1.E0));
#609=VECTOR('',#608,2.6E0);
#610=CARTESIAN_POINT('',(1.275E1,-1.34E1,-6.E0));
#611=LINE('',#610,#609);
#612=DIRECTION('',(0.E0,1.E0,0.E0));
#613=VECTOR('',#612,1.12E1);
#614=CARTESIAN_POINT('',(1.275E1,-2.46E1,-3.4E0));
#615=LINE('',#614,#613);
#616=DIRECTION('',(0.E0,0.E0,1.E0));
#617=VECTOR('',#616,2.6E0);
#618=CARTESIAN_POINT('',(1.275E1,-2.46E1,-6.E0));
#619=LINE('',#618,#617);
#620=DIRECTION('',(-1.E0,0.E0,0.E0));
#621=VECTOR('',#620,8.35E0);
#622=CARTESIAN_POINT('',(1.275E1,-1.34E1,-6.E0));
#623=LINE('',#622,#621);
#624=DIRECTION('',(1.E0,0.E0,0.E0));
#625=VECTOR('',#624,8.35E0);
#626=CARTESIAN_POINT('',(4.4E0,-2.46E1,-6.E0));
#627=LINE('',#626,#625);
#628=DIRECTION('',(0.E0,-1.E0,0.E0));
#629=VECTOR('',#628,1.12E1);
#630=CARTESIAN_POINT('',(4.4E0,-1.34E1,-6.E0));
#631=LINE('',#630,#629);
#632=DIRECTION('',(1.E0,0.E0,0.E0));
#633=VECTOR('',#632,8.35E0);
#634=CARTESIAN_POINT('',(-1.275E1,-2.46E1,-6.E0));
#635=LINE('',#634,#633);
#636=DIRECTION('',(-1.E0,0.E0,0.E0));
#637=VECTOR('',#636,8.35E0);
#638=CARTESIAN_POINT('',(-4.4E0,-1.34E1,-6.E0));
#639=LINE('',#638,#637);
#640=DIRECTION('',(0.E0,1.E0,0.E0));
#641=VECTOR('',#640,1.12E1);
#642=CARTESIAN_POINT('',(-4.4E0,-2.46E1,-6.E0));
#643=LINE('',#642,#641);
#644=DIRECTION('',(1.E0,0.E0,0.E0));
#645=VECTOR('',#644,8.35E0);
#646=CARTESIAN_POINT('',(-1.275E1,1.34E1,-6.E0));
#647=LINE('',#646,#645);
#648=DIRECTION('',(-1.E0,0.E0,0.E0));
#649=VECTOR('',#648,8.35E0);
#650=CARTESIAN_POINT('',(-4.4E0,2.46E1,-6.E0));
#651=LINE('',#650,#649);
#652=DIRECTION('',(0.E0,1.E0,0.E0));
#653=VECTOR('',#652,1.12E1);
#654=CARTESIAN_POINT('',(-4.4E0,1.34E1,-6.E0));
#655=LINE('',#654,#653);
#656=DIRECTION('',(-1.E0,0.E0,0.E0));
#657=VECTOR('',#656,8.35E0);
#658=CARTESIAN_POINT('',(1.275E1,2.46E1,-6.E0));
#659=LINE('',#658,#657);
#660=DIRECTION('',(1.E0,0.E0,0.E0));
#661=VECTOR('',#660,8.35E0);
#662=CARTESIAN_POINT('',(4.4E0,1.34E1,-6.E0));
#663=LINE('',#662,#661);
#664=DIRECTION('',(0.E0,-1.E0,0.E0));
#665=VECTOR('',#664,1.12E1);
#666=CARTESIAN_POINT('',(4.4E0,2.46E1,-6.E0));
#667=LINE('',#666,#665);
#668=CARTESIAN_POINT('',(1.275E1,-1.34E1,-6.E0));
#669=CARTESIAN_POINT('',(1.275E1,-1.338486778929E1,-6.E0));
#670=CARTESIAN_POINT('',(1.275172307366E1,-1.335422844625E1,-6.001723073657E0));
#671=CARTESIAN_POINT('',(1.275977396673E1,-1.330792077613E1,-6.009773966730E0));
#672=CARTESIAN_POINT('',(1.277365889208E1,-1.326151609573E1,-6.023658892076E0));
#673=CARTESIAN_POINT('',(1.279392100949E1,-1.321536168632E1,-6.043921009490E0));
#674=CARTESIAN_POINT('',(1.282121996147E1,-1.317001520754E1,-6.071219961473E0));
#675=CARTESIAN_POINT('',(1.285651028793E1,-1.312617344392E1,-6.106510287926E0));
#676=CARTESIAN_POINT('',(1.290023543571E1,-1.308555577782E1,-6.150235435712E0));
#677=CARTESIAN_POINT('',(1.295264561935E1,-1.305006391881E1,-6.202645619349E0));
#678=CARTESIAN_POINT('',(1.301305468638E1,-1.302212632566E1,-6.263054686384E0));
#679=CARTESIAN_POINT('',(1.307980384480E1,-1.300416826132E1,-6.329803844805E0));
#680=CARTESIAN_POINT('',(1.312629276313E1,-1.3E1,-6.376292763126E0));
#681=CARTESIAN_POINT('',(1.315E1,-1.3E1,-6.4E0));
#683=CARTESIAN_POINT('',(4.4E0,-1.34E1,-6.E0));
#684=CARTESIAN_POINT('',(4.376292763126E0,-1.337629276313E1,-6.E0));
#685=CARTESIAN_POINT('',(4.329803844805E0,-1.332980384480E1,-6.004168261319E0));
#686=CARTESIAN_POINT('',(4.263054686384E0,-1.326305468638E1,-6.022126325661E0));
#687=CARTESIAN_POINT('',(4.202645619349E0,-1.320264561935E1,-6.050063918805E0));
#688=CARTESIAN_POINT('',(4.150235435712E0,-1.315023543571E1,-6.085555777823E0));
#689=CARTESIAN_POINT('',(4.106510287926E0,-1.310651028793E1,-6.126173443923E0));
#690=CARTESIAN_POINT('',(4.071219961473E0,-1.307121996147E1,-6.170015207539E0));
#691=CARTESIAN_POINT('',(4.043921009490E0,-1.304392100949E1,-6.215361686321E0));
#692=CARTESIAN_POINT('',(4.023658892076E0,-1.302365889208E1,-6.261516095732E0));
#693=CARTESIAN_POINT('',(4.009773966730E0,-1.300977396673E1,-6.307920776134E0));
#694=CARTESIAN_POINT('',(4.001723073657E0,-1.300172307366E1,-6.354228446248E0));
#695=CARTESIAN_POINT('',(4.E0,-1.3E1,-6.384867789288E0));
#696=CARTESIAN_POINT('',(4.E0,-1.3E1,-6.4E0));
#698=CARTESIAN_POINT('',(4.4E0,-2.46E1,-6.4E0));
#699=DIRECTION('',(0.E0,-1.E0,0.E0));
#700=DIRECTION('',(0.E0,0.E0,1.E0));
#701=AXIS2_PLACEMENT_3D('',#698,#699,#700);
#703=CARTESIAN_POINT('',(4.4E0,-2.46E1,-6.4E0));
#704=DIRECTION('',(-1.E0,0.E0,0.E0));
#705=DIRECTION('',(0.E0,-1.E0,0.E0));
#706=AXIS2_PLACEMENT_3D('',#703,#704,#705);
#708=CARTESIAN_POINT('',(4.4E0,-2.46E1,-6.4E0));
#709=DIRECTION('',(0.E0,0.E0,1.E0));
#710=DIRECTION('',(-1.E0,0.E0,0.E0));
#711=AXIS2_PLACEMENT_3D('',#708,#709,#710);
#713=DIRECTION('',(0.E0,-1.E0,0.E0));
#714=VECTOR('',#713,1.16E1);
#715=CARTESIAN_POINT('',(4.E0,-1.3E1,-6.4E0));
#716=LINE('',#715,#714);
#717=DIRECTION('',(0.E0,0.E0,1.E0));
#718=VECTOR('',#717,2.2E0);
#719=CARTESIAN_POINT('',(4.E0,-2.46E1,-8.6E0));
#720=LINE('',#719,#718);
#721=DIRECTION('',(0.E0,1.E0,0.E0));
#722=VECTOR('',#721,1.16E1);
#723=CARTESIAN_POINT('',(4.E0,-2.46E1,-8.6E0));
#724=LINE('',#723,#722);
#725=CARTESIAN_POINT('',(4.E0,-1.3E1,-8.6E0));
#726=CARTESIAN_POINT('',(4.E0,-1.3E1,-8.615132210712E0));
#727=CARTESIAN_POINT('',(4.001723073657E0,-1.300172307366E1,-8.645771553752E0));
#728=CARTESIAN_POINT('',(4.009773966730E0,-1.300977396673E1,-8.692079223866E0));
#729=CARTESIAN_POINT('',(4.023658892076E0,-1.302365889208E1,-8.738483904268E0));
#730=CARTESIAN_POINT('',(4.043921009490E0,-1.304392100949E1,-8.784638313679E0));
#731=CARTESIAN_POINT('',(4.071219961473E0,-1.307121996147E1,-8.829984792461E0));
#732=CARTESIAN_POINT('',(4.106510287926E0,-1.310651028793E1,-8.873826556077E0));
#733=CARTESIAN_POINT('',(4.150235435712E0,-1.315023543571E1,-8.914444222177E0));
#734=CARTESIAN_POINT('',(4.202645619349E0,-1.320264561935E1,-8.949936081195E0));
#735=CARTESIAN_POINT('',(4.263054686384E0,-1.326305468638E1,-8.977873674339E0));
#736=CARTESIAN_POINT('',(4.329803844805E0,-1.332980384480E1,-8.995831738681E0));
#737=CARTESIAN_POINT('',(4.376292763126E0,-1.337629276313E1,-9.E0));
#738=CARTESIAN_POINT('',(4.4E0,-1.34E1,-9.E0));
#740=DIRECTION('',(1.E0,0.E0,0.E0));
#741=VECTOR('',#740,1.085E1);
#742=CARTESIAN_POINT('',(4.4E0,-1.34E1,-9.E0));
#743=LINE('',#742,#741);
#744=DIRECTION('',(0.E0,1.E0,0.E0));
#745=VECTOR('',#744,1.12E1);
#746=CARTESIAN_POINT('',(4.4E0,-2.46E1,-9.E0));
#747=LINE('',#746,#745);
#748=DIRECTION('',(1.E0,0.E0,0.E0));
#749=VECTOR('',#748,1.085000000021E1);
#750=CARTESIAN_POINT('',(4.4E0,-2.46E1,-9.E0));
#751=LINE('',#750,#749);
#752=DIRECTION('',(1.879528279046E-11,-1.E0,0.E0));
#753=VECTOR('',#752,1.12E1);
#754=CARTESIAN_POINT('',(1.525E1,-1.34E1,-9.E0));
#755=LINE('',#754,#753);
#756=DIRECTION('',(-1.E0,0.E0,0.E0));
#757=VECTOR('',#756,1.085E1);
#758=CARTESIAN_POINT('',(-4.4E0,-2.46E1,-9.E0));
#759=LINE('',#758,#757);
#760=DIRECTION('',(0.E0,-1.E0,0.E0));
#761=VECTOR('',#760,1.12E1);
#762=CARTESIAN_POINT('',(-4.4E0,-1.34E1,-9.E0));
#763=LINE('',#762,#761);
#764=DIRECTION('',(-1.E0,0.E0,0.E0));
#765=VECTOR('',#764,1.085000000021E1);
#766=CARTESIAN_POINT('',(-4.4E0,-1.34E1,-9.E0));
#767=LINE('',#766,#765);
#768=DIRECTION('',(-1.879528279046E-11,1.E0,0.E0));
#769=VECTOR('',#768,1.12E1);
#770=CARTESIAN_POINT('',(-1.525E1,-2.46E1,-9.E0));
#771=LINE('',#770,#769);
#772=DIRECTION('',(-1.E0,0.E0,0.E0));
#773=VECTOR('',#772,1.085E1);
#774=CARTESIAN_POINT('',(-4.4E0,1.34E1,-9.E0));
#775=LINE('',#774,#773);
#776=DIRECTION('',(0.E0,-1.E0,0.E0));
#777=VECTOR('',#776,1.12E1);
#778=CARTESIAN_POINT('',(-4.4E0,2.46E1,-9.E0));
#779=LINE('',#778,#777);
#780=DIRECTION('',(1.E0,0.E0,0.E0));
#781=VECTOR('',#780,1.085E1);
#782=CARTESIAN_POINT('',(-1.525E1,2.46E1,-9.E0));
#783=LINE('',#782,#781);
#784=DIRECTION('',(0.E0,1.E0,0.E0));
#785=VECTOR('',#784,1.12E1);
#786=CARTESIAN_POINT('',(-1.525E1,1.34E1,-9.E0));
#787=LINE('',#786,#785);
#788=DIRECTION('',(0.E0,1.E0,0.E0));
#789=VECTOR('',#788,1.12E1);
#790=CARTESIAN_POINT('',(4.4E0,1.34E1,-9.E0));
#791=LINE('',#790,#789);
#792=DIRECTION('',(1.E0,0.E0,0.E0));
#793=VECTOR('',#792,1.085000000021E1);
#794=CARTESIAN_POINT('',(4.4E0,1.34E1,-9.E0));
#795=LINE('',#794,#793);
#796=DIRECTION('',(1.879528279046E-11,-1.E0,0.E0));
#797=VECTOR('',#796,1.12E1);
#798=CARTESIAN_POINT('',(1.525E1,2.46E1,-9.E0));
#799=LINE('',#798,#797);
#800=DIRECTION('',(1.E0,0.E0,0.E0));
#801=VECTOR('',#800,1.085E1);
#802=CARTESIAN_POINT('',(4.4E0,2.46E1,-9.E0));
#803=LINE('',#802,#801);
#804=CARTESIAN_POINT('',(1.525E1,-1.34E1,-8.6E0));
#805=DIRECTION('',(1.E0,0.E0,0.E0));
#806=DIRECTION('',(0.E0,0.E0,-1.E0));
#807=AXIS2_PLACEMENT_3D('',#804,#805,#806);
#809=CARTESIAN_POINT('',(1.525E1,-1.34E1,-8.E0));
#810=DIRECTION('',(0.E0,-1.E0,0.E0));
#811=DIRECTION('',(0.E0,0.E0,-1.E0));
#812=AXIS2_PLACEMENT_3D('',#809,#810,#811);
#814=CARTESIAN_POINT('',(1.525E1,-2.46E1,-8.E0));
#815=DIRECTION('',(0.E0,-1.E0,0.E0));
#816=DIRECTION('',(0.E0,0.E0,-1.E0));
#817=AXIS2_PLACEMENT_3D('',#814,#815,#816);
#819=CARTESIAN_POINT('',(1.525E1,-2.46E1,-8.6E0));
#820=DIRECTION('',(1.E0,0.E0,0.E0));
#821=DIRECTION('',(0.E0,-1.E0,0.E0));
#822=AXIS2_PLACEMENT_3D('',#819,#820,#821);
#824=CARTESIAN_POINT('',(1.585E1,-2.46E1,-8.E0));
#825=DIRECTION('',(0.E0,0.E0,1.E0));
#826=DIRECTION('',(0.E0,-1.E0,0.E0));
#827=AXIS2_PLACEMENT_3D('',#824,#825,#826);
#829=DIRECTION('',(0.E0,0.E0,1.E0));
#830=VECTOR('',#829,5.399999999999E0);
#831=CARTESIAN_POINT('',(1.625E1,-1.34E1,-7.999999999999E0));
#832=LINE('',#831,#830);
#833=DIRECTION('',(0.E0,-1.E0,-1.804826129817E-11));
#834=VECTOR('',#833,1.12E1);
#835=CARTESIAN_POINT('',(1.625E1,-1.34E1,-7.999999999999E0));
#836=LINE('',#835,#834);
#837=DIRECTION('',(0.E0,0.E0,1.E0));
#838=VECTOR('',#837,7.600000000201E0);
#839=CARTESIAN_POINT('',(1.625E1,-2.46E1,-8.000000000201E0));
#840=LINE('',#839,#838);
#841=DIRECTION('',(0.E0,1.E0,0.E0));
#842=VECTOR('',#841,1.23E1);
#843=CARTESIAN_POINT('',(1.625E1,-2.46E1,-4.E-1));
#844=LINE('',#843,#842);
#845=DIRECTION('',(2.114120983064E-9,1.E0,3.578348096605E-13));
#846=VECTOR('',#845,2.46E1);
#847=CARTESIAN_POINT('',(1.624999986692E1,-1.23E1,5.499999999986E0));
#848=LINE('',#847,#846);
#849=DIRECTION('',(0.E0,1.E0,0.E0));
#850=VECTOR('',#849,1.23E1);
#851=CARTESIAN_POINT('',(1.625E1,1.23E1,-4.E-1));
#852=LINE('',#851,#850);
#853=DIRECTION('',(0.E0,0.E0,1.E0));
#854=VECTOR('',#853,7.599999999999E0);
#855=CARTESIAN_POINT('',(1.625E1,2.46E1,-7.999999999999E0));
#856=LINE('',#855,#854);
#857=DIRECTION('',(0.E0,-1.E0,-1.804841990146E-11));
#858=VECTOR('',#857,1.12E1);
#859=CARTESIAN_POINT('',(1.625E1,2.46E1,-7.999999999999E0));
#860=LINE('',#859,#858);
#861=DIRECTION('',(0.E0,0.E0,1.E0));
#862=VECTOR('',#861,5.400000000201E0);
#863=CARTESIAN_POINT('',(1.625E1,1.34E1,-8.000000000201E0));
#864=LINE('',#863,#862);
#865=DIRECTION('',(0.E0,-1.E0,0.E0));
#866=VECTOR('',#865,6.E0);
#867=CARTESIAN_POINT('',(1.625E1,1.34E1,-2.6E0));
#868=LINE('',#867,#866);
#869=CARTESIAN_POINT('',(1.625E1,7.4E0,-3.4E0));
#870=DIRECTION('',(-1.E0,0.E0,0.E0));
#871=DIRECTION('',(0.E0,-1.E0,0.E0));
#872=AXIS2_PLACEMENT_3D('',#869,#870,#871);
#874=DIRECTION('',(0.E0,0.E0,1.E0));
#875=VECTOR('',#874,4.2E0);
#876=CARTESIAN_POINT('',(1.625E1,6.6E0,-7.6E0));
#877=LINE('',#876,#875);
#878=DIRECTION('',(0.E0,-1.E0,0.E0));
#879=VECTOR('',#878,1.32E1);
#880=CARTESIAN_POINT('',(1.625E1,6.6E0,-7.6E0));
#881=LINE('',#880,#879);
#882=DIRECTION('',(0.E0,0.E0,1.E0));
#883=VECTOR('',#882,4.2E0);
#884=CARTESIAN_POINT('',(1.625E1,-6.6E0,-7.6E0));
#885=LINE('',#884,#883);
#886=CARTESIAN_POINT('',(1.625E1,-7.4E0,-3.4E0));
#887=DIRECTION('',(-1.E0,0.E0,0.E0));
#888=DIRECTION('',(0.E0,0.E0,1.E0));
#889=AXIS2_PLACEMENT_3D('',#886,#887,#888);
#891=DIRECTION('',(0.E0,-1.E0,0.E0));
#892=VECTOR('',#891,6.E0);
#893=CARTESIAN_POINT('',(1.625E1,-7.4E0,-2.6E0));
#894=LINE('',#893,#892);
#895=CARTESIAN_POINT('',(1.585E1,-1.34E1,-8.E0));
#896=DIRECTION('',(0.E0,0.E0,1.E0));
#897=DIRECTION('',(1.E0,0.E0,0.E0));
#898=AXIS2_PLACEMENT_3D('',#895,#896,#897);
#900=CARTESIAN_POINT('',(1.585E1,-1.3E1,-3.E0));
#901=CARTESIAN_POINT('',(1.586513221071E1,-1.3E1,-3.E0));
#902=CARTESIAN_POINT('',(1.589577155375E1,-1.300172307366E1,-2.998276926343E0));
#903=CARTESIAN_POINT('',(1.594207922387E1,-1.300977396673E1,-2.990226033270E0));
#904=CARTESIAN_POINT('',(1.598848390427E1,-1.302365889208E1,-2.976341107924E0));
#905=CARTESIAN_POINT('',(1.603463831368E1,-1.304392100949E1,-2.956078990510E0));
#906=CARTESIAN_POINT('',(1.607998479246E1,-1.307121996147E1,-2.928780038527E0));
#907=CARTESIAN_POINT('',(1.612382655608E1,-1.310651028793E1,-2.893489712074E0));
#908=CARTESIAN_POINT('',(1.616444422218E1,-1.315023543571E1,-2.849764564288E0));
#909=CARTESIAN_POINT('',(1.619993608119E1,-1.320264561935E1,-2.797354380651E0));
#910=CARTESIAN_POINT('',(1.622787367434E1,-1.326305468638E1,-2.736945313616E0));
#911=CARTESIAN_POINT('',(1.624583173868E1,-1.332980384480E1,-2.670196155195E0));
#912=CARTESIAN_POINT('',(1.625E1,-1.337629276313E1,-2.623707236874E0));
#913=CARTESIAN_POINT('',(1.625E1,-1.34E1,-2.6E0));
#915=DIRECTION('',(-1.E0,0.E0,0.E0));
#916=VECTOR('',#915,9.15E0);
#917=CARTESIAN_POINT('',(1.315E1,-1.3E1,-6.4E0));
#918=LINE('',#917,#916);
#919=DIRECTION('',(0.E0,0.E0,-1.E0));
#920=VECTOR('',#919,2.2E0);
#921=CARTESIAN_POINT('',(4.E0,-1.3E1,-6.4E0));
#922=LINE('',#921,#920);
#923=DIRECTION('',(1.E0,0.E0,0.E0));
#924=VECTOR('',#923,1.124999999983E1);
#925=CARTESIAN_POINT('',(4.E0,-1.3E1,-8.6E0));
#926=LINE('',#925,#924);
#927=CARTESIAN_POINT('',(1.525E1,-1.3E1,-8.E0));
#928=DIRECTION('',(0.E0,-1.E0,0.E0));
#929=DIRECTION('',(0.E0,0.E0,-1.E0));
#930=AXIS2_PLACEMENT_3D('',#927,#928,#929);
#932=DIRECTION('',(0.E0,0.E0,1.E0));
#933=VECTOR('',#932,4.999999999835E0);
#934=CARTESIAN_POINT('',(1.585E1,-1.3E1,-7.999999999835E0));
#935=LINE('',#934,#933);
#936=CARTESIAN_POINT('',(1.235E1,-1.3E1,-3.4E0));
#937=DIRECTION('',(0.E0,1.E0,0.E0));
#938=DIRECTION('',(8.660254037844E-1,0.E0,5.E-1));
#939=AXIS2_PLACEMENT_3D('',#936,#937,#938);
#941=DIRECTION('',(-1.438849039914E-13,0.E0,1.E0));
#942=VECTOR('',#941,3.E0);
#943=CARTESIAN_POINT('',(1.315E1,-1.3E1,-6.4E0));
#944=LINE('',#943,#942);
#945=CARTESIAN_POINT('',(-1.235E1,1.34E1,-3.E0));
#946=CARTESIAN_POINT('',(-1.238601207463E1,1.336398792537E1,-3.E0));
#947=CARTESIAN_POINT('',(-1.245484478072E1,1.329530288563E1,-3.E0));
#948=CARTESIAN_POINT('',(-1.255378606188E1,1.320602253832E1,-3.E0));
#949=CARTESIAN_POINT('',(-1.264796704941E1,1.313446732584E1,-3.E0));
#950=CARTESIAN_POINT('',(-1.273706092226E1,1.308045812653E1,-3.E0));
#951=CARTESIAN_POINT('',(-1.282012434351E1,1.304233934094E1,-3.E0));
#952=CARTESIAN_POINT('',(-1.289835273525E1,1.301715656454E1,-3.E0));
#953=CARTESIAN_POINT('',(-1.297275956443E1,1.300295196249E1,-3.E0));
#954=CARTESIAN_POINT('',(-1.301988354315E1,1.3E1,-3.E0));
#955=CARTESIAN_POINT('',(-1.304282032303E1,1.3E1,-3.E0));
#957=DIRECTION('',(1.E0,0.E0,0.E0));
#958=VECTOR('',#957,2.807179676972E0);
#959=CARTESIAN_POINT('',(-1.585E1,1.3E1,-3.E0));
#960=LINE('',#959,#958);
#961=DIRECTION('',(0.E0,1.E0,0.E0));
#962=VECTOR('',#961,5.6E0);
#963=CARTESIAN_POINT('',(-1.585E1,7.4E0,-3.E0));
#964=LINE('',#963,#962);
#965=DIRECTION('',(1.E0,0.E0,0.E0));
#966=VECTOR('',#965,3.17E1);
#967=CARTESIAN_POINT('',(-1.585E1,7.4E0,-3.E0));
#968=LINE('',#967,#966);
#969=DIRECTION('',(0.E0,-1.E0,0.E0));
#970=VECTOR('',#969,5.6E0);
#971=CARTESIAN_POINT('',(1.585E1,1.3E1,-3.E0));
#972=LINE('',#971,#970);
#973=DIRECTION('',(-1.E0,0.E0,0.E0));
#974=VECTOR('',#973,2.807179676972E0);
#975=CARTESIAN_POINT('',(1.585E1,1.3E1,-3.E0));
#976=LINE('',#975,#974);
#977=CARTESIAN_POINT('',(1.304282032303E1,1.3E1,-3.E0));
#978=CARTESIAN_POINT('',(1.301984056569E1,1.3E1,-3.E0));
#979=CARTESIAN_POINT('',(1.297262620555E1,1.300296282184E1,-3.E0));
#980=CARTESIAN_POINT('',(1.289806975910E1,1.301722320888E1,-3.E0));
#981=CARTESIAN_POINT('',(1.281967990870E1,1.304250359721E1,-3.E0));
#982=CARTESIAN_POINT('',(1.273639771503E1,1.308080469968E1,-3.E0));
#983=CARTESIAN_POINT('',(1.264725908125E1,1.313495426698E1,-3.E0));
#984=CARTESIAN_POINT('',(1.255316961225E1,1.320654738105E1,-3.E0));
#985=CARTESIAN_POINT('',(1.245448439066E1,1.329566053164E1,-3.E0));
#986=CARTESIAN_POINT('',(1.238587639024E1,1.336412360976E1,-3.E0));
#987=CARTESIAN_POINT('',(1.235E1,1.34E1,-3.E0));
#989=DIRECTION('',(0.E0,1.E0,0.E0));
#990=VECTOR('',#989,1.12E1);
#991=CARTESIAN_POINT('',(1.235E1,1.34E1,-3.E0));
#992=LINE('',#991,#990);
#993=DIRECTION('',(1.E0,0.E0,0.E0));
#994=VECTOR('',#993,2.47E1);
#995=CARTESIAN_POINT('',(-1.235E1,2.46E1,-3.E0));
#996=LINE('',#995,#994);
#997=DIRECTION('',(0.E0,-1.E0,0.E0));
#998=VECTOR('',#997,1.12E1);
#999=CARTESIAN_POINT('',(-1.235E1,2.46E1,-3.E0));
#1000=LINE('',#999,#998);
#1001=DIRECTION('',(1.E0,0.E0,0.E0));
#1002=VECTOR('',#1001,2.807179676972E0);
#1003=CARTESIAN_POINT('',(-1.585E1,-1.3E1,-3.E0));
#1004=LINE('',#1003,#1002);
#1005=CARTESIAN_POINT('',(-1.304282032303E1,-1.3E1,-3.E0));
#1006=CARTESIAN_POINT('',(-1.301984056569E1,-1.3E1,-3.E0));
#1007=CARTESIAN_POINT('',(-1.297262620555E1,-1.300296282184E1,-3.E0));
#1008=CARTESIAN_POINT('',(-1.289806975910E1,-1.301722320888E1,-3.E0));
#1009=CARTESIAN_POINT('',(-1.281967990870E1,-1.304250359721E1,-3.E0));
#1010=CARTESIAN_POINT('',(-1.273639771503E1,-1.308080469968E1,-3.E0));
#1011=CARTESIAN_POINT('',(-1.264725908125E1,-1.313495426698E1,-3.E0));
#1012=CARTESIAN_POINT('',(-1.255316961225E1,-1.320654738105E1,-3.E0));
#1013=CARTESIAN_POINT('',(-1.245448439066E1,-1.329566053164E1,-3.E0));
#1014=CARTESIAN_POINT('',(-1.238587639024E1,-1.336412360976E1,-3.E0));
#1015=CARTESIAN_POINT('',(-1.235E1,-1.34E1,-3.E0));
#1017=DIRECTION('',(0.E0,-1.E0,0.E0));
#1018=VECTOR('',#1017,1.12E1);
#1019=CARTESIAN_POINT('',(-1.235E1,-1.34E1,-3.E0));
#1020=LINE('',#1019,#1018);
#1021=DIRECTION('',(-1.E0,0.E0,0.E0));
#1022=VECTOR('',#1021,2.47E1);
#1023=CARTESIAN_POINT('',(1.235E1,-2.46E1,-3.E0));
#1024=LINE('',#1023,#1022);
#1025=DIRECTION('',(0.E0,1.E0,0.E0));
#1026=VECTOR('',#1025,1.12E1);
#1027=CARTESIAN_POINT('',(1.235E1,-2.46E1,-3.E0));
#1028=LINE('',#1027,#1026);
#1029=CARTESIAN_POINT('',(1.235E1,-1.34E1,-3.E0));
#1030=CARTESIAN_POINT('',(1.238601207463E1,-1.336398792537E1,-3.E0));
#1031=CARTESIAN_POINT('',(1.245484478072E1,-1.329530288563E1,-3.E0));
#1032=CARTESIAN_POINT('',(1.255378606188E1,-1.320602253832E1,-3.E0));
#1033=CARTESIAN_POINT('',(1.264796704941E1,-1.313446732584E1,-3.E0));
#1034=CARTESIAN_POINT('',(1.273706092226E1,-1.308045812653E1,-3.E0));
#1035=CARTESIAN_POINT('',(1.282012434351E1,-1.304233934094E1,-3.E0));
#1036=CARTESIAN_POINT('',(1.289835273525E1,-1.301715656454E1,-3.E0));
#1037=CARTESIAN_POINT('',(1.297275956443E1,-1.300295196249E1,-3.E0));
#1038=CARTESIAN_POINT('',(1.301988354315E1,-1.3E1,-3.E0));
#1039=CARTESIAN_POINT('',(1.304282032303E1,-1.3E1,-3.E0));
#1041=DIRECTION('',(-1.E0,0.E0,0.E0));
#1042=VECTOR('',#1041,2.807179676972E0);
#1043=CARTESIAN_POINT('',(1.585E1,-1.3E1,-3.E0));
#1044=LINE('',#1043,#1042);
#1045=DIRECTION('',(0.E0,-1.E0,0.E0));
#1046=VECTOR('',#1045,5.6E0);
#1047=CARTESIAN_POINT('',(1.585E1,-7.4E0,-3.E0));
#1048=LINE('',#1047,#1046);
#1049=DIRECTION('',(-1.E0,0.E0,0.E0));
#1050=VECTOR('',#1049,3.17E1);
#1051=CARTESIAN_POINT('',(1.585E1,-7.4E0,-3.E0));
#1052=LINE('',#1051,#1050);
#1053=DIRECTION('',(0.E0,1.E0,0.E0));
#1054=VECTOR('',#1053,5.6E0);
#1055=CARTESIAN_POINT('',(-1.585E1,-1.3E1,-3.E0));
#1056=LINE('',#1055,#1054);
#1057=CARTESIAN_POINT('',(-1.235E1,1.34E1,-3.4E0));
#1058=DIRECTION('',(0.E0,1.E0,0.E0));
#1059=DIRECTION('',(-1.E0,0.E0,0.E0));
#1060=AXIS2_PLACEMENT_3D('',#1057,#1058,#1059);
#1062=CARTESIAN_POINT('',(-1.315E1,1.34E1,-3.4E0));
#1063=DIRECTION('',(0.E0,0.E0,1.E0));
#1064=DIRECTION('',(0.E0,-1.E0,0.E0));
#1065=AXIS2_PLACEMENT_3D('',#1062,#1063,#1064);
#1067=DIRECTION('',(0.E0,0.E0,1.E0));
#1068=VECTOR('',#1067,4.999999999835E0);
#1069=CARTESIAN_POINT('',(-1.585E1,1.3E1,-7.999999999835E0));
#1070=LINE('',#1069,#1068);
#1071=CARTESIAN_POINT('',(-1.235E1,1.3E1,-3.4E0));
#1072=DIRECTION('',(0.E0,-1.E0,0.E0));
#1073=DIRECTION('',(-8.660254037844E-1,0.E0,5.E-1));
#1074=AXIS2_PLACEMENT_3D('',#1071,#1072,#1073);
#1076=DIRECTION('',(1.427006660985E-13,0.E0,1.E0));
#1077=VECTOR('',#1076,3.E0);
#1078=CARTESIAN_POINT('',(-1.315E1,1.3E1,-6.4E0));
#1079=LINE('',#1078,#1077);
#1080=DIRECTION('',(1.E0,0.E0,0.E0));
#1081=VECTOR('',#1080,8.75E0);
#1082=CARTESIAN_POINT('',(-1.315E1,1.3E1,-6.4E0));
#1083=LINE('',#1082,#1081);
#1084=DIRECTION('',(0.E0,0.E0,1.E0));
#1085=VECTOR('',#1084,2.2E0);
#1086=CARTESIAN_POINT('',(-4.4E0,1.3E1,-8.6E0));
#1087=LINE('',#1086,#1085);
#1088=DIRECTION('',(-1.E0,0.E0,0.E0));
#1089=VECTOR('',#1088,1.084999999983E1);
#1090=CARTESIAN_POINT('',(-4.4E0,1.3E1,-8.6E0));
#1091=LINE('',#1090,#1089);
#1092=CARTESIAN_POINT('',(-1.525E1,1.3E1,-8.E0));
#1093=DIRECTION('',(0.E0,1.E0,0.E0));
#1094=DIRECTION('',(-2.368475785867E-14,0.E0,-1.E0));
#1095=AXIS2_PLACEMENT_3D('',#1092,#1093,#1094);
#1097=CARTESIAN_POINT('',(-1.585E1,1.34E1,-8.E0));
#1098=DIRECTION('',(0.E0,0.E0,1.E0));
#1099=DIRECTION('',(-1.E0,0.E0,0.E0));
#1100=AXIS2_PLACEMENT_3D('',#1097,#1098,#1099);
#1102=CARTESIAN_POINT('',(-1.585E1,1.3E1,-3.E0));
#1103=CARTESIAN_POINT('',(-1.586513221071E1,1.3E1,-3.E0));
#1104=CARTESIAN_POINT('',(-1.589577155375E1,1.300172307366E1,
-2.998276926343E0));
#1105=CARTESIAN_POINT('',(-1.594207922387E1,1.300977396673E1,
-2.990226033270E0));
#1106=CARTESIAN_POINT('',(-1.598848390427E1,1.302365889208E1,
-2.976341107924E0));
#1107=CARTESIAN_POINT('',(-1.603463831368E1,1.304392100949E1,
-2.956078990510E0));
#1108=CARTESIAN_POINT('',(-1.607998479246E1,1.307121996147E1,
-2.928780038527E0));
#1109=CARTESIAN_POINT('',(-1.612382655608E1,1.310651028793E1,
-2.893489712074E0));
#1110=CARTESIAN_POINT('',(-1.616444422218E1,1.315023543571E1,
-2.849764564288E0));
#1111=CARTESIAN_POINT('',(-1.619993608119E1,1.320264561935E1,
-2.797354380651E0));
#1112=CARTESIAN_POINT('',(-1.622787367434E1,1.326305468638E1,
-2.736945313616E0));
#1113=CARTESIAN_POINT('',(-1.624583173868E1,1.332980384480E1,
-2.670196155195E0));
#1114=CARTESIAN_POINT('',(-1.625E1,1.337629276313E1,-2.623707236874E0));
#1115=CARTESIAN_POINT('',(-1.625E1,1.34E1,-2.6E0));
#1117=CARTESIAN_POINT('',(-1.525E1,1.34E1,-8.6E0));
#1118=DIRECTION('',(-1.E0,0.E0,0.E0));
#1119=DIRECTION('',(0.E0,0.E0,-1.E0));
#1120=AXIS2_PLACEMENT_3D('',#1117,#1118,#1119);
#1122=CARTESIAN_POINT('',(-1.525E1,1.34E1,-8.E0));
#1123=DIRECTION('',(0.E0,1.E0,0.E0));
#1124=DIRECTION('',(0.E0,0.E0,-1.E0));
#1125=AXIS2_PLACEMENT_3D('',#1122,#1123,#1124);
#1127=CARTESIAN_POINT('',(-1.525E1,2.46E1,-8.E0));
#1128=DIRECTION('',(0.E0,-1.E0,0.E0));
#1129=DIRECTION('',(-1.E0,0.E0,0.E0));
#1130=AXIS2_PLACEMENT_3D('',#1127,#1128,#1129);
#1132=CARTESIAN_POINT('',(-1.585E1,2.46E1,-8.E0));
#1133=DIRECTION('',(0.E0,0.E0,-1.E0));
#1134=DIRECTION('',(-1.E0,-1.776356839400E-14,0.E0));
#1135=AXIS2_PLACEMENT_3D('',#1132,#1133,#1134);
#1137=CARTESIAN_POINT('',(-1.525E1,2.46E1,-8.6E0));
#1138=DIRECTION('',(1.E0,0.E0,0.E0));
#1139=DIRECTION('',(0.E0,0.E0,-1.E0));
#1140=AXIS2_PLACEMENT_3D('',#1137,#1138,#1139);
#1142=DIRECTION('',(1.E0,0.E0,0.E0));
#1143=VECTOR('',#1142,2.47E1);
#1144=CARTESIAN_POINT('',(-1.235E1,2.5E1,-2.6E0));
#1145=LINE('',#1144,#1143);
#1146=CARTESIAN_POINT('',(1.235E1,2.5E1,-3.4E0));
#1147=DIRECTION('',(0.E0,-1.E0,0.E0));
#1148=DIRECTION('',(1.E0,0.E0,3.663735981263E-14));
#1149=AXIS2_PLACEMENT_3D('',#1146,#1147,#1148);
#1151=DIRECTION('',(0.E0,0.E0,1.E0));
#1152=VECTOR('',#1151,3.E0);
#1153=CARTESIAN_POINT('',(1.315E1,2.5E1,-6.4E0));
#1154=LINE('',#1153,#1152);
#1155=DIRECTION('',(-1.E0,0.E0,0.E0));
#1156=VECTOR('',#1155,9.15E0);
#1157=CARTESIAN_POINT('',(1.315E1,2.5E1,-6.4E0));
#1158=LINE('',#1157,#1156);
#1159=DIRECTION('',(0.E0,0.E0,-1.E0));
#1160=VECTOR('',#1159,2.2E0);
#1161=CARTESIAN_POINT('',(4.E0,2.5E1,-6.4E0));
#1162=LINE('',#1161,#1160);
#1163=DIRECTION('',(1.E0,0.E0,0.E0));
#1164=VECTOR('',#1163,1.124999999983E1);
#1165=CARTESIAN_POINT('',(4.E0,2.5E1,-8.6E0));
#1166=LINE('',#1165,#1164);
#1167=CARTESIAN_POINT('',(1.525E1,2.5E1,-8.E0));
#1168=DIRECTION('',(0.E0,-1.E0,0.E0));
#1169=DIRECTION('',(0.E0,0.E0,-1.E0));
#1170=AXIS2_PLACEMENT_3D('',#1167,#1168,#1169);
#1172=DIRECTION('',(0.E0,0.E0,1.E0));
#1173=VECTOR('',#1172,7.599999999835E0);
#1174=CARTESIAN_POINT('',(1.585E1,2.5E1,-7.999999999835E0));
#1175=LINE('',#1174,#1173);
#1176=DIRECTION('',(-1.E0,0.E0,0.E0));
#1177=VECTOR('',#1176,3.17E1);
#1178=CARTESIAN_POINT('',(1.585E1,2.5E1,-4.E-1));
#1179=LINE('',#1178,#1177);
#1180=DIRECTION('',(0.E0,0.E0,-1.E0));
#1181=VECTOR('',#1180,7.599999999835E0);
#1182=CARTESIAN_POINT('',(-1.585E1,2.5E1,-4.E-1));
#1183=LINE('',#1182,#1181);
#1184=CARTESIAN_POINT('',(-1.525E1,2.5E1,-8.E0));
#1185=DIRECTION('',(0.E0,-1.E0,0.E0));
#1186=DIRECTION('',(-1.E0,0.E0,0.E0));
#1187=AXIS2_PLACEMENT_3D('',#1184,#1185,#1186);
#1189=DIRECTION('',(1.E0,0.E0,0.E0));
#1190=VECTOR('',#1189,1.124999999983E1);
#1191=CARTESIAN_POINT('',(-1.524999999983E1,2.5E1,-8.6E0));
#1192=LINE('',#1191,#1190);
#1193=DIRECTION('',(-1.E0,0.E0,0.E0));
#1194=VECTOR('',#1193,9.15E0);
#1195=CARTESIAN_POINT('',(-4.E0,2.5E1,-6.4E0));
#1196=LINE('',#1195,#1194);
#1197=DIRECTION('',(0.E0,0.E0,1.E0));
#1198=VECTOR('',#1197,3.E0);
#1199=CARTESIAN_POINT('',(-1.315E1,2.5E1,-6.4E0));
#1200=LINE('',#1199,#1198);
#1201=CARTESIAN_POINT('',(-1.235E1,2.5E1,-3.4E0));
#1202=DIRECTION('',(0.E0,-1.E0,0.E0));
#1203=DIRECTION('',(0.E0,0.E0,1.E0));
#1204=AXIS2_PLACEMENT_3D('',#1201,#1202,#1203);
#1206=CARTESIAN_POINT('',(-1.235E1,2.46E1,-2.6E0));
#1207=DIRECTION('',(-1.E0,0.E0,0.E0));
#1208=DIRECTION('',(0.E0,1.E0,0.E0));
#1209=AXIS2_PLACEMENT_3D('',#1206,#1207,#1208);
#1211=CARTESIAN_POINT('',(-1.315E1,2.46E1,-3.4E0));
#1212=DIRECTION('',(0.E0,0.E0,1.E0));
#1213=DIRECTION('',(1.E0,-2.664535259100E-14,0.E0));
#1214=AXIS2_PLACEMENT_3D('',#1211,#1212,#1213);
#1216=CARTESIAN_POINT('',(-1.235E1,2.46E1,-3.4E0));
#1217=DIRECTION('',(0.E0,-1.E0,0.E0));
#1218=DIRECTION('',(0.E0,0.E0,1.E0));
#1219=AXIS2_PLACEMENT_3D('',#1216,#1217,#1218);
#1221=CARTESIAN_POINT('',(-1.275E1,2.46E1,-6.E0));
#1222=CARTESIAN_POINT('',(-1.275E1,2.461513221071E1,-6.E0));
#1223=CARTESIAN_POINT('',(-1.275172307366E1,2.464577155375E1,
-6.001723073657E0));
#1224=CARTESIAN_POINT('',(-1.275977396673E1,2.469207922387E1,
-6.009773966730E0));
#1225=CARTESIAN_POINT('',(-1.277365889208E1,2.473848390427E1,
-6.023658892076E0));
#1226=CARTESIAN_POINT('',(-1.279392100949E1,2.478463831368E1,
-6.043921009490E0));
#1227=CARTESIAN_POINT('',(-1.282121996147E1,2.482998479246E1,
-6.071219961473E0));
#1228=CARTESIAN_POINT('',(-1.285651028793E1,2.487382655608E1,
-6.106510287926E0));
#1229=CARTESIAN_POINT('',(-1.290023543571E1,2.491444422218E1,
-6.150235435712E0));
#1230=CARTESIAN_POINT('',(-1.295264561935E1,2.494993608119E1,
-6.202645619349E0));
#1231=CARTESIAN_POINT('',(-1.301305468638E1,2.497787367434E1,
-6.263054686384E0));
#1232=CARTESIAN_POINT('',(-1.307980384480E1,2.499583173868E1,
-6.329803844805E0));
#1233=CARTESIAN_POINT('',(-1.312629276313E1,2.5E1,-6.376292763126E0));
#1234=CARTESIAN_POINT('',(-1.315E1,2.5E1,-6.4E0));
#1236=DIRECTION('',(0.E0,-1.E0,0.E0));
#1237=VECTOR('',#1236,1.12E1);
#1238=CARTESIAN_POINT('',(-1.275E1,2.46E1,-6.E0));
#1239=LINE('',#1238,#1237);
#1240=DIRECTION('',(0.E0,0.E0,1.E0));
#1241=VECTOR('',#1240,2.6E0);
#1242=CARTESIAN_POINT('',(-1.275E1,1.34E1,-6.E0));
#1243=LINE('',#1242,#1241);
#1244=DIRECTION('',(0.E0,-1.E0,0.E0));
#1245=VECTOR('',#1244,1.12E1);
#1246=CARTESIAN_POINT('',(-1.275E1,2.46E1,-3.4E0));
#1247=LINE('',#1246,#1245);
#1248=DIRECTION('',(0.E0,0.E0,1.E0));
#1249=VECTOR('',#1248,2.6E0);
#1250=CARTESIAN_POINT('',(-1.275E1,2.46E1,-6.E0));
#1251=LINE('',#1250,#1249);
#1252=CARTESIAN_POINT('',(-1.275E1,1.34E1,-6.E0));
#1253=CARTESIAN_POINT('',(-1.275E1,1.338486778929E1,-6.E0));
#1254=CARTESIAN_POINT('',(-1.275172307366E1,1.335422844625E1,
-6.001723073657E0));
#1255=CARTESIAN_POINT('',(-1.275977396673E1,1.330792077613E1,
-6.009773966730E0));
#1256=CARTESIAN_POINT('',(-1.277365889208E1,1.326151609573E1,
-6.023658892076E0));
#1257=CARTESIAN_POINT('',(-1.279392100949E1,1.321536168632E1,
-6.043921009490E0));
#1258=CARTESIAN_POINT('',(-1.282121996147E1,1.317001520754E1,
-6.071219961473E0));
#1259=CARTESIAN_POINT('',(-1.285651028793E1,1.312617344392E1,
-6.106510287926E0));
#1260=CARTESIAN_POINT('',(-1.290023543571E1,1.308555577782E1,
-6.150235435712E0));
#1261=CARTESIAN_POINT('',(-1.295264561935E1,1.305006391881E1,
-6.202645619349E0));
#1262=CARTESIAN_POINT('',(-1.301305468638E1,1.302212632566E1,
-6.263054686384E0));
#1263=CARTESIAN_POINT('',(-1.307980384480E1,1.300416826132E1,
-6.329803844805E0));
#1264=CARTESIAN_POINT('',(-1.312629276313E1,1.3E1,-6.376292763126E0));
#1265=CARTESIAN_POINT('',(-1.315E1,1.3E1,-6.4E0));
#1267=CARTESIAN_POINT('',(-4.4E0,1.34E1,-6.4E0));
#1268=DIRECTION('',(1.E0,0.E0,0.E0));
#1269=DIRECTION('',(0.E0,0.E0,1.E0));
#1270=AXIS2_PLACEMENT_3D('',#1267,#1268,#1269);
#1272=CARTESIAN_POINT('',(-4.4E0,1.34E1,-6.4E0));
#1273=DIRECTION('',(0.E0,-1.E0,0.E0));
#1274=DIRECTION('',(1.E0,0.E0,0.E0));
#1275=AXIS2_PLACEMENT_3D('',#1272,#1273,#1274);
#1277=CARTESIAN_POINT('',(-4.4E0,1.34E1,-6.4E0));
#1278=DIRECTION('',(0.E0,0.E0,1.E0));
#1279=DIRECTION('',(0.E0,-1.E0,0.E0));
#1280=AXIS2_PLACEMENT_3D('',#1277,#1278,#1279);
#1282=CARTESIAN_POINT('',(-4.E0,2.5E1,-6.4E0));
#1283=CARTESIAN_POINT('',(-4.E0,2.5E1,-6.384867789288E0));
#1284=CARTESIAN_POINT('',(-4.001723073657E0,2.499827692634E1,
-6.354228446248E0));
#1285=CARTESIAN_POINT('',(-4.009773966730E0,2.499022603327E1,
-6.307920776134E0));
#1286=CARTESIAN_POINT('',(-4.023658892076E0,2.497634110792E1,
-6.261516095732E0));
#1287=CARTESIAN_POINT('',(-4.043921009490E0,2.495607899051E1,
-6.215361686321E0));
#1288=CARTESIAN_POINT('',(-4.071219961473E0,2.492878003853E1,
-6.170015207539E0));
#1289=CARTESIAN_POINT('',(-4.106510287926E0,2.489348971207E1,
-6.126173443923E0));
#1290=CARTESIAN_POINT('',(-4.150235435712E0,2.484976456429E1,
-6.085555777823E0));
#1291=CARTESIAN_POINT('',(-4.202645619349E0,2.479735438065E1,
-6.050063918805E0));
#1292=CARTESIAN_POINT('',(-4.263054686384E0,2.473694531362E1,
-6.022126325661E0));
#1293=CARTESIAN_POINT('',(-4.329803844805E0,2.467019615520E1,
-6.004168261319E0));
#1294=CARTESIAN_POINT('',(-4.376292763126E0,2.462370723687E1,-6.E0));
#1295=CARTESIAN_POINT('',(-4.4E0,2.46E1,-6.E0));
#1297=DIRECTION('',(0.E0,-1.E0,0.E0));
#1298=VECTOR('',#1297,1.16E1);
#1299=CARTESIAN_POINT('',(-4.E0,2.5E1,-8.6E0));
#1300=LINE('',#1299,#1298);
#1301=DIRECTION('',(0.E0,0.E0,1.E0));
#1302=VECTOR('',#1301,2.2E0);
#1303=CARTESIAN_POINT('',(-4.E0,1.34E1,-8.6E0));
#1304=LINE('',#1303,#1302);
#1305=DIRECTION('',(0.E0,1.E0,0.E0));
#1306=VECTOR('',#1305,1.16E1);
#1307=CARTESIAN_POINT('',(-4.E0,1.34E1,-6.4E0));
#1308=LINE('',#1307,#1306);
#1309=DIRECTION('',(0.E0,0.E0,-1.E0));
#1310=VECTOR('',#1309,2.2E0);
#1311=CARTESIAN_POINT('',(-4.E0,2.5E1,-6.4E0));
#1312=LINE('',#1311,#1310);
#1313=CARTESIAN_POINT('',(-4.4E0,2.46E1,-9.E0));
#1314=CARTESIAN_POINT('',(-4.376292763126E0,2.462370723687E1,-9.E0));
#1315=CARTESIAN_POINT('',(-4.329803844805E0,2.467019615520E1,
-8.995831738681E0));
#1316=CARTESIAN_POINT('',(-4.263054686384E0,2.473694531362E1,
-8.977873674339E0));
#1317=CARTESIAN_POINT('',(-4.202645619349E0,2.479735438065E1,
-8.949936081195E0));
#1318=CARTESIAN_POINT('',(-4.150235435712E0,2.484976456429E1,
-8.914444222177E0));
#1319=CARTESIAN_POINT('',(-4.106510287926E0,2.489348971207E1,
-8.873826556077E0));
#1320=CARTESIAN_POINT('',(-4.071219961473E0,2.492878003853E1,
-8.829984792461E0));
#1321=CARTESIAN_POINT('',(-4.043921009490E0,2.495607899051E1,
-8.784638313679E0));
#1322=CARTESIAN_POINT('',(-4.023658892076E0,2.497634110792E1,
-8.738483904268E0));
#1323=CARTESIAN_POINT('',(-4.009773966730E0,2.499022603327E1,
-8.692079223866E0));
#1324=CARTESIAN_POINT('',(-4.001723073657E0,2.499827692634E1,
-8.645771553752E0));
#1325=CARTESIAN_POINT('',(-4.E0,2.5E1,-8.615132210712E0));
#1326=CARTESIAN_POINT('',(-4.E0,2.5E1,-8.6E0));
#1328=CARTESIAN_POINT('',(-4.4E0,1.34E1,-8.6E0));
#1329=DIRECTION('',(0.E0,0.E0,-1.E0));
#1330=DIRECTION('',(1.E0,0.E0,0.E0));
#1331=AXIS2_PLACEMENT_3D('',#1328,#1329,#1330);
#1333=CARTESIAN_POINT('',(-4.4E0,1.34E1,-8.6E0));
#1334=DIRECTION('',(0.E0,-1.E0,0.E0));
#1335=DIRECTION('',(0.E0,0.E0,-1.E0));
#1336=AXIS2_PLACEMENT_3D('',#1333,#1334,#1335);
#1338=CARTESIAN_POINT('',(-4.4E0,1.34E1,-8.6E0));
#1339=DIRECTION('',(1.E0,0.E0,0.E0));
#1340=DIRECTION('',(0.E0,-1.E0,0.E0));
#1341=AXIS2_PLACEMENT_3D('',#1338,#1339,#1340);
#1343=CARTESIAN_POINT('',(1.235E1,2.46E1,-2.6E0));
#1344=DIRECTION('',(1.E0,0.E0,0.E0));
#1345=DIRECTION('',(0.E0,-1.776356839400E-14,-1.E0));
#1346=AXIS2_PLACEMENT_3D('',#1343,#1344,#1345);
#1348=CARTESIAN_POINT('',(1.235E1,2.46E1,-3.4E0));
#1349=DIRECTION('',(0.E0,-1.E0,0.E0));
#1350=DIRECTION('',(1.E0,0.E0,0.E0));
#1351=AXIS2_PLACEMENT_3D('',#1348,#1349,#1350);
#1353=CARTESIAN_POINT('',(1.315E1,1.34E1,-3.4E0));
#1354=DIRECTION('',(0.E0,0.E0,1.E0));
#1355=DIRECTION('',(-1.E0,0.E0,0.E0));
#1356=AXIS2_PLACEMENT_3D('',#1353,#1354,#1355);
#1358=CARTESIAN_POINT('',(1.235E1,1.34E1,-3.4E0));
#1359=DIRECTION('',(0.E0,1.E0,0.E0));
#1360=DIRECTION('',(0.E0,0.E0,1.E0));
#1361=AXIS2_PLACEMENT_3D('',#1358,#1359,#1360);
#1363=DIRECTION('',(1.E0,0.E0,0.E0));
#1364=VECTOR('',#1363,8.75E0);
#1365=CARTESIAN_POINT('',(4.4E0,1.3E1,-6.4E0));
#1366=LINE('',#1365,#1364);
#1367=DIRECTION('',(-1.361873576874E-13,0.E0,1.E0));
#1368=VECTOR('',#1367,3.E0);
#1369=CARTESIAN_POINT('',(1.315E1,1.3E1,-6.4E0));
#1370=LINE('',#1369,#1368);
#1371=CARTESIAN_POINT('',(1.235E1,1.3E1,-3.4E0));
#1372=DIRECTION('',(0.E0,-1.E0,0.E0));
#1373=DIRECTION('',(1.E0,0.E0,-2.053912595557E-14));
#1374=AXIS2_PLACEMENT_3D('',#1371,#1372,#1373);
#1376=DIRECTION('',(0.E0,0.E0,1.E0));
#1377=VECTOR('',#1376,5.E0);
#1378=CARTESIAN_POINT('',(1.585E1,1.3E1,-8.E0));
#1379=LINE('',#1378,#1377);
#1380=CARTESIAN_POINT('',(1.525E1,1.3E1,-8.E0));
#1381=DIRECTION('',(0.E0,-1.E0,0.E0));
#1382=DIRECTION('',(2.072416312634E-14,0.E0,-1.E0));
#1383=AXIS2_PLACEMENT_3D('',#1380,#1381,#1382);
#1385=DIRECTION('',(1.E0,0.E0,0.E0));
#1386=VECTOR('',#1385,1.085E1);
#1387=CARTESIAN_POINT('',(4.4E0,1.3E1,-8.6E0));
#1388=LINE('',#1387,#1386);
#1389=DIRECTION('',(0.E0,0.E0,1.E0));
#1390=VECTOR('',#1389,2.2E0);
#1391=CARTESIAN_POINT('',(4.4E0,1.3E1,-8.6E0));
#1392=LINE('',#1391,#1390);
#1393=CARTESIAN_POINT('',(4.4E0,1.34E1,-6.4E0));
#1394=DIRECTION('',(-1.E0,0.E0,0.E0));
#1395=DIRECTION('',(0.E0,-1.E0,0.E0));
#1396=AXIS2_PLACEMENT_3D('',#1393,#1394,#1395);
#1398=CARTESIAN_POINT('',(4.4E0,1.34E1,-6.4E0));
#1399=DIRECTION('',(0.E0,0.E0,1.E0));
#1400=DIRECTION('',(-1.E0,0.E0,0.E0));
#1401=AXIS2_PLACEMENT_3D('',#1398,#1399,#1400);
#1403=CARTESIAN_POINT('',(4.4E0,1.34E1,-6.4E0));
#1404=DIRECTION('',(0.E0,-1.E0,0.E0));
#1405=DIRECTION('',(0.E0,0.E0,1.E0));
#1406=AXIS2_PLACEMENT_3D('',#1403,#1404,#1405);
#1408=DIRECTION('',(0.E0,1.E0,0.E0));
#1409=VECTOR('',#1408,1.16E1);
#1410=CARTESIAN_POINT('',(4.E0,1.34E1,-8.6E0));
#1411=LINE('',#1410,#1409);
#1412=DIRECTION('',(0.E0,-1.E0,0.E0));
#1413=VECTOR('',#1412,1.16E1);
#1414=CARTESIAN_POINT('',(4.E0,2.5E1,-6.4E0));
#1415=LINE('',#1414,#1413);
#1416=DIRECTION('',(0.E0,0.E0,1.E0));
#1417=VECTOR('',#1416,2.2E0);
#1418=CARTESIAN_POINT('',(4.E0,1.34E1,-8.6E0));
#1419=LINE('',#1418,#1417);
#1420=CARTESIAN_POINT('',(4.E0,2.5E1,-8.6E0));
#1421=CARTESIAN_POINT('',(4.E0,2.5E1,-8.615132210712E0));
#1422=CARTESIAN_POINT('',(4.001723073657E0,2.499827692634E1,-8.645771553752E0));
#1423=CARTESIAN_POINT('',(4.009773966730E0,2.499022603327E1,-8.692079223866E0));
#1424=CARTESIAN_POINT('',(4.023658892076E0,2.497634110792E1,-8.738483904268E0));
#1425=CARTESIAN_POINT('',(4.043921009490E0,2.495607899051E1,-8.784638313679E0));
#1426=CARTESIAN_POINT('',(4.071219961473E0,2.492878003853E1,-8.829984792461E0));
#1427=CARTESIAN_POINT('',(4.106510287926E0,2.489348971207E1,-8.873826556077E0));
#1428=CARTESIAN_POINT('',(4.150235435712E0,2.484976456429E1,-8.914444222177E0));
#1429=CARTESIAN_POINT('',(4.202645619349E0,2.479735438065E1,-8.949936081195E0));
#1430=CARTESIAN_POINT('',(4.263054686384E0,2.473694531362E1,-8.977873674339E0));
#1431=CARTESIAN_POINT('',(4.329803844805E0,2.467019615520E1,-8.995831738681E0));
#1432=CARTESIAN_POINT('',(4.376292763126E0,2.462370723687E1,-9.E0));
#1433=CARTESIAN_POINT('',(4.4E0,2.46E1,-9.E0));
#1435=CARTESIAN_POINT('',(4.4E0,1.34E1,-8.6E0));
#1436=DIRECTION('',(0.E0,-1.E0,0.E0));
#1437=DIRECTION('',(-1.E0,0.E0,0.E0));
#1438=AXIS2_PLACEMENT_3D('',#1435,#1436,#1437);
#1440=CARTESIAN_POINT('',(4.4E0,1.34E1,-8.6E0));
#1441=DIRECTION('',(0.E0,0.E0,-1.E0));
#1442=DIRECTION('',(0.E0,-1.E0,0.E0));
#1443=AXIS2_PLACEMENT_3D('',#1440,#1441,#1442);
#1445=CARTESIAN_POINT('',(4.4E0,1.34E1,-8.6E0));
#1446=DIRECTION('',(-1.E0,0.E0,0.E0));
#1447=DIRECTION('',(0.E0,0.E0,-1.E0));
#1448=AXIS2_PLACEMENT_3D('',#1445,#1446,#1447);
#1450=CARTESIAN_POINT('',(1.525E1,1.34E1,-8.6E0));
#1451=DIRECTION('',(1.E0,0.E0,0.E0));
#1452=DIRECTION('',(0.E0,-1.E0,0.E0));
#1453=AXIS2_PLACEMENT_3D('',#1450,#1451,#1452);
#1455=CARTESIAN_POINT('',(1.585E1,1.34E1,-8.E0));
#1456=DIRECTION('',(0.E0,0.E0,1.E0));
#1457=DIRECTION('',(0.E0,-1.E0,0.E0));
#1458=AXIS2_PLACEMENT_3D('',#1455,#1456,#1457);
#1460=CARTESIAN_POINT('',(1.585E1,1.3E1,-3.E0));
#1461=CARTESIAN_POINT('',(1.586513221071E1,1.3E1,-3.E0));
#1462=CARTESIAN_POINT('',(1.589577155375E1,1.300172307366E1,-2.998276926343E0));
#1463=CARTESIAN_POINT('',(1.594207922387E1,1.300977396673E1,-2.990226033270E0));
#1464=CARTESIAN_POINT('',(1.598848390427E1,1.302365889208E1,-2.976341107924E0));
#1465=CARTESIAN_POINT('',(1.603463831368E1,1.304392100949E1,-2.956078990510E0));
#1466=CARTESIAN_POINT('',(1.607998479246E1,1.307121996147E1,-2.928780038527E0));
#1467=CARTESIAN_POINT('',(1.612382655608E1,1.310651028793E1,-2.893489712074E0));
#1468=CARTESIAN_POINT('',(1.616444422218E1,1.315023543571E1,-2.849764564288E0));
#1469=CARTESIAN_POINT('',(1.619993608119E1,1.320264561935E1,-2.797354380651E0));
#1470=CARTESIAN_POINT('',(1.622787367434E1,1.326305468638E1,-2.736945313616E0));
#1471=CARTESIAN_POINT('',(1.624583173868E1,1.332980384480E1,-2.670196155195E0));
#1472=CARTESIAN_POINT('',(1.625E1,1.337629276313E1,-2.623707236874E0));
#1473=CARTESIAN_POINT('',(1.625E1,1.34E1,-2.6E0));
#1475=CARTESIAN_POINT('',(1.585E1,7.4E0,-2.6E0));
#1476=DIRECTION('',(0.E0,-1.E0,0.E0));
#1477=DIRECTION('',(0.E0,0.E0,-1.E0));
#1478=AXIS2_PLACEMENT_3D('',#1475,#1476,#1477);
#1480=CARTESIAN_POINT('',(1.585E1,7.4E0,-3.4E0));
#1481=DIRECTION('',(-1.E0,0.E0,0.E0));
#1482=DIRECTION('',(0.E0,-1.E0,0.E0));
#1483=AXIS2_PLACEMENT_3D('',#1480,#1481,#1482);
#1485=CARTESIAN_POINT('',(-1.585E1,6.6E0,-3.4E0));
#1486=DIRECTION('',(0.E0,0.E0,1.E0));
#1487=DIRECTION('',(0.E0,1.E0,0.E0));
#1488=AXIS2_PLACEMENT_3D('',#1485,#1486,#1487);
#1490=CARTESIAN_POINT('',(-1.585E1,7.4E0,-3.4E0));
#1491=DIRECTION('',(1.E0,0.E0,0.E0));
#1492=DIRECTION('',(0.E0,0.E0,1.E0));
#1493=AXIS2_PLACEMENT_3D('',#1490,#1491,#1492);
#1495=DIRECTION('',(1.E0,0.E0,0.E0));
#1496=VECTOR('',#1495,3.17E1);
#1497=CARTESIAN_POINT('',(-1.585E1,7.E0,-3.4E0));
#1498=LINE('',#1497,#1496);
#1499=DIRECTION('',(0.E0,0.E0,1.E0));
#1500=VECTOR('',#1499,4.2E0);
#1501=CARTESIAN_POINT('',(-1.585E1,7.E0,-7.6E0));
#1502=LINE('',#1501,#1500);
#1503=DIRECTION('',(1.E0,0.E0,0.E0));
#1504=VECTOR('',#1503,3.17E1);
#1505=CARTESIAN_POINT('',(-1.585E1,7.E0,-7.6E0));
#1506=LINE('',#1505,#1504);
#1507=DIRECTION('',(0.E0,0.E0,1.E0));
#1508=VECTOR('',#1507,4.2E0);
#1509=CARTESIAN_POINT('',(1.585E1,7.E0,-7.6E0));
#1510=LINE('',#1509,#1508);
#1511=CARTESIAN_POINT('',(-1.585E1,6.6E0,-7.6E0));
#1512=DIRECTION('',(-1.E0,0.E0,0.E0));
#1513=DIRECTION('',(0.E0,1.E0,0.E0));
#1514=AXIS2_PLACEMENT_3D('',#1511,#1512,#1513);
#1516=CARTESIAN_POINT('',(-1.585E1,6.6E0,-7.6E0));
#1517=DIRECTION('',(0.E0,0.E0,-1.E0));
#1518=DIRECTION('',(-1.E0,0.E0,0.E0));
#1519=AXIS2_PLACEMENT_3D('',#1516,#1517,#1518);
#1521=CARTESIAN_POINT('',(-1.585E1,6.6E0,-7.6E0));
#1522=DIRECTION('',(0.E0,1.E0,0.E0));
#1523=DIRECTION('',(0.E0,0.E0,-1.E0));
#1524=AXIS2_PLACEMENT_3D('',#1521,#1522,#1523);
#1526=CARTESIAN_POINT('',(-1.585E1,-6.6E0,-7.6E0));
#1527=DIRECTION('',(0.E0,-1.E0,0.E0));
#1528=DIRECTION('',(-1.E0,0.E0,0.E0));
#1529=AXIS2_PLACEMENT_3D('',#1526,#1527,#1528);
#1531=CARTESIAN_POINT('',(-1.585E1,-6.6E0,-7.6E0));
#1532=DIRECTION('',(0.E0,0.E0,-1.E0));
#1533=DIRECTION('',(0.E0,-1.E0,0.E0));
#1534=AXIS2_PLACEMENT_3D('',#1531,#1532,#1533);
#1536=CARTESIAN_POINT('',(-1.585E1,-6.6E0,-7.6E0));
#1537=DIRECTION('',(-1.E0,0.E0,0.E0));
#1538=DIRECTION('',(0.E0,0.E0,-1.E0));
#1539=AXIS2_PLACEMENT_3D('',#1536,#1537,#1538);
#1541=CARTESIAN_POINT('',(-1.585E1,-6.6E0,-3.4E0));
#1542=DIRECTION('',(0.E0,0.E0,1.E0));
#1543=DIRECTION('',(-1.E0,0.E0,0.E0));
#1544=AXIS2_PLACEMENT_3D('',#1541,#1542,#1543);
#1546=CARTESIAN_POINT('',(-1.585E1,-7.4E0,-2.6E0));
#1547=DIRECTION('',(0.E0,1.E0,0.E0));
#1548=DIRECTION('',(0.E0,0.E0,-1.E0));
#1549=AXIS2_PLACEMENT_3D('',#1546,#1547,#1548);
#1551=CARTESIAN_POINT('',(-1.585E1,-7.4E0,-3.4E0));
#1552=DIRECTION('',(1.E0,0.E0,0.E0));
#1553=DIRECTION('',(0.E0,1.E0,0.E0));
#1554=AXIS2_PLACEMENT_3D('',#1551,#1552,#1553);
#1556=CARTESIAN_POINT('',(-1.585E1,-1.3E1,-3.E0));
#1557=CARTESIAN_POINT('',(-1.586513221071E1,-1.3E1,-3.E0));
#1558=CARTESIAN_POINT('',(-1.589577155375E1,-1.300172307366E1,
-2.998276926343E0));
#1559=CARTESIAN_POINT('',(-1.594207922387E1,-1.300977396673E1,
-2.990226033270E0));
#1560=CARTESIAN_POINT('',(-1.598848390427E1,-1.302365889208E1,
-2.976341107924E0));
#1561=CARTESIAN_POINT('',(-1.603463831368E1,-1.304392100949E1,
-2.956078990510E0));
#1562=CARTESIAN_POINT('',(-1.607998479246E1,-1.307121996147E1,
-2.928780038527E0));
#1563=CARTESIAN_POINT('',(-1.612382655608E1,-1.310651028793E1,
-2.893489712074E0));
#1564=CARTESIAN_POINT('',(-1.616444422218E1,-1.315023543571E1,
-2.849764564288E0));
#1565=CARTESIAN_POINT('',(-1.619993608119E1,-1.320264561935E1,
-2.797354380651E0));
#1566=CARTESIAN_POINT('',(-1.622787367434E1,-1.326305468638E1,
-2.736945313616E0));
#1567=CARTESIAN_POINT('',(-1.624583173868E1,-1.332980384480E1,
-2.670196155195E0));
#1568=CARTESIAN_POINT('',(-1.625E1,-1.337629276313E1,-2.623707236874E0));
#1569=CARTESIAN_POINT('',(-1.625E1,-1.34E1,-2.6E0));
#1571=CARTESIAN_POINT('',(-1.585E1,-1.34E1,-8.E0));
#1572=DIRECTION('',(0.E0,0.E0,1.E0));
#1573=DIRECTION('',(0.E0,1.E0,0.E0));
#1574=AXIS2_PLACEMENT_3D('',#1571,#1572,#1573);
#1576=CARTESIAN_POINT('',(-1.525E1,-1.34E1,-8.6E0));
#1577=DIRECTION('',(-1.E0,0.E0,0.E0));
#1578=DIRECTION('',(0.E0,1.E0,0.E0));
#1579=AXIS2_PLACEMENT_3D('',#1576,#1577,#1578);
#1581=DIRECTION('',(0.E0,0.E0,1.E0));
#1582=VECTOR('',#1581,5.E0);
#1583=CARTESIAN_POINT('',(-1.585E1,-1.3E1,-8.E0));
#1584=LINE('',#1583,#1582);
#1585=CARTESIAN_POINT('',(-1.525E1,-1.3E1,-8.E0));
#1586=DIRECTION('',(0.E0,1.E0,0.E0));
#1587=DIRECTION('',(0.E0,0.E0,-1.E0));
#1588=AXIS2_PLACEMENT_3D('',#1585,#1586,#1587);
#1590=DIRECTION('',(-1.E0,0.E0,0.E0));
#1591=VECTOR('',#1590,1.125E1);
#1592=CARTESIAN_POINT('',(-4.E0,-1.3E1,-8.6E0));
#1593=LINE('',#1592,#1591);
#1594=DIRECTION('',(-1.E0,0.E0,0.E0));
#1595=VECTOR('',#1594,9.15E0);
#1596=CARTESIAN_POINT('',(-4.E0,-1.3E1,-6.4E0));
#1597=LINE('',#1596,#1595);
#1598=DIRECTION('',(1.373715955803E-13,0.E0,1.E0));
#1599=VECTOR('',#1598,3.E0);
#1600=CARTESIAN_POINT('',(-1.315E1,-1.3E1,-6.4E0));
#1601=LINE('',#1600,#1599);
#1602=CARTESIAN_POINT('',(-1.235E1,-1.3E1,-3.4E0));
#1603=DIRECTION('',(0.E0,1.E0,0.E0));
#1604=DIRECTION('',(-1.E0,0.E0,0.E0));
#1605=AXIS2_PLACEMENT_3D('',#1602,#1603,#1604);
#1607=CARTESIAN_POINT('',(-4.4E0,-1.34E1,-9.E0));
#1608=CARTESIAN_POINT('',(-4.376292763126E0,-1.337629276313E1,-9.E0));
#1609=CARTESIAN_POINT('',(-4.329803844805E0,-1.332980384480E1,
-8.995831738681E0));
#1610=CARTESIAN_POINT('',(-4.263054686384E0,-1.326305468638E1,
-8.977873674339E0));
#1611=CARTESIAN_POINT('',(-4.202645619349E0,-1.320264561935E1,
-8.949936081195E0));
#1612=CARTESIAN_POINT('',(-4.150235435712E0,-1.315023543571E1,
-8.914444222177E0));
#1613=CARTESIAN_POINT('',(-4.106510287926E0,-1.310651028793E1,
-8.873826556077E0));
#1614=CARTESIAN_POINT('',(-4.071219961473E0,-1.307121996147E1,
-8.829984792461E0));
#1615=CARTESIAN_POINT('',(-4.043921009490E0,-1.304392100949E1,
-8.784638313679E0));
#1616=CARTESIAN_POINT('',(-4.023658892076E0,-1.302365889208E1,
-8.738483904268E0));
#1617=CARTESIAN_POINT('',(-4.009773966730E0,-1.300977396673E1,
-8.692079223866E0));
#1618=CARTESIAN_POINT('',(-4.001723073657E0,-1.300172307366E1,
-8.645771553752E0));
#1619=CARTESIAN_POINT('',(-4.E0,-1.3E1,-8.615132210712E0));
#1620=CARTESIAN_POINT('',(-4.E0,-1.3E1,-8.6E0));
#1622=CARTESIAN_POINT('',(-4.4E0,-2.46E1,-8.6E0));
#1623=DIRECTION('',(0.E0,-1.E0,0.E0));
#1624=DIRECTION('',(0.E0,0.E0,-1.E0));
#1625=AXIS2_PLACEMENT_3D('',#1622,#1623,#1624);
#1627=CARTESIAN_POINT('',(-4.4E0,-2.46E1,-8.6E0));
#1628=DIRECTION('',(1.E0,0.E0,0.E0));
#1629=DIRECTION('',(0.E0,-1.E0,0.E0));
#1630=AXIS2_PLACEMENT_3D('',#1627,#1628,#1629);
#1632=CARTESIAN_POINT('',(-4.4E0,-2.46E1,-8.6E0));
#1633=DIRECTION('',(0.E0,0.E0,-1.E0));
#1634=DIRECTION('',(1.E0,0.E0,0.E0));
#1635=AXIS2_PLACEMENT_3D('',#1632,#1633,#1634);
#1637=CARTESIAN_POINT('',(-1.525E1,-2.46E1,-8.6E0));
#1638=DIRECTION('',(-1.E0,0.E0,0.E0));
#1639=DIRECTION('',(0.E0,0.E0,-1.E0));
#1640=AXIS2_PLACEMENT_3D('',#1637,#1638,#1639);
#1642=CARTESIAN_POINT('',(-1.525E1,-2.46E1,-8.E0));
#1643=DIRECTION('',(0.E0,1.E0,0.E0));
#1644=DIRECTION('',(0.E0,0.E0,-1.E0));
#1645=AXIS2_PLACEMENT_3D('',#1642,#1643,#1644);
#1647=CARTESIAN_POINT('',(-1.525E1,-1.34E1,-8.E0));
#1648=DIRECTION('',(0.E0,1.E0,0.E0));
#1649=DIRECTION('',(0.E0,0.E0,-1.E0));
#1650=AXIS2_PLACEMENT_3D('',#1647,#1648,#1649);
#1652=CARTESIAN_POINT('',(-4.4E0,-2.46E1,-6.4E0));
#1653=DIRECTION('',(0.E0,0.E0,1.E0));
#1654=DIRECTION('',(0.E0,-1.E0,0.E0));
#1655=AXIS2_PLACEMENT_3D('',#1652,#1653,#1654);
#1657=CARTESIAN_POINT('',(-4.4E0,-2.46E1,-6.4E0));
#1658=DIRECTION('',(1.E0,0.E0,0.E0));
#1659=DIRECTION('',(0.E0,-1.776356839400E-14,1.E0));
#1660=AXIS2_PLACEMENT_3D('',#1657,#1658,#1659);
#1662=CARTESIAN_POINT('',(-4.4E0,-2.46E1,-6.4E0));
#1663=DIRECTION('',(0.E0,-1.E0,0.E0));
#1664=DIRECTION('',(1.E0,0.E0,0.E0));
#1665=AXIS2_PLACEMENT_3D('',#1662,#1663,#1664);
#1667=CARTESIAN_POINT('',(-1.275E1,-2.46E1,-6.E0));
#1668=CARTESIAN_POINT('',(-1.275E1,-2.461513221071E1,-6.E0));
#1669=CARTESIAN_POINT('',(-1.275172307366E1,-2.464577155375E1,
-6.001723073657E0));
#1670=CARTESIAN_POINT('',(-1.275977396673E1,-2.469207922387E1,
-6.009773966730E0));
#1671=CARTESIAN_POINT('',(-1.277365889208E1,-2.473848390427E1,
-6.023658892076E0));
#1672=CARTESIAN_POINT('',(-1.279392100949E1,-2.478463831368E1,
-6.043921009490E0));
#1673=CARTESIAN_POINT('',(-1.282121996147E1,-2.482998479246E1,
-6.071219961473E0));
#1674=CARTESIAN_POINT('',(-1.285651028793E1,-2.487382655608E1,
-6.106510287926E0));
#1675=CARTESIAN_POINT('',(-1.290023543571E1,-2.491444422218E1,
-6.150235435712E0));
#1676=CARTESIAN_POINT('',(-1.295264561935E1,-2.494993608119E1,
-6.202645619349E0));
#1677=CARTESIAN_POINT('',(-1.301305468638E1,-2.497787367434E1,
-6.263054686384E0));
#1678=CARTESIAN_POINT('',(-1.307980384480E1,-2.499583173868E1,
-6.329803844805E0));
#1679=CARTESIAN_POINT('',(-1.312629276313E1,-2.5E1,-6.376292763126E0));
#1680=CARTESIAN_POINT('',(-1.315E1,-2.5E1,-6.4E0));
#1682=CARTESIAN_POINT('',(-1.315E1,-2.46E1,-3.4E0));
#1683=DIRECTION('',(0.E0,0.E0,1.E0));
#1684=DIRECTION('',(0.E0,-1.E0,0.E0));
#1685=AXIS2_PLACEMENT_3D('',#1682,#1683,#1684);
#1687=CARTESIAN_POINT('',(-1.235E1,-2.46E1,-2.6E0));
#1688=DIRECTION('',(-1.E0,0.E0,0.E0));
#1689=DIRECTION('',(0.E0,0.E0,-1.E0));
#1690=AXIS2_PLACEMENT_3D('',#1687,#1688,#1689);
#1692=CARTESIAN_POINT('',(-1.235E1,-2.46E1,-3.4E0));
#1693=DIRECTION('',(0.E0,1.E0,0.E0));
#1694=DIRECTION('',(-1.E0,0.E0,0.E0));
#1695=AXIS2_PLACEMENT_3D('',#1692,#1693,#1694);
#1697=CARTESIAN_POINT('',(-1.315E1,-1.34E1,-3.4E0));
#1698=DIRECTION('',(0.E0,0.E0,1.E0));
#1699=DIRECTION('',(1.E0,0.E0,0.E0));
#1700=AXIS2_PLACEMENT_3D('',#1697,#1698,#1699);
#1702=CARTESIAN_POINT('',(-1.235E1,-1.34E1,-3.4E0));
#1703=DIRECTION('',(0.E0,-1.E0,0.E0));
#1704=DIRECTION('',(0.E0,0.E0,1.E0));
#1705=AXIS2_PLACEMENT_3D('',#1702,#1703,#1704);
#1707=CARTESIAN_POINT('',(-1.275E1,-1.34E1,-6.E0));
#1708=CARTESIAN_POINT('',(-1.275E1,-1.338486778929E1,-6.E0));
#1709=CARTESIAN_POINT('',(-1.275172307366E1,-1.335422844625E1,
-6.001723073657E0));
#1710=CARTESIAN_POINT('',(-1.275977396673E1,-1.330792077613E1,
-6.009773966730E0));
#1711=CARTESIAN_POINT('',(-1.277365889208E1,-1.326151609573E1,
-6.023658892076E0));
#1712=CARTESIAN_POINT('',(-1.279392100949E1,-1.321536168632E1,
-6.043921009490E0));
#1713=CARTESIAN_POINT('',(-1.282121996147E1,-1.317001520754E1,
-6.071219961473E0));
#1714=CARTESIAN_POINT('',(-1.285651028793E1,-1.312617344392E1,
-6.106510287926E0));
#1715=CARTESIAN_POINT('',(-1.290023543571E1,-1.308555577782E1,
-6.150235435712E0));
#1716=CARTESIAN_POINT('',(-1.295264561935E1,-1.305006391881E1,
-6.202645619349E0));
#1717=CARTESIAN_POINT('',(-1.301305468638E1,-1.302212632566E1,
-6.263054686384E0));
#1718=CARTESIAN_POINT('',(-1.307980384480E1,-1.300416826132E1,
-6.329803844805E0));
#1719=CARTESIAN_POINT('',(-1.312629276313E1,-1.3E1,-6.376292763126E0));
#1720=CARTESIAN_POINT('',(-1.315E1,-1.3E1,-6.4E0));
#1722=DIRECTION('',(0.E0,-1.E0,0.E0));
#1723=VECTOR('',#1722,1.12E1);
#1724=CARTESIAN_POINT('',(-1.275E1,-1.34E1,-6.E0));
#1725=LINE('',#1724,#1723);
#1726=DIRECTION('',(0.E0,0.E0,1.E0));
#1727=VECTOR('',#1726,2.6E0);
#1728=CARTESIAN_POINT('',(-1.275E1,-2.46E1,-6.E0));
#1729=LINE('',#1728,#1727);
#1730=DIRECTION('',(0.E0,-1.E0,0.E0));
#1731=VECTOR('',#1730,1.12E1);
#1732=CARTESIAN_POINT('',(-1.275E1,-1.34E1,-3.4E0));
#1733=LINE('',#1732,#1731);
#1734=DIRECTION('',(0.E0,0.E0,1.E0));
#1735=VECTOR('',#1734,2.6E0);
#1736=CARTESIAN_POINT('',(-1.275E1,-1.34E1,-6.E0));
#1737=LINE('',#1736,#1735);
#1738=CARTESIAN_POINT('',(-4.E0,-1.3E1,-6.4E0));
#1739=CARTESIAN_POINT('',(-4.E0,-1.3E1,-6.384867789288E0));
#1740=CARTESIAN_POINT('',(-4.001723073657E0,-1.300172307366E1,
-6.354228446248E0));
#1741=CARTESIAN_POINT('',(-4.009773966730E0,-1.300977396673E1,
-6.307920776134E0));
#1742=CARTESIAN_POINT('',(-4.023658892076E0,-1.302365889208E1,
-6.261516095732E0));
#1743=CARTESIAN_POINT('',(-4.043921009490E0,-1.304392100949E1,
-6.215361686321E0));
#1744=CARTESIAN_POINT('',(-4.071219961473E0,-1.307121996147E1,
-6.170015207539E0));
#1745=CARTESIAN_POINT('',(-4.106510287926E0,-1.310651028793E1,
-6.126173443923E0));
#1746=CARTESIAN_POINT('',(-4.150235435712E0,-1.315023543571E1,
-6.085555777823E0));
#1747=CARTESIAN_POINT('',(-4.202645619349E0,-1.320264561935E1,
-6.050063918805E0));
#1748=CARTESIAN_POINT('',(-4.263054686384E0,-1.326305468638E1,
-6.022126325661E0));
#1749=CARTESIAN_POINT('',(-4.329803844805E0,-1.332980384480E1,
-6.004168261319E0));
#1750=CARTESIAN_POINT('',(-4.376292763126E0,-1.337629276313E1,-6.E0));
#1751=CARTESIAN_POINT('',(-4.4E0,-1.34E1,-6.E0));
#1753=DIRECTION('',(0.E0,-1.E0,0.E0));
#1754=VECTOR('',#1753,1.16E1);
#1755=CARTESIAN_POINT('',(-4.E0,-1.3E1,-8.6E0));
#1756=LINE('',#1755,#1754);
#1757=DIRECTION('',(0.E0,0.E0,1.E0));
#1758=VECTOR('',#1757,2.2E0);
#1759=CARTESIAN_POINT('',(-4.E0,-2.46E1,-8.6E0));
#1760=LINE('',#1759,#1758);
#1761=DIRECTION('',(0.E0,1.E0,0.E0));
#1762=VECTOR('',#1761,1.16E1);
#1763=CARTESIAN_POINT('',(-4.E0,-2.46E1,-6.4E0));
#1764=LINE('',#1763,#1762);
#1765=DIRECTION('',(0.E0,0.E0,-1.E0));
#1766=VECTOR('',#1765,2.2E0);
#1767=CARTESIAN_POINT('',(-4.E0,-1.3E1,-6.4E0));
#1768=LINE('',#1767,#1766);
#1769=CARTESIAN_POINT('',(1.585E1,-6.6E0,-3.4E0));
#1770=DIRECTION('',(0.E0,0.E0,1.E0));
#1771=DIRECTION('',(0.E0,-1.E0,0.E0));
#1772=AXIS2_PLACEMENT_3D('',#1769,#1770,#1771);
#1774=CARTESIAN_POINT('',(1.585E1,-7.4E0,-3.4E0));
#1775=DIRECTION('',(-1.E0,0.E0,0.E0));
#1776=DIRECTION('',(0.E0,0.E0,1.E0));
#1777=AXIS2_PLACEMENT_3D('',#1774,#1775,#1776);
#1779=DIRECTION('',(-1.E0,0.E0,0.E0));
#1780=VECTOR('',#1779,3.17E1);
#1781=CARTESIAN_POINT('',(1.585E1,-7.E0,-3.4E0));
#1782=LINE('',#1781,#1780);
#1783=DIRECTION('',(0.E0,0.E0,1.E0));
#1784=VECTOR('',#1783,4.2E0);
#1785=CARTESIAN_POINT('',(1.585E1,-7.E0,-7.6E0));
#1786=LINE('',#1785,#1784);
#1787=DIRECTION('',(-1.E0,0.E0,0.E0));
#1788=VECTOR('',#1787,3.17E1);
#1789=CARTESIAN_POINT('',(1.585E1,-7.E0,-7.6E0));
#1790=LINE('',#1789,#1788);
#1791=DIRECTION('',(0.E0,0.E0,1.E0));
#1792=VECTOR('',#1791,4.2E0);
#1793=CARTESIAN_POINT('',(-1.585E1,-7.E0,-7.6E0));
#1794=LINE('',#1793,#1792);
#1795=CARTESIAN_POINT('',(1.585E1,-6.6E0,-7.6E0));
#1796=DIRECTION('',(1.E0,0.E0,0.E0));
#1797=DIRECTION('',(0.E0,-1.E0,0.E0));
#1798=AXIS2_PLACEMENT_3D('',#1795,#1796,#1797);
#1800=CARTESIAN_POINT('',(1.585E1,-6.6E0,-7.6E0));
#1801=DIRECTION('',(0.E0,0.E0,-1.E0));
#1802=DIRECTION('',(1.E0,0.E0,0.E0));
#1803=AXIS2_PLACEMENT_3D('',#1800,#1801,#1802);
#1805=CARTESIAN_POINT('',(1.585E1,-6.6E0,-7.6E0));
#1806=DIRECTION('',(0.E0,-1.E0,0.E0));
#1807=DIRECTION('',(0.E0,0.E0,-1.E0));
#1808=AXIS2_PLACEMENT_3D('',#1805,#1806,#1807);
#1810=CARTESIAN_POINT('',(1.585E1,6.6E0,-7.6E0));
#1811=DIRECTION('',(0.E0,0.E0,-1.E0));
#1812=DIRECTION('',(0.E0,1.E0,0.E0));
#1813=AXIS2_PLACEMENT_3D('',#1810,#1811,#1812);
#1815=CARTESIAN_POINT('',(1.585E1,6.6E0,-7.6E0));
#1816=DIRECTION('',(1.E0,0.E0,0.E0));
#1817=DIRECTION('',(0.E0,0.E0,-1.E0));
#1818=AXIS2_PLACEMENT_3D('',#1815,#1816,#1817);
#1820=CARTESIAN_POINT('',(1.585E1,6.6E0,-7.6E0));
#1821=DIRECTION('',(0.E0,1.E0,0.E0));
#1822=DIRECTION('',(1.E0,0.E0,0.E0));
#1823=AXIS2_PLACEMENT_3D('',#1820,#1821,#1822);
#1825=CARTESIAN_POINT('',(1.585E1,6.6E0,-3.4E0));
#1826=DIRECTION('',(0.E0,0.E0,1.E0));
#1827=DIRECTION('',(1.E0,0.E0,0.E0));
#1828=AXIS2_PLACEMENT_3D('',#1825,#1826,#1827);
#1830=DIRECTION('',(-1.E0,0.E0,0.E0));
#1831=VECTOR('',#1830,3.17E1);
#1832=CARTESIAN_POINT('',(1.585E1,-6.6E0,-8.E0));
#1833=LINE('',#1832,#1831);
#1834=DIRECTION('',(0.E0,-1.E0,0.E0));
#1835=VECTOR('',#1834,1.32E1);
#1836=CARTESIAN_POINT('',(1.585E1,6.6E0,-8.E0));
#1837=LINE('',#1836,#1835);
#1838=DIRECTION('',(1.E0,0.E0,0.E0));
#1839=VECTOR('',#1838,3.17E1);
#1840=CARTESIAN_POINT('',(-1.585E1,6.6E0,-8.E0));
#1841=LINE('',#1840,#1839);
#1842=DIRECTION('',(0.E0,1.E0,0.E0));
#1843=VECTOR('',#1842,1.32E1);
#1844=CARTESIAN_POINT('',(-1.585E1,-6.6E0,-8.E0));
#1845=LINE('',#1844,#1843);
#1846=CARTESIAN_POINT('',(1.585E1,-7.4E0,-2.6E0));
#1847=DIRECTION('',(0.E0,1.E0,0.E0));
#1848=DIRECTION('',(1.E0,0.E0,0.E0));
#1849=AXIS2_PLACEMENT_3D('',#1846,#1847,#1848);
#1851=CARTESIAN_POINT('',(-1.585E1,7.4E0,-2.6E0));
#1852=DIRECTION('',(0.E0,-1.E0,0.E0));
#1853=DIRECTION('',(-1.E0,0.E0,0.E0));
#1854=AXIS2_PLACEMENT_3D('',#1851,#1852,#1853);
#1856=CARTESIAN_POINT('',(1.525E1,1.34E1,-8.E0));
#1857=DIRECTION('',(0.E0,-1.E0,0.E0));
#1858=DIRECTION('',(0.E0,0.E0,-1.E0));
#1859=AXIS2_PLACEMENT_3D('',#1856,#1857,#1858);
#1861=CARTESIAN_POINT('',(1.525E1,2.46E1,-8.E0));
#1862=DIRECTION('',(0.E0,-1.E0,0.E0));
#1863=DIRECTION('',(0.E0,0.E0,-1.E0));
#1864=AXIS2_PLACEMENT_3D('',#1861,#1862,#1863);
#1866=CARTESIAN_POINT('',(1.525E1,2.46E1,-8.6E0));
#1867=DIRECTION('',(1.E0,0.E0,0.E0));
#1868=DIRECTION('',(0.E0,-1.776356839400E-14,-1.E0));
#1869=AXIS2_PLACEMENT_3D('',#1866,#1867,#1868);
#1871=CARTESIAN_POINT('',(1.585E1,2.46E1,-8.E0));
#1872=DIRECTION('',(0.E0,0.E0,1.E0));
#1873=DIRECTION('',(1.E0,0.E0,0.E0));
#1874=AXIS2_PLACEMENT_3D('',#1871,#1872,#1873);
#1876=CARTESIAN_POINT('',(1.585E1,2.46E1,-4.E-1));
#1877=DIRECTION('',(1.E0,0.E0,0.E0));
#1878=DIRECTION('',(0.E0,1.E0,0.E0));
#1879=AXIS2_PLACEMENT_3D('',#1876,#1877,#1878);
#1881=CARTESIAN_POINT('',(1.585E1,2.46E1,-4.E-1));
#1882=DIRECTION('',(0.E0,0.E0,1.E0));
#1883=DIRECTION('',(1.E0,0.E0,0.E0));
#1884=AXIS2_PLACEMENT_3D('',#1881,#1882,#1883);
#1886=CARTESIAN_POINT('',(1.585E1,2.46E1,-4.E-1));
#1887=DIRECTION('',(0.E0,1.E0,0.E0));
#1888=DIRECTION('',(0.E0,0.E0,1.E0));
#1889=AXIS2_PLACEMENT_3D('',#1886,#1887,#1888);
#1891=CARTESIAN_POINT('',(-1.585E1,2.46E1,-4.E-1));
#1892=DIRECTION('',(0.E0,0.E0,1.E0));
#1893=DIRECTION('',(0.E0,1.E0,0.E0));
#1894=AXIS2_PLACEMENT_3D('',#1891,#1892,#1893);
#1896=CARTESIAN_POINT('',(-1.585E1,2.46E1,-4.E-1));
#1897=DIRECTION('',(-1.E0,0.E0,0.E0));
#1898=DIRECTION('',(0.E0,0.E0,1.E0));
#1899=AXIS2_PLACEMENT_3D('',#1896,#1897,#1898);
#1901=CARTESIAN_POINT('',(-1.585E1,2.46E1,-4.E-1));
#1902=DIRECTION('',(0.E0,1.E0,0.E0));
#1903=DIRECTION('',(-1.E0,0.E0,0.E0));
#1904=AXIS2_PLACEMENT_3D('',#1901,#1902,#1903);
#1906=CARTESIAN_POINT('',(1.625E1,1.23E1,-4.E-1));
#1907=CARTESIAN_POINT('',(1.625E1,1.231379791708E1,-3.804867985289E-1));
#1908=CARTESIAN_POINT('',(1.624715550619E1,1.234071253442E1,
-3.424176913524E-1));
#1909=CARTESIAN_POINT('',(1.623542199591E1,1.237821980414E1,
-2.885214358341E-1));
#1910=CARTESIAN_POINT('',(1.621719400074E1,1.241189838799E1,
-2.385220604441E-1));
#1911=CARTESIAN_POINT('',(1.619368839219E1,1.244068701940E1,
-1.933906273630E-1));
#1912=CARTESIAN_POINT('',(1.616677727206E1,1.246356093502E1,
-1.543628261548E-1));
#1913=CARTESIAN_POINT('',(1.613825115622E1,1.248043122644E1,
-1.216382979081E-1));
#1914=CARTESIAN_POINT('',(1.610904885185E1,1.249190403996E1,
-9.440856578705E-2));
#1915=CARTESIAN_POINT('',(1.607950417092E1,1.249856452607E1,
-7.172850111187E-2));
#1916=CARTESIAN_POINT('',(1.605976682670E1,1.25E1,-5.922871851072E-2));
#1917=CARTESIAN_POINT('',(1.605E1,1.25E1,-5.358983848622E-2));
#1919=CARTESIAN_POINT('',(1.585E1,1.25E1,-4.E-1));
#1920=DIRECTION('',(0.E0,-1.E0,0.E0));
#1921=DIRECTION('',(5.E-1,0.E0,8.660254037844E-1));
#1922=AXIS2_PLACEMENT_3D('',#1919,#1920,#1921);
#1924=DIRECTION('',(-1.374158037831E-8,-1.926895554605E-14,1.E0));
#1925=VECTOR('',#1924,5.899999999995E0);
#1926=CARTESIAN_POINT('',(1.625E1,1.23E1,-4.E-1));
#1927=LINE('',#1926,#1925);
#1928=CARTESIAN_POINT('',(1.605E1,1.23E1,5.499999997291E0));
#1929=DIRECTION('',(0.E0,0.E0,1.E0));
#1930=DIRECTION('',(1.E0,0.E0,0.E0));
#1931=AXIS2_PLACEMENT_3D('',#1928,#1929,#1930);
#1933=DIRECTION('',(-1.E0,0.E0,0.E0));
#1934=VECTOR('',#1933,9.786796564404E-1);
#1935=CARTESIAN_POINT('',(1.585E1,1.25E1,0.E0));
#1936=LINE('',#1935,#1934);
#1937=DIRECTION('',(-2.878716653478E-14,-2.078387172430E-8,1.E0));
#1938=VECTOR('',#1937,5.553589838475E0);
#1939=CARTESIAN_POINT('',(1.605E1,1.25E1,-5.358983848622E-2));
#1940=LINE('',#1939,#1938);
#1941=DIRECTION('',(-1.E0,9.792745482758E-8,9.869824152533E-12));
#1942=VECTOR('',#1941,1.178679656440E0);
#1943=CARTESIAN_POINT('',(1.605E1,1.249999988457E1,5.499999999988E0));
#1944=LINE('',#1943,#1942);
#1945=DIRECTION('',(0.E0,0.E0,1.E0));
#1946=VECTOR('',#1945,5.5E0);
#1947=CARTESIAN_POINT('',(1.487132034356E1,1.25E1,0.E0));
#1948=LINE('',#1947,#1946);
#1949=CARTESIAN_POINT('',(1.475E1,1.1E1,7.E0));
#1950=CARTESIAN_POINT('',(1.481134958821E1,1.105317322609E1,6.999997014644E0));
#1951=CARTESIAN_POINT('',(1.493356314627E1,1.115908610550E1,6.992584989419E0));
#1952=CARTESIAN_POINT('',(1.511696513854E1,1.131803723133E1,6.958301874881E0));
#1953=CARTESIAN_POINT('',(1.528940068417E1,1.146748019908E1,6.903485173946E0));
#1954=CARTESIAN_POINT('',(1.545172753920E1,1.160816393951E1,6.829603529985E0));
#1955=CARTESIAN_POINT('',(1.559906259221E1,1.173585412178E1,6.740439668777E0));
#1956=CARTESIAN_POINT('',(1.573175715903E1,1.185085614756E1,6.638058475450E0));
#1957=CARTESIAN_POINT('',(1.584784492332E1,1.195146553643E1,6.526188070939E0));
#1958=CARTESIAN_POINT('',(1.594789478134E1,1.203817544312E1,6.407111457325E0));
#1959=CARTESIAN_POINT('',(1.603245021164E1,1.211145684788E1,6.282665024210E0));
#1960=CARTESIAN_POINT('',(1.610163256696E1,1.217141492045E1,6.155619381537E0));
#1961=CARTESIAN_POINT('',(1.615696570881E1,1.221937030395E1,6.026225572370E0));
#1962=CARTESIAN_POINT('',(1.619915887955E1,1.225593779389E1,5.895074469028E0));
#1963=CARTESIAN_POINT('',(1.622839001305E1,1.228127115901E1,5.764769048854E0));
#1964=CARTESIAN_POINT('',(1.624586062290E1,1.229641291999E1,5.635052995966E0));
#1965=CARTESIAN_POINT('',(1.624999918316E1,1.229999882254E1,5.545218449878E0));
#1966=CARTESIAN_POINT('',(1.624999991892E1,1.23E1,5.499999999995E0));
#1968=CARTESIAN_POINT('',(1.605E1,1.249999988457E1,5.499999999988E0));
#1969=CARTESIAN_POINT('',(1.604999887618E1,1.249999874518E1,5.545218449024E0));
#1970=CARTESIAN_POINT('',(1.604641291757E1,1.249586082656E1,5.635052994066E0));
#1971=CARTESIAN_POINT('',(1.603127121238E1,1.247838995716E1,5.764769057146E0));
#1972=CARTESIAN_POINT('',(1.600593778499E1,1.244915889391E1,5.895074468513E0));
#1973=CARTESIAN_POINT('',(1.596937026306E1,1.240696570850E1,6.026225561496E0));
#1974=CARTESIAN_POINT('',(1.592141484283E1,1.235163257996E1,6.155619355698E0));
#1975=CARTESIAN_POINT('',(1.586145675835E1,1.228245023213E1,6.282664989752E0));
#1976=CARTESIAN_POINT('',(1.578817536469E1,1.219789480657E1,6.407111424360E0));
#1977=CARTESIAN_POINT('',(1.570146548157E1,1.209784494616E1,6.526188047027E0));
#1978=CARTESIAN_POINT('',(1.560085611520E1,1.198175717585E1,6.638058461536E0));
#1979=CARTESIAN_POINT('',(1.548585410953E1,1.184906260021E1,6.740439663828E0));
#1980=CARTESIAN_POINT('',(1.535816393775E1,1.170172754067E1,6.829603529290E0));
#1981=CARTESIAN_POINT('',(1.521748019667E1,1.153940068625E1,6.903485173253E0));
#1982=CARTESIAN_POINT('',(1.506803723467E1,1.136696513599E1,6.958301875569E0));
#1983=CARTESIAN_POINT('',(1.490908610457E1,1.118356314697E1,6.992584989228E0));
#1984=CARTESIAN_POINT('',(1.480317322607E1,1.106134958818E1,6.999997014644E0));
#1985=CARTESIAN_POINT('',(1.475E1,1.1E1,7.E0));
#1987=CARTESIAN_POINT('',(1.475E1,-1.1E1,7.E0));
#1988=CARTESIAN_POINT('',(1.480408053504E1,-1.106239633550E1,6.999996856689E0));
#1989=CARTESIAN_POINT('',(1.491119276472E1,-1.118599397092E1,6.992246918696E0));
#1990=CARTESIAN_POINT('',(1.506803496174E1,-1.136696250941E1,6.958237180162E0));
#1991=CARTESIAN_POINT('',(1.521776008598E1,-1.153972363340E1,6.903393078206E0));
#1992=CARTESIAN_POINT('',(1.535849534909E1,-1.170210994084E1,6.829394536868E0));
#1993=CARTESIAN_POINT('',(1.548611831148E1,-1.184936742871E1,6.740230628893E0));
#1994=CARTESIAN_POINT('',(1.560108762762E1,-1.198202425293E1,6.637825495739E0));
#1995=CARTESIAN_POINT('',(1.570162385491E1,-1.209802759731E1,6.525988441624E0));
#1996=CARTESIAN_POINT('',(1.578828393076E1,-1.219801995532E1,6.406942877097E0));
#1997=CARTESIAN_POINT('',(1.586151514575E1,-1.228251747383E1,6.282548738125E0));
#1998=CARTESIAN_POINT('',(1.592142704450E1,-1.235164654974E1,6.155585134824E0));
#1999=CARTESIAN_POINT('',(1.596937208374E1,-1.240696776316E1,6.026220909771E0));
#2000=CARTESIAN_POINT('',(1.600594591292E1,-1.244916824109E1,5.895043062915E0));
#2001=CARTESIAN_POINT('',(1.603127153535E1,-1.247839047697E1,5.764753009636E0));
#2002=CARTESIAN_POINT('',(1.604640595556E1,-1.249585257297E1,5.635130903628E0));
#2003=CARTESIAN_POINT('',(1.604999877189E1,-1.249999914010E1,5.545253437439E0));
#2004=CARTESIAN_POINT('',(1.605E1,-1.249999990753E1,5.499999999994E0));
#2006=CARTESIAN_POINT('',(1.624999986692E1,-1.23E1,5.499999999986E0));
#2007=CARTESIAN_POINT('',(1.624999867E1,-1.229999882899E1,5.545253436475E0));
#2008=CARTESIAN_POINT('',(1.624585279157E1,-1.229640595441E1,5.635130901554E0));
#2009=CARTESIAN_POINT('',(1.622839041699E1,-1.228127159306E1,5.764753018596E0));
#2010=CARTESIAN_POINT('',(1.619916825629E1,-1.225594590772E1,5.895043063221E0));
#2011=CARTESIAN_POINT('',(1.615696776245E1,-1.221937204340E1,6.026220899133E0));
#2012=CARTESIAN_POINT('',(1.610164656317E1,-1.217142696438E1,6.155585108171E0));
#2013=CARTESIAN_POINT('',(1.603251749547E1,-1.211151505090E1,6.282548701642E0));
#2014=CARTESIAN_POINT('',(1.594801998259E1,-1.203828384581E1,6.406942841405E0));
#2015=CARTESIAN_POINT('',(1.584802762241E1,-1.195162379449E1,6.525988415286E0));
#2016=CARTESIAN_POINT('',(1.573202427201E1,-1.185108759080E1,6.637825479913E0));
#2017=CARTESIAN_POINT('',(1.559936743802E1,-1.173611829714E1,6.740230623095E0));
#2018=CARTESIAN_POINT('',(1.545210994330E1,-1.160849534592E1,6.829394535677E0));
#2019=CARTESIAN_POINT('',(1.528972363570E1,-1.146776008334E1,6.903393077464E0));
#2020=CARTESIAN_POINT('',(1.511696250664E1,-1.131803496536E1,6.958237180902E0));
#2021=CARTESIAN_POINT('',(1.493599397168E1,-1.116119276371E1,6.992246918490E0));
#2022=CARTESIAN_POINT('',(1.481239633548E1,-1.105408053502E1,6.999996856689E0));
#2023=CARTESIAN_POINT('',(1.475E1,-1.1E1,7.E0));
#2025=DIRECTION('',(2.255638990096E-8,-3.582821421850E-14,-1.E0));
#2026=VECTOR('',#2025,5.899999999986E0);
#2027=CARTESIAN_POINT('',(1.624999986692E1,-1.23E1,5.499999999986E0));
#2028=LINE('',#2027,#2026);
#2029=DIRECTION('',(-2.558859247533E-14,1.665028281924E-8,1.E0));
#2030=VECTOR('',#2029,5.553589838480E0);
#2031=CARTESIAN_POINT('',(1.605E1,-1.25E1,-5.358983848622E-2));
#2032=LINE('',#2031,#2030);
#2033=CARTESIAN_POINT('',(1.605E1,-1.23E1,5.499999997060E0));
#2034=DIRECTION('',(0.E0,0.E0,1.E0));
#2035=DIRECTION('',(1.776356839400E-14,-1.E0,0.E0));
#2036=AXIS2_PLACEMENT_3D('',#2033,#2034,#2035);
#2038=CARTESIAN_POINT('',(1.585E1,-1.25E1,-4.E-1));
#2039=DIRECTION('',(0.E0,1.E0,0.E0));
#2040=DIRECTION('',(0.E0,0.E0,1.E0));
#2041=AXIS2_PLACEMENT_3D('',#2038,#2039,#2040);
#2043=CARTESIAN_POINT('',(1.605E1,-1.25E1,-5.358983848622E-2));
#2044=CARTESIAN_POINT('',(1.605973686018E1,-1.25E1,-5.921141732972E-2));
#2045=CARTESIAN_POINT('',(1.607943830508E1,-1.249857490230E1,
-7.168206030432E-2));
#2046=CARTESIAN_POINT('',(1.610903399040E1,-1.249191097675E1,
-9.439370920398E-2));
#2047=CARTESIAN_POINT('',(1.613824547818E1,-1.248043353038E1,
-1.216328819057E-1));
#2048=CARTESIAN_POINT('',(1.616676421629E1,-1.246356963674E1,
-1.543467677378E-1));
#2049=CARTESIAN_POINT('',(1.619367420716E1,-1.244070156922E1,
-1.933669984571E-1));
#2050=CARTESIAN_POINT('',(1.621718569441E1,-1.241191149358E1,
-2.385022959113E-1));
#2051=CARTESIAN_POINT('',(1.623541839129E1,-1.237822920541E1,
-2.885078188312E-1));
#2052=CARTESIAN_POINT('',(1.624715484531E1,-1.234071738584E1,
-3.424108310418E-1));
#2053=CARTESIAN_POINT('',(1.625E1,-1.231379953791E1,-3.804845063281E-1));
#2054=CARTESIAN_POINT('',(1.625E1,-1.23E1,-4.E-1));
#2056=CARTESIAN_POINT('',(1.585E1,-2.46E1,-4.E-1));
#2057=DIRECTION('',(0.E0,0.E0,1.E0));
#2058=DIRECTION('',(0.E0,-1.E0,0.E0));
#2059=AXIS2_PLACEMENT_3D('',#2056,#2057,#2058);
#2061=CARTESIAN_POINT('',(1.585E1,-2.46E1,-4.E-1));
#2062=DIRECTION('',(1.E0,0.E0,0.E0));
#2063=DIRECTION('',(0.E0,0.E0,1.E0));
#2064=AXIS2_PLACEMENT_3D('',#2061,#2062,#2063);
#2066=CARTESIAN_POINT('',(1.585E1,-2.46E1,-4.E-1));
#2067=DIRECTION('',(0.E0,-1.E0,0.E0));
#2068=DIRECTION('',(1.E0,0.E0,0.E0));
#2069=AXIS2_PLACEMENT_3D('',#2066,#2067,#2068);
#2071=CARTESIAN_POINT('',(-1.585E1,-2.46E1,-4.E-1));
#2072=DIRECTION('',(-1.E0,0.E0,0.E0));
#2073=DIRECTION('',(0.E0,-1.E0,0.E0));
#2074=AXIS2_PLACEMENT_3D('',#2071,#2072,#2073);
#2076=CARTESIAN_POINT('',(-1.585E1,-2.46E1,-4.E-1));
#2077=DIRECTION('',(0.E0,0.E0,1.E0));
#2078=DIRECTION('',(-1.E0,0.E0,0.E0));
#2079=AXIS2_PLACEMENT_3D('',#2076,#2077,#2078);
#2081=CARTESIAN_POINT('',(-1.585E1,-2.46E1,-4.E-1));
#2082=DIRECTION('',(0.E0,-1.E0,0.E0));
#2083=DIRECTION('',(0.E0,0.E0,1.E0));
#2084=AXIS2_PLACEMENT_3D('',#2081,#2082,#2083);
#2086=CARTESIAN_POINT('',(-1.625E1,-1.23E1,-4.E-1));
#2087=CARTESIAN_POINT('',(-1.625E1,-1.231379791708E1,-3.804867985289E-1));
#2088=CARTESIAN_POINT('',(-1.624715550619E1,-1.234071253442E1,
-3.424176913524E-1));
#2089=CARTESIAN_POINT('',(-1.623542199591E1,-1.237821980414E1,
-2.885214358341E-1));
#2090=CARTESIAN_POINT('',(-1.621719400074E1,-1.241189838799E1,
-2.385220604441E-1));
#2091=CARTESIAN_POINT('',(-1.619368839219E1,-1.244068701940E1,
-1.933906273630E-1));
#2092=CARTESIAN_POINT('',(-1.616677727206E1,-1.246356093502E1,
-1.543628261548E-1));
#2093=CARTESIAN_POINT('',(-1.613825115622E1,-1.248043122644E1,
-1.216382979081E-1));
#2094=CARTESIAN_POINT('',(-1.610904885185E1,-1.249190403996E1,
-9.440856578705E-2));
#2095=CARTESIAN_POINT('',(-1.607950417092E1,-1.249856452607E1,
-7.172850111187E-2));
#2096=CARTESIAN_POINT('',(-1.605976682670E1,-1.25E1,-5.922871851073E-2));
#2097=CARTESIAN_POINT('',(-1.605E1,-1.25E1,-5.358983848622E-2));
#2099=CARTESIAN_POINT('',(-1.585E1,-1.25E1,-4.E-1));
#2100=DIRECTION('',(0.E0,1.E0,0.E0));
#2101=DIRECTION('',(-5.E-1,0.E0,8.660254037844E-1));
#2102=AXIS2_PLACEMENT_3D('',#2099,#2100,#2101);
#2104=DIRECTION('',(1.374158037831E-8,1.926895554605E-14,1.E0));
#2105=VECTOR('',#2104,5.899999999995E0);
#2106=CARTESIAN_POINT('',(-1.625E1,-1.23E1,-4.E-1));
#2107=LINE('',#2106,#2105);
#2108=CARTESIAN_POINT('',(-1.605E1,-1.23E1,5.499999997291E0));
#2109=DIRECTION('',(0.E0,0.E0,1.E0));
#2110=DIRECTION('',(-1.E0,0.E0,0.E0));
#2111=AXIS2_PLACEMENT_3D('',#2108,#2109,#2110);
#2113=CARTESIAN_POINT('',(-1.475E1,-1.1E1,7.E0));
#2114=CARTESIAN_POINT('',(-1.481134958817E1,-1.105317322606E1,
6.999997014644E0));
#2115=CARTESIAN_POINT('',(-1.493356314618E1,-1.115908610542E1,
6.992584989428E0));
#2116=CARTESIAN_POINT('',(-1.511696513839E1,-1.131803723120E1,
6.958301874917E0));
#2117=CARTESIAN_POINT('',(-1.528940068394E1,-1.146748019889E1,
6.903485174029E0));
#2118=CARTESIAN_POINT('',(-1.545172753892E1,-1.160816393927E1,
6.829603530130E0));
#2119=CARTESIAN_POINT('',(-1.559906259196E1,-1.173585412156E1,
6.740439668946E0));
#2120=CARTESIAN_POINT('',(-1.573175715869E1,-1.185085614726E1,
6.638058475738E0));
#2121=CARTESIAN_POINT('',(-1.584784492283E1,-1.195146553600E1,
6.526188071461E0));
#2122=CARTESIAN_POINT('',(-1.594789478091E1,-1.203817544274E1,
6.407111457905E0));
#2123=CARTESIAN_POINT('',(-1.603245021139E1,-1.211145684766E1,
6.282665024645E0));
#2124=CARTESIAN_POINT('',(-1.610163256685E1,-1.217141492035E1,
6.155619381776E0));
#2125=CARTESIAN_POINT('',(-1.615696570876E1,-1.221937030391E1,
6.026225572499E0));
#2126=CARTESIAN_POINT('',(-1.619915887952E1,-1.225593779386E1,
5.895074469126E0));
#2127=CARTESIAN_POINT('',(-1.622839001302E1,-1.228127115898E1,
5.764769049010E0));
#2128=CARTESIAN_POINT('',(-1.624586062288E1,-1.229641291997E1,
5.635052996202E0));
#2129=CARTESIAN_POINT('',(-1.624999918316E1,-1.229999882254E1,
5.545218449977E0));
#2130=CARTESIAN_POINT('',(-1.624999991892E1,-1.23E1,5.499999999995E0));
#2132=CARTESIAN_POINT('',(-1.605E1,-1.249999988457E1,5.499999999988E0));
#2133=CARTESIAN_POINT('',(-1.604999887618E1,-1.249999874518E1,
5.545218449123E0));
#2134=CARTESIAN_POINT('',(-1.604641291756E1,-1.249586082654E1,
5.635052994302E0));
#2135=CARTESIAN_POINT('',(-1.603127121235E1,-1.247838995713E1,
5.764769057302E0));
#2136=CARTESIAN_POINT('',(-1.600593778497E1,-1.244915889388E1,
5.895074468611E0));
#2137=CARTESIAN_POINT('',(-1.596937026302E1,-1.240696570846E1,
6.026225561625E0));
#2138=CARTESIAN_POINT('',(-1.592141484273E1,-1.235163257985E1,
6.155619355937E0));
#2139=CARTESIAN_POINT('',(-1.586145675812E1,-1.228245023188E1,
6.282664990187E0));
#2140=CARTESIAN_POINT('',(-1.578817536431E1,-1.219789480614E1,
6.407111424940E0));
#2141=CARTESIAN_POINT('',(-1.570146548114E1,-1.209784494566E1,
6.526188047549E0));
#2142=CARTESIAN_POINT('',(-1.560085611490E1,-1.198175717550E1,
6.638058461824E0));
#2143=CARTESIAN_POINT('',(-1.548585410932E1,-1.184906259997E1,
6.740439663997E0));
#2144=CARTESIAN_POINT('',(-1.535816393751E1,-1.170172754039E1,
6.829603529435E0));
#2145=CARTESIAN_POINT('',(-1.521748019648E1,-1.153940068602E1,
6.903485173335E0));
#2146=CARTESIAN_POINT('',(-1.506803723454E1,-1.136696513583E1,
6.958301875605E0));
#2147=CARTESIAN_POINT('',(-1.490908610449E1,-1.118356314688E1,
6.992584989236E0));
#2148=CARTESIAN_POINT('',(-1.480317322604E1,-1.106134958815E1,
6.999997014644E0));
#2149=CARTESIAN_POINT('',(-1.475E1,-1.1E1,7.E0));
#2151=CARTESIAN_POINT('',(-1.475E1,1.1E1,7.E0));
#2152=CARTESIAN_POINT('',(-1.480408053503E1,1.106239633550E1,6.999996856689E0));
#2153=CARTESIAN_POINT('',(-1.491119276471E1,1.118599397091E1,6.992246918698E0));
#2154=CARTESIAN_POINT('',(-1.506803496174E1,1.136696250941E1,6.958237180163E0));
#2155=CARTESIAN_POINT('',(-1.521776008599E1,1.153972363341E1,6.903393078200E0));
#2156=CARTESIAN_POINT('',(-1.535849534909E1,1.170210994084E1,6.829394536868E0));
#2157=CARTESIAN_POINT('',(-1.548611831144E1,1.184936742866E1,6.740230628925E0));
#2158=CARTESIAN_POINT('',(-1.560108762759E1,1.198202425289E1,6.637825495774E0));
#2159=CARTESIAN_POINT('',(-1.570162385488E1,1.209802759728E1,6.525988441660E0));
#2160=CARTESIAN_POINT('',(-1.578828393071E1,1.219801995527E1,6.406942877164E0));
#2161=CARTESIAN_POINT('',(-1.586151514571E1,1.228251747377E1,6.282548738216E0));
#2162=CARTESIAN_POINT('',(-1.592142704446E1,1.235164654969E1,6.155585134929E0));
#2163=CARTESIAN_POINT('',(-1.596937208371E1,1.240696776312E1,6.026220909865E0));
#2164=CARTESIAN_POINT('',(-1.600594591291E1,1.244916824107E1,5.895043062984E0));
#2165=CARTESIAN_POINT('',(-1.603127153533E1,1.247839047694E1,5.764753009768E0));
#2166=CARTESIAN_POINT('',(-1.604640595554E1,1.249585257295E1,5.635130903876E0));
#2167=CARTESIAN_POINT('',(-1.604999877189E1,1.249999914010E1,5.545253437544E0));
#2168=CARTESIAN_POINT('',(-1.605E1,1.249999990753E1,5.499999999994E0));
#2170=CARTESIAN_POINT('',(-1.624999986692E1,1.23E1,5.499999999986E0));
#2171=CARTESIAN_POINT('',(-1.624999867E1,1.229999882899E1,5.545253436580E0));
#2172=CARTESIAN_POINT('',(-1.624585279155E1,1.229640595439E1,5.635130901801E0));
#2173=CARTESIAN_POINT('',(-1.622839041696E1,1.228127159303E1,5.764753018727E0));
#2174=CARTESIAN_POINT('',(-1.619916825627E1,1.225594590770E1,5.895043063291E0));
#2175=CARTESIAN_POINT('',(-1.615696776241E1,1.221937204337E1,6.026220899227E0));
#2176=CARTESIAN_POINT('',(-1.610164656312E1,1.217142696434E1,6.155585108276E0));
#2177=CARTESIAN_POINT('',(-1.603251749541E1,1.211151505085E1,6.282548701733E0));
#2178=CARTESIAN_POINT('',(-1.594801998254E1,1.203828384577E1,6.406942841472E0));
#2179=CARTESIAN_POINT('',(-1.584802762238E1,1.195162379446E1,6.525988415322E0));
#2180=CARTESIAN_POINT('',(-1.573202427197E1,1.185108759076E1,6.637825479947E0));
#2181=CARTESIAN_POINT('',(-1.559936743797E1,1.173611829710E1,6.740230623127E0));
#2182=CARTESIAN_POINT('',(-1.545210994330E1,1.160849534592E1,6.829394535676E0));
#2183=CARTESIAN_POINT('',(-1.528972363571E1,1.146776008336E1,6.903393077458E0));
#2184=CARTESIAN_POINT('',(-1.511696250664E1,1.131803496537E1,6.958237180903E0));
#2185=CARTESIAN_POINT('',(-1.493599397166E1,1.116119276370E1,6.992246918492E0));
#2186=CARTESIAN_POINT('',(-1.481239633547E1,1.105408053501E1,6.999996856689E0));
#2187=CARTESIAN_POINT('',(-1.475E1,1.1E1,7.E0));
#2189=DIRECTION('',(-2.255638990096E-8,3.733360137054E-14,-1.E0));
#2190=VECTOR('',#2189,5.899999999986E0);
#2191=CARTESIAN_POINT('',(-1.624999986692E1,1.23E1,5.499999999986E0));
#2192=LINE('',#2191,#2190);
#2193=DIRECTION('',(2.622830728722E-14,-1.665028313910E-8,1.E0));
#2194=VECTOR('',#2193,5.553589838480E0);
#2195=CARTESIAN_POINT('',(-1.605E1,1.25E1,-5.358983848622E-2));
#2196=LINE('',#2195,#2194);
#2197=CARTESIAN_POINT('',(-1.605E1,1.23E1,5.499999997060E0));
#2198=DIRECTION('',(0.E0,0.E0,1.E0));
#2199=DIRECTION('',(-1.776356839400E-14,1.E0,0.E0));
#2200=AXIS2_PLACEMENT_3D('',#2197,#2198,#2199);
#2202=DIRECTION('',(-1.E0,0.E0,0.E0));
#2203=VECTOR('',#2202,9.786796564404E-1);
#2204=CARTESIAN_POINT('',(-1.487132034356E1,1.25E1,0.E0));
#2205=LINE('',#2204,#2203);
#2206=DIRECTION('',(0.E0,0.E0,-1.E0));
#2207=VECTOR('',#2206,5.5E0);
#2208=CARTESIAN_POINT('',(-1.487132034356E1,1.25E1,5.5E0));
#2209=LINE('',#2208,#2207);
#2210=DIRECTION('',(1.E0,7.845120679524E-8,5.321476421223E-12));
#2211=VECTOR('',#2210,1.178679656440E0);
#2212=CARTESIAN_POINT('',(-1.605E1,1.249999990753E1,5.499999999994E0));
#2213=LINE('',#2212,#2211);
#2214=CARTESIAN_POINT('',(-1.487132034356E1,1.1E1,0.E0));
#2215=DIRECTION('',(0.E0,0.E0,-1.E0));
#2216=DIRECTION('',(0.E0,1.E0,0.E0));
#2217=AXIS2_PLACEMENT_3D('',#2214,#2215,#2216);
#2219=CARTESIAN_POINT('',(-1.445E1,1.23E1,0.E0));
#2220=DIRECTION('',(0.E0,0.E0,-1.E0));
#2221=DIRECTION('',(9.345845408939E-1,3.557411080016E-1,0.E0));
#2222=AXIS2_PLACEMENT_3D('',#2219,#2220,#2221);
#2224=DIRECTION('',(0.E0,0.E0,1.E0));
#2225=VECTOR('',#2224,4.8E0);
#2226=CARTESIAN_POINT('',(-1.426308309182E1,1.237114822160E1,0.E0));
#2227=LINE('',#2226,#2225);
#2228=DIRECTION('',(0.E0,1.E0,0.E0));
#2229=VECTOR('',#2228,2.46E1);
#2230=CARTESIAN_POINT('',(-1.425E1,-1.23E1,0.E0));
#2231=LINE('',#2230,#2229);
#2232=DIRECTION('',(0.E0,0.E0,-1.E0));
#2233=VECTOR('',#2232,4.8E0);
#2234=CARTESIAN_POINT('',(-1.425E1,-1.23E1,4.8E0));
#2235=LINE('',#2234,#2233);
#2236=DIRECTION('',(0.E0,1.E0,0.E0));
#2237=VECTOR('',#2236,2.46E1);
#2238=CARTESIAN_POINT('',(-1.425E1,-1.23E1,4.8E0));
#2239=LINE('',#2238,#2237);
#2240=DIRECTION('',(0.E0,0.E0,-1.E0));
#2241=VECTOR('',#2240,4.8E0);
#2242=CARTESIAN_POINT('',(-1.425E1,1.23E1,4.8E0));
#2243=LINE('',#2242,#2241);
#2244=CARTESIAN_POINT('',(-1.445E1,-1.23E1,0.E0));
#2245=DIRECTION('',(0.E0,0.E0,-1.E0));
#2246=DIRECTION('',(1.E0,0.E0,0.E0));
#2247=AXIS2_PLACEMENT_3D('',#2244,#2245,#2246);
#2249=DIRECTION('',(0.E0,0.E0,-1.E0));
#2250=VECTOR('',#2249,4.8E0);
#2251=CARTESIAN_POINT('',(-1.426308309182E1,-1.237114822160E1,4.8E0));
#2252=LINE('',#2251,#2250);
#2253=CARTESIAN_POINT('',(-1.487132034356E1,-1.1E1,0.E0));
#2254=DIRECTION('',(0.E0,0.E0,1.E0));
#2255=DIRECTION('',(0.E0,-1.E0,0.E0));
#2256=AXIS2_PLACEMENT_3D('',#2253,#2254,#2255);
#2258=CARTESIAN_POINT('',(-1.395208152785E1,-1.191923881538E1,
6.419238815705E0));
#2259=DIRECTION('',(-5.773502691216E-1,-5.773502693256E-1,-5.773502691216E-1));
#2260=DIRECTION('',(7.071067812698E-1,-7.071067811033E-1,8.330225398367E-11));
#2261=AXIS2_PLACEMENT_3D('',#2258,#2259,#2260);
#2263=CARTESIAN_POINT('',(-1.487132034356E1,-1.25E1,5.5E0));
#2264=CARTESIAN_POINT('',(-1.480690913102E1,-1.249999644839E1,
5.555827099608E0));
#2265=CARTESIAN_POINT('',(-1.468199613528E1,-1.249176355367E1,
5.664078855074E0));
#2266=CARTESIAN_POINT('',(-1.450691464426E1,-1.245841263282E1,
5.815819065331E0));
#2267=CARTESIAN_POINT('',(-1.434812976316E1,-1.240902939236E1,
5.953431552449E0));
#2268=CARTESIAN_POINT('',(-1.419548568153E1,-1.234254833174E1,
6.085723365588E0));
#2269=CARTESIAN_POINT('',(-1.405412125508E1,-1.226119152985E1,
6.208239370001E0));
#2270=CARTESIAN_POINT('',(-1.392732533950E1,-1.216922812048E1,
6.318128758262E0));
#2271=CARTESIAN_POINT('',(-1.384824058413E1,-1.209824058417E1,
6.386668787473E0));
#2272=CARTESIAN_POINT('',(-1.381065752431E1,-1.206065752430E1,
6.419241086234E0));
#2274=CARTESIAN_POINT('',(-1.395208764615E1,-1.206066690057E1,
6.560653442887E0));
#2275=CARTESIAN_POINT('',(-1.398464961664E1,-1.209823728466E1,
6.523082205795E0));
#2276=CARTESIAN_POINT('',(-1.405319248183E1,-1.216922965333E1,
6.443993867073E0));
#2277=CARTESIAN_POINT('',(-1.416308072467E1,-1.226119112259E1,
6.317199387916E0));
#2278=CARTESIAN_POINT('',(-1.428559704055E1,-1.234254844233E1,
6.175834578984E0));
#2279=CARTESIAN_POINT('',(-1.441788877211E1,-1.240902936336E1,
6.023190600981E0));
#2280=CARTESIAN_POINT('',(-1.455550128240E1,-1.245841264082E1,
5.864405692981E0));
#2281=CARTESIAN_POINT('',(-1.470724148725E1,-1.249176355139E1,
5.689324210045E0));
#2282=CARTESIAN_POINT('',(-1.481549324395E1,-1.249999644839E1,
5.564411212534E0));
#2283=CARTESIAN_POINT('',(-1.487132034356E1,-1.25E1,5.5E0));
#2285=CARTESIAN_POINT('',(-1.303284273396E1,-1.099999999250E1,
6.999999998211E0));
#2286=CARTESIAN_POINT('',(-1.308700401090E1,-1.106249328846E1,
7.000000115147E0));
#2287=CARTESIAN_POINT('',(-1.319332006329E1,-1.118516578584E1,
6.992205476308E0));
#2288=CARTESIAN_POINT('',(-1.334620982654E1,-1.136157748892E1,
6.959386435287E0));
#2289=CARTESIAN_POINT('',(-1.348921930082E1,-1.152658811076E1,
6.907683212022E0));
#2290=CARTESIAN_POINT('',(-1.361182797188E1,-1.166806002867E1,
6.845849360884E0));
#2291=CARTESIAN_POINT('',(-1.372922327682E1,-1.180351560480E1,
6.770013802684E0));
#2292=CARTESIAN_POINT('',(-1.384548396645E1,-1.193766306452E1,
6.674731429056E0));
#2293=CARTESIAN_POINT('',(-1.391743292343E1,-1.202068190943E1,
6.600638942338E0));
#2294=CARTESIAN_POINT('',(-1.395208764615E1,-1.206066690057E1,
6.560653442887E0));
#2296=CARTESIAN_POINT('',(-1.303284271220E1,-1.099999999972E1,6.8E0));
#2297=DIRECTION('',(-7.071067811865E-1,-7.071067811865E-1,0.E0));
#2298=DIRECTION('',(7.071067811865E-1,-7.071067811865E-1,-4.757250149368E-8));
#2299=AXIS2_PLACEMENT_3D('',#2296,#2297,#2298);
#2301=CARTESIAN_POINT('',(-1.197720779386E1,-9.944365081390E0,6.8E0));
#2302=DIRECTION('',(7.071067811865E-1,7.071067811865E-1,0.E0));
#2303=DIRECTION('',(0.E0,0.E0,1.E0));
#2304=AXIS2_PLACEMENT_3D('',#2301,#2302,#2303);
#2306=CARTESIAN_POINT('',(-1.145E1,-8.671572875254E0,6.8E0));
#2307=DIRECTION('',(0.E0,1.E0,0.E0));
#2308=DIRECTION('',(0.E0,0.E0,1.E0));
#2309=AXIS2_PLACEMENT_3D('',#2306,#2307,#2308);
#2311=CARTESIAN_POINT('',(-1.145E1,8.671572875254E0,6.8E0));
#2312=DIRECTION('',(0.E0,1.E0,0.E0));
#2313=DIRECTION('',(0.E0,0.E0,1.E0));
#2314=AXIS2_PLACEMENT_3D('',#2311,#2312,#2313);
#2316=CARTESIAN_POINT('',(-1.303284271208E1,1.099999999961E1,6.8E0));
#2317=DIRECTION('',(7.071067811865E-1,-7.071067811865E-1,0.E0));
#2318=DIRECTION('',(7.071067811865E-1,7.071067811865E-1,-4.413902576772E-8));
#2319=AXIS2_PLACEMENT_3D('',#2316,#2317,#2318);
#2321=CARTESIAN_POINT('',(-1.197720779386E1,9.944365081390E0,6.8E0));
#2322=DIRECTION('',(-7.071067811865E-1,7.071067811865E-1,0.E0));
#2323=DIRECTION('',(0.E0,0.E0,1.E0));
#2324=AXIS2_PLACEMENT_3D('',#2321,#2322,#2323);
#2326=CARTESIAN_POINT('',(-1.395208452591E1,1.206066340452E1,6.560656938993E0));
#2327=CARTESIAN_POINT('',(-1.392612703900E1,1.203071305856E1,6.590607486390E0));
#2328=CARTESIAN_POINT('',(-1.386910942274E1,1.196492325633E1,6.651301303521E0));
#2329=CARTESIAN_POINT('',(-1.376775684985E1,1.184797762581E1,6.740498528608E0));
#2330=CARTESIAN_POINT('',(-1.364812660735E1,1.170994298751E1,6.824968720615E0));
#2331=CARTESIAN_POINT('',(-1.350980080997E1,1.155033584321E1,6.899313735209E0));
#2332=CARTESIAN_POINT('',(-1.335749644575E1,1.137460040786E1,6.956496297266E0));
#2333=CARTESIAN_POINT('',(-1.319688421301E1,1.118927806421E1,6.991999191997E0));
#2334=CARTESIAN_POINT('',(-1.308783606297E1,1.106345341574E1,7.000000216573E0));
#2335=CARTESIAN_POINT('',(-1.303284275049E1,1.099999998673E1,7.000000006443E0));
#2337=CARTESIAN_POINT('',(-1.395207972297E1,1.191923701050E1,6.419240620585E0));
#2338=DIRECTION('',(5.773510249895E-1,-5.773510249895E-1,5.773487575870E-1));
#2339=DIRECTION('',(7.071067811865E-1,7.071067811865E-1,0.E0));
#2340=AXIS2_PLACEMENT_3D('',#2337,#2338,#2339);
#2342=DIRECTION('',(-3.656459935623E-6,3.656472350160E-6,-9.999999999866E-1));
#2343=VECTOR('',#2342,1.219242968056E0);
#2344=CARTESIAN_POINT('',(-1.381065571367E1,1.206065571365E1,6.419242968040E0));
#2345=LINE('',#2344,#2343);
#2346=DIRECTION('',(7.071067811865E-1,-7.071067811865E-1,0.E0));
#2347=VECTOR('',#2346,2.792893218812E0);
#2348=CARTESIAN_POINT('',(-1.381066017178E1,1.206066017178E1,5.2E0));
#2349=LINE('',#2348,#2347);
#2350=DIRECTION('',(-2.164934898019E-13,2.176037128265E-13,-1.E0));
#2351=VECTOR('',#2350,1.6E0);
#2352=CARTESIAN_POINT('',(-1.183578643763E1,1.008578643763E1,6.8E0));
#2353=LINE('',#2352,#2351);
#2354=DIRECTION('',(-7.071067811865E-1,7.071067811865E-1,-1.182715906495E-8));
#2355=VECTOR('',#2354,1.492893021026E0);
#2356=CARTESIAN_POINT('',(-1.183578643763E1,1.008578643763E1,6.8E0));
#2357=LINE('',#2356,#2355);
#2358=CARTESIAN_POINT('',(-1.381065571367E1,1.206065571365E1,6.419242968040E0));
#2359=CARTESIAN_POINT('',(-1.378465072421E1,1.203465072420E1,6.445247697078E0));
#2360=CARTESIAN_POINT('',(-1.372770847027E1,1.197770847027E1,6.497774102296E0));
#2361=CARTESIAN_POINT('',(-1.362631619601E1,1.187631619601E1,6.575113947106E0));
#2362=CARTESIAN_POINT('',(-1.350668630381E1,1.175668630381E1,6.648316941359E0));
#2363=CARTESIAN_POINT('',(-1.336833659308E1,1.161833659308E1,6.712753801756E0));
#2364=CARTESIAN_POINT('',(-1.321605102121E1,1.146605102121E1,6.762309037657E0));
#2365=CARTESIAN_POINT('',(-1.305531294996E1,1.130531294996E1,6.793075724222E0));
#2366=CARTESIAN_POINT('',(-1.294654398839E1,1.119654398839E1,6.800000104197E0));
#2367=CARTESIAN_POINT('',(-1.289142121638E1,1.114142121638E1,6.799999982343E0));
#2369=CARTESIAN_POINT('',(-1.391310815856E1,1.215404912897E1,5.149787929345E0));
#2370=CARTESIAN_POINT('',(-1.391186153566E1,1.215294504906E1,5.150176540516E0));
#2371=CARTESIAN_POINT('',(-1.390937923791E1,1.215078276098E1,5.151056411773E0));
#2372=CARTESIAN_POINT('',(-1.390571872196E1,1.214777277403E1,5.152914141168E0));
#2373=CARTESIAN_POINT('',(-1.390205515967E1,1.214468445958E1,5.154628212291E0));
#2374=CARTESIAN_POINT('',(-1.389840619889E1,1.214160147452E1,5.156381179665E0));
#2375=CARTESIAN_POINT('',(-1.389476708186E1,1.213850151915E1,5.158124058920E0));
#2376=CARTESIAN_POINT('',(-1.389113905615E1,1.213539068288E1,5.159869911194E0));
#2377=CARTESIAN_POINT('',(-1.388752176210E1,1.213226744649E1,5.161615177664E0));
#2378=CARTESIAN_POINT('',(-1.388391527267E1,1.212913232747E1,5.163360757462E0));
#2379=CARTESIAN_POINT('',(-1.388031954695E1,1.212598529551E1,5.165106359912E0));
#2380=CARTESIAN_POINT('',(-1.387673457674E1,1.212282646491E1,5.166852017267E0));
#2381=CARTESIAN_POINT('',(-1.387316034730E1,1.211965590896E1,5.168597679592E0));
#2382=CARTESIAN_POINT('',(-1.386959684801E1,1.211647370960E1,5.170343322837E0));
#2383=CARTESIAN_POINT('',(-1.386604406953E1,1.211327994400E1,5.172088919887E0));
#2384=CARTESIAN_POINT('',(-1.386250200471E1,1.211007468813E1,5.173834447887E0));
#2385=CARTESIAN_POINT('',(-1.385897064835E1,1.210685801569E1,5.175579886246E0));
#2386=CARTESIAN_POINT('',(-1.385544999736E1,1.210362999837E1,5.177325217016E0));
#2387=CARTESIAN_POINT('',(-1.385194005078E1,1.210039070569E1,5.179070424428E0));
#2388=CARTESIAN_POINT('',(-1.384844080982E1,1.209714020497E1,5.180815494909E0));
#2389=CARTESIAN_POINT('',(-1.384495227791E1,1.209387856135E1,5.182560416895E0));
#2390=CARTESIAN_POINT('',(-1.384147446071E1,1.209060583767E1,5.184305180643E0));
#2391=CARTESIAN_POINT('',(-1.383800736618E1,1.208732209449E1,5.186049778089E0));
#2392=CARTESIAN_POINT('',(-1.383455100459E1,1.208402739004E1,5.187794202686E0));
#2393=CARTESIAN_POINT('',(-1.383110538856E1,1.208072178021E1,5.189538449264E0));
#2394=CARTESIAN_POINT('',(-1.382767053304E1,1.207740531848E1,5.191282513785E0));
#2395=CARTESIAN_POINT('',(-1.382424645545E1,1.207407805602E1,5.193026393573E0));
#2396=CARTESIAN_POINT('',(-1.382083317528E1,1.207074004126E1,5.194770085587E0));
#2397=CARTESIAN_POINT('',(-1.381743071567E1,1.206739132143E1,5.196513592236E0));
#2398=CARTESIAN_POINT('',(-1.381403909761E1,1.206403193674E1,5.198256898861E0));
#2399=CARTESIAN_POINT('',(-1.381178527357E1,1.206178527357E1,5.199419004318E0));
#2400=CARTESIAN_POINT('',(-1.381066017178E1,1.206066017178E1,5.2E0));
#2402=CARTESIAN_POINT('',(-1.418630090041E1,1.233444683765E1,4.950421125335E0));
#2403=CARTESIAN_POINT('',(-1.418064576555E1,1.233154385401E1,4.957038940849E0));
#2404=CARTESIAN_POINT('',(-1.416855539914E1,1.232524641854E1,4.970480189864E0));
#2405=CARTESIAN_POINT('',(-1.414822356360E1,1.231428056451E1,4.991000266853E0));
#2406=CARTESIAN_POINT('',(-1.412514574763E1,1.230134128952E1,5.012274991891E0));
#2407=CARTESIAN_POINT('',(-1.409896969168E1,1.228601206334E1,5.034365950259E0));
#2408=CARTESIAN_POINT('',(-1.406932180713E1,1.226777396226E1,5.057257147845E0));
#2409=CARTESIAN_POINT('',(-1.403633928643E1,1.224635425381E1,5.080512802994E0));
#2410=CARTESIAN_POINT('',(-1.399925508775E1,1.222075872314E1,5.104220497407E0));
#2411=CARTESIAN_POINT('',(-1.395883873621E1,1.219093854203E1,5.127394223849E0));
#2412=CARTESIAN_POINT('',(-1.392878439015E1,1.216706517461E1,5.142535041982E0));
#2413=CARTESIAN_POINT('',(-1.391310815856E1,1.215404912897E1,5.149787929345E0));
#2415=CARTESIAN_POINT('',(-1.418630090041E1,1.233444683765E1,4.950421125335E0));
#2416=CARTESIAN_POINT('',(-1.418680319433E1,1.232883653323E1,4.948642225958E0));
#2417=CARTESIAN_POINT('',(-1.418815271386E1,1.231746463078E1,4.945353664589E0));
#2418=CARTESIAN_POINT('',(-1.419020953770E1,1.230585103039E1,4.942633208099E0));
#2419=CARTESIAN_POINT('',(-1.419142136866E1,1.23E1,4.941421368657E0));
#2421=CARTESIAN_POINT('',(-1.405E1,1.201715728753E1,5.000000003032E0));
#2422=CARTESIAN_POINT('',(-1.405571396006E1,1.202858561240E1,5.000000028199E0));
#2423=CARTESIAN_POINT('',(-1.406692482859E1,1.205100674065E1,4.999509781264E0));
#2424=CARTESIAN_POINT('',(-1.408301038026E1,1.208317801156E1,4.997473092662E0));
#2425=CARTESIAN_POINT('',(-1.409851296005E1,1.211418288194E1,4.994237118414E0));
#2426=CARTESIAN_POINT('',(-1.411335509929E1,1.214386721245E1,4.989905612958E0));
#2427=CARTESIAN_POINT('',(-1.412756866914E1,1.217229435271E1,4.984550817967E0));
#2428=CARTESIAN_POINT('',(-1.414121216378E1,1.219958143183E1,4.978201185251E0));
#2429=CARTESIAN_POINT('',(-1.415437544486E1,1.222590812917E1,4.970828726458E0));
#2430=CARTESIAN_POINT('',(-1.416714001637E1,1.225143743585E1,4.962352465548E0));
#2431=CARTESIAN_POINT('',(-1.417953584053E1,1.227622942125E1,4.952661201259E0));
#2432=CARTESIAN_POINT('',(-1.418751300274E1,1.229218366982E1,4.945329690896E0));
#2433=CARTESIAN_POINT('',(-1.419142136866E1,1.23E1,4.941421368657E0));
#2435=CARTESIAN_POINT('',(-1.405E1,1.201715728753E1,5.200000024255E0));
#2436=DIRECTION('',(-7.071067811865E-1,7.071067811866E-1,1.554126287178E-8));
#2437=DIRECTION('',(6.844591447147E-1,6.844591502327E-1,-2.510604526387E-1));
#2438=AXIS2_PLACEMENT_3D('',#2435,#2436,#2437);
#2440=CARTESIAN_POINT('',(-1.426308309182E1,1.237114822160E1,4.8E0));
#2441=CARTESIAN_POINT('',(-1.426308309182E1,1.237114822160E1,4.810655546834E0));
#2442=CARTESIAN_POINT('',(-1.426120687668E1,1.237031844533E1,4.831997607462E0));
#2443=CARTESIAN_POINT('',(-1.425203078813E1,1.236621407671E1,4.864900867617E0));
#2444=CARTESIAN_POINT('',(-1.423641120175E1,1.235905308611E1,4.896311415750E0));
#2445=CARTESIAN_POINT('',(-1.421516158119E1,1.234896163977E1,4.924832198212E0));
#2446=CARTESIAN_POINT('',(-1.419665718343E1,1.233976308932E1,4.942291374373E0));
#2447=CARTESIAN_POINT('',(-1.418630090041E1,1.233444683765E1,4.950421125335E0));
#2449=CARTESIAN_POINT('',(-1.445E1,1.23E1,4.8E0));
#2450=DIRECTION('',(0.E0,0.E0,1.E0));
#2451=DIRECTION('',(1.E0,-1.776356839400E-14,0.E0));
#2452=AXIS2_PLACEMENT_3D('',#2449,#2450,#2451);
#2454=CARTESIAN_POINT('',(-1.405E1,1.23E1,4.8E0));
#2455=DIRECTION('',(0.E0,-1.E0,0.E0));
#2456=DIRECTION('',(-7.071067811859E-1,0.E0,7.071067811872E-1));
#2457=AXIS2_PLACEMENT_3D('',#2454,#2455,#2456);
#2459=CARTESIAN_POINT('',(-1.418630129088E1,-1.233444703809E1,
4.950420818818E0));
#2460=CARTESIAN_POINT('',(-1.419662462675E1,-1.233974637299E1,
4.942316895090E0));
#2461=CARTESIAN_POINT('',(-1.421509547728E1,-1.234893012629E1,
4.924919735019E0));
#2462=CARTESIAN_POINT('',(-1.423647738198E1,-1.235908413207E1,
4.896205870347E0));
#2463=CARTESIAN_POINT('',(-1.425198742677E1,-1.236619406868E1,
4.864983431690E0));
#2464=CARTESIAN_POINT('',(-1.426119801261E1,-1.237031467947E1,
4.832073817940E0));
#2465=CARTESIAN_POINT('',(-1.426308309182E1,-1.237114822160E1,
4.810692045315E0));
#2466=CARTESIAN_POINT('',(-1.426308309182E1,-1.237114822160E1,4.8E0));
#2468=CARTESIAN_POINT('',(-1.418630129088E1,-1.233444703809E1,
4.950420818818E0));
#2469=CARTESIAN_POINT('',(-1.418680418842E1,-1.232882972880E1,
4.948639706562E0));
#2470=CARTESIAN_POINT('',(-1.418815465716E1,-1.231745049838E1,
4.945350125310E0));
#2471=CARTESIAN_POINT('',(-1.419021120297E1,-1.230584407564E1,
4.942631518721E0));
#2472=CARTESIAN_POINT('',(-1.419142135676E1,-1.23E1,4.941421356756E0));
#2474=CARTESIAN_POINT('',(-1.405E1,-1.23E1,4.8E0));
#2475=DIRECTION('',(0.E0,1.E0,0.E0));
#2476=DIRECTION('',(-1.E0,0.E0,0.E0));
#2477=AXIS2_PLACEMENT_3D('',#2474,#2475,#2476);
#2479=CARTESIAN_POINT('',(-1.445E1,-1.23E1,4.8E0));
#2480=DIRECTION('',(0.E0,0.E0,1.E0));
#2481=DIRECTION('',(9.345845408939E-1,-3.557411080015E-1,0.E0));
#2482=AXIS2_PLACEMENT_3D('',#2479,#2480,#2481);
#2484=CARTESIAN_POINT('',(-1.391310817851E1,-1.215404910901E1,
5.149787588300E0));
#2485=CARTESIAN_POINT('',(-1.393035621201E1,-1.216837022886E1,
5.141808894111E0));
#2486=CARTESIAN_POINT('',(-1.396329360090E1,-1.219441473334E1,
5.125078991715E0));
#2487=CARTESIAN_POINT('',(-1.400730177369E1,-1.222651131006E1,
5.099365097584E0));
#2488=CARTESIAN_POINT('',(-1.404681969707E1,-1.225334262944E1,
5.073439721617E0));
#2489=CARTESIAN_POINT('',(-1.408232249483E1,-1.227592889467E1,
5.047558083829E0));
#2490=CARTESIAN_POINT('',(-1.411369850983E1,-1.229475706057E1,
5.022266361222E0));
#2491=CARTESIAN_POINT('',(-1.414142814728E1,-1.231055414402E1,
4.997571792469E0));
#2492=CARTESIAN_POINT('',(-1.416580322481E1,-1.232380704258E1,
4.973487434184E0));
#2493=CARTESIAN_POINT('',(-1.417982808484E1,-1.233112411156E1,
4.957995693326E0));
#2494=CARTESIAN_POINT('',(-1.418630129088E1,-1.233444703809E1,
4.950420818818E0));
#2496=CARTESIAN_POINT('',(-1.405E1,-1.201715728753E1,5.200000044741E0));
#2497=DIRECTION('',(-7.071067811865E-1,-7.071067811865E-1,-3.378802357834E-8));
#2498=DIRECTION('',(2.389174812762E-8,2.389173924584E-8,-1.E0));
#2499=AXIS2_PLACEMENT_3D('',#2496,#2497,#2498);
#2501=CARTESIAN_POINT('',(-1.419142135676E1,-1.23E1,4.941421356756E0));
#2502=CARTESIAN_POINT('',(-1.418649372653E1,-1.229014098334E1,
4.946348939626E0));
#2503=CARTESIAN_POINT('',(-1.417657465882E1,-1.227030937645E1,
4.955240071415E0));
#2504=CARTESIAN_POINT('',(-1.416184127603E1,-1.224084006241E1,
4.966124076536E0));
#2505=CARTESIAN_POINT('',(-1.414687805251E1,-1.221091413128E1,
4.975252797503E0));
#2506=CARTESIAN_POINT('',(-1.413168818613E1,-1.218053401171E1,
4.982812625092E0));
#2507=CARTESIAN_POINT('',(-1.411627484511E1,-1.214970719470E1,
4.988938376430E0));
#2508=CARTESIAN_POINT('',(-1.410059411734E1,-1.211834553182E1,
4.993727027914E0));
#2509=CARTESIAN_POINT('',(-1.408445400092E1,-1.208606528655E1,
4.997242297405E0));
#2510=CARTESIAN_POINT('',(-1.406780356918E1,-1.205276398137E1,
4.999452636870E0));
#2511=CARTESIAN_POINT('',(-1.405602519311E1,-1.202920755529E1,
4.999999985756E0));
#2512=CARTESIAN_POINT('',(-1.405E1,-1.201715728753E1,5.000000005593E0));
#2514=CARTESIAN_POINT('',(-1.381066017178E1,-1.206066017178E1,5.2E0));
#2515=CARTESIAN_POINT('',(-1.381178527448E1,-1.206178527448E1,
5.199419003847E0));
#2516=CARTESIAN_POINT('',(-1.381403910036E1,-1.206403193947E1,
5.198256897447E0));
#2517=CARTESIAN_POINT('',(-1.381743072118E1,-1.206739132687E1,
5.196513589409E0));
#2518=CARTESIAN_POINT('',(-1.382083318357E1,-1.207074004940E1,
5.194770081347E0));
#2519=CARTESIAN_POINT('',(-1.382424646653E1,-1.207407806683E1,
5.193026387919E0));
#2520=CARTESIAN_POINT('',(-1.382767054694E1,-1.207740533195E1,
5.191282506716E0));
#2521=CARTESIAN_POINT('',(-1.383110540530E1,-1.208072179632E1,
5.189538440782E0));
#2522=CARTESIAN_POINT('',(-1.383455102418E1,-1.208402740878E1,
5.187794192789E0));
#2523=CARTESIAN_POINT('',(-1.383800738863E1,-1.208732211583E1,
5.186049766777E0));
#2524=CARTESIAN_POINT('',(-1.384147448604E1,-1.209060586160E1,
5.184305167918E0));
#2525=CARTESIAN_POINT('',(-1.384495230615E1,-1.209387858784E1,
5.182560402752E0));
#2526=CARTESIAN_POINT('',(-1.384844084099E1,-1.209714023402E1,
5.180815479353E0));
#2527=CARTESIAN_POINT('',(-1.385194008488E1,-1.210039073726E1,
5.179070407453E0));
#2528=CARTESIAN_POINT('',(-1.385545003441E1,-1.210363003246E1,
5.177325198639E0));
#2529=CARTESIAN_POINT('',(-1.385897068838E1,-1.210685805228E1,
5.175579866446E0));
#2530=CARTESIAN_POINT('',(-1.386250204772E1,-1.211007472719E1,
5.173834426674E0));
#2531=CARTESIAN_POINT('',(-1.386604411555E1,-1.211327998552E1,
5.172088897242E0));
#2532=CARTESIAN_POINT('',(-1.386959689705E1,-1.211647375355E1,
5.170343298798E0));
#2533=CARTESIAN_POINT('',(-1.387316039939E1,-1.211965595534E1,
5.168597654144E0));
#2534=CARTESIAN_POINT('',(-1.387673463189E1,-1.212282651368E1,
5.166851990382E0));
#2535=CARTESIAN_POINT('',(-1.388031960518E1,-1.212598534665E1,
5.165106331610E0));
#2536=CARTESIAN_POINT('',(-1.388391533399E1,-1.212913238097E1,
5.163360727761E0));
#2537=CARTESIAN_POINT('',(-1.388752182654E1,-1.213226750234E1,
5.161615146636E0));
#2538=CARTESIAN_POINT('',(-1.389113912368E1,-1.213539074101E1,
5.159869878550E0));
#2539=CARTESIAN_POINT('',(-1.389476715268E1,-1.213850157966E1,
5.158124025438E0));
#2540=CARTESIAN_POINT('',(-1.389840627229E1,-1.214160153701E1,
5.156381142901E0));
#2541=CARTESIAN_POINT('',(-1.390205523852E1,-1.214468452539E1,
5.154628180797E0));
#2542=CARTESIAN_POINT('',(-1.390571879554E1,-1.214777283806E1,
5.152914083418E0));
#2543=CARTESIAN_POINT('',(-1.390937934632E1,-1.215078284220E1,
5.151056445406E0));
#2544=CARTESIAN_POINT('',(-1.391186156756E1,-1.215294509452E1,
5.150176342558E0));
#2545=CARTESIAN_POINT('',(-1.391310817851E1,-1.215404910901E1,
5.149787588300E0));
#2547=CARTESIAN_POINT('',(-1.197720779386E1,-9.944365081390E0,5.2E0));
#2548=DIRECTION('',(-7.071067811865E-1,-7.071067811865E-1,0.E0));
#2549=DIRECTION('',(0.E0,0.E0,-1.E0));
#2550=AXIS2_PLACEMENT_3D('',#2547,#2548,#2549);
#2552=DIRECTION('',(2.171406243010E-6,2.171414326094E-6,9.999999999953E-1));
#2553=VECTOR('',#2552,1.219241086240E0);
#2554=CARTESIAN_POINT('',(-1.381066017178E1,-1.206066017178E1,5.2E0));
#2555=LINE('',#2554,#2553);
#2556=CARTESIAN_POINT('',(-1.289142120156E1,-1.114142120156E1,
6.799999980971E0));
#2557=CARTESIAN_POINT('',(-1.294570070142E1,-1.119570070142E1,
6.799999993773E0));
#2558=CARTESIAN_POINT('',(-1.305178444987E1,-1.130178444987E1,
6.793251112430E0));
#2559=CARTESIAN_POINT('',(-1.320477851125E1,-1.145477851125E1,
6.764808880744E0));
#2560=CARTESIAN_POINT('',(-1.334777165915E1,-1.159777165915E1,
6.720000866410E0));
#2561=CARTESIAN_POINT('',(-1.347039736075E1,-1.172039736075E1,
6.666406579143E0));
#2562=CARTESIAN_POINT('',(-1.358777898360E1,-1.183777898360E1,
6.600697338826E0));
#2563=CARTESIAN_POINT('',(-1.370410380872E1,-1.195410380873E1,
6.518059221686E0));
#2564=CARTESIAN_POINT('',(-1.377591113934E1,-1.202591113933E1,
6.453987155303E0));
#2565=CARTESIAN_POINT('',(-1.381065752431E1,-1.206065752430E1,
6.419241086234E0));
#2567=DIRECTION('',(7.071067811865E-1,7.071067811865E-1,1.274640113601E-8));
#2568=VECTOR('',#2567,1.492893000065E0);
#2569=CARTESIAN_POINT('',(-1.289142120156E1,-1.114142120156E1,
6.799999980971E0));
#2570=LINE('',#2569,#2568);
#2571=DIRECTION('',(4.041211809636E-13,4.041211809636E-13,-1.E0));
#2572=VECTOR('',#2571,1.6E0);
#2573=CARTESIAN_POINT('',(-1.183578643763E1,-1.008578643763E1,6.8E0));
#2574=LINE('',#2573,#2572);
#2575=DIRECTION('',(-7.071067811865E-1,-7.071067811865E-1,0.E0));
#2576=VECTOR('',#2575,2.792893218813E0);
#2577=CARTESIAN_POINT('',(-1.183578643763E1,-1.008578643763E1,5.2E0));
#2578=LINE('',#2577,#2576);
#2579=CARTESIAN_POINT('',(-1.325E1,-8.671572875254E0,6.8E0));
#2580=DIRECTION('',(0.E0,0.E0,1.E0));
#2581=DIRECTION('',(7.071067811865E-1,-7.071067811865E-1,0.E0));
#2582=AXIS2_PLACEMENT_3D('',#2579,#2580,#2581);
#2584=CARTESIAN_POINT('',(-1.325E1,-8.671572875254E0,5.2E0));
#2585=DIRECTION('',(0.E0,0.E0,-1.E0));
#2586=DIRECTION('',(1.E0,0.E0,0.E0));
#2587=AXIS2_PLACEMENT_3D('',#2584,#2585,#2586);
#2589=DIRECTION('',(0.E0,1.E0,0.E0));
#2590=VECTOR('',#2589,1.734314575051E1);
#2591=CARTESIAN_POINT('',(-1.125E1,-8.671572875253E0,6.8E0));
#2592=LINE('',#2591,#2590);
#2593=DIRECTION('',(0.E0,0.E0,-1.E0));
#2594=VECTOR('',#2593,1.6E0);
#2595=CARTESIAN_POINT('',(-1.125E1,8.671572875253E0,6.8E0));
#2596=LINE('',#2595,#2594);
#2597=DIRECTION('',(0.E0,-1.E0,0.E0));
#2598=VECTOR('',#2597,1.734314575051E1);
#2599=CARTESIAN_POINT('',(-1.125E1,8.671572875253E0,5.2E0));
#2600=LINE('',#2599,#2598);
#2601=DIRECTION('',(0.E0,0.E0,-1.E0));
#2602=VECTOR('',#2601,1.6E0);
#2603=CARTESIAN_POINT('',(-1.125E1,-8.671572875253E0,6.8E0));
#2604=LINE('',#2603,#2602);
#2605=CARTESIAN_POINT('',(-1.325E1,8.671572875254E0,6.8E0));
#2606=DIRECTION('',(0.E0,0.E0,1.E0));
#2607=DIRECTION('',(1.E0,0.E0,0.E0));
#2608=AXIS2_PLACEMENT_3D('',#2605,#2606,#2607);
#2610=CARTESIAN_POINT('',(-1.325E1,8.671572875254E0,5.2E0));
#2611=DIRECTION('',(0.E0,0.E0,-1.E0));
#2612=DIRECTION('',(7.071067811865E-1,7.071067811865E-1,0.E0));
#2613=AXIS2_PLACEMENT_3D('',#2610,#2611,#2612);
#2615=CARTESIAN_POINT('',(-1.197720779386E1,9.944365081390E0,5.2E0));
#2616=DIRECTION('',(7.071067811865E-1,-7.071067811865E-1,0.E0));
#2617=DIRECTION('',(0.E0,0.E0,-1.E0));
#2618=AXIS2_PLACEMENT_3D('',#2615,#2616,#2617);
#2620=DIRECTION('',(7.071067811865E-1,7.071067811865E-1,1.907857061573E-9));
#2621=VECTOR('',#2620,2.931370849899E0);
#2622=CARTESIAN_POINT('',(1.197720779386E1,9.944365081390E0,5.E0));
#2623=LINE('',#2622,#2621);
#2624=CARTESIAN_POINT('',(1.325E1,8.671572875254E0,5.E0));
#2625=DIRECTION('',(0.E0,0.E0,-1.E0));
#2626=DIRECTION('',(-1.E0,0.E0,0.E0));
#2627=AXIS2_PLACEMENT_3D('',#2624,#2625,#2626);
#2629=DIRECTION('',(0.E0,1.E0,0.E0));
#2630=VECTOR('',#2629,1.734314575051E1);
#2631=CARTESIAN_POINT('',(1.145E1,-8.671572875254E0,5.E0));
#2632=LINE('',#2631,#2630);
#2633=CARTESIAN_POINT('',(1.325E1,-8.671572875254E0,5.E0));
#2634=DIRECTION('',(0.E0,0.E0,-1.E0));
#2635=DIRECTION('',(-7.071067811865E-1,-7.071067811865E-1,0.E0));
#2636=AXIS2_PLACEMENT_3D('',#2633,#2634,#2635);
#2638=DIRECTION('',(-7.071067811865E-1,7.071067811865E-1,-1.034271239645E-9));
#2639=VECTOR('',#2638,2.931370849898E0);
#2640=CARTESIAN_POINT('',(1.405E1,-1.201715728753E1,5.000000003032E0));
#2641=LINE('',#2640,#2639);
#2642=DIRECTION('',(0.E0,-1.E0,-1.065478648649E-10));
#2643=VECTOR('',#2642,2.403431457505E1);
#2644=CARTESIAN_POINT('',(1.405E1,1.201715728753E1,5.000000005593E0));
#2645=LINE('',#2644,#2643);
#2646=DIRECTION('',(-7.071067811865E-1,-7.071067811865E-1,1.907857061573E-9));
#2647=VECTOR('',#2646,2.931370849899E0);
#2648=CARTESIAN_POINT('',(-1.197720779386E1,-9.944365081390E0,5.E0));
#2649=LINE('',#2648,#2647);
#2650=CARTESIAN_POINT('',(-1.325E1,-8.671572875254E0,5.E0));
#2651=DIRECTION('',(0.E0,0.E0,-1.E0));
#2652=DIRECTION('',(1.E0,0.E0,0.E0));
#2653=AXIS2_PLACEMENT_3D('',#2650,#2651,#2652);
#2655=DIRECTION('',(0.E0,-1.E0,0.E0));
#2656=VECTOR('',#2655,1.734314575051E1);
#2657=CARTESIAN_POINT('',(-1.145E1,8.671572875254E0,5.E0));
#2658=LINE('',#2657,#2656);
#2659=CARTESIAN_POINT('',(-1.325E1,8.671572875254E0,5.E0));
#2660=DIRECTION('',(0.E0,0.E0,-1.E0));
#2661=DIRECTION('',(7.071067811865E-1,7.071067811865E-1,0.E0));
#2662=AXIS2_PLACEMENT_3D('',#2659,#2660,#2661);
#2664=DIRECTION('',(7.071067811865E-1,-7.071067811865E-1,-1.034271239645E-9));
#2665=VECTOR('',#2664,2.931370849898E0);
#2666=CARTESIAN_POINT('',(-1.405E1,1.201715728753E1,5.000000003032E0));
#2667=LINE('',#2666,#2665);
#2668=DIRECTION('',(0.E0,1.E0,-1.065478648649E-10));
#2669=VECTOR('',#2668,2.403431457505E1);
#2670=CARTESIAN_POINT('',(-1.405E1,-1.201715728753E1,5.000000005593E0));
#2671=LINE('',#2670,#2669);
#2672=CARTESIAN_POINT('',(1.381066017178E1,1.206066017178E1,5.2E0));
#2673=CARTESIAN_POINT('',(1.381178527448E1,1.206178527448E1,5.199419003847E0));
#2674=CARTESIAN_POINT('',(1.381403910036E1,1.206403193947E1,5.198256897448E0));
#2675=CARTESIAN_POINT('',(1.381743072117E1,1.206739132687E1,5.196513589410E0));
#2676=CARTESIAN_POINT('',(1.382083318356E1,1.207074004940E1,5.194770081347E0));
#2677=CARTESIAN_POINT('',(1.382424646653E1,1.207407806683E1,5.193026387921E0));
#2678=CARTESIAN_POINT('',(1.382767054694E1,1.207740533195E1,5.191282506716E0));
#2679=CARTESIAN_POINT('',(1.383110540529E1,1.208072179632E1,5.189538440785E0));
#2680=CARTESIAN_POINT('',(1.383455102417E1,1.208402740878E1,5.187794192789E0));
#2681=CARTESIAN_POINT('',(1.383800738863E1,1.208732211583E1,5.186049766782E0));
#2682=CARTESIAN_POINT('',(1.384147448604E1,1.209060586159E1,5.184305167914E0));
#2683=CARTESIAN_POINT('',(1.384495230614E1,1.209387858784E1,5.182560402766E0));
#2684=CARTESIAN_POINT('',(1.384844084098E1,1.209714023401E1,5.180815479353E0));
#2685=CARTESIAN_POINT('',(1.385194008488E1,1.210039073726E1,5.179070407461E0));
#2686=CARTESIAN_POINT('',(1.385545003441E1,1.210363003246E1,5.177325198646E0));
#2687=CARTESIAN_POINT('',(1.385897068837E1,1.210685805227E1,5.175579866443E0));
#2688=CARTESIAN_POINT('',(1.386250204772E1,1.211007472718E1,5.173834426678E0));
#2689=CARTESIAN_POINT('',(1.386604411555E1,1.211327998551E1,5.172088897255E0));
#2690=CARTESIAN_POINT('',(1.386959689705E1,1.211647375355E1,5.170343298805E0));
#2691=CARTESIAN_POINT('',(1.387316039938E1,1.211965595534E1,5.168597654166E0));
#2692=CARTESIAN_POINT('',(1.387673463189E1,1.212282651367E1,5.166851990362E0));
#2693=CARTESIAN_POINT('',(1.388031960518E1,1.212598534665E1,5.165106331628E0));
#2694=CARTESIAN_POINT('',(1.388391533398E1,1.212913238097E1,5.163360727805E0));
#2695=CARTESIAN_POINT('',(1.388752182653E1,1.213226750233E1,5.161615146635E0));
#2696=CARTESIAN_POINT('',(1.389113912367E1,1.213539074102E1,5.159869878622E0));
#2697=CARTESIAN_POINT('',(1.389476715269E1,1.213850157965E1,5.158124025384E0));
#2698=CARTESIAN_POINT('',(1.389840627228E1,1.214160153702E1,5.156381142966E0));
#2699=CARTESIAN_POINT('',(1.390205523852E1,1.214468452539E1,5.154628180813E0));
#2700=CARTESIAN_POINT('',(1.390571879552E1,1.214777283806E1,5.152914083462E0));
#2701=CARTESIAN_POINT('',(1.390937934633E1,1.215078284218E1,5.151056445359E0));
#2702=CARTESIAN_POINT('',(1.391186156756E1,1.215294509451E1,5.150176342537E0));
#2703=CARTESIAN_POINT('',(1.391310817851E1,1.215404910901E1,5.149787588300E0));
#2705=CARTESIAN_POINT('',(1.197720779386E1,9.944365081390E0,5.2E0));
#2706=DIRECTION('',(7.071067811865E-1,7.071067811865E-1,0.E0));
#2707=DIRECTION('',(0.E0,0.E0,-1.E0));
#2708=AXIS2_PLACEMENT_3D('',#2705,#2706,#2707);
#2710=CARTESIAN_POINT('',(1.487132034356E1,1.1E1,0.E0));
#2711=DIRECTION('',(0.E0,0.E0,1.E0));
#2712=DIRECTION('',(0.E0,1.E0,0.E0));
#2713=AXIS2_PLACEMENT_3D('',#2710,#2711,#2712);
#2715=CARTESIAN_POINT('',(1.395208152785E1,1.191923881538E1,6.419238815705E0));
#2716=DIRECTION('',(5.773502691216E-1,5.773502693256E-1,-5.773502691216E-1));
#2717=DIRECTION('',(-7.071067812698E-1,7.071067811033E-1,8.329781309158E-11));
#2718=AXIS2_PLACEMENT_3D('',#2715,#2716,#2717);
#2720=CARTESIAN_POINT('',(1.487132034356E1,1.25E1,5.5E0));
#2721=CARTESIAN_POINT('',(1.480690913102E1,1.249999644839E1,5.555827099608E0));
#2722=CARTESIAN_POINT('',(1.468199613528E1,1.249176355367E1,5.664078855074E0));
#2723=CARTESIAN_POINT('',(1.450691464426E1,1.245841263282E1,5.815819065331E0));
#2724=CARTESIAN_POINT('',(1.434812976316E1,1.240902939236E1,5.953431552449E0));
#2725=CARTESIAN_POINT('',(1.419548568153E1,1.234254833174E1,6.085723365588E0));
#2726=CARTESIAN_POINT('',(1.405412125508E1,1.226119152985E1,6.208239370001E0));
#2727=CARTESIAN_POINT('',(1.392732533950E1,1.216922812048E1,6.318128758262E0));
#2728=CARTESIAN_POINT('',(1.384824058413E1,1.209824058417E1,6.386668787473E0));
#2729=CARTESIAN_POINT('',(1.381065752431E1,1.206065752430E1,6.419241086234E0));
#2731=CARTESIAN_POINT('',(1.395208764615E1,1.206066690057E1,6.560653442888E0));
#2732=CARTESIAN_POINT('',(1.398464961664E1,1.209823728466E1,6.523082205795E0));
#2733=CARTESIAN_POINT('',(1.405319248183E1,1.216922965333E1,6.443993867073E0));
#2734=CARTESIAN_POINT('',(1.416308072467E1,1.226119112259E1,6.317199387916E0));
#2735=CARTESIAN_POINT('',(1.428559704055E1,1.234254844233E1,6.175834578984E0));
#2736=CARTESIAN_POINT('',(1.441788877211E1,1.240902936336E1,6.023190600981E0));
#2737=CARTESIAN_POINT('',(1.455550128240E1,1.245841264082E1,5.864405692981E0));
#2738=CARTESIAN_POINT('',(1.470724148725E1,1.249176355139E1,5.689324210045E0));
#2739=CARTESIAN_POINT('',(1.481549324395E1,1.249999644839E1,5.564411212534E0));
#2740=CARTESIAN_POINT('',(1.487132034356E1,1.25E1,5.5E0));
#2742=CARTESIAN_POINT('',(1.303284273396E1,1.099999999250E1,6.999999998211E0));
#2743=CARTESIAN_POINT('',(1.308700401090E1,1.106249328846E1,7.000000115147E0));
#2744=CARTESIAN_POINT('',(1.319332006329E1,1.118516578584E1,6.992205476308E0));
#2745=CARTESIAN_POINT('',(1.334620982654E1,1.136157748892E1,6.959386435287E0));
#2746=CARTESIAN_POINT('',(1.348921930082E1,1.152658811076E1,6.907683212022E0));
#2747=CARTESIAN_POINT('',(1.361182797188E1,1.166806002867E1,6.845849360884E0));
#2748=CARTESIAN_POINT('',(1.372922327682E1,1.180351560480E1,6.770013802684E0));
#2749=CARTESIAN_POINT('',(1.384548396645E1,1.193766306452E1,6.674731429057E0));
#2750=CARTESIAN_POINT('',(1.391743292343E1,1.202068190943E1,6.600638942338E0));
#2751=CARTESIAN_POINT('',(1.395208764615E1,1.206066690057E1,6.560653442888E0));
#2753=CARTESIAN_POINT('',(1.303284271220E1,1.099999999972E1,6.8E0));
#2754=DIRECTION('',(7.071067811865E-1,7.071067811865E-1,0.E0));
#2755=DIRECTION('',(-7.071067811865E-1,7.071067811865E-1,-4.757249705278E-8));
#2756=AXIS2_PLACEMENT_3D('',#2753,#2754,#2755);
#2758=CARTESIAN_POINT('',(1.197720779386E1,9.944365081390E0,6.8E0));
#2759=DIRECTION('',(-7.071067811865E-1,-7.071067811865E-1,0.E0));
#2760=DIRECTION('',(0.E0,0.E0,1.E0));
#2761=AXIS2_PLACEMENT_3D('',#2758,#2759,#2760);
#2763=CARTESIAN_POINT('',(1.145E1,8.671572875254E0,6.8E0));
#2764=DIRECTION('',(0.E0,-1.E0,0.E0));
#2765=DIRECTION('',(0.E0,0.E0,1.E0));
#2766=AXIS2_PLACEMENT_3D('',#2763,#2764,#2765);
#2768=CARTESIAN_POINT('',(1.145E1,-8.671572875254E0,6.8E0));
#2769=DIRECTION('',(0.E0,-1.E0,0.E0));
#2770=DIRECTION('',(0.E0,0.E0,1.E0));
#2771=AXIS2_PLACEMENT_3D('',#2768,#2769,#2770);
#2773=CARTESIAN_POINT('',(1.303284271208E1,-1.099999999961E1,6.8E0));
#2774=DIRECTION('',(-7.071067811865E-1,7.071067811865E-1,0.E0));
#2775=DIRECTION('',(-7.071067811865E-1,-7.071067811865E-1,-4.413902576772E-8));
#2776=AXIS2_PLACEMENT_3D('',#2773,#2774,#2775);
#2778=CARTESIAN_POINT('',(1.197720779386E1,-9.944365081390E0,6.8E0));
#2779=DIRECTION('',(7.071067811865E-1,-7.071067811865E-1,0.E0));
#2780=DIRECTION('',(0.E0,0.E0,1.E0));
#2781=AXIS2_PLACEMENT_3D('',#2778,#2779,#2780);
#2783=CARTESIAN_POINT('',(1.395208452591E1,-1.206066340452E1,6.560656938993E0));
#2784=CARTESIAN_POINT('',(1.392612703900E1,-1.203071305856E1,6.590607486390E0));
#2785=CARTESIAN_POINT('',(1.386910942274E1,-1.196492325633E1,6.651301303521E0));
#2786=CARTESIAN_POINT('',(1.376775684985E1,-1.184797762581E1,6.740498528608E0));
#2787=CARTESIAN_POINT('',(1.364812660735E1,-1.170994298751E1,6.824968720615E0));
#2788=CARTESIAN_POINT('',(1.350980080997E1,-1.155033584321E1,6.899313735209E0));
#2789=CARTESIAN_POINT('',(1.335749644575E1,-1.137460040786E1,6.956496297266E0));
#2790=CARTESIAN_POINT('',(1.319688421301E1,-1.118927806421E1,6.991999191997E0));
#2791=CARTESIAN_POINT('',(1.308783606297E1,-1.106345341574E1,7.000000216573E0));
#2792=CARTESIAN_POINT('',(1.303284275049E1,-1.099999998673E1,7.000000006443E0));
#2794=CARTESIAN_POINT('',(1.395207972297E1,-1.191923701050E1,6.419240620585E0));
#2795=DIRECTION('',(-5.773510249895E-1,5.773510249895E-1,5.773487575870E-1));
#2796=DIRECTION('',(-7.071067811865E-1,-7.071067811865E-1,0.E0));
#2797=AXIS2_PLACEMENT_3D('',#2794,#2795,#2796);
#2799=DIRECTION('',(3.656459937080E-6,-3.656472351617E-6,-9.999999999866E-1));
#2800=VECTOR('',#2799,1.219242968056E0);
#2801=CARTESIAN_POINT('',(1.381065571367E1,-1.206065571365E1,6.419242968040E0));
#2802=LINE('',#2801,#2800);
#2803=DIRECTION('',(-7.071067811865E-1,7.071067811865E-1,0.E0));
#2804=VECTOR('',#2803,2.792893218812E0);
#2805=CARTESIAN_POINT('',(1.381066017178E1,-1.206066017178E1,5.2E0));
#2806=LINE('',#2805,#2804);
#2807=DIRECTION('',(2.164934898019E-13,-2.176037128265E-13,-1.E0));
#2808=VECTOR('',#2807,1.6E0);
#2809=CARTESIAN_POINT('',(1.183578643763E1,-1.008578643763E1,6.8E0));
#2810=LINE('',#2809,#2808);
#2811=DIRECTION('',(7.071067811865E-1,-7.071067811865E-1,-1.182715906495E-8));
#2812=VECTOR('',#2811,1.492893021026E0);
#2813=CARTESIAN_POINT('',(1.183578643763E1,-1.008578643763E1,6.8E0));
#2814=LINE('',#2813,#2812);
#2815=CARTESIAN_POINT('',(1.381065571367E1,-1.206065571365E1,6.419242968040E0));
#2816=CARTESIAN_POINT('',(1.378465072421E1,-1.203465072420E1,6.445247697078E0));
#2817=CARTESIAN_POINT('',(1.372770847027E1,-1.197770847027E1,6.497774102296E0));
#2818=CARTESIAN_POINT('',(1.362631619601E1,-1.187631619601E1,6.575113947106E0));
#2819=CARTESIAN_POINT('',(1.350668630381E1,-1.175668630381E1,6.648316941359E0));
#2820=CARTESIAN_POINT('',(1.336833659308E1,-1.161833659308E1,6.712753801756E0));
#2821=CARTESIAN_POINT('',(1.321605102121E1,-1.146605102121E1,6.762309037657E0));
#2822=CARTESIAN_POINT('',(1.305531294996E1,-1.130531294996E1,6.793075724222E0));
#2823=CARTESIAN_POINT('',(1.294654398839E1,-1.119654398839E1,6.800000104197E0));
#2824=CARTESIAN_POINT('',(1.289142121638E1,-1.114142121638E1,6.799999982343E0));
#2826=CARTESIAN_POINT('',(1.487132034356E1,-1.1E1,0.E0));
#2827=DIRECTION('',(0.E0,0.E0,-1.E0));
#2828=DIRECTION('',(0.E0,-1.E0,0.E0));
#2829=AXIS2_PLACEMENT_3D('',#2826,#2827,#2828);
#2831=CARTESIAN_POINT('',(1.445E1,-1.23E1,0.E0));
#2832=DIRECTION('',(0.E0,0.E0,-1.E0));
#2833=DIRECTION('',(-9.345845408939E-1,-3.557411080016E-1,0.E0));
#2834=AXIS2_PLACEMENT_3D('',#2831,#2832,#2833);
#2836=DIRECTION('',(0.E0,0.E0,1.E0));
#2837=VECTOR('',#2836,4.8E0);
#2838=CARTESIAN_POINT('',(1.426308309182E1,-1.237114822160E1,0.E0));
#2839=LINE('',#2838,#2837);
#2840=DIRECTION('',(0.E0,-1.E0,0.E0));
#2841=VECTOR('',#2840,2.46E1);
#2842=CARTESIAN_POINT('',(1.425E1,1.23E1,0.E0));
#2843=LINE('',#2842,#2841);
#2844=DIRECTION('',(0.E0,0.E0,-1.E0));
#2845=VECTOR('',#2844,4.8E0);
#2846=CARTESIAN_POINT('',(1.425E1,1.23E1,4.8E0));
#2847=LINE('',#2846,#2845);
#2848=DIRECTION('',(0.E0,-1.E0,0.E0));
#2849=VECTOR('',#2848,2.46E1);
#2850=CARTESIAN_POINT('',(1.425E1,1.23E1,4.8E0));
#2851=LINE('',#2850,#2849);
#2852=DIRECTION('',(0.E0,0.E0,-1.E0));
#2853=VECTOR('',#2852,4.8E0);
#2854=CARTESIAN_POINT('',(1.425E1,-1.23E1,4.8E0));
#2855=LINE('',#2854,#2853);
#2856=CARTESIAN_POINT('',(1.445E1,1.23E1,0.E0));
#2857=DIRECTION('',(0.E0,0.E0,-1.E0));
#2858=DIRECTION('',(-1.E0,0.E0,0.E0));
#2859=AXIS2_PLACEMENT_3D('',#2856,#2857,#2858);
#2861=DIRECTION('',(0.E0,0.E0,-1.E0));
#2862=VECTOR('',#2861,4.8E0);
#2863=CARTESIAN_POINT('',(1.426308309182E1,1.237114822160E1,4.8E0));
#2864=LINE('',#2863,#2862);
#2865=CARTESIAN_POINT('',(1.418630129088E1,1.233444703809E1,4.950420818818E0));
#2866=CARTESIAN_POINT('',(1.419662462675E1,1.233974637299E1,4.942316895090E0));
#2867=CARTESIAN_POINT('',(1.421509547728E1,1.234893012629E1,4.924919735019E0));
#2868=CARTESIAN_POINT('',(1.423647738198E1,1.235908413207E1,4.896205870347E0));
#2869=CARTESIAN_POINT('',(1.425198742677E1,1.236619406868E1,4.864983431690E0));
#2870=CARTESIAN_POINT('',(1.426119801261E1,1.237031467947E1,4.832073817940E0));
#2871=CARTESIAN_POINT('',(1.426308309182E1,1.237114822160E1,4.810692045315E0));
#2872=CARTESIAN_POINT('',(1.426308309182E1,1.237114822160E1,4.8E0));
#2874=CARTESIAN_POINT('',(1.418630129088E1,1.233444703809E1,4.950420818818E0));
#2875=CARTESIAN_POINT('',(1.418680417940E1,1.232882982951E1,4.948639738495E0));
#2876=CARTESIAN_POINT('',(1.418815462706E1,1.231745070162E1,4.945350178393E0));
#2877=CARTESIAN_POINT('',(1.419021118192E1,1.230584417729E1,4.942631539770E0));
#2878=CARTESIAN_POINT('',(1.419142135676E1,1.23E1,4.941421356756E0));
#2880=CARTESIAN_POINT('',(1.405E1,1.23E1,4.8E0));
#2881=DIRECTION('',(0.E0,-1.E0,0.E0));
#2882=DIRECTION('',(1.E0,0.E0,0.E0));
#2883=AXIS2_PLACEMENT_3D('',#2880,#2881,#2882);
#2885=CARTESIAN_POINT('',(1.445E1,1.23E1,4.8E0));
#2886=DIRECTION('',(0.E0,0.E0,1.E0));
#2887=DIRECTION('',(-9.345845408939E-1,3.557411080015E-1,0.E0));
#2888=AXIS2_PLACEMENT_3D('',#2885,#2886,#2887);
#2890=CARTESIAN_POINT('',(1.391310817851E1,1.215404910901E1,5.149787588300E0));
#2891=CARTESIAN_POINT('',(1.393035519571E1,1.216836938502E1,5.141809364237E0));
#2892=CARTESIAN_POINT('',(1.396329036189E1,1.219441218294E1,5.125080646958E0));
#2893=CARTESIAN_POINT('',(1.400729345831E1,1.222650537168E1,5.099370118667E0));
#2894=CARTESIAN_POINT('',(1.404680820374E1,1.225333507021E1,5.073447650919E0));
#2895=CARTESIAN_POINT('',(1.408231255997E1,1.227592276249E1,5.047565691905E0));
#2896=CARTESIAN_POINT('',(1.411368810825E1,1.229475098330E1,5.022275163411E0));
#2897=CARTESIAN_POINT('',(1.414142116400E1,1.231055029878E1,4.997578467301E0));
#2898=CARTESIAN_POINT('',(1.416580086323E1,1.232380581080E1,4.973490029184E0));
#2899=CARTESIAN_POINT('',(1.417982739409E1,1.233112375697E1,4.957996501636E0));
#2900=CARTESIAN_POINT('',(1.418630129088E1,1.233444703809E1,4.950420818818E0));
#2902=CARTESIAN_POINT('',(1.405E1,1.201715728753E1,5.200000044741E0));
#2903=DIRECTION('',(7.071067811865E-1,7.071067811866E-1,-3.378802885884E-8));
#2904=DIRECTION('',(-2.389174812762E-8,-2.389173924584E-8,-1.E0));
#2905=AXIS2_PLACEMENT_3D('',#2902,#2903,#2904);
#2907=CARTESIAN_POINT('',(1.419142135676E1,1.23E1,4.941421356756E0));
#2908=CARTESIAN_POINT('',(1.418649372653E1,1.229014098334E1,4.946348939626E0));
#2909=CARTESIAN_POINT('',(1.417657465882E1,1.227030937645E1,4.955240071415E0));
#2910=CARTESIAN_POINT('',(1.416184127603E1,1.224084006241E1,4.966124076536E0));
#2911=CARTESIAN_POINT('',(1.414687805251E1,1.221091413128E1,4.975252797503E0));
#2912=CARTESIAN_POINT('',(1.413168818613E1,1.218053401171E1,4.982812625092E0));
#2913=CARTESIAN_POINT('',(1.411627484511E1,1.214970719470E1,4.988938376430E0));
#2914=CARTESIAN_POINT('',(1.410059411734E1,1.211834553182E1,4.993727027914E0));
#2915=CARTESIAN_POINT('',(1.408445400092E1,1.208606528655E1,4.997242297405E0));
#2916=CARTESIAN_POINT('',(1.406780356918E1,1.205276398137E1,4.999452636870E0));
#2917=CARTESIAN_POINT('',(1.405602519311E1,1.202920755529E1,4.999999985756E0));
#2918=CARTESIAN_POINT('',(1.405E1,1.201715728753E1,5.000000005593E0));
#2920=CARTESIAN_POINT('',(1.418630090041E1,-1.233444683765E1,4.950421125335E0));
#2921=CARTESIAN_POINT('',(1.417982795549E1,-1.233112404276E1,4.957995967737E0));
#2922=CARTESIAN_POINT('',(1.416581534611E1,-1.232381278310E1,4.973470914398E0));
#2923=CARTESIAN_POINT('',(1.414158389721E1,-1.231063977851E1,4.997422505632E0));
#2924=CARTESIAN_POINT('',(1.411389390461E1,-1.229487177120E1,5.022102306852E0));
#2925=CARTESIAN_POINT('',(1.408252551349E1,-1.227605237096E1,5.047398936930E0));
#2926=CARTESIAN_POINT('',(1.404720278726E1,-1.225359489336E1,5.073176098676E0));
#2927=CARTESIAN_POINT('',(1.400739201626E1,-1.222658108351E1,5.099318294570E0));
#2928=CARTESIAN_POINT('',(1.396314510655E1,-1.219430355140E1,5.125161843052E0));
#2929=CARTESIAN_POINT('',(1.393027967131E1,-1.216830671329E1,5.141843223555E0));
#2930=CARTESIAN_POINT('',(1.391310815856E1,-1.215404912897E1,5.149787929345E0));
#2932=CARTESIAN_POINT('',(1.418630090041E1,-1.233444683765E1,4.950421125335E0));
#2933=CARTESIAN_POINT('',(1.418680318902E1,-1.232883659255E1,4.948642244766E0));
#2934=CARTESIAN_POINT('',(1.418815269614E1,-1.231746475048E1,4.945353695865E0));
#2935=CARTESIAN_POINT('',(1.419020952530E1,-1.230585109026E1,4.942633220499E0));
#2936=CARTESIAN_POINT('',(1.419142136866E1,-1.23E1,4.941421368657E0));
#2938=CARTESIAN_POINT('',(1.405E1,-1.201715728753E1,5.000000003032E0));
#2939=CARTESIAN_POINT('',(1.405571396006E1,-1.202858561240E1,5.000000028199E0));
#2940=CARTESIAN_POINT('',(1.406692482859E1,-1.205100674065E1,4.999509781264E0));
#2941=CARTESIAN_POINT('',(1.408301038026E1,-1.208317801156E1,4.997473092662E0));
#2942=CARTESIAN_POINT('',(1.409851296004E1,-1.211418288194E1,4.994237118414E0));
#2943=CARTESIAN_POINT('',(1.411335509929E1,-1.214386721245E1,4.989905612958E0));
#2944=CARTESIAN_POINT('',(1.412756866914E1,-1.217229435271E1,4.984550817967E0));
#2945=CARTESIAN_POINT('',(1.414121216378E1,-1.219958143183E1,4.978201185251E0));
#2946=CARTESIAN_POINT('',(1.415437544486E1,-1.222590812917E1,4.970828726458E0));
#2947=CARTESIAN_POINT('',(1.416714001637E1,-1.225143743585E1,4.962352465548E0));
#2948=CARTESIAN_POINT('',(1.417953584053E1,-1.227622942125E1,4.952661201259E0));
#2949=CARTESIAN_POINT('',(1.418751300274E1,-1.229218366982E1,4.945329690896E0));
#2950=CARTESIAN_POINT('',(1.419142136866E1,-1.23E1,4.941421368657E0));
#2952=CARTESIAN_POINT('',(1.405E1,-1.201715728753E1,5.200000024255E0));
#2953=DIRECTION('',(7.071067811865E-1,-7.071067811865E-1,1.554131057374E-8));
#2954=DIRECTION('',(-6.844591447147E-1,-6.844591502327E-1,-2.510604526388E-1));
#2955=AXIS2_PLACEMENT_3D('',#2952,#2953,#2954);
#2957=CARTESIAN_POINT('',(1.426308309182E1,-1.237114822160E1,4.8E0));
#2958=CARTESIAN_POINT('',(1.426308309182E1,-1.237114822160E1,4.810655546834E0));
#2959=CARTESIAN_POINT('',(1.426120687668E1,-1.237031844533E1,4.831997607462E0));
#2960=CARTESIAN_POINT('',(1.425203078813E1,-1.236621407671E1,4.864900867617E0));
#2961=CARTESIAN_POINT('',(1.423641120175E1,-1.235905308611E1,4.896311415750E0));
#2962=CARTESIAN_POINT('',(1.421516158119E1,-1.234896163977E1,4.924832198211E0));
#2963=CARTESIAN_POINT('',(1.419665718343E1,-1.233976308932E1,4.942291374373E0));
#2964=CARTESIAN_POINT('',(1.418630090041E1,-1.233444683765E1,4.950421125335E0));
#2966=CARTESIAN_POINT('',(1.445E1,-1.23E1,4.8E0));
#2967=DIRECTION('',(0.E0,0.E0,1.E0));
#2968=DIRECTION('',(-1.E0,1.776356839400E-14,0.E0));
#2969=AXIS2_PLACEMENT_3D('',#2966,#2967,#2968);
#2971=CARTESIAN_POINT('',(1.405E1,-1.23E1,4.8E0));
#2972=DIRECTION('',(0.E0,1.E0,0.E0));
#2973=DIRECTION('',(7.071067811859E-1,0.E0,7.071067811872E-1));
#2974=AXIS2_PLACEMENT_3D('',#2971,#2972,#2973);
#2976=CARTESIAN_POINT('',(1.391310815856E1,-1.215404912897E1,5.149787929345E0));
#2977=CARTESIAN_POINT('',(1.391186153567E1,-1.215294504906E1,5.150176540504E0));
#2978=CARTESIAN_POINT('',(1.390937923792E1,-1.215078276098E1,5.151056411737E0));
#2979=CARTESIAN_POINT('',(1.390571872198E1,-1.214777277401E1,5.152914141053E0));
#2980=CARTESIAN_POINT('',(1.390205515969E1,-1.214468445957E1,5.154628212212E0));
#2981=CARTESIAN_POINT('',(1.389840619889E1,-1.214160147453E1,5.156381179679E0));
#2982=CARTESIAN_POINT('',(1.389476708187E1,-1.213850151914E1,5.158124058856E0));
#2983=CARTESIAN_POINT('',(1.389113905616E1,-1.213539068289E1,5.159869911200E0));
#2984=CARTESIAN_POINT('',(1.388752176210E1,-1.213226744650E1,5.161615177691E0));
#2985=CARTESIAN_POINT('',(1.388391527268E1,-1.212913232747E1,5.163360757449E0));
#2986=CARTESIAN_POINT('',(1.388031954696E1,-1.212598529551E1,5.165106359893E0));
#2987=CARTESIAN_POINT('',(1.387673457675E1,-1.212282646492E1,5.166852017266E0));
#2988=CARTESIAN_POINT('',(1.387316034731E1,-1.211965590897E1,5.168597679592E0));
#2989=CARTESIAN_POINT('',(1.386959684801E1,-1.211647370960E1,5.170343322845E0));
#2990=CARTESIAN_POINT('',(1.386604406954E1,-1.211327994400E1,5.172088919881E0));
#2991=CARTESIAN_POINT('',(1.386250200471E1,-1.211007468813E1,5.173834447867E0));
#2992=CARTESIAN_POINT('',(1.385897064835E1,-1.210685801569E1,5.175579886259E0));
#2993=CARTESIAN_POINT('',(1.385544999737E1,-1.210362999837E1,5.177325217002E0));
#2994=CARTESIAN_POINT('',(1.385194005079E1,-1.210039070569E1,5.179070424426E0));
#2995=CARTESIAN_POINT('',(1.384844080983E1,-1.209714020497E1,5.180815494908E0));
#2996=CARTESIAN_POINT('',(1.384495227791E1,-1.209387856135E1,5.182560416898E0));
#2997=CARTESIAN_POINT('',(1.384147446071E1,-1.209060583767E1,5.184305180639E0));
#2998=CARTESIAN_POINT('',(1.383800736618E1,-1.208732209449E1,5.186049778089E0));
#2999=CARTESIAN_POINT('',(1.383455100459E1,-1.208402739005E1,5.187794202681E0));
#3000=CARTESIAN_POINT('',(1.383110538856E1,-1.208072178021E1,5.189538449265E0));
#3001=CARTESIAN_POINT('',(1.382767053304E1,-1.207740531848E1,5.191282513784E0));
#3002=CARTESIAN_POINT('',(1.382424645545E1,-1.207407805602E1,5.193026393572E0));
#3003=CARTESIAN_POINT('',(1.382083317528E1,-1.207074004127E1,5.194770085587E0));
#3004=CARTESIAN_POINT('',(1.381743071567E1,-1.206739132143E1,5.196513592235E0));
#3005=CARTESIAN_POINT('',(1.381403909761E1,-1.206403193674E1,5.198256898860E0));
#3006=CARTESIAN_POINT('',(1.381178527357E1,-1.206178527357E1,5.199419004318E0));
#3007=CARTESIAN_POINT('',(1.381066017178E1,-1.206066017178E1,5.2E0));
#3009=CARTESIAN_POINT('',(1.197720779386E1,-9.944365081390E0,5.2E0));
#3010=DIRECTION('',(-7.071067811865E-1,7.071067811865E-1,0.E0));
#3011=DIRECTION('',(0.E0,0.E0,-1.E0));
#3012=AXIS2_PLACEMENT_3D('',#3009,#3010,#3011);
#3014=CARTESIAN_POINT('',(1.145E1,-8.671572875254E0,5.2E0));
#3015=DIRECTION('',(0.E0,1.E0,0.E0));
#3016=DIRECTION('',(0.E0,0.E0,-1.E0));
#3017=AXIS2_PLACEMENT_3D('',#3014,#3015,#3016);
#3019=CARTESIAN_POINT('',(1.145E1,8.671572875254E0,5.2E0));
#3020=DIRECTION('',(0.E0,1.E0,0.E0));
#3021=DIRECTION('',(0.E0,0.E0,-1.E0));
#3022=AXIS2_PLACEMENT_3D('',#3019,#3020,#3021);
#3024=CARTESIAN_POINT('',(1.325E1,8.671572875254E0,6.8E0));
#3025=DIRECTION('',(0.E0,0.E0,1.E0));
#3026=DIRECTION('',(-7.071067811865E-1,7.071067811865E-1,0.E0));
#3027=AXIS2_PLACEMENT_3D('',#3024,#3025,#3026);
#3029=CARTESIAN_POINT('',(1.325E1,8.671572875254E0,5.2E0));
#3030=DIRECTION('',(0.E0,0.E0,-1.E0));
#3031=DIRECTION('',(-1.E0,0.E0,0.E0));
#3032=AXIS2_PLACEMENT_3D('',#3029,#3030,#3031);
#3034=DIRECTION('',(0.E0,-1.E0,0.E0));
#3035=VECTOR('',#3034,1.734314575051E1);
#3036=CARTESIAN_POINT('',(1.125E1,8.671572875253E0,6.8E0));
#3037=LINE('',#3036,#3035);
#3038=DIRECTION('',(0.E0,0.E0,-1.E0));
#3039=VECTOR('',#3038,1.6E0);
#3040=CARTESIAN_POINT('',(1.125E1,-8.671572875253E0,6.8E0));
#3041=LINE('',#3040,#3039);
#3042=DIRECTION('',(0.E0,1.E0,0.E0));
#3043=VECTOR('',#3042,1.734314575051E1);
#3044=CARTESIAN_POINT('',(1.125E1,-8.671572875253E0,5.2E0));
#3045=LINE('',#3044,#3043);
#3046=DIRECTION('',(0.E0,0.E0,-1.E0));
#3047=VECTOR('',#3046,1.6E0);
#3048=CARTESIAN_POINT('',(1.125E1,8.671572875253E0,6.8E0));
#3049=LINE('',#3048,#3047);
#3050=CARTESIAN_POINT('',(1.325E1,-8.671572875254E0,6.8E0));
#3051=DIRECTION('',(0.E0,0.E0,1.E0));
#3052=DIRECTION('',(-1.E0,0.E0,0.E0));
#3053=AXIS2_PLACEMENT_3D('',#3050,#3051,#3052);
#3055=CARTESIAN_POINT('',(1.325E1,-8.671572875254E0,5.2E0));
#3056=DIRECTION('',(0.E0,0.E0,-1.E0));
#3057=DIRECTION('',(-7.071067811865E-1,-7.071067811865E-1,0.E0));
#3058=AXIS2_PLACEMENT_3D('',#3055,#3056,#3057);
#3060=DIRECTION('',(-2.171406241553E-6,-2.171414324637E-6,9.999999999953E-1));
#3061=VECTOR('',#3060,1.219241086240E0);
#3062=CARTESIAN_POINT('',(1.381066017178E1,1.206066017178E1,5.2E0));
#3063=LINE('',#3062,#3061);
#3064=CARTESIAN_POINT('',(1.289142120156E1,1.114142120156E1,6.799999980971E0));
#3065=CARTESIAN_POINT('',(1.294570070142E1,1.119570070142E1,6.799999993773E0));
#3066=CARTESIAN_POINT('',(1.305178444987E1,1.130178444987E1,6.793251112430E0));
#3067=CARTESIAN_POINT('',(1.320477851125E1,1.145477851125E1,6.764808880744E0));
#3068=CARTESIAN_POINT('',(1.334777165915E1,1.159777165915E1,6.720000866410E0));
#3069=CARTESIAN_POINT('',(1.347039736075E1,1.172039736075E1,6.666406579143E0));
#3070=CARTESIAN_POINT('',(1.358777898360E1,1.183777898360E1,6.600697338826E0));
#3071=CARTESIAN_POINT('',(1.370410380872E1,1.195410380873E1,6.518059221686E0));
#3072=CARTESIAN_POINT('',(1.377591113934E1,1.202591113933E1,6.453987155303E0));
#3073=CARTESIAN_POINT('',(1.381065752431E1,1.206065752430E1,6.419241086234E0));
#3075=DIRECTION('',(-7.071067811865E-1,-7.071067811865E-1,1.274639994614E-8));
#3076=VECTOR('',#3075,1.492893000065E0);
#3077=CARTESIAN_POINT('',(1.289142120156E1,1.114142120156E1,6.799999980971E0));
#3078=LINE('',#3077,#3076);
#3079=DIRECTION('',(-4.041211809636E-13,-4.041211809636E-13,-1.E0));
#3080=VECTOR('',#3079,1.6E0);
#3081=CARTESIAN_POINT('',(1.183578643763E1,1.008578643763E1,6.8E0));
#3082=LINE('',#3081,#3080);
#3083=DIRECTION('',(7.071067811865E-1,7.071067811865E-1,0.E0));
#3084=VECTOR('',#3083,2.792893218813E0);
#3085=CARTESIAN_POINT('',(1.183578643763E1,1.008578643763E1,5.2E0));
#3086=LINE('',#3085,#3084);
#3087=CARTESIAN_POINT('',(1.487132034356E1,-1.25E1,5.5E0));
#3088=CARTESIAN_POINT('',(1.481764579456E1,-1.249999715836E1,5.561928215169E0));
#3089=CARTESIAN_POINT('',(1.471341898249E1,-1.249218408344E1,5.682195964913E0));
#3090=CARTESIAN_POINT('',(1.457173220089E1,-1.246277674472E1,5.845677842825E0));
#3091=CARTESIAN_POINT('',(1.443291755834E1,-1.241524566199E1,6.005849638700E0));
#3092=CARTESIAN_POINT('',(1.430646055922E1,-1.235412593198E1,6.151761304420E0));
#3093=CARTESIAN_POINT('',(1.418097078926E1,-1.227480269712E1,6.296556928726E0));
#3094=CARTESIAN_POINT('',(1.405943847926E1,-1.217565496165E1,6.436786987386E0));
#3095=CARTESIAN_POINT('',(1.398665941134E1,-1.210055622585E1,6.520763371866E0));
#3096=CARTESIAN_POINT('',(1.395208452591E1,-1.206066340452E1,6.560656938993E0));
#3098=CARTESIAN_POINT('',(1.381065571367E1,-1.206065571365E1,6.419242968040E0));
#3099=CARTESIAN_POINT('',(1.385055907296E1,-1.210055907304E1,6.384659636433E0));
#3100=CARTESIAN_POINT('',(1.393453238206E1,-1.217565364057E1,6.311882466697E0));
#3101=CARTESIAN_POINT('',(1.407476366424E1,-1.227480304367E1,6.190349374026E0));
#3102=CARTESIAN_POINT('',(1.421955896785E1,-1.235412583697E1,6.064859826287E0));
#3103=CARTESIAN_POINT('',(1.436547072361E1,-1.241524568729E1,5.938402773479E0));
#3104=CARTESIAN_POINT('',(1.452564249461E1,-1.246277673765E1,5.799588144522E0));
#3105=CARTESIAN_POINT('',(1.468912438032E1,-1.249218408545E1,5.657901360451E0));
#3106=CARTESIAN_POINT('',(1.480939212839E1,-1.249999715836E1,5.553674549002E0));
#3107=CARTESIAN_POINT('',(1.487132034356E1,-1.25E1,5.5E0));
#3109=DIRECTION('',(1.E0,0.E0,0.E0));
#3110=VECTOR('',#3109,9.786796564404E-1);
#3111=CARTESIAN_POINT('',(1.487132034356E1,-1.25E1,0.E0));
#3112=LINE('',#3111,#3110);
#3113=DIRECTION('',(0.E0,0.E0,-1.E0));
#3114=VECTOR('',#3113,5.5E0);
#3115=CARTESIAN_POINT('',(1.487132034356E1,-1.25E1,5.5E0));
#3116=LINE('',#3115,#3114);
#3117=DIRECTION('',(-1.E0,-7.845120679524E-8,5.322229957958E-12));
#3118=VECTOR('',#3117,1.178679656440E0);
#3119=CARTESIAN_POINT('',(1.605E1,-1.249999990753E1,5.499999999994E0));
#3120=LINE('',#3119,#3118);
#3121=CARTESIAN_POINT('',(-1.145E1,-8.671572875254E0,5.2E0));
#3122=DIRECTION('',(0.E0,-1.E0,0.E0));
#3123=DIRECTION('',(0.E0,0.E0,-1.E0));
#3124=AXIS2_PLACEMENT_3D('',#3121,#3122,#3123);
#3126=CARTESIAN_POINT('',(-1.145E1,8.671572875254E0,5.2E0));
#3127=DIRECTION('',(0.E0,-1.E0,0.E0));
#3128=DIRECTION('',(0.E0,0.E0,-1.E0));
#3129=AXIS2_PLACEMENT_3D('',#3126,#3127,#3128);
#3131=CARTESIAN_POINT('',(-1.487132034356E1,1.25E1,5.5E0));
#3132=CARTESIAN_POINT('',(-1.481764579456E1,1.249999715836E1,5.561928215169E0));
#3133=CARTESIAN_POINT('',(-1.471341898249E1,1.249218408344E1,5.682195964913E0));
#3134=CARTESIAN_POINT('',(-1.457173220089E1,1.246277674472E1,5.845677842825E0));
#3135=CARTESIAN_POINT('',(-1.443291755834E1,1.241524566199E1,6.005849638700E0));
#3136=CARTESIAN_POINT('',(-1.430646055922E1,1.235412593198E1,6.151761304420E0));
#3137=CARTESIAN_POINT('',(-1.418097078926E1,1.227480269712E1,6.296556928726E0));
#3138=CARTESIAN_POINT('',(-1.405943847926E1,1.217565496165E1,6.436786987386E0));
#3139=CARTESIAN_POINT('',(-1.398665941134E1,1.210055622585E1,6.520763371866E0));
#3140=CARTESIAN_POINT('',(-1.395208452591E1,1.206066340452E1,6.560656938993E0));
#3142=CARTESIAN_POINT('',(-1.381065571367E1,1.206065571365E1,6.419242968040E0));
#3143=CARTESIAN_POINT('',(-1.385055907296E1,1.210055907304E1,6.384659636433E0));
#3144=CARTESIAN_POINT('',(-1.393453238206E1,1.217565364057E1,6.311882466697E0));
#3145=CARTESIAN_POINT('',(-1.407476366424E1,1.227480304367E1,6.190349374026E0));
#3146=CARTESIAN_POINT('',(-1.421955896785E1,1.235412583697E1,6.064859826287E0));
#3147=CARTESIAN_POINT('',(-1.436547072361E1,1.241524568729E1,5.938402773480E0));
#3148=CARTESIAN_POINT('',(-1.452564249461E1,1.246277673765E1,5.799588144522E0));
#3149=CARTESIAN_POINT('',(-1.468912438032E1,1.249218408545E1,5.657901360451E0));
#3150=CARTESIAN_POINT('',(-1.480939212839E1,1.249999715836E1,5.553674549002E0));
#3151=CARTESIAN_POINT('',(-1.487132034356E1,1.25E1,5.5E0));
#3153=CARTESIAN_POINT('',(4.4E0,2.46E1,-6.E0));
#3154=CARTESIAN_POINT('',(4.376292763126E0,2.462370723687E1,-6.E0));
#3155=CARTESIAN_POINT('',(4.329803844805E0,2.467019615520E1,-6.004168261319E0));
#3156=CARTESIAN_POINT('',(4.263054686384E0,2.473694531362E1,-6.022126325661E0));
#3157=CARTESIAN_POINT('',(4.202645619349E0,2.479735438065E1,-6.050063918805E0));
#3158=CARTESIAN_POINT('',(4.150235435712E0,2.484976456429E1,-6.085555777823E0));
#3159=CARTESIAN_POINT('',(4.106510287926E0,2.489348971207E1,-6.126173443923E0));
#3160=CARTESIAN_POINT('',(4.071219961473E0,2.492878003853E1,-6.170015207539E0));
#3161=CARTESIAN_POINT('',(4.043921009490E0,2.495607899051E1,-6.215361686321E0));
#3162=CARTESIAN_POINT('',(4.023658892076E0,2.497634110792E1,-6.261516095732E0));
#3163=CARTESIAN_POINT('',(4.009773966730E0,2.499022603327E1,-6.307920776134E0));
#3164=CARTESIAN_POINT('',(4.001723073657E0,2.499827692634E1,-6.354228446248E0));
#3165=CARTESIAN_POINT('',(4.E0,2.5E1,-6.384867789288E0));
#3166=CARTESIAN_POINT('',(4.E0,2.5E1,-6.4E0));
#3168=CARTESIAN_POINT('',(1.275E1,2.46E1,-6.E0));
#3169=CARTESIAN_POINT('',(1.275E1,2.461513221071E1,-6.E0));
#3170=CARTESIAN_POINT('',(1.275172307366E1,2.464577155375E1,-6.001723073657E0));
#3171=CARTESIAN_POINT('',(1.275977396673E1,2.469207922387E1,-6.009773966730E0));
#3172=CARTESIAN_POINT('',(1.277365889208E1,2.473848390427E1,-6.023658892076E0));
#3173=CARTESIAN_POINT('',(1.279392100949E1,2.478463831368E1,-6.043921009490E0));
#3174=CARTESIAN_POINT('',(1.282121996147E1,2.482998479246E1,-6.071219961473E0));
#3175=CARTESIAN_POINT('',(1.285651028793E1,2.487382655608E1,-6.106510287926E0));
#3176=CARTESIAN_POINT('',(1.290023543571E1,2.491444422218E1,-6.150235435712E0));
#3177=CARTESIAN_POINT('',(1.295264561935E1,2.494993608119E1,-6.202645619349E0));
#3178=CARTESIAN_POINT('',(1.301305468638E1,2.497787367434E1,-6.263054686384E0));
#3179=CARTESIAN_POINT('',(1.307980384480E1,2.499583173868E1,-6.329803844805E0));
#3180=CARTESIAN_POINT('',(1.312629276313E1,2.5E1,-6.376292763126E0));
#3181=CARTESIAN_POINT('',(1.315E1,2.5E1,-6.4E0));
#3183=CARTESIAN_POINT('',(1.315E1,2.46E1,-3.4E0));
#3184=DIRECTION('',(0.E0,0.E0,1.E0));
#3185=DIRECTION('',(0.E0,1.E0,0.E0));
#3186=AXIS2_PLACEMENT_3D('',#3183,#3184,#3185);
#3188=DIRECTION('',(0.E0,1.E0,0.E0));
#3189=VECTOR('',#3188,1.12E1);
#3190=CARTESIAN_POINT('',(1.275E1,1.34E1,-6.E0));
#3191=LINE('',#3190,#3189);
#3192=DIRECTION('',(0.E0,0.E0,1.E0));
#3193=VECTOR('',#3192,2.6E0);
#3194=CARTESIAN_POINT('',(1.275E1,2.46E1,-6.E0));
#3195=LINE('',#3194,#3193);
#3196=DIRECTION('',(0.E0,1.E0,0.E0));
#3197=VECTOR('',#3196,1.12E1);
#3198=CARTESIAN_POINT('',(1.275E1,1.34E1,-3.4E0));
#3199=LINE('',#3198,#3197);
#3200=DIRECTION('',(0.E0,0.E0,1.E0));
#3201=VECTOR('',#3200,2.6E0);
#3202=CARTESIAN_POINT('',(1.275E1,1.34E1,-6.E0));
#3203=LINE('',#3202,#3201);
#3204=CARTESIAN_POINT('',(1.275E1,1.34E1,-6.E0));
#3205=CARTESIAN_POINT('',(1.275E1,1.338486778929E1,-6.E0));
#3206=CARTESIAN_POINT('',(1.275172307366E1,1.335422844625E1,-6.001723073657E0));
#3207=CARTESIAN_POINT('',(1.275977396673E1,1.330792077613E1,-6.009773966730E0));
#3208=CARTESIAN_POINT('',(1.277365889208E1,1.326151609573E1,-6.023658892076E0));
#3209=CARTESIAN_POINT('',(1.279392100949E1,1.321536168632E1,-6.043921009490E0));
#3210=CARTESIAN_POINT('',(1.282121996147E1,1.317001520754E1,-6.071219961473E0));
#3211=CARTESIAN_POINT('',(1.285651028793E1,1.312617344392E1,-6.106510287926E0));
#3212=CARTESIAN_POINT('',(1.290023543571E1,1.308555577782E1,-6.150235435712E0));
#3213=CARTESIAN_POINT('',(1.295264561935E1,1.305006391881E1,-6.202645619349E0));
#3214=CARTESIAN_POINT('',(1.301305468638E1,1.302212632566E1,-6.263054686384E0));
#3215=CARTESIAN_POINT('',(1.307980384480E1,1.300416826132E1,-6.329803844805E0));
#3216=CARTESIAN_POINT('',(1.312629276313E1,1.3E1,-6.376292763126E0));
#3217=CARTESIAN_POINT('',(1.315E1,1.3E1,-6.4E0));
#3219=CARTESIAN_POINT('',(1.235E1,-1.34E1,-3.4E0));
#3220=DIRECTION('',(0.E0,-1.E0,0.E0));
#3221=DIRECTION('',(1.E0,0.E0,0.E0));
#3222=AXIS2_PLACEMENT_3D('',#3219,#3220,#3221);
#3224=CARTESIAN_POINT('',(1.315E1,-1.34E1,-3.4E0));
#3225=DIRECTION('',(0.E0,0.E0,1.E0));
#3226=DIRECTION('',(0.E0,1.E0,0.E0));
#3227=AXIS2_PLACEMENT_3D('',#3224,#3225,#3226);
#3229=CARTESIAN_POINT('',(4.4E0,-2.46E1,-8.6E0));
#3230=DIRECTION('',(0.E0,0.E0,-1.E0));
#3231=DIRECTION('',(0.E0,-1.E0,0.E0));
#3232=AXIS2_PLACEMENT_3D('',#3229,#3230,#3231);
#3234=CARTESIAN_POINT('',(4.4E0,-2.46E1,-8.6E0));
#3235=DIRECTION('',(-1.E0,0.E0,0.E0));
#3236=DIRECTION('',(0.E0,0.E0,-1.E0));
#3237=AXIS2_PLACEMENT_3D('',#3234,#3235,#3236);
#3239=CARTESIAN_POINT('',(4.4E0,-2.46E1,-8.6E0));
#3240=DIRECTION('',(0.E0,-1.E0,0.E0));
#3241=DIRECTION('',(-1.E0,0.E0,0.E0));
#3242=AXIS2_PLACEMENT_3D('',#3239,#3240,#3241);
#3244=CARTESIAN_POINT('',(-1.8E0,1.671736481777E1,9.940969245311E-1));
#3245=CARTESIAN_POINT('',(-1.8E0,1.68E1,8.956161492299E-1));
#3246=VERTEX_POINT('',#3244);
#3247=VERTEX_POINT('',#3245);
#3248=CARTESIAN_POINT('',(-1.6E0,1.675209445330E1,1.191058475134E0));
#3249=CARTESIAN_POINT('',(-1.6E0,1.7E1,8.956161492299E-1));
#3250=VERTEX_POINT('',#3248);
#3251=VERTEX_POINT('',#3249);
#3252=CARTESIAN_POINT('',(-1.8E0,1.513758939275E1,1.272653955422E0));
#3253=VERTEX_POINT('',#3252);
#3254=CARTESIAN_POINT('',(-1.6E0,1.517231902828E1,1.469615506024E0));
#3255=VERTEX_POINT('',#3254);
#3256=CARTESIAN_POINT('',(-1.8E0,1.482502267295E1,1.3E0));
#3257=VERTEX_POINT('',#3256);
#3258=CARTESIAN_POINT('',(-1.6E0,1.482502267295E1,1.5E0));
#3259=VERTEX_POINT('',#3258);
#3260=CARTESIAN_POINT('',(-1.8E0,-1.482502267295E1,1.3E0));
#3261=VERTEX_POINT('',#3260);
#3262=CARTESIAN_POINT('',(-1.6E0,-1.482502267295E1,1.5E0));
#3263=VERTEX_POINT('',#3262);
#3264=CARTESIAN_POINT('',(-1.8E0,-1.513758939275E1,1.272653955422E0));
#3265=VERTEX_POINT('',#3264);
#3266=CARTESIAN_POINT('',(-1.6E0,-1.517231902828E1,1.469615506024E0));
#3267=VERTEX_POINT('',#3266);
#3268=CARTESIAN_POINT('',(-1.8E0,-1.671736481777E1,9.940969245311E-1));
#3269=VERTEX_POINT('',#3268);
#3270=CARTESIAN_POINT('',(-1.6E0,-1.675209445297E1,1.191058475192E0));
#3271=VERTEX_POINT('',#3270);
#3272=CARTESIAN_POINT('',(-1.8E0,-1.68E1,8.956161492299E-1));
#3273=VERTEX_POINT('',#3272);
#3274=CARTESIAN_POINT('',(-1.6E0,-1.7E1,8.956161492299E-1));
#3275=VERTEX_POINT('',#3274);
#3276=CARTESIAN_POINT('',(1.8E0,-1.671736481777E1,9.940969245311E-1));
#3277=CARTESIAN_POINT('',(1.8E0,-1.68E1,8.956161492299E-1));
#3278=VERTEX_POINT('',#3276);
#3279=VERTEX_POINT('',#3277);
#3280=CARTESIAN_POINT('',(1.6E0,-1.675209445330E1,1.191058475134E0));
#3281=CARTESIAN_POINT('',(1.6E0,-1.7E1,8.956161492299E-1));
#3282=VERTEX_POINT('',#3280);
#3283=VERTEX_POINT('',#3281);
#3284=CARTESIAN_POINT('',(1.8E0,-1.513758939275E1,1.272653955422E0));
#3285=VERTEX_POINT('',#3284);
#3286=CARTESIAN_POINT('',(1.6E0,-1.517231902828E1,1.469615506024E0));
#3287=VERTEX_POINT('',#3286);
#3288=CARTESIAN_POINT('',(1.8E0,-1.482502267295E1,1.3E0));
#3289=VERTEX_POINT('',#3288);
#3290=CARTESIAN_POINT('',(1.6E0,-1.482502267295E1,1.5E0));
#3291=VERTEX_POINT('',#3290);
#3292=CARTESIAN_POINT('',(1.8E0,1.482502267295E1,1.3E0));
#3293=VERTEX_POINT('',#3292);
#3294=CARTESIAN_POINT('',(1.6E0,1.482502267295E1,1.5E0));
#3295=VERTEX_POINT('',#3294);
#3296=CARTESIAN_POINT('',(1.8E0,1.513758939275E1,1.272653955422E0));
#3297=VERTEX_POINT('',#3296);
#3298=CARTESIAN_POINT('',(1.6E0,1.517231902828E1,1.469615506024E0));
#3299=VERTEX_POINT('',#3298);
#3300=CARTESIAN_POINT('',(1.8E0,1.671736481777E1,9.940969245311E-1));
#3301=VERTEX_POINT('',#3300);
#3302=CARTESIAN_POINT('',(1.6E0,1.675209445297E1,1.191058475192E0));
#3303=VERTEX_POINT('',#3302);
#3304=CARTESIAN_POINT('',(1.8E0,1.68E1,8.956161492299E-1));
#3305=VERTEX_POINT('',#3304);
#3306=CARTESIAN_POINT('',(1.6E0,1.7E1,8.956161492299E-1));
#3307=VERTEX_POINT('',#3306);
#3308=CARTESIAN_POINT('',(1.197720779386E1,9.944365081390E0,7.E0));
#3309=CARTESIAN_POINT('',(1.145E1,8.671572875254E0,7.E0));
#3310=VERTEX_POINT('',#3308);
#3311=VERTEX_POINT('',#3309);
#3312=CARTESIAN_POINT('',(1.183578643763E1,1.008578643763E1,6.8E0));
#3313=CARTESIAN_POINT('',(1.125E1,8.671572875254E0,6.8E0));
#3314=VERTEX_POINT('',#3312);
#3315=VERTEX_POINT('',#3313);
#3316=CARTESIAN_POINT('',(1.145E1,-8.671572875254E0,7.E0));
#3317=VERTEX_POINT('',#3316);
#3318=CARTESIAN_POINT('',(1.125E1,-8.671572875253E0,6.8E0));
#3319=VERTEX_POINT('',#3318);
#3320=CARTESIAN_POINT('',(1.197720779386E1,-9.944365081390E0,7.E0));
#3321=VERTEX_POINT('',#3320);
#3322=CARTESIAN_POINT('',(1.183578643763E1,-1.008578643763E1,6.8E0));
#3323=VERTEX_POINT('',#3322);
#3324=CARTESIAN_POINT('',(-1.197720779386E1,-9.944365081390E0,7.E0));
#3325=CARTESIAN_POINT('',(-1.145E1,-8.671572875254E0,7.E0));
#3326=VERTEX_POINT('',#3324);
#3327=VERTEX_POINT('',#3325);
#3328=CARTESIAN_POINT('',(-1.183578643763E1,-1.008578643763E1,6.8E0));
#3329=CARTESIAN_POINT('',(-1.125E1,-8.671572875254E0,6.8E0));
#3330=VERTEX_POINT('',#3328);
#3331=VERTEX_POINT('',#3329);
#3332=CARTESIAN_POINT('',(-1.145E1,8.671572875254E0,7.E0));
#3333=VERTEX_POINT('',#3332);
#3334=CARTESIAN_POINT('',(-1.125E1,8.671572875253E0,6.8E0));
#3335=VERTEX_POINT('',#3334);
#3336=CARTESIAN_POINT('',(-1.197720779386E1,9.944365081390E0,7.E0));
#3337=VERTEX_POINT('',#3336);
#3338=CARTESIAN_POINT('',(-1.183578643763E1,1.008578643763E1,6.8E0));
#3339=VERTEX_POINT('',#3338);
#3340=CARTESIAN_POINT('',(1.197720779386E1,9.944365081390E0,5.E0));
#3341=CARTESIAN_POINT('',(1.405E1,1.201715728753E1,5.000000005593E0));
#3342=VERTEX_POINT('',#3340);
#3343=VERTEX_POINT('',#3341);
#3344=CARTESIAN_POINT('',(1.145E1,8.671572875254E0,5.E0));
#3345=VERTEX_POINT('',#3344);
#3346=CARTESIAN_POINT('',(1.125E1,8.671572875254E0,5.2E0));
#3347=CARTESIAN_POINT('',(1.183578643763E1,1.008578643763E1,5.2E0));
#3348=VERTEX_POINT('',#3346);
#3349=VERTEX_POINT('',#3347);
#3350=CARTESIAN_POINT('',(1.145E1,-8.671572875254E0,5.E0));
#3351=VERTEX_POINT('',#3350);
#3352=CARTESIAN_POINT('',(1.125E1,-8.671572875253E0,5.2E0));
#3353=VERTEX_POINT('',#3352);
#3354=CARTESIAN_POINT('',(1.197720779386E1,-9.944365081390E0,5.E0));
#3355=VERTEX_POINT('',#3354);
#3356=CARTESIAN_POINT('',(1.183578643763E1,-1.008578643763E1,5.2E0));
#3357=VERTEX_POINT('',#3356);
#3358=CARTESIAN_POINT('',(1.405E1,-1.201715728753E1,5.000000003032E0));
#3359=VERTEX_POINT('',#3358);
#3360=CARTESIAN_POINT('',(-1.197720779386E1,-9.944365081390E0,5.E0));
#3361=CARTESIAN_POINT('',(-1.405E1,-1.201715728753E1,5.000000005593E0));
#3362=VERTEX_POINT('',#3360);
#3363=VERTEX_POINT('',#3361);
#3364=CARTESIAN_POINT('',(-1.145E1,-8.671572875254E0,5.E0));
#3365=VERTEX_POINT('',#3364);
#3366=CARTESIAN_POINT('',(-1.125E1,-8.671572875254E0,5.2E0));
#3367=CARTESIAN_POINT('',(-1.183578643763E1,-1.008578643763E1,5.2E0));
#3368=VERTEX_POINT('',#3366);
#3369=VERTEX_POINT('',#3367);
#3370=CARTESIAN_POINT('',(-1.145E1,8.671572875254E0,5.E0));
#3371=VERTEX_POINT('',#3370);
#3372=CARTESIAN_POINT('',(-1.125E1,8.671572875253E0,5.2E0));
#3373=VERTEX_POINT('',#3372);
#3374=CARTESIAN_POINT('',(-1.197720779386E1,9.944365081390E0,5.E0));
#3375=VERTEX_POINT('',#3374);
#3376=CARTESIAN_POINT('',(-1.183578643763E1,1.008578643763E1,5.2E0));
#3377=VERTEX_POINT('',#3376);
#3378=CARTESIAN_POINT('',(-1.405E1,1.201715728753E1,5.000000003032E0));
#3379=VERTEX_POINT('',#3378);
#3380=CARTESIAN_POINT('',(-1.425E1,-1.23E1,4.8E0));
#3381=CARTESIAN_POINT('',(-1.425E1,1.23E1,4.8E0));
#3382=VERTEX_POINT('',#3380);
#3383=VERTEX_POINT('',#3381);
#3384=CARTESIAN_POINT('',(1.425E1,1.23E1,4.8E0));
#3385=CARTESIAN_POINT('',(1.425E1,-1.23E1,4.8E0));
#3386=VERTEX_POINT('',#3384);
#3387=VERTEX_POINT('',#3385);
#3388=CARTESIAN_POINT('',(1.419142135624E1,1.23E1,4.941421356237E0));
#3389=VERTEX_POINT('',#3388);
#3390=VERTEX_POINT('',#2950);
#3391=CARTESIAN_POINT('',(-1.419142135624E1,-1.23E1,4.941421356237E0));
#3392=VERTEX_POINT('',#3391);
#3393=VERTEX_POINT('',#2433);
#3394=VERTEX_POINT('',#2514);
#3395=VERTEX_POINT('',#2545);
#3396=VERTEX_POINT('',#2494);
#3397=VERTEX_POINT('',#2466);
#3398=CARTESIAN_POINT('',(-1.381065752431E1,-1.206065752430E1,
6.419241086234E0));
#3399=VERTEX_POINT('',#3398);
#3400=CARTESIAN_POINT('',(-1.605E1,-1.249999988457E1,5.499999999988E0));
#3401=CARTESIAN_POINT('',(-1.487132034356E1,-1.25E1,5.5E0));
#3402=VERTEX_POINT('',#3400);
#3403=VERTEX_POINT('',#3401);
#3404=CARTESIAN_POINT('',(-1.475E1,-1.1E1,7.E0));
#3405=CARTESIAN_POINT('',(-1.303284273396E1,-1.099999999250E1,
6.999999998211E0));
#3406=VERTEX_POINT('',#3404);
#3407=VERTEX_POINT('',#3405);
#3408=CARTESIAN_POINT('',(-1.475E1,1.1E1,7.E0));
#3409=CARTESIAN_POINT('',(-1.303284275049E1,1.099999998673E1,7.000000006443E0));
#3410=VERTEX_POINT('',#3408);
#3411=VERTEX_POINT('',#3409);
#3412=CARTESIAN_POINT('',(-1.605E1,1.249999990753E1,5.499999999994E0));
#3413=CARTESIAN_POINT('',(-1.487132034356E1,1.25E1,5.5E0));
#3414=VERTEX_POINT('',#3412);
#3415=VERTEX_POINT('',#3413);
#3416=VERTEX_POINT('',#2440);
#3417=VERTEX_POINT('',#2447);
#3418=VERTEX_POINT('',#2413);
#3419=VERTEX_POINT('',#2400);
#3420=CARTESIAN_POINT('',(-1.381065571367E1,1.206065571365E1,6.419242968040E0));
#3421=VERTEX_POINT('',#3420);
#3422=VERTEX_POINT('',#2367);
#3423=CARTESIAN_POINT('',(-1.289142135596E1,-1.114142135596E1,
6.799999990485E0));
#3424=VERTEX_POINT('',#3423);
#3425=VERTEX_POINT('',#2672);
#3426=VERTEX_POINT('',#2703);
#3427=VERTEX_POINT('',#2900);
#3428=VERTEX_POINT('',#2872);
#3429=CARTESIAN_POINT('',(1.381065752431E1,1.206065752430E1,6.419241086234E0));
#3430=VERTEX_POINT('',#3429);
#3431=CARTESIAN_POINT('',(1.605E1,1.249999988457E1,5.499999999988E0));
#3432=CARTESIAN_POINT('',(1.487132034356E1,1.25E1,5.5E0));
#3433=VERTEX_POINT('',#3431);
#3434=VERTEX_POINT('',#3432);
#3435=CARTESIAN_POINT('',(1.475E1,1.1E1,7.E0));
#3436=CARTESIAN_POINT('',(1.303284273396E1,1.099999999250E1,6.999999998211E0));
#3437=VERTEX_POINT('',#3435);
#3438=VERTEX_POINT('',#3436);
#3439=CARTESIAN_POINT('',(1.475E1,-1.1E1,7.E0));
#3440=CARTESIAN_POINT('',(1.303284275049E1,-1.099999998673E1,7.000000006443E0));
#3441=VERTEX_POINT('',#3439);
#3442=VERTEX_POINT('',#3440);
#3443=CARTESIAN_POINT('',(1.605E1,-1.249999990753E1,5.499999999994E0));
#3444=CARTESIAN_POINT('',(1.487132034356E1,-1.25E1,5.5E0));
#3445=VERTEX_POINT('',#3443);
#3446=VERTEX_POINT('',#3444);
#3447=VERTEX_POINT('',#2957);
#3448=VERTEX_POINT('',#2964);
#3449=VERTEX_POINT('',#2930);
#3450=VERTEX_POINT('',#3007);
#3451=CARTESIAN_POINT('',(1.381065571367E1,-1.206065571365E1,6.419242968040E0));
#3452=VERTEX_POINT('',#3451);
#3453=VERTEX_POINT('',#2824);
#3454=CARTESIAN_POINT('',(1.289142135596E1,1.114142135596E1,6.799999990486E0));
#3455=VERTEX_POINT('',#3454);
#3456=CARTESIAN_POINT('',(-1.395207974658E1,1.206065807723E1,6.560662266324E0));
#3457=VERTEX_POINT('',#3456);
#3458=CARTESIAN_POINT('',(1.395207974658E1,-1.206065807723E1,6.560662266324E0));
#3459=VERTEX_POINT('',#3458);
#3460=CARTESIAN_POINT('',(-1.395208152784E1,-1.206066017160E1,
6.560660171959E0));
#3461=VERTEX_POINT('',#3460);
#3462=CARTESIAN_POINT('',(1.395208152784E1,1.206066017160E1,6.560660171959E0));
#3463=VERTEX_POINT('',#3462);
#3464=CARTESIAN_POINT('',(-1.624999986692E1,1.23E1,5.499999999986E0));
#3465=CARTESIAN_POINT('',(-1.624999991892E1,-1.23E1,5.499999999995E0));
#3466=VERTEX_POINT('',#3464);
#3467=VERTEX_POINT('',#3465);
#3468=CARTESIAN_POINT('',(1.624999986692E1,-1.23E1,5.499999999986E0));
#3469=CARTESIAN_POINT('',(1.624999991892E1,1.23E1,5.499999999995E0));
#3470=VERTEX_POINT('',#3468);
#3471=VERTEX_POINT('',#3469);
#3472=CARTESIAN_POINT('',(-1.6E0,-1.7E1,0.E0));
#3473=CARTESIAN_POINT('',(1.6E0,-1.7E1,0.E0));
#3474=VERTEX_POINT('',#3472);
#3475=VERTEX_POINT('',#3473);
#3476=CARTESIAN_POINT('',(1.8E0,-1.68E1,0.E0));
#3477=CARTESIAN_POINT('',(1.8E0,1.68E1,0.E0));
#3478=VERTEX_POINT('',#3476);
#3479=VERTEX_POINT('',#3477);
#3480=CARTESIAN_POINT('',(1.6E0,1.7E1,0.E0));
#3481=CARTESIAN_POINT('',(-1.6E0,1.7E1,0.E0));
#3482=VERTEX_POINT('',#3480);
#3483=VERTEX_POINT('',#3481);
#3484=CARTESIAN_POINT('',(-1.8E0,1.68E1,0.E0));
#3485=CARTESIAN_POINT('',(-1.8E0,-1.68E1,0.E0));
#3486=VERTEX_POINT('',#3484);
#3487=VERTEX_POINT('',#3485);
#3488=CARTESIAN_POINT('',(-1.425E1,-1.23E1,0.E0));
#3489=CARTESIAN_POINT('',(-1.425E1,1.23E1,0.E0));
#3490=VERTEX_POINT('',#3488);
#3491=VERTEX_POINT('',#3489);
#3492=CARTESIAN_POINT('',(1.425E1,1.23E1,0.E0));
#3493=CARTESIAN_POINT('',(1.425E1,-1.23E1,0.E0));
#3494=VERTEX_POINT('',#3492);
#3495=VERTEX_POINT('',#3493);
#3496=CARTESIAN_POINT('',(1.426308309182E1,1.237114822160E1,0.E0));
#3497=VERTEX_POINT('',#3496);
#3498=CARTESIAN_POINT('',(-1.426308309182E1,1.237114822160E1,0.E0));
#3499=VERTEX_POINT('',#3498);
#3500=CARTESIAN_POINT('',(-1.426308309182E1,-1.237114822160E1,0.E0));
#3501=VERTEX_POINT('',#3500);
#3502=CARTESIAN_POINT('',(1.426308309182E1,-1.237114822160E1,0.E0));
#3503=VERTEX_POINT('',#3502);
#3504=CARTESIAN_POINT('',(-1.487132034356E1,1.25E1,0.E0));
#3505=VERTEX_POINT('',#3504);
#3506=CARTESIAN_POINT('',(-1.487132034356E1,-1.25E1,0.E0));
#3507=VERTEX_POINT('',#3506);
#3508=CARTESIAN_POINT('',(1.487132034356E1,-1.25E1,0.E0));
#3509=VERTEX_POINT('',#3508);
#3510=CARTESIAN_POINT('',(1.487132034356E1,1.25E1,0.E0));
#3511=VERTEX_POINT('',#3510);
#3512=CARTESIAN_POINT('',(-1.585E1,7.4E0,-3.E0));
#3513=CARTESIAN_POINT('',(1.585E1,7.4E0,-3.E0));
#3514=VERTEX_POINT('',#3512);
#3515=VERTEX_POINT('',#3513);
#3516=CARTESIAN_POINT('',(-1.585E1,7.E0,-3.4E0));
#3517=CARTESIAN_POINT('',(1.585E1,7.E0,-3.4E0));
#3518=VERTEX_POINT('',#3516);
#3519=VERTEX_POINT('',#3517);
#3520=CARTESIAN_POINT('',(1.585E1,-7.4E0,-3.E0));
#3521=CARTESIAN_POINT('',(-1.585E1,-7.4E0,-3.E0));
#3522=VERTEX_POINT('',#3520);
#3523=VERTEX_POINT('',#3521);
#3524=CARTESIAN_POINT('',(1.585E1,-7.E0,-3.4E0));
#3525=CARTESIAN_POINT('',(-1.585E1,-7.E0,-3.4E0));
#3526=VERTEX_POINT('',#3524);
#3527=VERTEX_POINT('',#3525);
#3528=CARTESIAN_POINT('',(1.585E1,-7.E0,-7.6E0));
#3529=CARTESIAN_POINT('',(-1.585E1,-7.E0,-7.6E0));
#3530=VERTEX_POINT('',#3528);
#3531=VERTEX_POINT('',#3529);
#3532=CARTESIAN_POINT('',(1.585E1,-6.6E0,-8.E0));
#3533=CARTESIAN_POINT('',(-1.585E1,-6.6E0,-8.E0));
#3534=VERTEX_POINT('',#3532);
#3535=VERTEX_POINT('',#3533);
#3536=CARTESIAN_POINT('',(-1.585E1,7.E0,-7.6E0));
#3537=CARTESIAN_POINT('',(1.585E1,7.E0,-7.6E0));
#3538=VERTEX_POINT('',#3536);
#3539=VERTEX_POINT('',#3537);
#3540=CARTESIAN_POINT('',(-1.585E1,6.6E0,-8.E0));
#3541=CARTESIAN_POINT('',(1.585E1,6.6E0,-8.E0));
#3542=VERTEX_POINT('',#3540);
#3543=VERTEX_POINT('',#3541);
#3544=CARTESIAN_POINT('',(1.235E1,-2.5E1,-2.6E0));
#3545=CARTESIAN_POINT('',(-1.235E1,-2.5E1,-2.6E0));
#3546=VERTEX_POINT('',#3544);
#3547=VERTEX_POINT('',#3545);
#3548=CARTESIAN_POINT('',(1.235E1,-2.46E1,-3.E0));
#3549=CARTESIAN_POINT('',(-1.235E1,-2.46E1,-3.E0));
#3550=VERTEX_POINT('',#3548);
#3551=VERTEX_POINT('',#3549);
#3552=CARTESIAN_POINT('',(-1.235E1,2.5E1,-2.6E0));
#3553=CARTESIAN_POINT('',(1.235E1,2.5E1,-2.6E0));
#3554=VERTEX_POINT('',#3552);
#3555=VERTEX_POINT('',#3553);
#3556=CARTESIAN_POINT('',(-1.235E1,2.46E1,-3.E0));
#3557=CARTESIAN_POINT('',(1.235E1,2.46E1,-3.E0));
#3558=VERTEX_POINT('',#3556);
#3559=VERTEX_POINT('',#3557);
#3560=CARTESIAN_POINT('',(1.275E1,-1.34E1,-6.E0));
#3561=CARTESIAN_POINT('',(4.4E0,-1.34E1,-6.E0));
#3562=VERTEX_POINT('',#3560);
#3563=VERTEX_POINT('',#3561);
#3564=CARTESIAN_POINT('',(1.315E1,-1.3E1,-6.4E0));
#3565=CARTESIAN_POINT('',(4.E0,-1.3E1,-6.4E0));
#3566=VERTEX_POINT('',#3564);
#3567=VERTEX_POINT('',#3565);
#3568=CARTESIAN_POINT('',(4.4E0,-2.46E1,-6.E0));
#3569=VERTEX_POINT('',#3568);
#3570=CARTESIAN_POINT('',(4.E0,-2.46E1,-6.4E0));
#3571=VERTEX_POINT('',#3570);
#3572=CARTESIAN_POINT('',(4.4E0,-2.5E1,-6.4E0));
#3573=CARTESIAN_POINT('',(1.315E1,-2.5E1,-6.4E0));
#3574=VERTEX_POINT('',#3572);
#3575=VERTEX_POINT('',#3573);
#3576=CARTESIAN_POINT('',(1.275E1,-2.46E1,-6.E0));
#3577=VERTEX_POINT('',#3576);
#3578=CARTESIAN_POINT('',(1.585E1,-1.3E1,-7.999999999835E0));
#3579=CARTESIAN_POINT('',(1.585E1,-1.3E1,-3.E0));
#3580=VERTEX_POINT('',#3578);
#3581=VERTEX_POINT('',#3579);
#3582=CARTESIAN_POINT('',(1.625E1,-1.34E1,-7.999999999999E0));
#3583=CARTESIAN_POINT('',(1.625E1,-1.34E1,-2.6E0));
#3584=VERTEX_POINT('',#3582);
#3585=VERTEX_POINT('',#3583);
#3586=CARTESIAN_POINT('',(1.525E1,-1.34E1,-9.E0));
#3587=VERTEX_POINT('',#3586);
#3588=CARTESIAN_POINT('',(1.525E1,-1.3E1,-8.6E0));
#3589=VERTEX_POINT('',#3588);
#3590=CARTESIAN_POINT('',(4.4E0,-1.34E1,-9.E0));
#3591=VERTEX_POINT('',#3590);
#3592=CARTESIAN_POINT('',(4.E0,-1.3E1,-8.6E0));
#3593=VERTEX_POINT('',#3592);
#3594=CARTESIAN_POINT('',(4.4E0,-2.46E1,-9.E0));
#3595=VERTEX_POINT('',#3594);
#3596=CARTESIAN_POINT('',(4.E0,-2.46E1,-8.6E0));
#3597=VERTEX_POINT('',#3596);
#3598=CARTESIAN_POINT('',(1.625E1,-2.46E1,-8.000000000201E0));
#3599=CARTESIAN_POINT('',(1.625E1,-2.46E1,-4.E-1));
#3600=VERTEX_POINT('',#3598);
#3601=VERTEX_POINT('',#3599);
#3602=CARTESIAN_POINT('',(1.585E1,-2.5E1,-8.E0));
#3603=CARTESIAN_POINT('',(1.585E1,-2.5E1,-4.E-1));
#3604=VERTEX_POINT('',#3602);
#3605=VERTEX_POINT('',#3603);
#3606=CARTESIAN_POINT('',(1.525E1,-2.5E1,-8.6E0));
#3607=VERTEX_POINT('',#3606);
#3608=CARTESIAN_POINT('',(1.525E1,-2.46E1,-9.E0));
#3609=VERTEX_POINT('',#3608);
#3610=CARTESIAN_POINT('',(4.4E0,-2.5E1,-8.6E0));
#3611=VERTEX_POINT('',#3610);
#3612=CARTESIAN_POINT('',(-1.585E1,-2.5E1,-7.999999999835E0));
#3613=CARTESIAN_POINT('',(-1.585E1,-2.5E1,-4.E-1));
#3614=VERTEX_POINT('',#3612);
#3615=VERTEX_POINT('',#3613);
#3616=CARTESIAN_POINT('',(-1.625E1,-2.46E1,-7.999999999999E0));
#3617=CARTESIAN_POINT('',(-1.625E1,-2.46E1,-4.E-1));
#3618=VERTEX_POINT('',#3616);
#3619=VERTEX_POINT('',#3617);
#3620=CARTESIAN_POINT('',(-1.525E1,-2.46E1,-9.E0));
#3621=VERTEX_POINT('',#3620);
#3622=CARTESIAN_POINT('',(-1.525E1,-2.5E1,-8.6E0));
#3623=VERTEX_POINT('',#3622);
#3624=CARTESIAN_POINT('',(-4.4E0,-2.46E1,-9.E0));
#3625=VERTEX_POINT('',#3624);
#3626=CARTESIAN_POINT('',(-4.4E0,-2.5E1,-8.6E0));
#3627=VERTEX_POINT('',#3626);
#3628=CARTESIAN_POINT('',(-4.4E0,-1.34E1,-9.E0));
#3629=VERTEX_POINT('',#3628);
#3630=CARTESIAN_POINT('',(-4.E0,-1.3E1,-8.6E0));
#3631=CARTESIAN_POINT('',(-4.E0,-2.46E1,-8.6E0));
#3632=VERTEX_POINT('',#3630);
#3633=VERTEX_POINT('',#3631);
#3634=CARTESIAN_POINT('',(-1.625E1,-1.34E1,-8.000000000201E0));
#3635=CARTESIAN_POINT('',(-1.625E1,-1.34E1,-2.6E0));
#3636=VERTEX_POINT('',#3634);
#3637=VERTEX_POINT('',#3635);
#3638=CARTESIAN_POINT('',(-1.585E1,-1.3E1,-8.E0));
#3639=CARTESIAN_POINT('',(-1.585E1,-1.3E1,-3.E0));
#3640=VERTEX_POINT('',#3638);
#3641=VERTEX_POINT('',#3639);
#3642=CARTESIAN_POINT('',(-1.525E1,-1.3E1,-8.6E0));
#3643=VERTEX_POINT('',#3642);
#3644=CARTESIAN_POINT('',(-1.525E1,-1.34E1,-9.E0));
#3645=VERTEX_POINT('',#3644);
#3646=CARTESIAN_POINT('',(-1.275E1,-2.46E1,-6.E0));
#3647=CARTESIAN_POINT('',(-4.4E0,-2.46E1,-6.E0));
#3648=VERTEX_POINT('',#3646);
#3649=VERTEX_POINT('',#3647);
#3650=CARTESIAN_POINT('',(-1.315E1,-2.5E1,-6.4E0));
#3651=CARTESIAN_POINT('',(-4.4E0,-2.5E1,-6.4E0));
#3652=VERTEX_POINT('',#3650);
#3653=VERTEX_POINT('',#3651);
#3654=CARTESIAN_POINT('',(-4.E0,-2.46E1,-6.4E0));
#3655=CARTESIAN_POINT('',(-4.E0,-1.3E1,-6.4E0));
#3656=VERTEX_POINT('',#3654);
#3657=VERTEX_POINT('',#3655);
#3658=CARTESIAN_POINT('',(-4.4E0,-1.34E1,-6.E0));
#3659=VERTEX_POINT('',#3658);
#3660=CARTESIAN_POINT('',(-1.315E1,-1.3E1,-6.4E0));
#3661=VERTEX_POINT('',#3660);
#3662=CARTESIAN_POINT('',(-1.275E1,-1.34E1,-6.E0));
#3663=VERTEX_POINT('',#3662);
#3664=CARTESIAN_POINT('',(-1.585E1,1.3E1,-7.999999999835E0));
#3665=CARTESIAN_POINT('',(-1.585E1,1.3E1,-3.E0));
#3666=VERTEX_POINT('',#3664);
#3667=VERTEX_POINT('',#3665);
#3668=CARTESIAN_POINT('',(-1.625E1,1.34E1,-7.999999999999E0));
#3669=CARTESIAN_POINT('',(-1.625E1,1.34E1,-2.6E0));
#3670=VERTEX_POINT('',#3668);
#3671=VERTEX_POINT('',#3669);
#3672=CARTESIAN_POINT('',(-1.525E1,1.34E1,-9.E0));
#3673=VERTEX_POINT('',#3672);
#3674=CARTESIAN_POINT('',(-1.525E1,1.3E1,-8.6E0));
#3675=VERTEX_POINT('',#3674);
#3676=CARTESIAN_POINT('',(-4.4E0,1.34E1,-9.E0));
#3677=VERTEX_POINT('',#3676);
#3678=CARTESIAN_POINT('',(-4.4E0,1.3E1,-8.6E0));
#3679=VERTEX_POINT('',#3678);
#3680=CARTESIAN_POINT('',(-4.4E0,2.46E1,-9.E0));
#3681=VERTEX_POINT('',#3680);
#3682=CARTESIAN_POINT('',(-4.E0,2.5E1,-8.6E0));
#3683=CARTESIAN_POINT('',(-4.E0,1.34E1,-8.6E0));
#3684=VERTEX_POINT('',#3682);
#3685=VERTEX_POINT('',#3683);
#3686=CARTESIAN_POINT('',(-1.275E1,1.34E1,-6.E0));
#3687=CARTESIAN_POINT('',(-4.4E0,1.34E1,-6.E0));
#3688=VERTEX_POINT('',#3686);
#3689=VERTEX_POINT('',#3687);
#3690=CARTESIAN_POINT('',(-1.315E1,1.3E1,-6.4E0));
#3691=CARTESIAN_POINT('',(-4.4E0,1.3E1,-6.4E0));
#3692=VERTEX_POINT('',#3690);
#3693=VERTEX_POINT('',#3691);
#3694=CARTESIAN_POINT('',(-4.4E0,2.46E1,-6.E0));
#3695=VERTEX_POINT('',#3694);
#3696=CARTESIAN_POINT('',(-4.E0,1.34E1,-6.4E0));
#3697=CARTESIAN_POINT('',(-4.E0,2.5E1,-6.4E0));
#3698=VERTEX_POINT('',#3696);
#3699=VERTEX_POINT('',#3697);
#3700=CARTESIAN_POINT('',(-1.315E1,2.5E1,-6.4E0));
#3701=VERTEX_POINT('',#3700);
#3702=CARTESIAN_POINT('',(-1.275E1,2.46E1,-6.E0));
#3703=VERTEX_POINT('',#3702);
#3704=CARTESIAN_POINT('',(4.E0,1.34E1,-8.6E0));
#3705=CARTESIAN_POINT('',(4.E0,2.5E1,-8.6E0));
#3706=VERTEX_POINT('',#3704);
#3707=VERTEX_POINT('',#3705);
#3708=CARTESIAN_POINT('',(4.4E0,1.34E1,-9.E0));
#3709=CARTESIAN_POINT('',(4.4E0,2.46E1,-9.E0));
#3710=VERTEX_POINT('',#3708);
#3711=VERTEX_POINT('',#3709);
#3712=CARTESIAN_POINT('',(1.275E1,2.46E1,-6.E0));
#3713=CARTESIAN_POINT('',(4.4E0,2.46E1,-6.E0));
#3714=VERTEX_POINT('',#3712);
#3715=VERTEX_POINT('',#3713);
#3716=CARTESIAN_POINT('',(1.315E1,2.5E1,-6.4E0));
#3717=CARTESIAN_POINT('',(4.E0,2.5E1,-6.4E0));
#3718=VERTEX_POINT('',#3716);
#3719=VERTEX_POINT('',#3717);
#3720=CARTESIAN_POINT('',(4.E0,1.34E1,-6.4E0));
#3721=VERTEX_POINT('',#3720);
#3722=CARTESIAN_POINT('',(4.4E0,1.34E1,-6.E0));
#3723=VERTEX_POINT('',#3722);
#3724=CARTESIAN_POINT('',(4.4E0,1.3E1,-6.4E0));
#3725=CARTESIAN_POINT('',(1.315E1,1.3E1,-6.4E0));
#3726=VERTEX_POINT('',#3724);
#3727=VERTEX_POINT('',#3725);
#3728=CARTESIAN_POINT('',(1.275E1,1.34E1,-6.E0));
#3729=VERTEX_POINT('',#3728);
#3730=CARTESIAN_POINT('',(-1.304282032303E1,1.3E1,-3.E0));
#3731=VERTEX_POINT('',#3730);
#3732=CARTESIAN_POINT('',(1.304282032303E1,-1.3E1,-3.E0));
#3733=VERTEX_POINT('',#3732);
#3734=CARTESIAN_POINT('',(-1.304282032303E1,-1.3E1,-3.E0));
#3735=VERTEX_POINT('',#3734);
#3736=CARTESIAN_POINT('',(-1.625E1,2.46E1,-7.999999999999E0));
#3737=VERTEX_POINT('',#3736);
#3738=CARTESIAN_POINT('',(-1.525E1,2.46E1,-9.E0));
#3739=VERTEX_POINT('',#3738);
#3740=CARTESIAN_POINT('',(-1.275E1,2.46E1,-3.4E0));
#3741=VERTEX_POINT('',#3740);
#3742=CARTESIAN_POINT('',(-1.315E1,2.5E1,-3.4E0));
#3743=VERTEX_POINT('',#3742);
#3744=CARTESIAN_POINT('',(-1.625E1,2.46E1,-4.E-1));
#3745=CARTESIAN_POINT('',(-1.625E1,1.23E1,-4.E-1));
#3746=VERTEX_POINT('',#3744);
#3747=VERTEX_POINT('',#3745);
#3748=CARTESIAN_POINT('',(-1.585E1,2.46E1,0.E0));
#3749=CARTESIAN_POINT('',(-1.585E1,1.25E1,0.E0));
#3750=VERTEX_POINT('',#3748);
#3751=VERTEX_POINT('',#3749);
#3752=CARTESIAN_POINT('',(1.585E1,1.25E1,0.E0));
#3753=CARTESIAN_POINT('',(1.585E1,2.46E1,0.E0));
#3754=VERTEX_POINT('',#3752);
#3755=VERTEX_POINT('',#3753);
#3756=CARTESIAN_POINT('',(1.625E1,1.23E1,-4.E-1));
#3757=CARTESIAN_POINT('',(1.625E1,2.46E1,-4.E-1));
#3758=VERTEX_POINT('',#3756);
#3759=VERTEX_POINT('',#3757);
#3760=CARTESIAN_POINT('',(1.625E1,6.6E0,-7.6E0));
#3761=CARTESIAN_POINT('',(1.625E1,-6.6E0,-7.6E0));
#3762=VERTEX_POINT('',#3760);
#3763=VERTEX_POINT('',#3761);
#3764=CARTESIAN_POINT('',(1.275E1,-2.46E1,-3.4E0));
#3765=VERTEX_POINT('',#3764);
#3766=CARTESIAN_POINT('',(1.315E1,-2.5E1,-3.4E0));
#3767=VERTEX_POINT('',#3766);
#3768=CARTESIAN_POINT('',(1.625E1,-1.23E1,-4.E-1));
#3769=VERTEX_POINT('',#3768);
#3770=CARTESIAN_POINT('',(1.585E1,-2.46E1,0.E0));
#3771=CARTESIAN_POINT('',(1.585E1,-1.25E1,0.E0));
#3772=VERTEX_POINT('',#3770);
#3773=VERTEX_POINT('',#3771);
#3774=CARTESIAN_POINT('',(-1.585E1,-1.25E1,0.E0));
#3775=CARTESIAN_POINT('',(-1.585E1,-2.46E1,0.E0));
#3776=VERTEX_POINT('',#3774);
#3777=VERTEX_POINT('',#3775);
#3778=CARTESIAN_POINT('',(-1.625E1,-1.23E1,-4.E-1));
#3779=VERTEX_POINT('',#3778);
#3780=CARTESIAN_POINT('',(1.625E1,-7.4E0,-2.6E0));
#3781=VERTEX_POINT('',#3780);
#3782=CARTESIAN_POINT('',(1.315E1,-1.3E1,-3.4E0));
#3783=VERTEX_POINT('',#3782);
#3784=CARTESIAN_POINT('',(1.275E1,-1.34E1,-3.4E0));
#3785=VERTEX_POINT('',#3784);
#3786=CARTESIAN_POINT('',(1.235E1,-1.34E1,-3.E0));
#3787=VERTEX_POINT('',#3786);
#3788=CARTESIAN_POINT('',(-1.315E1,-2.5E1,-3.4E0));
#3789=VERTEX_POINT('',#3788);
#3790=CARTESIAN_POINT('',(-1.275E1,-2.46E1,-3.4E0));
#3791=VERTEX_POINT('',#3790);
#3792=CARTESIAN_POINT('',(-1.235E1,-1.34E1,-3.E0));
#3793=VERTEX_POINT('',#3792);
#3794=CARTESIAN_POINT('',(-1.275E1,-1.34E1,-3.4E0));
#3795=VERTEX_POINT('',#3794);
#3796=CARTESIAN_POINT('',(-1.315E1,-1.3E1,-3.4E0));
#3797=VERTEX_POINT('',#3796);
#3798=CARTESIAN_POINT('',(-1.625E1,-7.4E0,-2.6E0));
#3799=VERTEX_POINT('',#3798);
#3800=CARTESIAN_POINT('',(-1.625E1,-6.6E0,-7.6E0));
#3801=CARTESIAN_POINT('',(-1.625E1,-6.6E0,-3.4E0));
#3802=VERTEX_POINT('',#3800);
#3803=VERTEX_POINT('',#3801);
#3804=CARTESIAN_POINT('',(1.625E1,-6.6E0,-3.4E0));
#3805=VERTEX_POINT('',#3804);
#3806=CARTESIAN_POINT('',(-1.625E1,6.6E0,-7.6E0));
#3807=VERTEX_POINT('',#3806);
#3808=CARTESIAN_POINT('',(-1.625E1,7.4E0,-2.6E0));
#3809=VERTEX_POINT('',#3808);
#3810=CARTESIAN_POINT('',(-1.625E1,6.6E0,-3.4E0));
#3811=VERTEX_POINT('',#3810);
#3812=CARTESIAN_POINT('',(1.625E1,6.6E0,-3.4E0));
#3813=VERTEX_POINT('',#3812);
#3814=CARTESIAN_POINT('',(1.625E1,1.34E1,-2.6E0));
#3815=CARTESIAN_POINT('',(1.625E1,7.4E0,-2.6E0));
#3816=VERTEX_POINT('',#3814);
#3817=VERTEX_POINT('',#3815);
#3818=CARTESIAN_POINT('',(1.585E1,1.3E1,-3.E0));
#3819=VERTEX_POINT('',#3818);
#3820=CARTESIAN_POINT('',(4.4E0,1.3E1,-8.6E0));
#3821=CARTESIAN_POINT('',(1.525E1,1.3E1,-8.6E0));
#3822=VERTEX_POINT('',#3820);
#3823=VERTEX_POINT('',#3821);
#3824=CARTESIAN_POINT('',(1.525000000021E1,1.34E1,-9.E0));
#3825=VERTEX_POINT('',#3824);
#3826=CARTESIAN_POINT('',(1.585E1,1.3E1,-8.E0));
#3827=VERTEX_POINT('',#3826);
#3828=CARTESIAN_POINT('',(1.625E1,1.34E1,-8.E0));
#3829=VERTEX_POINT('',#3828);
#3830=CARTESIAN_POINT('',(1.525E1,2.46E1,-9.E0));
#3831=VERTEX_POINT('',#3830);
#3832=CARTESIAN_POINT('',(1.524999999983E1,2.5E1,-8.6E0));
#3833=VERTEX_POINT('',#3832);
#3834=CARTESIAN_POINT('',(1.625E1,2.46E1,-8.E0));
#3835=VERTEX_POINT('',#3834);
#3836=CARTESIAN_POINT('',(1.585E1,2.5E1,-8.E0));
#3837=VERTEX_POINT('',#3836);
#3838=CARTESIAN_POINT('',(1.585E1,2.5E1,-4.E-1));
#3839=VERTEX_POINT('',#3838);
#3840=CARTESIAN_POINT('',(-1.585E1,2.5E1,-4.E-1));
#3841=VERTEX_POINT('',#3840);
#3842=CARTESIAN_POINT('',(-1.524999999983E1,2.5E1,-8.6E0));
#3843=VERTEX_POINT('',#3842);
#3844=CARTESIAN_POINT('',(-1.585E1,2.5E1,-8.E0));
#3845=VERTEX_POINT('',#3844);
#3846=CARTESIAN_POINT('',(-1.315E1,1.3E1,-3.4E0));
#3847=VERTEX_POINT('',#3846);
#3848=CARTESIAN_POINT('',(-1.275E1,1.34E1,-3.4E0));
#3849=VERTEX_POINT('',#3848);
#3850=CARTESIAN_POINT('',(-1.235E1,1.34E1,-3.E0));
#3851=VERTEX_POINT('',#3850);
#3852=CARTESIAN_POINT('',(1.315E1,2.5E1,-3.4E0));
#3853=VERTEX_POINT('',#3852);
#3854=CARTESIAN_POINT('',(1.275E1,2.46E1,-3.4E0));
#3855=VERTEX_POINT('',#3854);
#3856=CARTESIAN_POINT('',(1.275E1,1.34E1,-3.4E0));
#3857=VERTEX_POINT('',#3856);
#3858=CARTESIAN_POINT('',(1.315E1,1.3E1,-3.4E0));
#3859=VERTEX_POINT('',#3858);
#3860=CARTESIAN_POINT('',(1.235E1,1.34E1,-3.E0));
#3861=VERTEX_POINT('',#3860);
#3862=CARTESIAN_POINT('',(1.304282032303E1,1.3E1,-3.E0));
#3863=VERTEX_POINT('',#3862);
#3864=VERTEX_POINT('',#2097);
#3865=CARTESIAN_POINT('',(1.605E1,-1.25E1,-5.358983848622E-2));
#3866=VERTEX_POINT('',#3865);
#3867=VERTEX_POINT('',#1917);
#3868=CARTESIAN_POINT('',(-1.605E1,1.25E1,-5.358983848622E-2));
#3869=VERTEX_POINT('',#3868);
#3870=CARTESIAN_POINT('',(0.E0,0.E0,7.E0));
#3871=DIRECTION('',(0.E0,0.E0,1.E0));
#3872=DIRECTION('',(1.E0,0.E0,0.E0));
#3873=AXIS2_PLACEMENT_3D('',#3870,#3871,#3872);
#3874=PLANE('',#3873);
#3876=ORIENTED_EDGE('',*,*,#3875,.F.);
#3878=ORIENTED_EDGE('',*,*,#3877,.F.);
#3880=ORIENTED_EDGE('',*,*,#3879,.T.);
#3882=ORIENTED_EDGE('',*,*,#3881,.F.);
#3884=ORIENTED_EDGE('',*,*,#3883,.F.);
#3886=ORIENTED_EDGE('',*,*,#3885,.F.);
#3888=ORIENTED_EDGE('',*,*,#3887,.F.);
#3890=ORIENTED_EDGE('',*,*,#3889,.F.);
#3891=EDGE_LOOP('',(#3876,#3878,#3880,#3882,#3884,#3886,#3888,#3890));
#3892=FACE_OUTER_BOUND('',#3891,.F.);
#3893=ADVANCED_FACE('',(#3892),#3874,.T.);
#3894=CARTESIAN_POINT('',(0.E0,0.E0,7.E0));
#3895=DIRECTION('',(0.E0,0.E0,1.E0));
#3896=DIRECTION('',(1.E0,0.E0,0.E0));
#3897=AXIS2_PLACEMENT_3D('',#3894,#3895,#3896);
#3898=PLANE('',#3897);
#3900=ORIENTED_EDGE('',*,*,#3899,.F.);
#3902=ORIENTED_EDGE('',*,*,#3901,.F.);
#3904=ORIENTED_EDGE('',*,*,#3903,.T.);
#3906=ORIENTED_EDGE('',*,*,#3905,.F.);
#3908=ORIENTED_EDGE('',*,*,#3907,.F.);
#3910=ORIENTED_EDGE('',*,*,#3909,.F.);
#3912=ORIENTED_EDGE('',*,*,#3911,.F.);
#3914=ORIENTED_EDGE('',*,*,#3913,.F.);
#3915=EDGE_LOOP('',(#3900,#3902,#3904,#3906,#3908,#3910,#3912,#3914));
#3916=FACE_OUTER_BOUND('',#3915,.F.);
#3917=ADVANCED_FACE('',(#3916),#3898,.T.);
#3918=CARTESIAN_POINT('',(-5.8617E1,-1.1E1,5.5E0));
#3919=DIRECTION('',(1.E0,0.E0,0.E0));
#3920=DIRECTION('',(0.E0,0.E0,1.E0));
#3921=AXIS2_PLACEMENT_3D('',#3918,#3919,#3920);
#3922=CYLINDRICAL_SURFACE('',#3921,1.5E0);
#3924=ORIENTED_EDGE('',*,*,#3923,.F.);
#3926=ORIENTED_EDGE('',*,*,#3925,.T.);
#3927=ORIENTED_EDGE('',*,*,#3875,.T.);
#3929=ORIENTED_EDGE('',*,*,#3928,.T.);
#3931=ORIENTED_EDGE('',*,*,#3930,.T.);
#3932=EDGE_LOOP('',(#3924,#3926,#3927,#3929,#3931));
#3933=FACE_OUTER_BOUND('',#3932,.F.);
#3934=ADVANCED_FACE('',(#3933),#3922,.T.);
#3935=CARTESIAN_POINT('',(-1.625E1,-1.25E1,0.E0));
#3936=DIRECTION('',(0.E0,-1.E0,0.E0));
#3937=DIRECTION('',(1.E0,0.E0,0.E0));
#3938=AXIS2_PLACEMENT_3D('',#3935,#3936,#3937);
#3939=PLANE('',#3938);
#3941=ORIENTED_EDGE('',*,*,#3940,.F.);
#3943=ORIENTED_EDGE('',*,*,#3942,.F.);
#3945=ORIENTED_EDGE('',*,*,#3944,.T.);
#3946=ORIENTED_EDGE('',*,*,#3923,.T.);
#3948=ORIENTED_EDGE('',*,*,#3947,.F.);
#3949=EDGE_LOOP('',(#3941,#3943,#3945,#3946,#3948));
#3950=FACE_OUTER_BOUND('',#3949,.F.);
#3951=ADVANCED_FACE('',(#3950),#3939,.T.);
#3952=CARTESIAN_POINT('',(0.E0,0.E0,0.E0));
#3953=DIRECTION('',(0.E0,0.E0,1.E0));
#3954=DIRECTION('',(1.E0,0.E0,0.E0));
#3955=AXIS2_PLACEMENT_3D('',#3952,#3953,#3954);
#3956=PLANE('',#3955);
#3958=ORIENTED_EDGE('',*,*,#3957,.F.);
#3960=ORIENTED_EDGE('',*,*,#3959,.F.);
#3962=ORIENTED_EDGE('',*,*,#3961,.F.);
#3964=ORIENTED_EDGE('',*,*,#3963,.T.);
#3966=ORIENTED_EDGE('',*,*,#3965,.T.);
#3968=ORIENTED_EDGE('',*,*,#3967,.F.);
#3970=ORIENTED_EDGE('',*,*,#3969,.T.);
#3972=ORIENTED_EDGE('',*,*,#3971,.F.);
#3974=ORIENTED_EDGE('',*,*,#3973,.F.);
#3976=ORIENTED_EDGE('',*,*,#3975,.T.);
#3978=ORIENTED_EDGE('',*,*,#3977,.F.);
#3980=ORIENTED_EDGE('',*,*,#3979,.F.);
#3982=ORIENTED_EDGE('',*,*,#3981,.F.);
#3983=ORIENTED_EDGE('',*,*,#3940,.T.);
#3985=ORIENTED_EDGE('',*,*,#3984,.T.);
#3987=ORIENTED_EDGE('',*,*,#3986,.F.);
#3989=ORIENTED_EDGE('',*,*,#3988,.T.);
#3991=ORIENTED_EDGE('',*,*,#3990,.F.);
#3993=ORIENTED_EDGE('',*,*,#3992,.F.);
#3995=ORIENTED_EDGE('',*,*,#3994,.T.);
#3996=EDGE_LOOP('',(#3958,#3960,#3962,#3964,#3966,#3968,#3970,#3972,#3974,#3976,
#3978,#3980,#3982,#3983,#3985,#3987,#3989,#3991,#3993,#3995));
#3997=FACE_OUTER_BOUND('',#3996,.F.);
#3999=ORIENTED_EDGE('',*,*,#3998,.T.);
#4001=ORIENTED_EDGE('',*,*,#4000,.F.);
#4003=ORIENTED_EDGE('',*,*,#4002,.T.);
#4005=ORIENTED_EDGE('',*,*,#4004,.T.);
#4007=ORIENTED_EDGE('',*,*,#4006,.T.);
#4009=ORIENTED_EDGE('',*,*,#4008,.F.);
#4011=ORIENTED_EDGE('',*,*,#4010,.T.);
#4013=ORIENTED_EDGE('',*,*,#4012,.T.);
#4014=EDGE_LOOP('',(#3999,#4001,#4003,#4005,#4007,#4009,#4011,#4013));
#4015=FACE_BOUND('',#4014,.F.);
#4016=ADVANCED_FACE('',(#3997,#4015),#3956,.T.);
#4017=CARTESIAN_POINT('',(-1.8E0,-1.7E1,0.E0));
#4018=DIRECTION('',(0.E0,-1.E0,0.E0));
#4019=DIRECTION('',(1.E0,0.E0,0.E0));
#4020=AXIS2_PLACEMENT_3D('',#4017,#4018,#4019);
#4021=PLANE('',#4020);
#4022=ORIENTED_EDGE('',*,*,#3998,.F.);
#4024=ORIENTED_EDGE('',*,*,#4023,.T.);
#4026=ORIENTED_EDGE('',*,*,#4025,.F.);
#4028=ORIENTED_EDGE('',*,*,#4027,.T.);
#4029=EDGE_LOOP('',(#4022,#4024,#4026,#4028));
#4030=FACE_OUTER_BOUND('',#4029,.F.);
#4031=ADVANCED_FACE('',(#4030),#4021,.T.);
#4032=CARTESIAN_POINT('',(-1.6E0,-1.68E1,-9.1252E0));
#4033=DIRECTION('',(0.E0,0.E0,1.E0));
#4034=DIRECTION('',(-1.E0,1.776356839400E-14,0.E0));
#4035=AXIS2_PLACEMENT_3D('',#4032,#4033,#4034);
#4036=CYLINDRICAL_SURFACE('',#4035,2.E-1);
#4037=ORIENTED_EDGE('',*,*,#4012,.F.);
#4039=ORIENTED_EDGE('',*,*,#4038,.T.);
#4041=ORIENTED_EDGE('',*,*,#4040,.T.);
#4042=ORIENTED_EDGE('',*,*,#4023,.F.);
#4043=EDGE_LOOP('',(#4037,#4039,#4041,#4042));
#4044=FACE_OUTER_BOUND('',#4043,.F.);
#4045=ADVANCED_FACE('',(#4044),#4036,.T.);
#4046=CARTESIAN_POINT('',(-1.8E0,1.7E1,0.E0));
#4047=DIRECTION('',(-1.E0,0.E0,0.E0));
#4048=DIRECTION('',(0.E0,-1.E0,0.E0));
#4049=AXIS2_PLACEMENT_3D('',#4046,#4047,#4048);
#4050=PLANE('',#4049);
#4051=ORIENTED_EDGE('',*,*,#4010,.F.);
#4053=ORIENTED_EDGE('',*,*,#4052,.F.);
#4055=ORIENTED_EDGE('',*,*,#4054,.F.);
#4057=ORIENTED_EDGE('',*,*,#4056,.F.);
#4059=ORIENTED_EDGE('',*,*,#4058,.F.);
#4061=ORIENTED_EDGE('',*,*,#4060,.F.);
#4063=ORIENTED_EDGE('',*,*,#4062,.F.);
#4065=ORIENTED_EDGE('',*,*,#4064,.F.);
#4067=ORIENTED_EDGE('',*,*,#4066,.F.);
#4068=ORIENTED_EDGE('',*,*,#4038,.F.);
#4069=EDGE_LOOP('',(#4051,#4053,#4055,#4057,#4059,#4061,#4063,#4065,#4067,
#4068));
#4070=FACE_OUTER_BOUND('',#4069,.F.);
#4071=ADVANCED_FACE('',(#4070),#4050,.T.);
#4072=CARTESIAN_POINT('',(-1.6E0,1.68E1,9.186969492299E-1));
#4073=DIRECTION('',(0.E0,0.E0,-1.E0));
#4074=DIRECTION('',(-1.E0,0.E0,0.E0));
#4075=AXIS2_PLACEMENT_3D('',#4072,#4073,#4074);
#4076=CYLINDRICAL_SURFACE('',#4075,2.E-1);
#4077=ORIENTED_EDGE('',*,*,#4008,.T.);
#4079=ORIENTED_EDGE('',*,*,#4078,.F.);
#4081=ORIENTED_EDGE('',*,*,#4080,.F.);
#4082=ORIENTED_EDGE('',*,*,#4052,.T.);
#4083=EDGE_LOOP('',(#4077,#4079,#4081,#4082));
#4084=FACE_OUTER_BOUND('',#4083,.F.);
#4085=ADVANCED_FACE('',(#4084),#4076,.T.);
#4086=CARTESIAN_POINT('',(1.8E0,1.7E1,0.E0));
#4087=DIRECTION('',(0.E0,1.E0,0.E0));
#4088=DIRECTION('',(-1.E0,0.E0,0.E0));
#4089=AXIS2_PLACEMENT_3D('',#4086,#4087,#4088);
#4090=PLANE('',#4089);
#4091=ORIENTED_EDGE('',*,*,#4006,.F.);
#4093=ORIENTED_EDGE('',*,*,#4092,.T.);
#4095=ORIENTED_EDGE('',*,*,#4094,.F.);
#4096=ORIENTED_EDGE('',*,*,#4078,.T.);
#4097=EDGE_LOOP('',(#4091,#4093,#4095,#4096));
#4098=FACE_OUTER_BOUND('',#4097,.F.);
#4099=ADVANCED_FACE('',(#4098),#4090,.T.);
#4100=CARTESIAN_POINT('',(1.6E0,1.68E1,-9.1252E0));
#4101=DIRECTION('',(0.E0,0.E0,1.E0));
#4102=DIRECTION('',(1.E0,-1.776356839400E-14,0.E0));
#4103=AXIS2_PLACEMENT_3D('',#4100,#4101,#4102);
#4104=CYLINDRICAL_SURFACE('',#4103,2.E-1);
#4105=ORIENTED_EDGE('',*,*,#4004,.F.);
#4107=ORIENTED_EDGE('',*,*,#4106,.T.);
#4109=ORIENTED_EDGE('',*,*,#4108,.T.);
#4110=ORIENTED_EDGE('',*,*,#4092,.F.);
#4111=EDGE_LOOP('',(#4105,#4107,#4109,#4110));
#4112=FACE_OUTER_BOUND('',#4111,.F.);
#4113=ADVANCED_FACE('',(#4112),#4104,.T.);
#4114=CARTESIAN_POINT('',(1.8E0,-1.7E1,0.E0));
#4115=DIRECTION('',(1.E0,0.E0,0.E0));
#4116=DIRECTION('',(0.E0,1.E0,0.E0));
#4117=AXIS2_PLACEMENT_3D('',#4114,#4115,#4116);
#4118=PLANE('',#4117);
#4119=ORIENTED_EDGE('',*,*,#4002,.F.);
#4121=ORIENTED_EDGE('',*,*,#4120,.F.);
#4123=ORIENTED_EDGE('',*,*,#4122,.F.);
#4125=ORIENTED_EDGE('',*,*,#4124,.F.);
#4127=ORIENTED_EDGE('',*,*,#4126,.F.);
#4129=ORIENTED_EDGE('',*,*,#4128,.F.);
#4131=ORIENTED_EDGE('',*,*,#4130,.F.);
#4133=ORIENTED_EDGE('',*,*,#4132,.F.);
#4135=ORIENTED_EDGE('',*,*,#4134,.F.);
#4136=ORIENTED_EDGE('',*,*,#4106,.F.);
#4137=EDGE_LOOP('',(#4119,#4121,#4123,#4125,#4127,#4129,#4131,#4133,#4135,
#4136));
#4138=FACE_OUTER_BOUND('',#4137,.F.);
#4139=ADVANCED_FACE('',(#4138),#4118,.T.);
#4140=CARTESIAN_POINT('',(1.6E0,-1.68E1,9.186969492299E-1));
#4141=DIRECTION('',(0.E0,0.E0,-1.E0));
#4142=DIRECTION('',(1.E0,0.E0,0.E0));
#4143=AXIS2_PLACEMENT_3D('',#4140,#4141,#4142);
#4144=CYLINDRICAL_SURFACE('',#4143,2.E-1);
#4145=ORIENTED_EDGE('',*,*,#4000,.T.);
#4146=ORIENTED_EDGE('',*,*,#4027,.F.);
#4148=ORIENTED_EDGE('',*,*,#4147,.F.);
#4149=ORIENTED_EDGE('',*,*,#4120,.T.);
#4150=EDGE_LOOP('',(#4145,#4146,#4148,#4149));
#4151=FACE_OUTER_BOUND('',#4150,.F.);
#4152=ADVANCED_FACE('',(#4151),#4144,.T.);
#4153=CARTESIAN_POINT('',(1.799640079203E0,-1.678737378060E1,
8.850802511325E-1));
#4154=CARTESIAN_POINT('',(1.807353308808E0,-1.691484475289E1,
8.697092649495E-1));
#4155=CARTESIAN_POINT('',(1.716401096345E0,-1.700514284261E1,
8.588207413555E-1));
#4156=CARTESIAN_POINT('',(1.588006719549E0,-1.699748508608E1,
8.597441458585E-1));
#4157=CARTESIAN_POINT('',(1.799640079203E0,-1.679387089427E1,
9.389605543292E-1));
#4158=CARTESIAN_POINT('',(1.807353308808E0,-1.693082060709E1,1.002196383467E0));
#4159=CARTESIAN_POINT('',(1.716401096345E0,-1.702783326208E1,1.046991480499E0));
#4160=CARTESIAN_POINT('',(1.588006719549E0,-1.701960607483E1,1.043192618885E0));
#4161=CARTESIAN_POINT('',(1.799640079203E0,-1.675898641594E1,
9.805342567160E-1));
#4162=CARTESIAN_POINT('',(1.807353308808E0,-1.684504261884E1,1.104422609165E0));
#4163=CARTESIAN_POINT('',(1.716401096345E0,-1.690600324846E1,1.192182836948E0));
#4164=CARTESIAN_POINT('',(1.588006719549E0,-1.690083346402E1,1.184740304560E0));
#4165=CARTESIAN_POINT('',(1.799640079203E0,-1.670479646367E1,
9.834920652820E-1));
#4166=CARTESIAN_POINT('',(1.807353308808E0,-1.671179409938E1,1.111695610815E0));
#4167=CARTESIAN_POINT('',(1.716401096345E0,-1.671675109567E1,1.202512641925E0));
#4168=CARTESIAN_POINT('',(1.588006719549E0,-1.671633071612E1,1.194810876415E0));
#4169=(BOUNDED_SURFACE()B_SPLINE_SURFACE(3,3,((#4153,#4154,#4155,#4156),(#4157,
#4158,#4159,#4160),(#4161,#4162,#4163,#4164),(#4165,#4166,#4167,#4168)),
.UNSPECIFIED.,.F.,.F.,.F.)B_SPLINE_SURFACE_WITH_KNOTS((4,4),(4,4),(0.E0,1.E0),(
0.E0,1.E0),.UNSPECIFIED.)GEOMETRIC_REPRESENTATION_ITEM()RATIONAL_B_SPLINE_SURFACE(((1.428303936305E0,1.107822641002E0,1.107822641002E0,1.428303936305E0),(
1.127010373216E0,8.741330023379E-1,8.741330023379E-1,1.127010373216E0),(
1.127010373216E0,8.741330023379E-1,8.741330023379E-1,1.127010373216E0),(
1.428303936305E0,1.107822641002E0,1.107822641002E0,1.428303936305E0)))REPRESENTATION_ITEM('')SURFACE());
#4170=ORIENTED_EDGE('',*,*,#4122,.T.);
#4171=ORIENTED_EDGE('',*,*,#4147,.T.);
#4173=ORIENTED_EDGE('',*,*,#4172,.F.);
#4175=ORIENTED_EDGE('',*,*,#4174,.F.);
#4176=EDGE_LOOP('',(#4170,#4171,#4173,#4175));
#4177=FACE_OUTER_BOUND('',#4176,.F.);
#4178=ADVANCED_FACE('',(#4177),#4169,.T.);
#4179=CARTESIAN_POINT('',(5.8617E1,-1.67E1,8.956161492299E-1));
#4180=DIRECTION('',(-1.E0,0.E0,0.E0));
#4181=DIRECTION('',(0.E0,-1.E0,0.E0));
#4182=AXIS2_PLACEMENT_3D('',#4179,#4180,#4181);
#4183=CYLINDRICAL_SURFACE('',#4182,3.E-1);
#4185=ORIENTED_EDGE('',*,*,#4184,.T.);
#4187=ORIENTED_EDGE('',*,*,#4186,.F.);
#4188=ORIENTED_EDGE('',*,*,#4172,.T.);
#4189=ORIENTED_EDGE('',*,*,#4025,.T.);
#4190=EDGE_LOOP('',(#4185,#4187,#4188,#4189));
#4191=FACE_OUTER_BOUND('',#4190,.F.);
#4192=ADVANCED_FACE('',(#4191),#4183,.T.);
#4193=CARTESIAN_POINT('',(-1.588006719549E0,-1.699748508608E1,
8.597441459155E-1));
#4194=CARTESIAN_POINT('',(-1.716401096345E0,-1.700514284261E1,
8.588207414140E-1));
#4195=CARTESIAN_POINT('',(-1.807353308808E0,-1.691484475290E1,
8.697092649907E-1));
#4196=CARTESIAN_POINT('',(-1.799640079203E0,-1.678737378061E1,
8.850802511493E-1));
#4197=CARTESIAN_POINT('',(-1.588006719549E0,-1.701960607487E1,
1.043192619546E0));
#4198=CARTESIAN_POINT('',(-1.716401096345E0,-1.702783326212E1,
1.046991481176E0));
#4199=CARTESIAN_POINT('',(-1.807353308808E0,-1.693082060713E1,
1.002196383944E0));
#4200=CARTESIAN_POINT('',(-1.799640079203E0,-1.679387089428E1,
9.389605545232E-1));
#4201=CARTESIAN_POINT('',(-1.588006719549E0,-1.690083346335E1,
1.184740305410E0));
#4202=CARTESIAN_POINT('',(-1.716401096345E0,-1.690600324777E1,
1.192182837820E0));
#4203=CARTESIAN_POINT('',(-1.807353308808E0,-1.684504261835E1,
1.104422609780E0));
#4204=CARTESIAN_POINT('',(-1.799640079203E0,-1.675898641574E1,
9.805342569657E-1));
#4205=CARTESIAN_POINT('',(-1.588006719549E0,-1.671633071480E1,
1.194810876487E0));
#4206=CARTESIAN_POINT('',(-1.716401096345E0,-1.671675109432E1,
1.202512641999E0));
#4207=CARTESIAN_POINT('',(-1.807353308808E0,-1.671179409843E1,
1.111695610867E0));
#4208=CARTESIAN_POINT('',(-1.799640079203E0,-1.670479646328E1,
9.834920653031E-1));
#4209=(BOUNDED_SURFACE()B_SPLINE_SURFACE(3,3,((#4193,#4194,#4195,#4196),(#4197,
#4198,#4199,#4200),(#4201,#4202,#4203,#4204),(#4205,#4206,#4207,#4208)),
.UNSPECIFIED.,.F.,.F.,.F.)B_SPLINE_SURFACE_WITH_KNOTS((4,4),(4,4),(0.E0,1.E0),(
0.E0,1.E0),.UNSPECIFIED.)GEOMETRIC_REPRESENTATION_ITEM()RATIONAL_B_SPLINE_SURFACE(((1.428303937607E0,1.107822642012E0,1.107822642012E0,1.428303937607E0),(
1.127010372782E0,8.741330020013E-1,8.741330020013E-1,1.127010372782E0),(
1.127010372782E0,8.741330020013E-1,8.741330020013E-1,1.127010372782E0),(
1.428303937607E0,1.107822642012E0,1.107822642012E0,1.428303937607E0)))REPRESENTATION_ITEM('')SURFACE());
#4210=ORIENTED_EDGE('',*,*,#4066,.T.);
#4212=ORIENTED_EDGE('',*,*,#4211,.T.);
#4213=ORIENTED_EDGE('',*,*,#4184,.F.);
#4214=ORIENTED_EDGE('',*,*,#4040,.F.);
#4215=EDGE_LOOP('',(#4210,#4212,#4213,#4214));
#4216=FACE_OUTER_BOUND('',#4215,.F.);
#4217=ADVANCED_FACE('',(#4216),#4209,.T.);
#4218=CARTESIAN_POINT('',(-1.6E0,-1.673887656440E1,9.903038231974E-1));
#4219=DIRECTION('',(0.E0,9.848077530122E-1,1.736481776669E-1));
#4220=DIRECTION('',(-1.E0,0.E0,0.E0));
#4221=AXIS2_PLACEMENT_3D('',#4218,#4219,#4220);
#4222=CYLINDRICAL_SURFACE('',#4221,2.E-1);
#4223=ORIENTED_EDGE('',*,*,#4064,.T.);
#4225=ORIENTED_EDGE('',*,*,#4224,.T.);
#4227=ORIENTED_EDGE('',*,*,#4226,.F.);
#4228=ORIENTED_EDGE('',*,*,#4211,.F.);
#4229=EDGE_LOOP('',(#4223,#4225,#4227,#4228));
#4230=FACE_OUTER_BOUND('',#4229,.F.);
#4231=ADVANCED_FACE('',(#4230),#4222,.T.);
#4232=CARTESIAN_POINT('',(-1.6E0,-1.482502267295E1,-5.E-1));
#4233=DIRECTION('',(1.E0,0.E0,0.E0));
#4234=DIRECTION('',(0.E0,-1.843934803775E-1,9.828525038856E-1));
#4235=AXIS2_PLACEMENT_3D('',#4232,#4233,#4234);
#4236=TOROIDAL_SURFACE('',#4235,1.8E0,2.E-1);
#4237=ORIENTED_EDGE('',*,*,#4062,.T.);
#4239=ORIENTED_EDGE('',*,*,#4238,.T.);
#4241=ORIENTED_EDGE('',*,*,#4240,.F.);
#4242=ORIENTED_EDGE('',*,*,#4224,.F.);
#4243=EDGE_LOOP('',(#4237,#4239,#4241,#4242));
#4244=FACE_OUTER_BOUND('',#4243,.F.);
#4245=ADVANCED_FACE('',(#4244),#4236,.T.);
#4246=CARTESIAN_POINT('',(-1.6E0,-1.483839307295E1,1.3E0));
#4247=DIRECTION('',(0.E0,1.E0,0.E0));
#4248=DIRECTION('',(-1.E0,0.E0,0.E0));
#4249=AXIS2_PLACEMENT_3D('',#4246,#4247,#4248);
#4250=CYLINDRICAL_SURFACE('',#4249,2.E-1);
#4251=ORIENTED_EDGE('',*,*,#4060,.T.);
#4253=ORIENTED_EDGE('',*,*,#4252,.T.);
#4255=ORIENTED_EDGE('',*,*,#4254,.F.);
#4256=ORIENTED_EDGE('',*,*,#4238,.F.);
#4257=EDGE_LOOP('',(#4251,#4253,#4255,#4256));
#4258=FACE_OUTER_BOUND('',#4257,.F.);
#4259=ADVANCED_FACE('',(#4258),#4250,.T.);
#4260=CARTESIAN_POINT('',(-1.6E0,1.482502267295E1,-5.E-1));
#4261=DIRECTION('',(-1.E0,0.E0,0.E0));
#4262=DIRECTION('',(0.E0,-7.688324254755E-3,9.999704443983E-1));
#4263=AXIS2_PLACEMENT_3D('',#4260,#4261,#4262);
#4264=TOROIDAL_SURFACE('',#4263,1.8E0,2.E-1);
#4265=ORIENTED_EDGE('',*,*,#4058,.T.);
#4267=ORIENTED_EDGE('',*,*,#4266,.T.);
#4269=ORIENTED_EDGE('',*,*,#4268,.F.);
#4270=ORIENTED_EDGE('',*,*,#4252,.F.);
#4271=EDGE_LOOP('',(#4265,#4267,#4269,#4270));
#4272=FACE_OUTER_BOUND('',#4271,.F.);
#4273=ADVANCED_FACE('',(#4272),#4264,.T.);
#4274=CARTESIAN_POINT('',(-1.6E0,1.512244620089E1,1.275324108720E0));
#4275=DIRECTION('',(0.E0,9.848077530122E-1,-1.736481776669E-1));
#4276=DIRECTION('',(-1.E0,0.E0,0.E0));
#4277=AXIS2_PLACEMENT_3D('',#4274,#4275,#4276);
#4278=CYLINDRICAL_SURFACE('',#4277,2.E-1);
#4279=ORIENTED_EDGE('',*,*,#4056,.T.);
#4281=ORIENTED_EDGE('',*,*,#4280,.T.);
#4283=ORIENTED_EDGE('',*,*,#4282,.F.);
#4284=ORIENTED_EDGE('',*,*,#4266,.F.);
#4285=EDGE_LOOP('',(#4279,#4281,#4283,#4284));
#4286=FACE_OUTER_BOUND('',#4285,.F.);
#4287=ADVANCED_FACE('',(#4286),#4278,.T.);
#4288=CARTESIAN_POINT('',(-1.799640079203E0,1.678737378060E1,
8.850802511325E-1));
#4289=CARTESIAN_POINT('',(-1.807353308808E0,1.691484475289E1,
8.697092649495E-1));
#4290=CARTESIAN_POINT('',(-1.716401096345E0,1.700514284261E1,
8.588207413555E-1));
#4291=CARTESIAN_POINT('',(-1.588006719549E0,1.699748508608E1,
8.597441458585E-1));
#4292=CARTESIAN_POINT('',(-1.799640079203E0,1.679387089427E1,
9.389605543292E-1));
#4293=CARTESIAN_POINT('',(-1.807353308808E0,1.693082060710E1,1.002196383467E0));
#4294=CARTESIAN_POINT('',(-1.716401096345E0,1.702783326208E1,1.046991480499E0));
#4295=CARTESIAN_POINT('',(-1.588006719549E0,1.701960607483E1,1.043192618885E0));
#4296=CARTESIAN_POINT('',(-1.799640079203E0,1.675898641594E1,
9.805342567160E-1));
#4297=CARTESIAN_POINT('',(-1.807353308808E0,1.684504261884E1,1.104422609165E0));
#4298=CARTESIAN_POINT('',(-1.716401096345E0,1.690600324846E1,1.192182836948E0));
#4299=CARTESIAN_POINT('',(-1.588006719549E0,1.690083346402E1,1.184740304560E0));
#4300=CARTESIAN_POINT('',(-1.799640079203E0,1.670479646367E1,
9.834920652820E-1));
#4301=CARTESIAN_POINT('',(-1.807353308808E0,1.671179409938E1,1.111695610815E0));
#4302=CARTESIAN_POINT('',(-1.716401096345E0,1.671675109567E1,1.202512641925E0));
#4303=CARTESIAN_POINT('',(-1.588006719549E0,1.671633071612E1,1.194810876415E0));
#4304=(BOUNDED_SURFACE()B_SPLINE_SURFACE(3,3,((#4288,#4289,#4290,#4291),(#4292,
#4293,#4294,#4295),(#4296,#4297,#4298,#4299),(#4300,#4301,#4302,#4303)),
.UNSPECIFIED.,.F.,.F.,.F.)B_SPLINE_SURFACE_WITH_KNOTS((4,4),(4,4),(0.E0,1.E0),(
0.E0,1.E0),.UNSPECIFIED.)GEOMETRIC_REPRESENTATION_ITEM()RATIONAL_B_SPLINE_SURFACE(((1.428303936305E0,1.107822641002E0,1.107822641002E0,1.428303936305E0),(
1.127010373216E0,8.741330023379E-1,8.741330023379E-1,1.127010373216E0),(
1.127010373216E0,8.741330023379E-1,8.741330023379E-1,1.127010373216E0),(
1.428303936305E0,1.107822641002E0,1.107822641002E0,1.428303936305E0)))REPRESENTATION_ITEM('')SURFACE());
#4305=ORIENTED_EDGE('',*,*,#4054,.T.);
#4306=ORIENTED_EDGE('',*,*,#4080,.T.);
#4308=ORIENTED_EDGE('',*,*,#4307,.F.);
#4309=ORIENTED_EDGE('',*,*,#4280,.F.);
#4310=EDGE_LOOP('',(#4305,#4306,#4308,#4309));
#4311=FACE_OUTER_BOUND('',#4310,.F.);
#4312=ADVANCED_FACE('',(#4311),#4304,.T.);
#4313=CARTESIAN_POINT('',(-5.8617E1,1.67E1,8.956161492299E-1));
#4314=DIRECTION('',(1.E0,0.E0,0.E0));
#4315=DIRECTION('',(0.E0,1.E0,0.E0));
#4316=AXIS2_PLACEMENT_3D('',#4313,#4314,#4315);
#4317=CYLINDRICAL_SURFACE('',#4316,3.E-1);
#4318=ORIENTED_EDGE('',*,*,#4307,.T.);
#4319=ORIENTED_EDGE('',*,*,#4094,.T.);
#4321=ORIENTED_EDGE('',*,*,#4320,.T.);
#4323=ORIENTED_EDGE('',*,*,#4322,.F.);
#4324=EDGE_LOOP('',(#4318,#4319,#4321,#4323));
#4325=FACE_OUTER_BOUND('',#4324,.F.);
#4326=ADVANCED_FACE('',(#4325),#4317,.T.);
#4327=CARTESIAN_POINT('',(1.588006719549E0,1.699748508608E1,8.597441459155E-1));
#4328=CARTESIAN_POINT('',(1.716401096345E0,1.700514284261E1,8.588207414140E-1));
#4329=CARTESIAN_POINT('',(1.807353308808E0,1.691484475290E1,8.697092649907E-1));
#4330=CARTESIAN_POINT('',(1.799640079203E0,1.678737378061E1,8.850802511493E-1));
#4331=CARTESIAN_POINT('',(1.588006719549E0,1.701960607487E1,1.043192619546E0));
#4332=CARTESIAN_POINT('',(1.716401096345E0,1.702783326212E1,1.046991481176E0));
#4333=CARTESIAN_POINT('',(1.807353308808E0,1.693082060713E1,1.002196383944E0));
#4334=CARTESIAN_POINT('',(1.799640079203E0,1.679387089428E1,9.389605545232E-1));
#4335=CARTESIAN_POINT('',(1.588006719549E0,1.690083346335E1,1.184740305410E0));
#4336=CARTESIAN_POINT('',(1.716401096345E0,1.690600324777E1,1.192182837821E0));
#4337=CARTESIAN_POINT('',(1.807353308808E0,1.684504261835E1,1.104422609780E0));
#4338=CARTESIAN_POINT('',(1.799640079203E0,1.675898641574E1,9.805342569657E-1));
#4339=CARTESIAN_POINT('',(1.588006719549E0,1.671633071480E1,1.194810876487E0));
#4340=CARTESIAN_POINT('',(1.716401096345E0,1.671675109432E1,1.202512641999E0));
#4341=CARTESIAN_POINT('',(1.807353308808E0,1.671179409843E1,1.111695610867E0));
#4342=CARTESIAN_POINT('',(1.799640079203E0,1.670479646328E1,9.834920653031E-1));
#4343=(BOUNDED_SURFACE()B_SPLINE_SURFACE(3,3,((#4327,#4328,#4329,#4330),(#4331,
#4332,#4333,#4334),(#4335,#4336,#4337,#4338),(#4339,#4340,#4341,#4342)),
.UNSPECIFIED.,.F.,.F.,.F.)B_SPLINE_SURFACE_WITH_KNOTS((4,4),(4,4),(0.E0,1.E0),(
0.E0,1.E0),.UNSPECIFIED.)GEOMETRIC_REPRESENTATION_ITEM()RATIONAL_B_SPLINE_SURFACE(((1.428303937607E0,1.107822642012E0,1.107822642012E0,1.428303937607E0),(
1.127010372782E0,8.741330020013E-1,8.741330020013E-1,1.127010372782E0),(
1.127010372782E0,8.741330020013E-1,8.741330020013E-1,1.127010372782E0),(
1.428303937607E0,1.107822642012E0,1.107822642012E0,1.428303937607E0)))REPRESENTATION_ITEM('')SURFACE());
#4344=ORIENTED_EDGE('',*,*,#4134,.T.);
#4346=ORIENTED_EDGE('',*,*,#4345,.T.);
#4347=ORIENTED_EDGE('',*,*,#4320,.F.);
#4348=ORIENTED_EDGE('',*,*,#4108,.F.);
#4349=EDGE_LOOP('',(#4344,#4346,#4347,#4348));
#4350=FACE_OUTER_BOUND('',#4349,.F.);
#4351=ADVANCED_FACE('',(#4350),#4343,.T.);
#4352=CARTESIAN_POINT('',(1.6E0,1.673887656440E1,9.903038231974E-1));
#4353=DIRECTION('',(0.E0,-9.848077530122E-1,1.736481776669E-1));
#4354=DIRECTION('',(1.E0,0.E0,0.E0));
#4355=AXIS2_PLACEMENT_3D('',#4352,#4353,#4354);
#4356=CYLINDRICAL_SURFACE('',#4355,2.E-1);
#4357=ORIENTED_EDGE('',*,*,#4132,.T.);
#4359=ORIENTED_EDGE('',*,*,#4358,.T.);
#4361=ORIENTED_EDGE('',*,*,#4360,.F.);
#4362=ORIENTED_EDGE('',*,*,#4345,.F.);
#4363=EDGE_LOOP('',(#4357,#4359,#4361,#4362));
#4364=FACE_OUTER_BOUND('',#4363,.F.);
#4365=ADVANCED_FACE('',(#4364),#4356,.T.);
#4366=CARTESIAN_POINT('',(1.6E0,1.482502267295E1,-5.E-1));
#4367=DIRECTION('',(-1.E0,0.E0,0.E0));
#4368=DIRECTION('',(0.E0,1.843934803775E-1,9.828525038856E-1));
#4369=AXIS2_PLACEMENT_3D('',#4366,#4367,#4368);
#4370=TOROIDAL_SURFACE('',#4369,1.8E0,2.E-1);
#4371=ORIENTED_EDGE('',*,*,#4130,.T.);
#4373=ORIENTED_EDGE('',*,*,#4372,.T.);
#4375=ORIENTED_EDGE('',*,*,#4374,.F.);
#4376=ORIENTED_EDGE('',*,*,#4358,.F.);
#4377=EDGE_LOOP('',(#4371,#4373,#4375,#4376));
#4378=FACE_OUTER_BOUND('',#4377,.F.);
#4379=ADVANCED_FACE('',(#4378),#4370,.T.);
#4380=CARTESIAN_POINT('',(1.6E0,1.484810347295E1,1.3E0));
#4381=DIRECTION('',(0.E0,-1.E0,0.E0));
#4382=DIRECTION('',(1.E0,0.E0,0.E0));
#4383=AXIS2_PLACEMENT_3D('',#4380,#4381,#4382);
#4384=CYLINDRICAL_SURFACE('',#4383,2.E-1);
#4385=ORIENTED_EDGE('',*,*,#4128,.T.);
#4387=ORIENTED_EDGE('',*,*,#4386,.T.);
#4389=ORIENTED_EDGE('',*,*,#4388,.F.);
#4390=ORIENTED_EDGE('',*,*,#4372,.F.);
#4391=EDGE_LOOP('',(#4385,#4387,#4389,#4390));
#4392=FACE_OUTER_BOUND('',#4391,.F.);
#4393=ADVANCED_FACE('',(#4392),#4384,.T.);
#4394=CARTESIAN_POINT('',(1.6E0,-1.482502267295E1,-5.E-1));
#4395=DIRECTION('',(1.E0,0.E0,0.E0));
#4396=DIRECTION('',(0.E0,7.688324254755E-3,9.999704443983E-1));
#4397=AXIS2_PLACEMENT_3D('',#4394,#4395,#4396);
#4398=TOROIDAL_SURFACE('',#4397,1.8E0,2.E-1);
#4399=ORIENTED_EDGE('',*,*,#4126,.T.);
#4401=ORIENTED_EDGE('',*,*,#4400,.T.);
#4403=ORIENTED_EDGE('',*,*,#4402,.F.);
#4404=ORIENTED_EDGE('',*,*,#4386,.F.);
#4405=EDGE_LOOP('',(#4399,#4401,#4403,#4404));
#4406=FACE_OUTER_BOUND('',#4405,.F.);
#4407=ADVANCED_FACE('',(#4406),#4398,.T.);
#4408=CARTESIAN_POINT('',(1.6E0,-1.512244620089E1,1.275324108720E0));
#4409=DIRECTION('',(0.E0,-9.848077530122E-1,-1.736481776669E-1));
#4410=DIRECTION('',(1.E0,0.E0,0.E0));
#4411=AXIS2_PLACEMENT_3D('',#4408,#4409,#4410);
#4412=CYLINDRICAL_SURFACE('',#4411,2.E-1);
#4413=ORIENTED_EDGE('',*,*,#4124,.T.);
#4414=ORIENTED_EDGE('',*,*,#4174,.T.);
#4416=ORIENTED_EDGE('',*,*,#4415,.F.);
#4417=ORIENTED_EDGE('',*,*,#4400,.F.);
#4418=EDGE_LOOP('',(#4413,#4414,#4416,#4417));
#4419=FACE_OUTER_BOUND('',#4418,.F.);
#4420=ADVANCED_FACE('',(#4419),#4412,.T.);
#4421=CARTESIAN_POINT('',(0.E0,-1.6E1,1.323673019292E0));
#4422=DIRECTION('',(0.E0,-1.736481776669E-1,9.848077530122E-1));
#4423=DIRECTION('',(0.E0,-9.848077530122E-1,-1.736481776669E-1));
#4424=AXIS2_PLACEMENT_3D('',#4421,#4422,#4423);
#4425=PLANE('',#4424);
#4426=ORIENTED_EDGE('',*,*,#4226,.T.);
#4428=ORIENTED_EDGE('',*,*,#4427,.T.);
#4429=ORIENTED_EDGE('',*,*,#4415,.T.);
#4430=ORIENTED_EDGE('',*,*,#4186,.T.);
#4431=EDGE_LOOP('',(#4426,#4428,#4429,#4430));
#4432=FACE_OUTER_BOUND('',#4431,.F.);
#4433=ADVANCED_FACE('',(#4432),#4425,.T.);
#4434=CARTESIAN_POINT('',(-5.8617E1,-1.482502267295E1,-5.E-1));
#4435=DIRECTION('',(1.E0,0.E0,0.E0));
#4436=DIRECTION('',(0.E0,0.E0,1.E0));
#4437=AXIS2_PLACEMENT_3D('',#4434,#4435,#4436);
#4438=CYLINDRICAL_SURFACE('',#4437,2.E0);
#4439=ORIENTED_EDGE('',*,*,#4240,.T.);
#4441=ORIENTED_EDGE('',*,*,#4440,.T.);
#4442=ORIENTED_EDGE('',*,*,#4402,.T.);
#4443=ORIENTED_EDGE('',*,*,#4427,.F.);
#4444=EDGE_LOOP('',(#4439,#4441,#4442,#4443));
#4445=FACE_OUTER_BOUND('',#4444,.F.);
#4446=ADVANCED_FACE('',(#4445),#4438,.T.);
#4447=CARTESIAN_POINT('',(0.E0,0.E0,1.5E0));
#4448=DIRECTION('',(0.E0,0.E0,1.E0));
#4449=DIRECTION('',(1.E0,0.E0,0.E0));
#4450=AXIS2_PLACEMENT_3D('',#4447,#4448,#4449);
#4451=PLANE('',#4450);
#4452=ORIENTED_EDGE('',*,*,#4254,.T.);
#4454=ORIENTED_EDGE('',*,*,#4453,.F.);
#4455=ORIENTED_EDGE('',*,*,#4388,.T.);
#4456=ORIENTED_EDGE('',*,*,#4440,.F.);
#4457=EDGE_LOOP('',(#4452,#4454,#4455,#4456));
#4458=FACE_OUTER_BOUND('',#4457,.F.);
#4459=ADVANCED_FACE('',(#4458),#4451,.T.);
#4460=CARTESIAN_POINT('',(5.8617E1,1.482502267295E1,-5.E-1));
#4461=DIRECTION('',(-1.E0,0.E0,0.E0));
#4462=DIRECTION('',(0.E0,0.E0,1.E0));
#4463=AXIS2_PLACEMENT_3D('',#4460,#4461,#4462);
#4464=CYLINDRICAL_SURFACE('',#4463,2.E0);
#4465=ORIENTED_EDGE('',*,*,#4268,.T.);
#4467=ORIENTED_EDGE('',*,*,#4466,.F.);
#4468=ORIENTED_EDGE('',*,*,#4374,.T.);
#4469=ORIENTED_EDGE('',*,*,#4453,.T.);
#4470=EDGE_LOOP('',(#4465,#4467,#4468,#4469));
#4471=FACE_OUTER_BOUND('',#4470,.F.);
#4472=ADVANCED_FACE('',(#4471),#4464,.T.);
#4473=CARTESIAN_POINT('',(1.776356839400E-14,1.6E1,1.323673019292E0));
#4474=DIRECTION('',(0.E0,1.736481776669E-1,9.848077530122E-1));
#4475=DIRECTION('',(0.E0,9.848077530122E-1,-1.736481776669E-1));
#4476=AXIS2_PLACEMENT_3D('',#4473,#4474,#4475);
#4477=PLANE('',#4476);
#4478=ORIENTED_EDGE('',*,*,#4282,.T.);
#4479=ORIENTED_EDGE('',*,*,#4322,.T.);
#4480=ORIENTED_EDGE('',*,*,#4360,.T.);
#4481=ORIENTED_EDGE('',*,*,#4466,.T.);
#4482=EDGE_LOOP('',(#4478,#4479,#4480,#4481));
#4483=FACE_OUTER_BOUND('',#4482,.F.);
#4484=ADVANCED_FACE('',(#4483),#4477,.T.);
#4485=CARTESIAN_POINT('',(-1.585E1,9.018E1,-4.E-1));
#4486=DIRECTION('',(0.E0,-1.E0,0.E0));
#4487=DIRECTION('',(0.E0,0.E0,1.E0));
#4488=AXIS2_PLACEMENT_3D('',#4485,#4486,#4487);
#4489=CYLINDRICAL_SURFACE('',#4488,4.E-1);
#4491=ORIENTED_EDGE('',*,*,#4490,.F.);
#4493=ORIENTED_EDGE('',*,*,#4492,.T.);
#4494=ORIENTED_EDGE('',*,*,#3957,.T.);
#4496=ORIENTED_EDGE('',*,*,#4495,.T.);
#4498=ORIENTED_EDGE('',*,*,#4497,.T.);
#4499=EDGE_LOOP('',(#4491,#4493,#4494,#4496,#4498));
#4500=FACE_OUTER_BOUND('',#4499,.F.);
#4501=ADVANCED_FACE('',(#4500),#4489,.T.);
#4502=CARTESIAN_POINT('',(-1.625E1,1.25E1,0.E0));
#4503=DIRECTION('',(-1.E0,0.E0,0.E0));
#4504=DIRECTION('',(0.E0,-1.E0,0.E0));
#4505=AXIS2_PLACEMENT_3D('',#4502,#4503,#4504);
#4506=PLANE('',#4505);
#4508=ORIENTED_EDGE('',*,*,#4507,.F.);
#4510=ORIENTED_EDGE('',*,*,#4509,.T.);
#4512=ORIENTED_EDGE('',*,*,#4511,.T.);
#4514=ORIENTED_EDGE('',*,*,#4513,.T.);
#4516=ORIENTED_EDGE('',*,*,#4515,.F.);
#4518=ORIENTED_EDGE('',*,*,#4517,.F.);
#4520=ORIENTED_EDGE('',*,*,#4519,.T.);
#4522=ORIENTED_EDGE('',*,*,#4521,.T.);
#4524=ORIENTED_EDGE('',*,*,#4523,.F.);
#4526=ORIENTED_EDGE('',*,*,#4525,.T.);
#4528=ORIENTED_EDGE('',*,*,#4527,.F.);
#4530=ORIENTED_EDGE('',*,*,#4529,.T.);
#4532=ORIENTED_EDGE('',*,*,#4531,.F.);
#4533=ORIENTED_EDGE('',*,*,#4490,.T.);
#4535=ORIENTED_EDGE('',*,*,#4534,.F.);
#4537=ORIENTED_EDGE('',*,*,#4536,.T.);
#4539=ORIENTED_EDGE('',*,*,#4538,.F.);
#4541=ORIENTED_EDGE('',*,*,#4540,.T.);
#4542=EDGE_LOOP('',(#4508,#4510,#4512,#4514,#4516,#4518,#4520,#4522,#4524,#4526,
#4528,#4530,#4532,#4533,#4535,#4537,#4539,#4541));
#4543=FACE_OUTER_BOUND('',#4542,.F.);
#4544=ADVANCED_FACE('',(#4543),#4506,.T.);
#4545=CARTESIAN_POINT('',(-1.585E1,-2.46E1,-8.0150804E0));
#4546=DIRECTION('',(0.E0,0.E0,1.E0));
#4547=DIRECTION('',(-1.E0,0.E0,0.E0));
#4548=AXIS2_PLACEMENT_3D('',#4545,#4546,#4547);
#4549=CYLINDRICAL_SURFACE('',#4548,4.E-1);
#4551=ORIENTED_EDGE('',*,*,#4550,.F.);
#4553=ORIENTED_EDGE('',*,*,#4552,.F.);
#4554=ORIENTED_EDGE('',*,*,#4507,.T.);
#4556=ORIENTED_EDGE('',*,*,#4555,.T.);
#4557=EDGE_LOOP('',(#4551,#4553,#4554,#4556));
#4558=FACE_OUTER_BOUND('',#4557,.F.);
#4559=ADVANCED_FACE('',(#4558),#4549,.T.);
#4560=CARTESIAN_POINT('',(-1.625E1,-2.5E1,0.E0));
#4561=DIRECTION('',(0.E0,-1.E0,0.E0));
#4562=DIRECTION('',(1.E0,0.E0,0.E0));
#4563=AXIS2_PLACEMENT_3D('',#4560,#4561,#4562);
#4564=PLANE('',#4563);
#4566=ORIENTED_EDGE('',*,*,#4565,.T.);
#4568=ORIENTED_EDGE('',*,*,#4567,.F.);
#4570=ORIENTED_EDGE('',*,*,#4569,.F.);
#4572=ORIENTED_EDGE('',*,*,#4571,.T.);
#4574=ORIENTED_EDGE('',*,*,#4573,.F.);
#4576=ORIENTED_EDGE('',*,*,#4575,.T.);
#4578=ORIENTED_EDGE('',*,*,#4577,.T.);
#4579=ORIENTED_EDGE('',*,*,#4550,.T.);
#4581=ORIENTED_EDGE('',*,*,#4580,.T.);
#4583=ORIENTED_EDGE('',*,*,#4582,.F.);
#4585=ORIENTED_EDGE('',*,*,#4584,.F.);
#4587=ORIENTED_EDGE('',*,*,#4586,.F.);
#4589=ORIENTED_EDGE('',*,*,#4588,.T.);
#4591=ORIENTED_EDGE('',*,*,#4590,.T.);
#4593=ORIENTED_EDGE('',*,*,#4592,.T.);
#4595=ORIENTED_EDGE('',*,*,#4594,.F.);
#4596=EDGE_LOOP('',(#4566,#4568,#4570,#4572,#4574,#4576,#4578,#4579,#4581,#4583,
#4585,#4587,#4589,#4591,#4593,#4595));
#4597=FACE_OUTER_BOUND('',#4596,.F.);
#4598=ADVANCED_FACE('',(#4597),#4564,.T.);
#4599=CARTESIAN_POINT('',(5.8617E1,-2.46E1,-2.6E0));
#4600=DIRECTION('',(-1.E0,0.E0,0.E0));
#4601=DIRECTION('',(0.E0,0.E0,-1.E0));
#4602=AXIS2_PLACEMENT_3D('',#4599,#4600,#4601);
#4603=CYLINDRICAL_SURFACE('',#4602,4.E-1);
#4604=ORIENTED_EDGE('',*,*,#4565,.F.);
#4606=ORIENTED_EDGE('',*,*,#4605,.T.);
#4608=ORIENTED_EDGE('',*,*,#4607,.T.);
#4610=ORIENTED_EDGE('',*,*,#4609,.T.);
#4611=EDGE_LOOP('',(#4604,#4606,#4608,#4610));
#4612=FACE_OUTER_BOUND('',#4611,.F.);
#4613=ADVANCED_FACE('',(#4612),#4603,.T.);
#4614=CARTESIAN_POINT('',(1.235E1,-2.46E1,-3.4E0));
#4615=DIRECTION('',(0.E0,1.E0,0.E0));
#4616=DIRECTION('',(1.E0,0.E0,0.E0));
#4617=AXIS2_PLACEMENT_3D('',#4614,#4615,#4616);
#4618=TOROIDAL_SURFACE('',#4617,8.E-1,4.E-1);
#4619=ORIENTED_EDGE('',*,*,#4594,.T.);
#4621=ORIENTED_EDGE('',*,*,#4620,.F.);
#4623=ORIENTED_EDGE('',*,*,#4622,.F.);
#4624=ORIENTED_EDGE('',*,*,#4605,.F.);
#4625=EDGE_LOOP('',(#4619,#4621,#4623,#4624));
#4626=FACE_OUTER_BOUND('',#4625,.F.);
#4627=ADVANCED_FACE('',(#4626),#4618,.T.);
#4628=CARTESIAN_POINT('',(1.315E1,-2.46E1,-2.985760003360E1));
#4629=DIRECTION('',(0.E0,0.E0,1.E0));
#4630=DIRECTION('',(-1.E0,0.E0,0.E0));
#4631=AXIS2_PLACEMENT_3D('',#4628,#4629,#4630);
#4632=CYLINDRICAL_SURFACE('',#4631,4.E-1);
#4634=ORIENTED_EDGE('',*,*,#4633,.T.);
#4635=ORIENTED_EDGE('',*,*,#4620,.T.);
#4636=ORIENTED_EDGE('',*,*,#4592,.F.);
#4638=ORIENTED_EDGE('',*,*,#4637,.F.);
#4639=EDGE_LOOP('',(#4634,#4635,#4636,#4638));
#4640=FACE_OUTER_BOUND('',#4639,.F.);
#4641=ADVANCED_FACE('',(#4640),#4632,.T.);
#4642=CARTESIAN_POINT('',(1.275E1,-2.5E1,-3.E0));
#4643=DIRECTION('',(-1.E0,0.E0,0.E0));
#4644=DIRECTION('',(0.E0,1.E0,0.E0));
#4645=AXIS2_PLACEMENT_3D('',#4642,#4643,#4644);
#4646=PLANE('',#4645);
#4648=ORIENTED_EDGE('',*,*,#4647,.T.);
#4650=ORIENTED_EDGE('',*,*,#4649,.T.);
#4652=ORIENTED_EDGE('',*,*,#4651,.F.);
#4653=ORIENTED_EDGE('',*,*,#4633,.F.);
#4654=EDGE_LOOP('',(#4648,#4650,#4652,#4653));
#4655=FACE_OUTER_BOUND('',#4654,.F.);
#4656=ADVANCED_FACE('',(#4655),#4646,.T.);
#4657=CARTESIAN_POINT('',(0.E0,0.E0,-6.E0));
#4658=DIRECTION('',(0.E0,0.E0,-1.E0));
#4659=DIRECTION('',(-1.E0,0.E0,0.E0));
#4660=AXIS2_PLACEMENT_3D('',#4657,#4658,#4659);
#4661=PLANE('',#4660);
#4663=ORIENTED_EDGE('',*,*,#4662,.F.);
#4664=ORIENTED_EDGE('',*,*,#4647,.F.);
#4666=ORIENTED_EDGE('',*,*,#4665,.F.);
#4668=ORIENTED_EDGE('',*,*,#4667,.F.);
#4669=EDGE_LOOP('',(#4663,#4664,#4666,#4668));
#4670=FACE_OUTER_BOUND('',#4669,.F.);
#4671=ADVANCED_FACE('',(#4670),#4661,.F.);
#4672=CARTESIAN_POINT('',(0.E0,0.E0,-6.E0));
#4673=DIRECTION('',(0.E0,0.E0,-1.E0));
#4674=DIRECTION('',(-1.E0,0.E0,0.E0));
#4675=AXIS2_PLACEMENT_3D('',#4672,#4673,#4674);
#4676=PLANE('',#4675);
#4678=ORIENTED_EDGE('',*,*,#4677,.F.);
#4680=ORIENTED_EDGE('',*,*,#4679,.F.);
#4682=ORIENTED_EDGE('',*,*,#4681,.F.);
#4684=ORIENTED_EDGE('',*,*,#4683,.F.);
#4685=EDGE_LOOP('',(#4678,#4680,#4682,#4684));
#4686=FACE_OUTER_BOUND('',#4685,.F.);
#4687=ADVANCED_FACE('',(#4686),#4676,.F.);
#4688=CARTESIAN_POINT('',(0.E0,0.E0,-6.E0));
#4689=DIRECTION('',(0.E0,0.E0,-1.E0));
#4690=DIRECTION('',(-1.E0,0.E0,0.E0));
#4691=AXIS2_PLACEMENT_3D('',#4688,#4689,#4690);
#4692=PLANE('',#4691);
#4694=ORIENTED_EDGE('',*,*,#4693,.F.);
#4696=ORIENTED_EDGE('',*,*,#4695,.F.);
#4698=ORIENTED_EDGE('',*,*,#4697,.F.);
#4700=ORIENTED_EDGE('',*,*,#4699,.F.);
#4701=EDGE_LOOP('',(#4694,#4696,#4698,#4700));
#4702=FACE_OUTER_BOUND('',#4701,.F.);
#4703=ADVANCED_FACE('',(#4702),#4692,.F.);
#4704=CARTESIAN_POINT('',(0.E0,0.E0,-6.E0));
#4705=DIRECTION('',(0.E0,0.E0,-1.E0));
#4706=DIRECTION('',(-1.E0,0.E0,0.E0));
#4707=AXIS2_PLACEMENT_3D('',#4704,#4705,#4706);
#4708=PLANE('',#4707);
#4710=ORIENTED_EDGE('',*,*,#4709,.F.);
#4712=ORIENTED_EDGE('',*,*,#4711,.F.);
#4714=ORIENTED_EDGE('',*,*,#4713,.F.);
#4716=ORIENTED_EDGE('',*,*,#4715,.F.);
#4717=EDGE_LOOP('',(#4710,#4712,#4714,#4716));
#4718=FACE_OUTER_BOUND('',#4717,.F.);
#4719=ADVANCED_FACE('',(#4718),#4708,.F.);
#4720=CARTESIAN_POINT('',(5.8617E1,-1.34E1,-6.4E0));
#4721=DIRECTION('',(-1.E0,0.E0,0.E0));
#4722=DIRECTION('',(0.E0,0.E0,1.E0));
#4723=AXIS2_PLACEMENT_3D('',#4720,#4721,#4722);
#4724=CYLINDRICAL_SURFACE('',#4723,4.E-1);
#4725=ORIENTED_EDGE('',*,*,#4662,.T.);
#4727=ORIENTED_EDGE('',*,*,#4726,.T.);
#4729=ORIENTED_EDGE('',*,*,#4728,.F.);
#4731=ORIENTED_EDGE('',*,*,#4730,.F.);
#4732=EDGE_LOOP('',(#4725,#4727,#4729,#4731));
#4733=FACE_OUTER_BOUND('',#4732,.F.);
#4734=ADVANCED_FACE('',(#4733),#4724,.T.);
#4735=CARTESIAN_POINT('',(4.4E0,9.018E1,-6.4E0));
#4736=DIRECTION('',(0.E0,-1.E0,0.E0));
#4737=DIRECTION('',(0.E0,0.E0,1.E0));
#4738=AXIS2_PLACEMENT_3D('',#4735,#4736,#4737);
#4739=CYLINDRICAL_SURFACE('',#4738,4.E-1);
#4740=ORIENTED_EDGE('',*,*,#4667,.T.);
#4742=ORIENTED_EDGE('',*,*,#4741,.T.);
#4744=ORIENTED_EDGE('',*,*,#4743,.F.);
#4745=ORIENTED_EDGE('',*,*,#4726,.F.);
#4746=EDGE_LOOP('',(#4740,#4742,#4744,#4745));
#4747=FACE_OUTER_BOUND('',#4746,.F.);
#4748=ADVANCED_FACE('',(#4747),#4739,.T.);
#4749=CARTESIAN_POINT('',(4.4E0,-2.46E1,-6.4E0));
#4750=DIRECTION('',(-7.071067811865E-1,7.071067811866E-1,0.E0));
#4751=DIRECTION('',(-7.071067811866E-1,-7.071067811865E-1,0.E0));
#4752=AXIS2_PLACEMENT_3D('',#4749,#4750,#4751);
#4753=SPHERICAL_SURFACE('',#4752,4.E-1);
#4754=ORIENTED_EDGE('',*,*,#4741,.F.);
#4756=ORIENTED_EDGE('',*,*,#4755,.F.);
#4758=ORIENTED_EDGE('',*,*,#4757,.F.);
#4759=EDGE_LOOP('',(#4754,#4756,#4758));
#4760=FACE_OUTER_BOUND('',#4759,.F.);
#4761=ADVANCED_FACE('',(#4760),#4753,.T.);
#4762=CARTESIAN_POINT('',(-5.8617E1,-2.46E1,-6.4E0));
#4763=DIRECTION('',(1.E0,0.E0,0.E0));
#4764=DIRECTION('',(0.E0,0.E0,1.E0));
#4765=AXIS2_PLACEMENT_3D('',#4762,#4763,#4764);
#4766=CYLINDRICAL_SURFACE('',#4765,4.E-1);
#4767=ORIENTED_EDGE('',*,*,#4590,.F.);
#4768=ORIENTED_EDGE('',*,*,#4755,.T.);
#4769=ORIENTED_EDGE('',*,*,#4665,.T.);
#4770=ORIENTED_EDGE('',*,*,#4637,.T.);
#4771=EDGE_LOOP('',(#4767,#4768,#4769,#4770));
#4772=FACE_OUTER_BOUND('',#4771,.F.);
#4773=ADVANCED_FACE('',(#4772),#4766,.T.);
#4774=CARTESIAN_POINT('',(4.4E0,-2.46E1,-2.985760003360E1));
#4775=DIRECTION('',(0.E0,0.E0,1.E0));
#4776=DIRECTION('',(-1.E0,0.E0,0.E0));
#4777=AXIS2_PLACEMENT_3D('',#4774,#4775,#4776);
#4778=CYLINDRICAL_SURFACE('',#4777,4.E-1);
#4780=ORIENTED_EDGE('',*,*,#4779,.T.);
#4781=ORIENTED_EDGE('',*,*,#4757,.T.);
#4782=ORIENTED_EDGE('',*,*,#4588,.F.);
#4784=ORIENTED_EDGE('',*,*,#4783,.T.);
#4785=EDGE_LOOP('',(#4780,#4781,#4782,#4784));
#4786=FACE_OUTER_BOUND('',#4785,.F.);
#4787=ADVANCED_FACE('',(#4786),#4778,.T.);
#4788=CARTESIAN_POINT('',(4.E0,-2.5E1,-6.E0));
#4789=DIRECTION('',(-1.E0,0.E0,0.E0));
#4790=DIRECTION('',(0.E0,1.E0,0.E0));
#4791=AXIS2_PLACEMENT_3D('',#4788,#4789,#4790);
#4792=PLANE('',#4791);
#4793=ORIENTED_EDGE('',*,*,#4743,.T.);
#4794=ORIENTED_EDGE('',*,*,#4779,.F.);
#4796=ORIENTED_EDGE('',*,*,#4795,.T.);
#4798=ORIENTED_EDGE('',*,*,#4797,.F.);
#4799=EDGE_LOOP('',(#4793,#4794,#4796,#4798));
#4800=FACE_OUTER_BOUND('',#4799,.F.);
#4801=ADVANCED_FACE('',(#4800),#4792,.T.);
#4802=CARTESIAN_POINT('',(4.4E0,-9.018E1,-8.6E0));
#4803=DIRECTION('',(0.E0,1.E0,0.E0));
#4804=DIRECTION('',(0.E0,0.E0,-1.E0));
#4805=AXIS2_PLACEMENT_3D('',#4802,#4803,#4804);
#4806=CYLINDRICAL_SURFACE('',#4805,4.E-1);
#4808=ORIENTED_EDGE('',*,*,#4807,.T.);
#4810=ORIENTED_EDGE('',*,*,#4809,.F.);
#4811=ORIENTED_EDGE('',*,*,#4795,.F.);
#4813=ORIENTED_EDGE('',*,*,#4812,.T.);
#4814=EDGE_LOOP('',(#4808,#4810,#4811,#4813));
#4815=FACE_OUTER_BOUND('',#4814,.F.);
#4816=ADVANCED_FACE('',(#4815),#4806,.T.);
#4817=CARTESIAN_POINT('',(0.E0,0.E0,-9.E0));
#4818=DIRECTION('',(0.E0,0.E0,-1.E0));
#4819=DIRECTION('',(-1.E0,0.E0,0.E0));
#4820=AXIS2_PLACEMENT_3D('',#4817,#4818,#4819);
#4821=PLANE('',#4820);
#4823=ORIENTED_EDGE('',*,*,#4822,.F.);
#4824=ORIENTED_EDGE('',*,*,#4807,.F.);
#4826=ORIENTED_EDGE('',*,*,#4825,.T.);
#4828=ORIENTED_EDGE('',*,*,#4827,.F.);
#4829=EDGE_LOOP('',(#4823,#4824,#4826,#4828));
#4830=FACE_OUTER_BOUND('',#4829,.F.);
#4831=ADVANCED_FACE('',(#4830),#4821,.T.);
#4832=CARTESIAN_POINT('',(0.E0,0.E0,-9.E0));
#4833=DIRECTION('',(0.E0,0.E0,-1.E0));
#4834=DIRECTION('',(-1.E0,0.E0,0.E0));
#4835=AXIS2_PLACEMENT_3D('',#4832,#4833,#4834);
#4836=PLANE('',#4835);
#4838=ORIENTED_EDGE('',*,*,#4837,.F.);
#4840=ORIENTED_EDGE('',*,*,#4839,.F.);
#4842=ORIENTED_EDGE('',*,*,#4841,.T.);
#4844=ORIENTED_EDGE('',*,*,#4843,.F.);
#4845=EDGE_LOOP('',(#4838,#4840,#4842,#4844));
#4846=FACE_OUTER_BOUND('',#4845,.F.);
#4847=ADVANCED_FACE('',(#4846),#4836,.T.);
#4848=CARTESIAN_POINT('',(0.E0,0.E0,-9.E0));
#4849=DIRECTION('',(0.E0,0.E0,-1.E0));
#4850=DIRECTION('',(-1.E0,0.E0,0.E0));
#4851=AXIS2_PLACEMENT_3D('',#4848,#4849,#4850);
#4852=PLANE('',#4851);
#4854=ORIENTED_EDGE('',*,*,#4853,.F.);
#4856=ORIENTED_EDGE('',*,*,#4855,.F.);
#4858=ORIENTED_EDGE('',*,*,#4857,.F.);
#4860=ORIENTED_EDGE('',*,*,#4859,.F.);
#4861=EDGE_LOOP('',(#4854,#4856,#4858,#4860));
#4862=FACE_OUTER_BOUND('',#4861,.F.);
#4863=ADVANCED_FACE('',(#4862),#4852,.T.);
#4864=CARTESIAN_POINT('',(0.E0,0.E0,-9.E0));
#4865=DIRECTION('',(0.E0,0.E0,-1.E0));
#4866=DIRECTION('',(-1.E0,0.E0,0.E0));
#4867=AXIS2_PLACEMENT_3D('',#4864,#4865,#4866);
#4868=PLANE('',#4867);
#4870=ORIENTED_EDGE('',*,*,#4869,.F.);
#4872=ORIENTED_EDGE('',*,*,#4871,.T.);
#4874=ORIENTED_EDGE('',*,*,#4873,.F.);
#4876=ORIENTED_EDGE('',*,*,#4875,.F.);
#4877=EDGE_LOOP('',(#4870,#4872,#4874,#4876));
#4878=FACE_OUTER_BOUND('',#4877,.F.);
#4879=ADVANCED_FACE('',(#4878),#4868,.T.);
#4880=CARTESIAN_POINT('',(-5.8617E1,-1.34E1,-8.6E0));
#4881=DIRECTION('',(1.E0,0.E0,0.E0));
#4882=DIRECTION('',(0.E0,0.E0,-1.E0));
#4883=AXIS2_PLACEMENT_3D('',#4880,#4881,#4882);
#4884=CYLINDRICAL_SURFACE('',#4883,4.E-1);
#4885=ORIENTED_EDGE('',*,*,#4822,.T.);
#4887=ORIENTED_EDGE('',*,*,#4886,.T.);
#4889=ORIENTED_EDGE('',*,*,#4888,.F.);
#4890=ORIENTED_EDGE('',*,*,#4809,.T.);
#4891=EDGE_LOOP('',(#4885,#4887,#4889,#4890));
#4892=FACE_OUTER_BOUND('',#4891,.F.);
#4893=ADVANCED_FACE('',(#4892),#4884,.T.);
#4894=CARTESIAN_POINT('',(1.525E1,-1.34E1,-8.E0));
#4895=DIRECTION('',(0.E0,-1.E0,0.E0));
#4896=DIRECTION('',(-1.611770207478E-2,0.E0,-9.998701014031E-1));
#4897=AXIS2_PLACEMENT_3D('',#4894,#4895,#4896);
#4898=TOROIDAL_SURFACE('',#4897,6.E-1,4.E-1);
#4900=ORIENTED_EDGE('',*,*,#4899,.T.);
#4902=ORIENTED_EDGE('',*,*,#4901,.T.);
#4904=ORIENTED_EDGE('',*,*,#4903,.F.);
#4905=ORIENTED_EDGE('',*,*,#4886,.F.);
#4906=EDGE_LOOP('',(#4900,#4902,#4904,#4905));
#4907=FACE_OUTER_BOUND('',#4906,.F.);
#4908=ADVANCED_FACE('',(#4907),#4898,.T.);
#4909=CARTESIAN_POINT('',(1.525E1,9.018E1,-8.E0));
#4910=DIRECTION('',(0.E0,-1.E0,0.E0));
#4911=DIRECTION('',(0.E0,0.E0,-1.E0));
#4912=AXIS2_PLACEMENT_3D('',#4909,#4910,#4911);
#4913=CYLINDRICAL_SURFACE('',#4912,1.E0);
#4914=ORIENTED_EDGE('',*,*,#4899,.F.);
#4915=ORIENTED_EDGE('',*,*,#4827,.T.);
#4917=ORIENTED_EDGE('',*,*,#4916,.T.);
#4919=ORIENTED_EDGE('',*,*,#4918,.F.);
#4920=EDGE_LOOP('',(#4914,#4915,#4917,#4919));
#4921=FACE_OUTER_BOUND('',#4920,.F.);
#4922=ADVANCED_FACE('',(#4921),#4913,.T.);
#4923=CARTESIAN_POINT('',(1.525E1,-2.46E1,-8.E0));
#4924=DIRECTION('',(0.E0,-1.E0,0.E0));
#4925=DIRECTION('',(-1.537619404341E-2,0.E0,-9.998817793403E-1));
#4926=AXIS2_PLACEMENT_3D('',#4923,#4924,#4925);
#4927=TOROIDAL_SURFACE('',#4926,6.E-1,4.E-1);
#4928=ORIENTED_EDGE('',*,*,#4584,.T.);
#4930=ORIENTED_EDGE('',*,*,#4929,.T.);
#4931=ORIENTED_EDGE('',*,*,#4916,.F.);
#4933=ORIENTED_EDGE('',*,*,#4932,.F.);
#4934=EDGE_LOOP('',(#4928,#4930,#4931,#4933));
#4935=FACE_OUTER_BOUND('',#4934,.F.);
#4936=ADVANCED_FACE('',(#4935),#4927,.T.);
#4937=CARTESIAN_POINT('',(1.585E1,-2.46E1,-8.0133704E0));
#4938=DIRECTION('',(0.E0,0.E0,1.E0));
#4939=DIRECTION('',(0.E0,-1.E0,0.E0));
#4940=AXIS2_PLACEMENT_3D('',#4937,#4938,#4939);
#4941=CYLINDRICAL_SURFACE('',#4940,4.E-1);
#4943=ORIENTED_EDGE('',*,*,#4942,.F.);
#4944=ORIENTED_EDGE('',*,*,#4929,.F.);
#4945=ORIENTED_EDGE('',*,*,#4582,.T.);
#4947=ORIENTED_EDGE('',*,*,#4946,.T.);
#4948=EDGE_LOOP('',(#4943,#4944,#4945,#4947));
#4949=FACE_OUTER_BOUND('',#4948,.F.);
#4950=ADVANCED_FACE('',(#4949),#4941,.T.);
#4951=CARTESIAN_POINT('',(1.625E1,-1.25E1,0.E0));
#4952=DIRECTION('',(1.E0,0.E0,0.E0));
#4953=DIRECTION('',(0.E0,1.E0,0.E0));
#4954=AXIS2_PLACEMENT_3D('',#4951,#4952,#4953);
#4955=PLANE('',#4954);
#4957=ORIENTED_EDGE('',*,*,#4956,.F.);
#4958=ORIENTED_EDGE('',*,*,#4918,.T.);
#4959=ORIENTED_EDGE('',*,*,#4942,.T.);
#4961=ORIENTED_EDGE('',*,*,#4960,.T.);
#4963=ORIENTED_EDGE('',*,*,#4962,.F.);
#4965=ORIENTED_EDGE('',*,*,#4964,.T.);
#4967=ORIENTED_EDGE('',*,*,#4966,.F.);
#4969=ORIENTED_EDGE('',*,*,#4968,.T.);
#4971=ORIENTED_EDGE('',*,*,#4970,.F.);
#4973=ORIENTED_EDGE('',*,*,#4972,.T.);
#4975=ORIENTED_EDGE('',*,*,#4974,.T.);
#4977=ORIENTED_EDGE('',*,*,#4976,.T.);
#4979=ORIENTED_EDGE('',*,*,#4978,.F.);
#4981=ORIENTED_EDGE('',*,*,#4980,.F.);
#4983=ORIENTED_EDGE('',*,*,#4982,.T.);
#4985=ORIENTED_EDGE('',*,*,#4984,.T.);
#4987=ORIENTED_EDGE('',*,*,#4986,.F.);
#4989=ORIENTED_EDGE('',*,*,#4988,.T.);
#4990=EDGE_LOOP('',(#4957,#4958,#4959,#4961,#4963,#4965,#4967,#4969,#4971,#4973,
#4975,#4977,#4979,#4981,#4983,#4985,#4987,#4989));
#4991=FACE_OUTER_BOUND('',#4990,.F.);
#4992=ADVANCED_FACE('',(#4991),#4955,.T.);
#4993=CARTESIAN_POINT('',(1.585E1,-1.34E1,-8.0150804E0));
#4994=DIRECTION('',(0.E0,0.E0,1.E0));
#4995=DIRECTION('',(1.E0,0.E0,0.E0));
#4996=AXIS2_PLACEMENT_3D('',#4993,#4994,#4995);
#4997=CYLINDRICAL_SURFACE('',#4996,4.E-1);
#4999=ORIENTED_EDGE('',*,*,#4998,.F.);
#5000=ORIENTED_EDGE('',*,*,#4901,.F.);
#5001=ORIENTED_EDGE('',*,*,#4956,.T.);
#5003=ORIENTED_EDGE('',*,*,#5002,.F.);
#5004=EDGE_LOOP('',(#4999,#5000,#5001,#5003));
#5005=FACE_OUTER_BOUND('',#5004,.F.);
#5006=ADVANCED_FACE('',(#5005),#4997,.T.);
#5007=CARTESIAN_POINT('',(1.275E1,-1.3E1,-3.E0));
#5008=DIRECTION('',(0.E0,1.E0,0.E0));
#5009=DIRECTION('',(1.E0,0.E0,0.E0));
#5010=AXIS2_PLACEMENT_3D('',#5007,#5008,#5009);
#5011=PLANE('',#5010);
#5012=ORIENTED_EDGE('',*,*,#4728,.T.);
#5013=ORIENTED_EDGE('',*,*,#4797,.T.);
#5014=ORIENTED_EDGE('',*,*,#4888,.T.);
#5015=ORIENTED_EDGE('',*,*,#4903,.T.);
#5016=ORIENTED_EDGE('',*,*,#4998,.T.);
#5018=ORIENTED_EDGE('',*,*,#5017,.T.);
#5020=ORIENTED_EDGE('',*,*,#5019,.T.);
#5022=ORIENTED_EDGE('',*,*,#5021,.F.);
#5023=EDGE_LOOP('',(#5012,#5013,#5014,#5015,#5016,#5018,#5020,#5022));
#5024=FACE_OUTER_BOUND('',#5023,.F.);
#5025=ADVANCED_FACE('',(#5024),#5011,.T.);
#5026=CARTESIAN_POINT('',(0.E0,0.E0,-3.E0));
#5027=DIRECTION('',(0.E0,0.E0,1.E0));
#5028=DIRECTION('',(1.E0,0.E0,0.E0));
#5029=AXIS2_PLACEMENT_3D('',#5026,#5027,#5028);
#5030=PLANE('',#5029);
#5032=ORIENTED_EDGE('',*,*,#5031,.T.);
#5034=ORIENTED_EDGE('',*,*,#5033,.F.);
#5036=ORIENTED_EDGE('',*,*,#5035,.F.);
#5038=ORIENTED_EDGE('',*,*,#5037,.T.);
#5040=ORIENTED_EDGE('',*,*,#5039,.F.);
#5042=ORIENTED_EDGE('',*,*,#5041,.T.);
#5044=ORIENTED_EDGE('',*,*,#5043,.T.);
#5046=ORIENTED_EDGE('',*,*,#5045,.T.);
#5048=ORIENTED_EDGE('',*,*,#5047,.F.);
#5050=ORIENTED_EDGE('',*,*,#5049,.T.);
#5051=EDGE_LOOP('',(#5032,#5034,#5036,#5038,#5040,#5042,#5044,#5046,#5048,
#5050));
#5052=FACE_OUTER_BOUND('',#5051,.F.);
#5053=ADVANCED_FACE('',(#5052),#5030,.F.);
#5054=CARTESIAN_POINT('',(0.E0,0.E0,-3.E0));
#5055=DIRECTION('',(0.E0,0.E0,1.E0));
#5056=DIRECTION('',(1.E0,0.E0,0.E0));
#5057=AXIS2_PLACEMENT_3D('',#5054,#5055,#5056);
#5058=PLANE('',#5057);
#5060=ORIENTED_EDGE('',*,*,#5059,.T.);
#5062=ORIENTED_EDGE('',*,*,#5061,.T.);
#5064=ORIENTED_EDGE('',*,*,#5063,.T.);
#5065=ORIENTED_EDGE('',*,*,#4607,.F.);
#5067=ORIENTED_EDGE('',*,*,#5066,.T.);
#5069=ORIENTED_EDGE('',*,*,#5068,.T.);
#5070=ORIENTED_EDGE('',*,*,#5017,.F.);
#5072=ORIENTED_EDGE('',*,*,#5071,.F.);
#5074=ORIENTED_EDGE('',*,*,#5073,.T.);
#5076=ORIENTED_EDGE('',*,*,#5075,.F.);
#5077=EDGE_LOOP('',(#5060,#5062,#5064,#5065,#5067,#5069,#5070,#5072,#5074,
#5076));
#5078=FACE_OUTER_BOUND('',#5077,.F.);
#5079=ADVANCED_FACE('',(#5078),#5058,.F.);
#5080=CARTESIAN_POINT('',(-1.235E1,1.34E1,-3.4E0));
#5081=DIRECTION('',(0.E0,-1.E0,0.E0));
#5082=DIRECTION('',(7.077664394356E-1,0.E0,-7.064465069690E-1));
#5083=AXIS2_PLACEMENT_3D('',#5080,#5081,#5082);
#5084=TOROIDAL_SURFACE('',#5083,8.E-1,4.E-1);
#5086=ORIENTED_EDGE('',*,*,#5085,.F.);
#5087=ORIENTED_EDGE('',*,*,#5031,.F.);
#5089=ORIENTED_EDGE('',*,*,#5088,.F.);
#5091=ORIENTED_EDGE('',*,*,#5090,.F.);
#5092=EDGE_LOOP('',(#5086,#5087,#5089,#5091));
#5093=FACE_OUTER_BOUND('',#5092,.F.);
#5094=ADVANCED_FACE('',(#5093),#5084,.T.);
#5095=CARTESIAN_POINT('',(-1.275E1,1.3E1,-3.E0));
#5096=DIRECTION('',(0.E0,-1.E0,0.E0));
#5097=DIRECTION('',(-1.E0,0.E0,0.E0));
#5098=AXIS2_PLACEMENT_3D('',#5095,#5096,#5097);
#5099=PLANE('',#5098);
#5101=ORIENTED_EDGE('',*,*,#5100,.T.);
#5102=ORIENTED_EDGE('',*,*,#5033,.T.);
#5103=ORIENTED_EDGE('',*,*,#5085,.T.);
#5105=ORIENTED_EDGE('',*,*,#5104,.F.);
#5107=ORIENTED_EDGE('',*,*,#5106,.T.);
#5109=ORIENTED_EDGE('',*,*,#5108,.F.);
#5111=ORIENTED_EDGE('',*,*,#5110,.T.);
#5113=ORIENTED_EDGE('',*,*,#5112,.T.);
#5114=EDGE_LOOP('',(#5101,#5102,#5103,#5105,#5107,#5109,#5111,#5113));
#5115=FACE_OUTER_BOUND('',#5114,.F.);
#5116=ADVANCED_FACE('',(#5115),#5099,.T.);
#5117=CARTESIAN_POINT('',(-1.585E1,1.34E1,-8.0150804E0));
#5118=DIRECTION('',(0.E0,0.E0,1.E0));
#5119=DIRECTION('',(-1.E0,0.E0,0.E0));
#5120=AXIS2_PLACEMENT_3D('',#5117,#5118,#5119);
#5121=CYLINDRICAL_SURFACE('',#5120,4.E-1);
#5122=ORIENTED_EDGE('',*,*,#5100,.F.);
#5124=ORIENTED_EDGE('',*,*,#5123,.F.);
#5125=ORIENTED_EDGE('',*,*,#4527,.T.);
#5127=ORIENTED_EDGE('',*,*,#5126,.F.);
#5128=EDGE_LOOP('',(#5122,#5124,#5125,#5127));
#5129=FACE_OUTER_BOUND('',#5128,.F.);
#5130=ADVANCED_FACE('',(#5129),#5121,.T.);
#5131=CARTESIAN_POINT('',(-1.525E1,1.34E1,-8.E0));
#5132=DIRECTION('',(0.E0,1.E0,0.E0));
#5133=DIRECTION('',(1.611770207478E-2,0.E0,-9.998701014031E-1));
#5134=AXIS2_PLACEMENT_3D('',#5131,#5132,#5133);
#5135=TOROIDAL_SURFACE('',#5134,6.E-1,4.E-1);
#5137=ORIENTED_EDGE('',*,*,#5136,.T.);
#5138=ORIENTED_EDGE('',*,*,#5123,.T.);
#5139=ORIENTED_EDGE('',*,*,#5112,.F.);
#5141=ORIENTED_EDGE('',*,*,#5140,.F.);
#5142=EDGE_LOOP('',(#5137,#5138,#5139,#5141));
#5143=FACE_OUTER_BOUND('',#5142,.F.);
#5144=ADVANCED_FACE('',(#5143),#5135,.T.);
#5145=CARTESIAN_POINT('',(-1.525E1,-9.018E1,-8.E0));
#5146=DIRECTION('',(0.E0,1.E0,0.E0));
#5147=DIRECTION('',(0.E0,0.E0,-1.E0));
#5148=AXIS2_PLACEMENT_3D('',#5145,#5146,#5147);
#5149=CYLINDRICAL_SURFACE('',#5148,1.E0);
#5150=ORIENTED_EDGE('',*,*,#5136,.F.);
#5151=ORIENTED_EDGE('',*,*,#4859,.T.);
#5153=ORIENTED_EDGE('',*,*,#5152,.F.);
#5154=ORIENTED_EDGE('',*,*,#4529,.F.);
#5155=EDGE_LOOP('',(#5150,#5151,#5153,#5154));
#5156=FACE_OUTER_BOUND('',#5155,.F.);
#5157=ADVANCED_FACE('',(#5156),#5149,.T.);
#5158=CARTESIAN_POINT('',(-1.525E1,2.46E1,-8.E0));
#5159=DIRECTION('',(0.E0,1.E0,0.E0));
#5160=DIRECTION('',(-9.998907009216E-1,1.184237892934E-14,1.478466132650E-2));
#5161=AXIS2_PLACEMENT_3D('',#5158,#5159,#5160);
#5162=TOROIDAL_SURFACE('',#5161,6.E-1,4.E-1);
#5163=ORIENTED_EDGE('',*,*,#5152,.T.);
#5165=ORIENTED_EDGE('',*,*,#5164,.T.);
#5167=ORIENTED_EDGE('',*,*,#5166,.F.);
#5169=ORIENTED_EDGE('',*,*,#5168,.F.);
#5170=EDGE_LOOP('',(#5163,#5165,#5167,#5169));
#5171=FACE_OUTER_BOUND('',#5170,.F.);
#5172=ADVANCED_FACE('',(#5171),#5162,.T.);
#5173=CARTESIAN_POINT('',(-1.52647852E1,2.46E1,-8.6E0));
#5174=DIRECTION('',(1.E0,0.E0,0.E0));
#5175=DIRECTION('',(0.E0,0.E0,-1.E0));
#5176=AXIS2_PLACEMENT_3D('',#5173,#5174,#5175);
#5177=CYLINDRICAL_SURFACE('',#5176,4.E-1);
#5179=ORIENTED_EDGE('',*,*,#5178,.F.);
#5180=ORIENTED_EDGE('',*,*,#5164,.F.);
#5181=ORIENTED_EDGE('',*,*,#4857,.T.);
#5183=ORIENTED_EDGE('',*,*,#5182,.T.);
#5184=EDGE_LOOP('',(#5179,#5180,#5181,#5183));
#5185=FACE_OUTER_BOUND('',#5184,.F.);
#5186=ADVANCED_FACE('',(#5185),#5177,.T.);
#5187=CARTESIAN_POINT('',(1.625E1,2.5E1,0.E0));
#5188=DIRECTION('',(0.E0,1.E0,0.E0));
#5189=DIRECTION('',(-1.E0,0.E0,0.E0));
#5190=AXIS2_PLACEMENT_3D('',#5187,#5188,#5189);
#5191=PLANE('',#5190);
#5193=ORIENTED_EDGE('',*,*,#5192,.T.);
#5195=ORIENTED_EDGE('',*,*,#5194,.F.);
#5197=ORIENTED_EDGE('',*,*,#5196,.F.);
#5199=ORIENTED_EDGE('',*,*,#5198,.T.);
#5201=ORIENTED_EDGE('',*,*,#5200,.T.);
#5203=ORIENTED_EDGE('',*,*,#5202,.T.);
#5205=ORIENTED_EDGE('',*,*,#5204,.T.);
#5207=ORIENTED_EDGE('',*,*,#5206,.T.);
#5209=ORIENTED_EDGE('',*,*,#5208,.T.);
#5211=ORIENTED_EDGE('',*,*,#5210,.T.);
#5212=ORIENTED_EDGE('',*,*,#5166,.T.);
#5213=ORIENTED_EDGE('',*,*,#5178,.T.);
#5215=ORIENTED_EDGE('',*,*,#5214,.F.);
#5217=ORIENTED_EDGE('',*,*,#5216,.T.);
#5219=ORIENTED_EDGE('',*,*,#5218,.T.);
#5221=ORIENTED_EDGE('',*,*,#5220,.F.);
#5222=EDGE_LOOP('',(#5193,#5195,#5197,#5199,#5201,#5203,#5205,#5207,#5209,#5211,
#5212,#5213,#5215,#5217,#5219,#5221));
#5223=FACE_OUTER_BOUND('',#5222,.F.);
#5224=ADVANCED_FACE('',(#5223),#5191,.T.);
#5225=CARTESIAN_POINT('',(-5.8617E1,2.46E1,-2.6E0));
#5226=DIRECTION('',(1.E0,0.E0,0.E0));
#5227=DIRECTION('',(0.E0,0.E0,-1.E0));
#5228=AXIS2_PLACEMENT_3D('',#5225,#5226,#5227);
#5229=CYLINDRICAL_SURFACE('',#5228,4.E-1);
#5230=ORIENTED_EDGE('',*,*,#5192,.F.);
#5232=ORIENTED_EDGE('',*,*,#5231,.T.);
#5233=ORIENTED_EDGE('',*,*,#5047,.T.);
#5235=ORIENTED_EDGE('',*,*,#5234,.T.);
#5236=EDGE_LOOP('',(#5230,#5232,#5233,#5235));
#5237=FACE_OUTER_BOUND('',#5236,.F.);
#5238=ADVANCED_FACE('',(#5237),#5229,.T.);
#5239=CARTESIAN_POINT('',(-1.235E1,2.46E1,-3.4E0));
#5240=DIRECTION('',(0.E0,-1.E0,0.E0));
#5241=DIRECTION('',(-1.E0,0.E0,0.E0));
#5242=AXIS2_PLACEMENT_3D('',#5239,#5240,#5241);
#5243=TOROIDAL_SURFACE('',#5242,8.E-1,4.E-1);
#5244=ORIENTED_EDGE('',*,*,#5220,.T.);
#5246=ORIENTED_EDGE('',*,*,#5245,.F.);
#5248=ORIENTED_EDGE('',*,*,#5247,.F.);
#5249=ORIENTED_EDGE('',*,*,#5231,.F.);
#5250=EDGE_LOOP('',(#5244,#5246,#5248,#5249));
#5251=FACE_OUTER_BOUND('',#5250,.F.);
#5252=ADVANCED_FACE('',(#5251),#5243,.T.);
#5253=CARTESIAN_POINT('',(-1.315E1,2.46E1,-2.985760003360E1));
#5254=DIRECTION('',(0.E0,0.E0,1.E0));
#5255=DIRECTION('',(1.E0,0.E0,0.E0));
#5256=AXIS2_PLACEMENT_3D('',#5253,#5254,#5255);
#5257=CYLINDRICAL_SURFACE('',#5256,4.E-1);
#5259=ORIENTED_EDGE('',*,*,#5258,.T.);
#5260=ORIENTED_EDGE('',*,*,#5245,.T.);
#5261=ORIENTED_EDGE('',*,*,#5218,.F.);
#5263=ORIENTED_EDGE('',*,*,#5262,.F.);
#5264=EDGE_LOOP('',(#5259,#5260,#5261,#5263));
#5265=FACE_OUTER_BOUND('',#5264,.F.);
#5266=ADVANCED_FACE('',(#5265),#5257,.T.);
#5267=CARTESIAN_POINT('',(-1.275E1,2.5E1,-3.E0));
#5268=DIRECTION('',(1.E0,0.E0,0.E0));
#5269=DIRECTION('',(0.E0,-1.E0,0.E0));
#5270=AXIS2_PLACEMENT_3D('',#5267,#5268,#5269);
#5271=PLANE('',#5270);
#5272=ORIENTED_EDGE('',*,*,#4695,.T.);
#5274=ORIENTED_EDGE('',*,*,#5273,.T.);
#5276=ORIENTED_EDGE('',*,*,#5275,.F.);
#5277=ORIENTED_EDGE('',*,*,#5258,.F.);
#5278=EDGE_LOOP('',(#5272,#5274,#5276,#5277));
#5279=FACE_OUTER_BOUND('',#5278,.F.);
#5280=ADVANCED_FACE('',(#5279),#5271,.T.);
#5281=CARTESIAN_POINT('',(-1.315E1,1.34E1,-2.985760003360E1));
#5282=DIRECTION('',(0.E0,0.E0,1.E0));
#5283=DIRECTION('',(0.E0,-1.E0,0.E0));
#5284=AXIS2_PLACEMENT_3D('',#5281,#5282,#5283);
#5285=CYLINDRICAL_SURFACE('',#5284,4.E-1);
#5286=ORIENTED_EDGE('',*,*,#5104,.T.);
#5287=ORIENTED_EDGE('',*,*,#5090,.T.);
#5288=ORIENTED_EDGE('',*,*,#5273,.F.);
#5290=ORIENTED_EDGE('',*,*,#5289,.T.);
#5291=EDGE_LOOP('',(#5286,#5287,#5288,#5290));
#5292=FACE_OUTER_BOUND('',#5291,.F.);
#5293=ADVANCED_FACE('',(#5292),#5285,.T.);
#5294=CARTESIAN_POINT('',(-5.8617E1,1.34E1,-6.4E0));
#5295=DIRECTION('',(1.E0,0.E0,0.E0));
#5296=DIRECTION('',(0.E0,0.E0,1.E0));
#5297=AXIS2_PLACEMENT_3D('',#5294,#5295,#5296);
#5298=CYLINDRICAL_SURFACE('',#5297,4.E-1);
#5299=ORIENTED_EDGE('',*,*,#4693,.T.);
#5301=ORIENTED_EDGE('',*,*,#5300,.T.);
#5302=ORIENTED_EDGE('',*,*,#5106,.F.);
#5303=ORIENTED_EDGE('',*,*,#5289,.F.);
#5304=EDGE_LOOP('',(#5299,#5301,#5302,#5303));
#5305=FACE_OUTER_BOUND('',#5304,.F.);
#5306=ADVANCED_FACE('',(#5305),#5298,.T.);
#5307=CARTESIAN_POINT('',(-4.4E0,1.34E1,-6.4E0));
#5308=DIRECTION('',(7.071067811865E-1,0.E0,-7.071067811865E-1));
#5309=DIRECTION('',(7.071067811865E-1,0.E0,7.071067811865E-1));
#5310=AXIS2_PLACEMENT_3D('',#5307,#5308,#5309);
#5311=SPHERICAL_SURFACE('',#5310,4.E-1);
#5312=ORIENTED_EDGE('',*,*,#5300,.F.);
#5314=ORIENTED_EDGE('',*,*,#5313,.F.);
#5316=ORIENTED_EDGE('',*,*,#5315,.F.);
#5317=EDGE_LOOP('',(#5312,#5314,#5316));
#5318=FACE_OUTER_BOUND('',#5317,.F.);
#5319=ADVANCED_FACE('',(#5318),#5311,.T.);
#5320=CARTESIAN_POINT('',(-4.4E0,-9.018E1,-6.4E0));
#5321=DIRECTION('',(0.E0,1.E0,0.E0));
#5322=DIRECTION('',(0.E0,0.E0,1.E0));
#5323=AXIS2_PLACEMENT_3D('',#5320,#5321,#5322);
#5324=CYLINDRICAL_SURFACE('',#5323,4.E-1);
#5325=ORIENTED_EDGE('',*,*,#4699,.T.);
#5327=ORIENTED_EDGE('',*,*,#5326,.F.);
#5329=ORIENTED_EDGE('',*,*,#5328,.F.);
#5330=ORIENTED_EDGE('',*,*,#5313,.T.);
#5331=EDGE_LOOP('',(#5325,#5327,#5329,#5330));
#5332=FACE_OUTER_BOUND('',#5331,.F.);
#5333=ADVANCED_FACE('',(#5332),#5324,.T.);
#5334=CARTESIAN_POINT('',(5.8617E1,2.46E1,-6.4E0));
#5335=DIRECTION('',(-1.E0,0.E0,0.E0));
#5336=DIRECTION('',(0.E0,0.E0,1.E0));
#5337=AXIS2_PLACEMENT_3D('',#5334,#5335,#5336);
#5338=CYLINDRICAL_SURFACE('',#5337,4.E-1);
#5339=ORIENTED_EDGE('',*,*,#5216,.F.);
#5340=ORIENTED_EDGE('',*,*,#5326,.T.);
#5341=ORIENTED_EDGE('',*,*,#4697,.T.);
#5342=ORIENTED_EDGE('',*,*,#5262,.T.);
#5343=EDGE_LOOP('',(#5339,#5340,#5341,#5342));
#5344=FACE_OUTER_BOUND('',#5343,.F.);
#5345=ADVANCED_FACE('',(#5344),#5338,.T.);
#5346=CARTESIAN_POINT('',(-4.E0,2.5E1,-6.E0));
#5347=DIRECTION('',(1.E0,0.E0,0.E0));
#5348=DIRECTION('',(0.E0,-1.E0,0.E0));
#5349=AXIS2_PLACEMENT_3D('',#5346,#5347,#5348);
#5350=PLANE('',#5349);
#5352=ORIENTED_EDGE('',*,*,#5351,.T.);
#5354=ORIENTED_EDGE('',*,*,#5353,.T.);
#5355=ORIENTED_EDGE('',*,*,#5328,.T.);
#5356=ORIENTED_EDGE('',*,*,#5214,.T.);
#5357=EDGE_LOOP('',(#5352,#5354,#5355,#5356));
#5358=FACE_OUTER_BOUND('',#5357,.F.);
#5359=ADVANCED_FACE('',(#5358),#5350,.T.);
#5360=CARTESIAN_POINT('',(-4.4E0,9.018E1,-8.6E0));
#5361=DIRECTION('',(0.E0,-1.E0,0.E0));
#5362=DIRECTION('',(0.E0,0.E0,-1.E0));
#5363=AXIS2_PLACEMENT_3D('',#5360,#5361,#5362);
#5364=CYLINDRICAL_SURFACE('',#5363,4.E-1);
#5365=ORIENTED_EDGE('',*,*,#4855,.T.);
#5367=ORIENTED_EDGE('',*,*,#5366,.T.);
#5368=ORIENTED_EDGE('',*,*,#5351,.F.);
#5369=ORIENTED_EDGE('',*,*,#5182,.F.);
#5370=EDGE_LOOP('',(#5365,#5367,#5368,#5369));
#5371=FACE_OUTER_BOUND('',#5370,.F.);
#5372=ADVANCED_FACE('',(#5371),#5364,.T.);
#5373=CARTESIAN_POINT('',(-4.4E0,1.34E1,-8.6E0));
#5374=DIRECTION('',(7.071067811865E-1,7.071067811865E-1,0.E0));
#5375=DIRECTION('',(7.071067811865E-1,-7.071067811865E-1,0.E0));
#5376=AXIS2_PLACEMENT_3D('',#5373,#5374,#5375);
#5377=SPHERICAL_SURFACE('',#5376,4.E-1);
#5379=ORIENTED_EDGE('',*,*,#5378,.F.);
#5380=ORIENTED_EDGE('',*,*,#5366,.F.);
#5382=ORIENTED_EDGE('',*,*,#5381,.F.);
#5383=EDGE_LOOP('',(#5379,#5380,#5382));
#5384=FACE_OUTER_BOUND('',#5383,.F.);
#5385=ADVANCED_FACE('',(#5384),#5377,.T.);
#5386=CARTESIAN_POINT('',(-4.4E0,1.34E1,-2.985760003360E1));
#5387=DIRECTION('',(0.E0,0.E0,1.E0));
#5388=DIRECTION('',(0.E0,-1.E0,0.E0));
#5389=AXIS2_PLACEMENT_3D('',#5386,#5387,#5388);
#5390=CYLINDRICAL_SURFACE('',#5389,4.E-1);
#5391=ORIENTED_EDGE('',*,*,#5108,.T.);
#5392=ORIENTED_EDGE('',*,*,#5315,.T.);
#5393=ORIENTED_EDGE('',*,*,#5353,.F.);
#5394=ORIENTED_EDGE('',*,*,#5378,.T.);
#5395=EDGE_LOOP('',(#5391,#5392,#5393,#5394));
#5396=FACE_OUTER_BOUND('',#5395,.F.);
#5397=ADVANCED_FACE('',(#5396),#5390,.T.);
#5398=CARTESIAN_POINT('',(5.8617E1,1.34E1,-8.6E0));
#5399=DIRECTION('',(-1.E0,0.E0,0.E0));
#5400=DIRECTION('',(0.E0,0.E0,-1.E0));
#5401=AXIS2_PLACEMENT_3D('',#5398,#5399,#5400);
#5402=CYLINDRICAL_SURFACE('',#5401,4.E-1);
#5403=ORIENTED_EDGE('',*,*,#4853,.T.);
#5404=ORIENTED_EDGE('',*,*,#5140,.T.);
#5405=ORIENTED_EDGE('',*,*,#5110,.F.);
#5406=ORIENTED_EDGE('',*,*,#5381,.T.);
#5407=EDGE_LOOP('',(#5403,#5404,#5405,#5406));
#5408=FACE_OUTER_BOUND('',#5407,.F.);
#5409=ADVANCED_FACE('',(#5408),#5402,.T.);
#5410=CARTESIAN_POINT('',(-1.235E1,9.018E1,-3.4E0));
#5411=DIRECTION('',(0.E0,-1.E0,0.E0));
#5412=DIRECTION('',(0.E0,0.E0,1.E0));
#5413=AXIS2_PLACEMENT_3D('',#5410,#5411,#5412);
#5414=CYLINDRICAL_SURFACE('',#5413,4.E-1);
#5415=ORIENTED_EDGE('',*,*,#5049,.F.);
#5416=ORIENTED_EDGE('',*,*,#5247,.T.);
#5417=ORIENTED_EDGE('',*,*,#5275,.T.);
#5418=ORIENTED_EDGE('',*,*,#5088,.T.);
#5419=EDGE_LOOP('',(#5415,#5416,#5417,#5418));
#5420=FACE_OUTER_BOUND('',#5419,.F.);
#5421=ADVANCED_FACE('',(#5420),#5414,.F.);
#5422=CARTESIAN_POINT('',(1.235E1,2.46E1,-3.4E0));
#5423=DIRECTION('',(0.E0,1.E0,0.E0));
#5424=DIRECTION('',(0.E0,0.E0,1.E0));
#5425=AXIS2_PLACEMENT_3D('',#5422,#5423,#5424);
#5426=TOROIDAL_SURFACE('',#5425,8.E-1,4.E-1);
#5427=ORIENTED_EDGE('',*,*,#5194,.T.);
#5428=ORIENTED_EDGE('',*,*,#5234,.F.);
#5430=ORIENTED_EDGE('',*,*,#5429,.F.);
#5432=ORIENTED_EDGE('',*,*,#5431,.F.);
#5433=EDGE_LOOP('',(#5427,#5428,#5430,#5432));
#5434=FACE_OUTER_BOUND('',#5433,.F.);
#5435=ADVANCED_FACE('',(#5434),#5426,.T.);
#5436=CARTESIAN_POINT('',(1.235E1,-9.018E1,-3.4E0));
#5437=DIRECTION('',(0.E0,1.E0,0.E0));
#5438=DIRECTION('',(0.E0,0.E0,1.E0));
#5439=AXIS2_PLACEMENT_3D('',#5436,#5437,#5438);
#5440=CYLINDRICAL_SURFACE('',#5439,4.E-1);
#5441=ORIENTED_EDGE('',*,*,#5045,.F.);
#5443=ORIENTED_EDGE('',*,*,#5442,.T.);
#5445=ORIENTED_EDGE('',*,*,#5444,.T.);
#5446=ORIENTED_EDGE('',*,*,#5429,.T.);
#5447=EDGE_LOOP('',(#5441,#5443,#5445,#5446));
#5448=FACE_OUTER_BOUND('',#5447,.F.);
#5449=ADVANCED_FACE('',(#5448),#5440,.F.);
#5450=CARTESIAN_POINT('',(1.235E1,1.34E1,-3.4E0));
#5451=DIRECTION('',(0.E0,1.E0,0.E0));
#5452=DIRECTION('',(9.993169460901E-1,0.E0,-3.695458370948E-2));
#5453=AXIS2_PLACEMENT_3D('',#5450,#5451,#5452);
#5454=TOROIDAL_SURFACE('',#5453,8.E-1,4.E-1);
#5456=ORIENTED_EDGE('',*,*,#5455,.F.);
#5458=ORIENTED_EDGE('',*,*,#5457,.F.);
#5459=ORIENTED_EDGE('',*,*,#5442,.F.);
#5460=ORIENTED_EDGE('',*,*,#5043,.F.);
#5461=EDGE_LOOP('',(#5456,#5458,#5459,#5460));
#5462=FACE_OUTER_BOUND('',#5461,.F.);
#5463=ADVANCED_FACE('',(#5462),#5454,.T.);
#5464=CARTESIAN_POINT('',(1.625E1,1.3E1,-3.E0));
#5465=DIRECTION('',(0.E0,-1.E0,0.E0));
#5466=DIRECTION('',(-1.E0,0.E0,0.E0));
#5467=AXIS2_PLACEMENT_3D('',#5464,#5465,#5466);
#5468=PLANE('',#5467);
#5470=ORIENTED_EDGE('',*,*,#5469,.T.);
#5472=ORIENTED_EDGE('',*,*,#5471,.T.);
#5473=ORIENTED_EDGE('',*,*,#5455,.T.);
#5474=ORIENTED_EDGE('',*,*,#5041,.F.);
#5476=ORIENTED_EDGE('',*,*,#5475,.F.);
#5478=ORIENTED_EDGE('',*,*,#5477,.F.);
#5480=ORIENTED_EDGE('',*,*,#5479,.F.);
#5482=ORIENTED_EDGE('',*,*,#5481,.T.);
#5483=EDGE_LOOP('',(#5470,#5472,#5473,#5474,#5476,#5478,#5480,#5482));
#5484=FACE_OUTER_BOUND('',#5483,.F.);
#5485=ADVANCED_FACE('',(#5484),#5468,.T.);
#5486=CARTESIAN_POINT('',(-5.8617E1,1.34E1,-6.4E0));
#5487=DIRECTION('',(1.E0,0.E0,0.E0));
#5488=DIRECTION('',(0.E0,0.E0,1.E0));
#5489=AXIS2_PLACEMENT_3D('',#5486,#5487,#5488);
#5490=CYLINDRICAL_SURFACE('',#5489,4.E-1);
#5491=ORIENTED_EDGE('',*,*,#5469,.F.);
#5493=ORIENTED_EDGE('',*,*,#5492,.T.);
#5494=ORIENTED_EDGE('',*,*,#4713,.T.);
#5496=ORIENTED_EDGE('',*,*,#5495,.T.);
#5497=EDGE_LOOP('',(#5491,#5493,#5494,#5496));
#5498=FACE_OUTER_BOUND('',#5497,.F.);
#5499=ADVANCED_FACE('',(#5498),#5490,.T.);
#5500=CARTESIAN_POINT('',(4.4E0,1.34E1,-6.4E0));
#5501=DIRECTION('',(-7.071067811865E-1,7.071067811865E-1,0.E0));
#5502=DIRECTION('',(-7.071067811865E-1,-7.071067811865E-1,0.E0));
#5503=AXIS2_PLACEMENT_3D('',#5500,#5501,#5502);
#5504=SPHERICAL_SURFACE('',#5503,4.E-1);
#5505=ORIENTED_EDGE('',*,*,#5492,.F.);
#5507=ORIENTED_EDGE('',*,*,#5506,.F.);
#5509=ORIENTED_EDGE('',*,*,#5508,.F.);
#5510=EDGE_LOOP('',(#5505,#5507,#5509));
#5511=FACE_OUTER_BOUND('',#5510,.F.);
#5512=ADVANCED_FACE('',(#5511),#5504,.T.);
#5513=CARTESIAN_POINT('',(4.4E0,1.34E1,-2.985760003360E1));
#5514=DIRECTION('',(0.E0,0.E0,1.E0));
#5515=DIRECTION('',(-1.E0,0.E0,0.E0));
#5516=AXIS2_PLACEMENT_3D('',#5513,#5514,#5515);
#5517=CYLINDRICAL_SURFACE('',#5516,4.E-1);
#5519=ORIENTED_EDGE('',*,*,#5518,.T.);
#5520=ORIENTED_EDGE('',*,*,#5506,.T.);
#5521=ORIENTED_EDGE('',*,*,#5481,.F.);
#5523=ORIENTED_EDGE('',*,*,#5522,.T.);
#5524=EDGE_LOOP('',(#5519,#5520,#5521,#5523));
#5525=FACE_OUTER_BOUND('',#5524,.F.);
#5526=ADVANCED_FACE('',(#5525),#5517,.T.);
#5527=CARTESIAN_POINT('',(4.E0,1.3E1,-6.E0));
#5528=DIRECTION('',(-1.E0,0.E0,0.E0));
#5529=DIRECTION('',(0.E0,1.E0,0.E0));
#5530=AXIS2_PLACEMENT_3D('',#5527,#5528,#5529);
#5531=PLANE('',#5530);
#5533=ORIENTED_EDGE('',*,*,#5532,.T.);
#5534=ORIENTED_EDGE('',*,*,#5200,.F.);
#5536=ORIENTED_EDGE('',*,*,#5535,.T.);
#5537=ORIENTED_EDGE('',*,*,#5518,.F.);
#5538=EDGE_LOOP('',(#5533,#5534,#5536,#5537));
#5539=FACE_OUTER_BOUND('',#5538,.F.);
#5540=ADVANCED_FACE('',(#5539),#5531,.T.);
#5541=CARTESIAN_POINT('',(4.4E0,-9.018E1,-8.6E0));
#5542=DIRECTION('',(0.E0,1.E0,0.E0));
#5543=DIRECTION('',(0.E0,0.E0,-1.E0));
#5544=AXIS2_PLACEMENT_3D('',#5541,#5542,#5543);
#5545=CYLINDRICAL_SURFACE('',#5544,4.E-1);
#5546=ORIENTED_EDGE('',*,*,#5532,.F.);
#5548=ORIENTED_EDGE('',*,*,#5547,.T.);
#5549=ORIENTED_EDGE('',*,*,#4869,.T.);
#5551=ORIENTED_EDGE('',*,*,#5550,.F.);
#5552=EDGE_LOOP('',(#5546,#5548,#5549,#5551));
#5553=FACE_OUTER_BOUND('',#5552,.F.);
#5554=ADVANCED_FACE('',(#5553),#5545,.T.);
#5555=CARTESIAN_POINT('',(4.4E0,1.34E1,-8.6E0));
#5556=DIRECTION('',(-7.071067811865E-1,0.E0,7.071067811865E-1));
#5557=DIRECTION('',(-7.071067811865E-1,0.E0,-7.071067811865E-1));
#5558=AXIS2_PLACEMENT_3D('',#5555,#5556,#5557);
#5559=SPHERICAL_SURFACE('',#5558,4.E-1);
#5560=ORIENTED_EDGE('',*,*,#5547,.F.);
#5561=ORIENTED_EDGE('',*,*,#5522,.F.);
#5563=ORIENTED_EDGE('',*,*,#5562,.F.);
#5564=EDGE_LOOP('',(#5560,#5561,#5563));
#5565=FACE_OUTER_BOUND('',#5564,.F.);
#5566=ADVANCED_FACE('',(#5565),#5559,.T.);
#5567=CARTESIAN_POINT('',(-5.8617E1,1.34E1,-8.6E0));
#5568=DIRECTION('',(1.E0,0.E0,0.E0));
#5569=DIRECTION('',(0.E0,-1.E0,0.E0));
#5570=AXIS2_PLACEMENT_3D('',#5567,#5568,#5569);
#5571=CYLINDRICAL_SURFACE('',#5570,4.E-1);
#5572=ORIENTED_EDGE('',*,*,#5479,.T.);
#5574=ORIENTED_EDGE('',*,*,#5573,.T.);
#5575=ORIENTED_EDGE('',*,*,#4871,.F.);
#5576=ORIENTED_EDGE('',*,*,#5562,.T.);
#5577=EDGE_LOOP('',(#5572,#5574,#5575,#5576));
#5578=FACE_OUTER_BOUND('',#5577,.F.);
#5579=ADVANCED_FACE('',(#5578),#5571,.T.);
#5580=CARTESIAN_POINT('',(1.525E1,1.34E1,-8.E0));
#5581=DIRECTION('',(0.E0,-1.E0,0.E0));
#5582=DIRECTION('',(-1.537619404341E-2,0.E0,-9.998817793403E-1));
#5583=AXIS2_PLACEMENT_3D('',#5580,#5581,#5582);
#5584=TOROIDAL_SURFACE('',#5583,6.E-1,4.E-1);
#5585=ORIENTED_EDGE('',*,*,#5477,.T.);
#5587=ORIENTED_EDGE('',*,*,#5586,.T.);
#5589=ORIENTED_EDGE('',*,*,#5588,.F.);
#5590=ORIENTED_EDGE('',*,*,#5573,.F.);
#5591=EDGE_LOOP('',(#5585,#5587,#5589,#5590));
#5592=FACE_OUTER_BOUND('',#5591,.F.);
#5593=ADVANCED_FACE('',(#5592),#5584,.T.);
#5594=CARTESIAN_POINT('',(1.585E1,1.34E1,-8.0133704E0));
#5595=DIRECTION('',(0.E0,0.E0,1.E0));
#5596=DIRECTION('',(0.E0,-1.E0,0.E0));
#5597=AXIS2_PLACEMENT_3D('',#5594,#5595,#5596);
#5598=CYLINDRICAL_SURFACE('',#5597,4.E-1);
#5599=ORIENTED_EDGE('',*,*,#4974,.F.);
#5600=ORIENTED_EDGE('',*,*,#5586,.F.);
#5601=ORIENTED_EDGE('',*,*,#5475,.T.);
#5603=ORIENTED_EDGE('',*,*,#5602,.T.);
#5604=EDGE_LOOP('',(#5599,#5600,#5601,#5603));
#5605=FACE_OUTER_BOUND('',#5604,.F.);
#5606=ADVANCED_FACE('',(#5605),#5598,.T.);
#5607=CARTESIAN_POINT('',(1.585E1,9.018E1,-2.6E0));
#5608=DIRECTION('',(0.E0,-1.E0,0.E0));
#5609=DIRECTION('',(0.E0,0.E0,-1.E0));
#5610=AXIS2_PLACEMENT_3D('',#5607,#5608,#5609);
#5611=CYLINDRICAL_SURFACE('',#5610,4.E-1);
#5612=ORIENTED_EDGE('',*,*,#4976,.F.);
#5613=ORIENTED_EDGE('',*,*,#5602,.F.);
#5614=ORIENTED_EDGE('',*,*,#5039,.T.);
#5616=ORIENTED_EDGE('',*,*,#5615,.T.);
#5617=EDGE_LOOP('',(#5612,#5613,#5614,#5616));
#5618=FACE_OUTER_BOUND('',#5617,.F.);
#5619=ADVANCED_FACE('',(#5618),#5611,.T.);
#5620=CARTESIAN_POINT('',(1.585E1,7.4E0,-3.4E0));
#5621=DIRECTION('',(1.E0,0.E0,0.E0));
#5622=DIRECTION('',(0.E0,0.E0,1.E0));
#5623=AXIS2_PLACEMENT_3D('',#5620,#5621,#5622);
#5624=TOROIDAL_SURFACE('',#5623,8.E-1,4.E-1);
#5625=ORIENTED_EDGE('',*,*,#4978,.T.);
#5626=ORIENTED_EDGE('',*,*,#5615,.F.);
#5628=ORIENTED_EDGE('',*,*,#5627,.F.);
#5630=ORIENTED_EDGE('',*,*,#5629,.F.);
#5631=EDGE_LOOP('',(#5625,#5626,#5628,#5630));
#5632=FACE_OUTER_BOUND('',#5631,.F.);
#5633=ADVANCED_FACE('',(#5632),#5624,.T.);
#5634=CARTESIAN_POINT('',(-5.8617E1,7.4E0,-3.4E0));
#5635=DIRECTION('',(1.E0,0.E0,0.E0));
#5636=DIRECTION('',(0.E0,0.E0,1.E0));
#5637=AXIS2_PLACEMENT_3D('',#5634,#5635,#5636);
#5638=CYLINDRICAL_SURFACE('',#5637,4.E-1);
#5639=ORIENTED_EDGE('',*,*,#5037,.F.);
#5641=ORIENTED_EDGE('',*,*,#5640,.T.);
#5643=ORIENTED_EDGE('',*,*,#5642,.T.);
#5644=ORIENTED_EDGE('',*,*,#5627,.T.);
#5645=EDGE_LOOP('',(#5639,#5641,#5643,#5644));
#5646=FACE_OUTER_BOUND('',#5645,.F.);
#5647=ADVANCED_FACE('',(#5646),#5638,.F.);
#5648=CARTESIAN_POINT('',(-1.585E1,7.4E0,-3.4E0));
#5649=DIRECTION('',(1.E0,0.E0,0.E0));
#5650=DIRECTION('',(0.E0,-1.E0,0.E0));
#5651=AXIS2_PLACEMENT_3D('',#5648,#5649,#5650);
#5652=TOROIDAL_SURFACE('',#5651,8.E-1,4.E-1);
#5653=ORIENTED_EDGE('',*,*,#4523,.T.);
#5655=ORIENTED_EDGE('',*,*,#5654,.F.);
#5656=ORIENTED_EDGE('',*,*,#5640,.F.);
#5658=ORIENTED_EDGE('',*,*,#5657,.F.);
#5659=EDGE_LOOP('',(#5653,#5655,#5656,#5658));
#5660=FACE_OUTER_BOUND('',#5659,.F.);
#5661=ADVANCED_FACE('',(#5660),#5652,.T.);
#5662=CARTESIAN_POINT('',(-1.585E1,6.6E0,-2.985760003360E1));
#5663=DIRECTION('',(0.E0,0.E0,1.E0));
#5664=DIRECTION('',(0.E0,1.E0,0.E0));
#5665=AXIS2_PLACEMENT_3D('',#5662,#5663,#5664);
#5666=CYLINDRICAL_SURFACE('',#5665,4.E-1);
#5668=ORIENTED_EDGE('',*,*,#5667,.T.);
#5669=ORIENTED_EDGE('',*,*,#5654,.T.);
#5670=ORIENTED_EDGE('',*,*,#4521,.F.);
#5672=ORIENTED_EDGE('',*,*,#5671,.T.);
#5673=EDGE_LOOP('',(#5668,#5669,#5670,#5672));
#5674=FACE_OUTER_BOUND('',#5673,.F.);
#5675=ADVANCED_FACE('',(#5674),#5666,.T.);
#5676=CARTESIAN_POINT('',(-1.625E1,7.E0,-3.E0));
#5677=DIRECTION('',(0.E0,1.E0,0.E0));
#5678=DIRECTION('',(1.E0,0.E0,0.E0));
#5679=AXIS2_PLACEMENT_3D('',#5676,#5677,#5678);
#5680=PLANE('',#5679);
#5681=ORIENTED_EDGE('',*,*,#5642,.F.);
#5682=ORIENTED_EDGE('',*,*,#5667,.F.);
#5684=ORIENTED_EDGE('',*,*,#5683,.T.);
#5686=ORIENTED_EDGE('',*,*,#5685,.T.);
#5687=EDGE_LOOP('',(#5681,#5682,#5684,#5686));
#5688=FACE_OUTER_BOUND('',#5687,.F.);
#5689=ADVANCED_FACE('',(#5688),#5680,.T.);
#5690=CARTESIAN_POINT('',(-5.8617E1,6.6E0,-7.6E0));
#5691=DIRECTION('',(1.E0,0.E0,0.E0));
#5692=DIRECTION('',(0.E0,0.E0,-1.E0));
#5693=AXIS2_PLACEMENT_3D('',#5690,#5691,#5692);
#5694=CYLINDRICAL_SURFACE('',#5693,4.E-1);
#5695=ORIENTED_EDGE('',*,*,#5683,.F.);
#5697=ORIENTED_EDGE('',*,*,#5696,.T.);
#5699=ORIENTED_EDGE('',*,*,#5698,.T.);
#5701=ORIENTED_EDGE('',*,*,#5700,.T.);
#5702=EDGE_LOOP('',(#5695,#5697,#5699,#5701));
#5703=FACE_OUTER_BOUND('',#5702,.F.);
#5704=ADVANCED_FACE('',(#5703),#5694,.T.);
#5705=CARTESIAN_POINT('',(-1.585E1,6.6E0,-7.6E0));
#5706=DIRECTION('',(0.E0,7.071067811865E-1,7.071067811865E-1));
#5707=DIRECTION('',(0.E0,7.071067811865E-1,-7.071067811865E-1));
#5708=AXIS2_PLACEMENT_3D('',#5705,#5706,#5707);
#5709=SPHERICAL_SURFACE('',#5708,4.E-1);
#5710=ORIENTED_EDGE('',*,*,#5696,.F.);
#5711=ORIENTED_EDGE('',*,*,#5671,.F.);
#5713=ORIENTED_EDGE('',*,*,#5712,.F.);
#5714=EDGE_LOOP('',(#5710,#5711,#5713));
#5715=FACE_OUTER_BOUND('',#5714,.F.);
#5716=ADVANCED_FACE('',(#5715),#5709,.T.);
#5717=CARTESIAN_POINT('',(-1.585E1,-9.018E1,-7.6E0));
#5718=DIRECTION('',(0.E0,1.E0,0.E0));
#5719=DIRECTION('',(0.E0,0.E0,-1.E0));
#5720=AXIS2_PLACEMENT_3D('',#5717,#5718,#5719);
#5721=CYLINDRICAL_SURFACE('',#5720,4.E-1);
#5722=ORIENTED_EDGE('',*,*,#4519,.F.);
#5724=ORIENTED_EDGE('',*,*,#5723,.T.);
#5726=ORIENTED_EDGE('',*,*,#5725,.T.);
#5727=ORIENTED_EDGE('',*,*,#5712,.T.);
#5728=EDGE_LOOP('',(#5722,#5724,#5726,#5727));
#5729=FACE_OUTER_BOUND('',#5728,.F.);
#5730=ADVANCED_FACE('',(#5729),#5721,.T.);
#5731=CARTESIAN_POINT('',(-1.585E1,-6.6E0,-7.6E0));
#5732=DIRECTION('',(7.071067811865E-1,-7.071067811865E-1,0.E0));
#5733=DIRECTION('',(-7.071067811865E-1,-7.071067811865E-1,0.E0));
#5734=AXIS2_PLACEMENT_3D('',#5731,#5732,#5733);
#5735=SPHERICAL_SURFACE('',#5734,4.E-1);
#5736=ORIENTED_EDGE('',*,*,#5723,.F.);
#5738=ORIENTED_EDGE('',*,*,#5737,.F.);
#5740=ORIENTED_EDGE('',*,*,#5739,.F.);
#5741=EDGE_LOOP('',(#5736,#5738,#5740));
#5742=FACE_OUTER_BOUND('',#5741,.F.);
#5743=ADVANCED_FACE('',(#5742),#5735,.T.);
#5744=CARTESIAN_POINT('',(-1.585E1,-6.6E0,-2.985760003360E1));
#5745=DIRECTION('',(0.E0,0.E0,1.E0));
#5746=DIRECTION('',(-1.E0,0.E0,0.E0));
#5747=AXIS2_PLACEMENT_3D('',#5744,#5745,#5746);
#5748=CYLINDRICAL_SURFACE('',#5747,4.E-1);
#5749=ORIENTED_EDGE('',*,*,#4517,.T.);
#5751=ORIENTED_EDGE('',*,*,#5750,.T.);
#5753=ORIENTED_EDGE('',*,*,#5752,.F.);
#5754=ORIENTED_EDGE('',*,*,#5737,.T.);
#5755=EDGE_LOOP('',(#5749,#5751,#5753,#5754));
#5756=FACE_OUTER_BOUND('',#5755,.F.);
#5757=ADVANCED_FACE('',(#5756),#5748,.T.);
#5758=CARTESIAN_POINT('',(-1.585E1,-7.4E0,-3.4E0));
#5759=DIRECTION('',(-1.E0,0.E0,0.E0));
#5760=DIRECTION('',(0.E0,0.E0,1.E0));
#5761=AXIS2_PLACEMENT_3D('',#5758,#5759,#5760);
#5762=TOROIDAL_SURFACE('',#5761,8.E-1,4.E-1);
#5763=ORIENTED_EDGE('',*,*,#4515,.T.);
#5765=ORIENTED_EDGE('',*,*,#5764,.F.);
#5767=ORIENTED_EDGE('',*,*,#5766,.F.);
#5768=ORIENTED_EDGE('',*,*,#5750,.F.);
#5769=EDGE_LOOP('',(#5763,#5765,#5767,#5768));
#5770=FACE_OUTER_BOUND('',#5769,.F.);
#5771=ADVANCED_FACE('',(#5770),#5762,.T.);
#5772=CARTESIAN_POINT('',(-1.585E1,-9.018E1,-2.6E0));
#5773=DIRECTION('',(0.E0,1.E0,0.E0));
#5774=DIRECTION('',(0.E0,0.E0,-1.E0));
#5775=AXIS2_PLACEMENT_3D('',#5772,#5773,#5774);
#5776=CYLINDRICAL_SURFACE('',#5775,4.E-1);
#5777=ORIENTED_EDGE('',*,*,#4513,.F.);
#5779=ORIENTED_EDGE('',*,*,#5778,.F.);
#5780=ORIENTED_EDGE('',*,*,#5075,.T.);
#5781=ORIENTED_EDGE('',*,*,#5764,.T.);
#5782=EDGE_LOOP('',(#5777,#5779,#5780,#5781));
#5783=FACE_OUTER_BOUND('',#5782,.F.);
#5784=ADVANCED_FACE('',(#5783),#5776,.T.);
#5785=CARTESIAN_POINT('',(-1.585E1,-1.34E1,-8.0133704E0));
#5786=DIRECTION('',(0.E0,0.E0,1.E0));
#5787=DIRECTION('',(0.E0,1.E0,0.E0));
#5788=AXIS2_PLACEMENT_3D('',#5785,#5786,#5787);
#5789=CYLINDRICAL_SURFACE('',#5788,4.E-1);
#5790=ORIENTED_EDGE('',*,*,#4511,.F.);
#5792=ORIENTED_EDGE('',*,*,#5791,.F.);
#5794=ORIENTED_EDGE('',*,*,#5793,.T.);
#5795=ORIENTED_EDGE('',*,*,#5778,.T.);
#5796=EDGE_LOOP('',(#5790,#5792,#5794,#5795));
#5797=FACE_OUTER_BOUND('',#5796,.F.);
#5798=ADVANCED_FACE('',(#5797),#5789,.T.);
#5799=CARTESIAN_POINT('',(-1.525E1,-1.34E1,-8.E0));
#5800=DIRECTION('',(0.E0,1.E0,0.E0));
#5801=DIRECTION('',(1.537619404341E-2,0.E0,-9.998817793403E-1));
#5802=AXIS2_PLACEMENT_3D('',#5799,#5800,#5801);
#5803=TOROIDAL_SURFACE('',#5802,6.E-1,4.E-1);
#5805=ORIENTED_EDGE('',*,*,#5804,.T.);
#5806=ORIENTED_EDGE('',*,*,#5791,.T.);
#5808=ORIENTED_EDGE('',*,*,#5807,.F.);
#5810=ORIENTED_EDGE('',*,*,#5809,.F.);
#5811=EDGE_LOOP('',(#5805,#5806,#5808,#5810));
#5812=FACE_OUTER_BOUND('',#5811,.F.);
#5813=ADVANCED_FACE('',(#5812),#5803,.T.);
#5814=CARTESIAN_POINT('',(-1.625E1,-1.3E1,-3.E0));
#5815=DIRECTION('',(0.E0,1.E0,0.E0));
#5816=DIRECTION('',(1.E0,0.E0,0.E0));
#5817=AXIS2_PLACEMENT_3D('',#5814,#5815,#5816);
#5818=PLANE('',#5817);
#5819=ORIENTED_EDGE('',*,*,#5793,.F.);
#5820=ORIENTED_EDGE('',*,*,#5804,.F.);
#5822=ORIENTED_EDGE('',*,*,#5821,.F.);
#5824=ORIENTED_EDGE('',*,*,#5823,.F.);
#5826=ORIENTED_EDGE('',*,*,#5825,.T.);
#5828=ORIENTED_EDGE('',*,*,#5827,.T.);
#5830=ORIENTED_EDGE('',*,*,#5829,.T.);
#5831=ORIENTED_EDGE('',*,*,#5059,.F.);
#5832=EDGE_LOOP('',(#5819,#5820,#5822,#5824,#5826,#5828,#5830,#5831));
#5833=FACE_OUTER_BOUND('',#5832,.F.);
#5834=ADVANCED_FACE('',(#5833),#5818,.T.);
#5835=CARTESIAN_POINT('',(5.8617E1,-1.34E1,-8.6E0));
#5836=DIRECTION('',(-1.E0,0.E0,0.E0));
#5837=DIRECTION('',(0.E0,1.E0,0.E0));
#5838=AXIS2_PLACEMENT_3D('',#5835,#5836,#5837);
#5839=CYLINDRICAL_SURFACE('',#5838,4.E-1);
#5840=ORIENTED_EDGE('',*,*,#5821,.T.);
#5841=ORIENTED_EDGE('',*,*,#5809,.T.);
#5842=ORIENTED_EDGE('',*,*,#4841,.F.);
#5844=ORIENTED_EDGE('',*,*,#5843,.T.);
#5845=EDGE_LOOP('',(#5840,#5841,#5842,#5844));
#5846=FACE_OUTER_BOUND('',#5845,.F.);
#5847=ADVANCED_FACE('',(#5846),#5839,.T.);
#5848=CARTESIAN_POINT('',(-4.4E0,9.018E1,-8.6E0));
#5849=DIRECTION('',(0.E0,-1.E0,0.E0));
#5850=DIRECTION('',(0.E0,0.E0,-1.E0));
#5851=AXIS2_PLACEMENT_3D('',#5848,#5849,#5850);
#5852=CYLINDRICAL_SURFACE('',#5851,4.E-1);
#5853=ORIENTED_EDGE('',*,*,#4839,.T.);
#5855=ORIENTED_EDGE('',*,*,#5854,.T.);
#5857=ORIENTED_EDGE('',*,*,#5856,.F.);
#5858=ORIENTED_EDGE('',*,*,#5843,.F.);
#5859=EDGE_LOOP('',(#5853,#5855,#5857,#5858));
#5860=FACE_OUTER_BOUND('',#5859,.F.);
#5861=ADVANCED_FACE('',(#5860),#5852,.T.);
#5862=CARTESIAN_POINT('',(-4.4E0,-2.46E1,-8.6E0));
#5863=DIRECTION('',(7.071067811865E-1,7.071067811866E-1,0.E0));
#5864=DIRECTION('',(7.071067811866E-1,-7.071067811865E-1,0.E0));
#5865=AXIS2_PLACEMENT_3D('',#5862,#5863,#5864);
#5866=SPHERICAL_SURFACE('',#5865,4.E-1);
#5867=ORIENTED_EDGE('',*,*,#5854,.F.);
#5869=ORIENTED_EDGE('',*,*,#5868,.F.);
#5871=ORIENTED_EDGE('',*,*,#5870,.F.);
#5872=EDGE_LOOP('',(#5867,#5869,#5871));
#5873=FACE_OUTER_BOUND('',#5872,.F.);
#5874=ADVANCED_FACE('',(#5873),#5866,.T.);
#5875=CARTESIAN_POINT('',(5.8617E1,-2.46E1,-8.6E0));
#5876=DIRECTION('',(-1.E0,0.E0,0.E0));
#5877=DIRECTION('',(0.E0,0.E0,-1.E0));
#5878=AXIS2_PLACEMENT_3D('',#5875,#5876,#5877);
#5879=CYLINDRICAL_SURFACE('',#5878,4.E-1);
#5880=ORIENTED_EDGE('',*,*,#4837,.T.);
#5882=ORIENTED_EDGE('',*,*,#5881,.T.);
#5883=ORIENTED_EDGE('',*,*,#4575,.F.);
#5884=ORIENTED_EDGE('',*,*,#5868,.T.);
#5885=EDGE_LOOP('',(#5880,#5882,#5883,#5884));
#5886=FACE_OUTER_BOUND('',#5885,.F.);
#5887=ADVANCED_FACE('',(#5886),#5879,.T.);
#5888=CARTESIAN_POINT('',(-1.525E1,-2.46E1,-8.E0));
#5889=DIRECTION('',(0.E0,1.E0,0.E0));
#5890=DIRECTION('',(1.611770207478E-2,0.E0,-9.998701014031E-1));
#5891=AXIS2_PLACEMENT_3D('',#5888,#5889,#5890);
#5892=TOROIDAL_SURFACE('',#5891,6.E-1,4.E-1);
#5894=ORIENTED_EDGE('',*,*,#5893,.T.);
#5895=ORIENTED_EDGE('',*,*,#4552,.T.);
#5896=ORIENTED_EDGE('',*,*,#4577,.F.);
#5897=ORIENTED_EDGE('',*,*,#5881,.F.);
#5898=EDGE_LOOP('',(#5894,#5895,#5896,#5897));
#5899=FACE_OUTER_BOUND('',#5898,.F.);
#5900=ADVANCED_FACE('',(#5899),#5892,.T.);
#5901=CARTESIAN_POINT('',(-1.525E1,-9.018E1,-8.E0));
#5902=DIRECTION('',(0.E0,1.E0,0.E0));
#5903=DIRECTION('',(0.E0,0.E0,-1.E0));
#5904=AXIS2_PLACEMENT_3D('',#5901,#5902,#5903);
#5905=CYLINDRICAL_SURFACE('',#5904,1.E0);
#5906=ORIENTED_EDGE('',*,*,#5893,.F.);
#5907=ORIENTED_EDGE('',*,*,#4843,.T.);
#5908=ORIENTED_EDGE('',*,*,#5807,.T.);
#5909=ORIENTED_EDGE('',*,*,#4509,.F.);
#5910=EDGE_LOOP('',(#5906,#5907,#5908,#5909));
#5911=FACE_OUTER_BOUND('',#5910,.F.);
#5912=ADVANCED_FACE('',(#5911),#5905,.T.);
#5913=CARTESIAN_POINT('',(-4.4E0,-2.46E1,-2.985760003360E1));
#5914=DIRECTION('',(0.E0,0.E0,1.E0));
#5915=DIRECTION('',(0.E0,-1.E0,0.E0));
#5916=AXIS2_PLACEMENT_3D('',#5913,#5914,#5915);
#5917=CYLINDRICAL_SURFACE('',#5916,4.E-1);
#5918=ORIENTED_EDGE('',*,*,#4573,.T.);
#5920=ORIENTED_EDGE('',*,*,#5919,.T.);
#5922=ORIENTED_EDGE('',*,*,#5921,.F.);
#5923=ORIENTED_EDGE('',*,*,#5870,.T.);
#5924=EDGE_LOOP('',(#5918,#5920,#5922,#5923));
#5925=FACE_OUTER_BOUND('',#5924,.F.);
#5926=ADVANCED_FACE('',(#5925),#5917,.T.);
#5927=CARTESIAN_POINT('',(-4.4E0,-2.46E1,-6.4E0));
#5928=DIRECTION('',(7.071067811865E-1,0.E0,-7.071067811865E-1));
#5929=DIRECTION('',(7.071067811865E-1,0.E0,7.071067811865E-1));
#5930=AXIS2_PLACEMENT_3D('',#5927,#5928,#5929);
#5931=SPHERICAL_SURFACE('',#5930,4.E-1);
#5932=ORIENTED_EDGE('',*,*,#5919,.F.);
#5934=ORIENTED_EDGE('',*,*,#5933,.F.);
#5936=ORIENTED_EDGE('',*,*,#5935,.F.);
#5937=EDGE_LOOP('',(#5932,#5934,#5936));
#5938=FACE_OUTER_BOUND('',#5937,.F.);
#5939=ADVANCED_FACE('',(#5938),#5931,.T.);
#5940=CARTESIAN_POINT('',(-5.8617E1,-2.46E1,-6.4E0));
#5941=DIRECTION('',(1.E0,0.E0,0.E0));
#5942=DIRECTION('',(0.E0,0.E0,1.E0));
#5943=AXIS2_PLACEMENT_3D('',#5940,#5941,#5942);
#5944=CYLINDRICAL_SURFACE('',#5943,4.E-1);
#5945=ORIENTED_EDGE('',*,*,#4677,.T.);
#5946=ORIENTED_EDGE('',*,*,#5933,.T.);
#5947=ORIENTED_EDGE('',*,*,#4571,.F.);
#5949=ORIENTED_EDGE('',*,*,#5948,.F.);
#5950=EDGE_LOOP('',(#5945,#5946,#5947,#5949));
#5951=FACE_OUTER_BOUND('',#5950,.F.);
#5952=ADVANCED_FACE('',(#5951),#5944,.T.);
#5953=CARTESIAN_POINT('',(-1.315E1,-2.46E1,-2.985760003360E1));
#5954=DIRECTION('',(0.E0,0.E0,1.E0));
#5955=DIRECTION('',(0.E0,-1.E0,0.E0));
#5956=AXIS2_PLACEMENT_3D('',#5953,#5954,#5955);
#5957=CYLINDRICAL_SURFACE('',#5956,4.E-1);
#5958=ORIENTED_EDGE('',*,*,#4569,.T.);
#5960=ORIENTED_EDGE('',*,*,#5959,.T.);
#5962=ORIENTED_EDGE('',*,*,#5961,.F.);
#5963=ORIENTED_EDGE('',*,*,#5948,.T.);
#5964=EDGE_LOOP('',(#5958,#5960,#5962,#5963));
#5965=FACE_OUTER_BOUND('',#5964,.F.);
#5966=ADVANCED_FACE('',(#5965),#5957,.T.);
#5967=CARTESIAN_POINT('',(-1.235E1,-2.46E1,-3.4E0));
#5968=DIRECTION('',(0.E0,-1.E0,0.E0));
#5969=DIRECTION('',(0.E0,0.E0,1.E0));
#5970=AXIS2_PLACEMENT_3D('',#5967,#5968,#5969);
#5971=TOROIDAL_SURFACE('',#5970,8.E-1,4.E-1);
#5972=ORIENTED_EDGE('',*,*,#4567,.T.);
#5973=ORIENTED_EDGE('',*,*,#4609,.F.);
#5975=ORIENTED_EDGE('',*,*,#5974,.F.);
#5976=ORIENTED_EDGE('',*,*,#5959,.F.);
#5977=EDGE_LOOP('',(#5972,#5973,#5975,#5976));
#5978=FACE_OUTER_BOUND('',#5977,.F.);
#5979=ADVANCED_FACE('',(#5978),#5971,.T.);
#5980=CARTESIAN_POINT('',(-1.235E1,9.018E1,-3.4E0));
#5981=DIRECTION('',(0.E0,-1.E0,0.E0));
#5982=DIRECTION('',(0.E0,0.E0,1.E0));
#5983=AXIS2_PLACEMENT_3D('',#5980,#5981,#5982);
#5984=CYLINDRICAL_SURFACE('',#5983,4.E-1);
#5985=ORIENTED_EDGE('',*,*,#5063,.F.);
#5987=ORIENTED_EDGE('',*,*,#5986,.T.);
#5989=ORIENTED_EDGE('',*,*,#5988,.T.);
#5990=ORIENTED_EDGE('',*,*,#5974,.T.);
#5991=EDGE_LOOP('',(#5985,#5987,#5989,#5990));
#5992=FACE_OUTER_BOUND('',#5991,.F.);
#5993=ADVANCED_FACE('',(#5992),#5984,.F.);
#5994=CARTESIAN_POINT('',(-1.235E1,-1.34E1,-3.4E0));
#5995=DIRECTION('',(0.E0,-1.E0,0.E0));
#5996=DIRECTION('',(-9.993169460901E-1,0.E0,-3.695458370948E-2));
#5997=AXIS2_PLACEMENT_3D('',#5994,#5995,#5996);
#5998=TOROIDAL_SURFACE('',#5997,8.E-1,4.E-1);
#5999=ORIENTED_EDGE('',*,*,#5829,.F.);
#6001=ORIENTED_EDGE('',*,*,#6000,.F.);
#6002=ORIENTED_EDGE('',*,*,#5986,.F.);
#6003=ORIENTED_EDGE('',*,*,#5061,.F.);
#6004=EDGE_LOOP('',(#5999,#6001,#6002,#6003));
#6005=FACE_OUTER_BOUND('',#6004,.F.);
#6006=ADVANCED_FACE('',(#6005),#5998,.T.);
#6007=CARTESIAN_POINT('',(-1.315E1,-1.34E1,-2.985760003360E1));
#6008=DIRECTION('',(0.E0,0.E0,1.E0));
#6009=DIRECTION('',(1.E0,0.E0,0.E0));
#6010=AXIS2_PLACEMENT_3D('',#6007,#6008,#6009);
#6011=CYLINDRICAL_SURFACE('',#6010,4.E-1);
#6013=ORIENTED_EDGE('',*,*,#6012,.T.);
#6014=ORIENTED_EDGE('',*,*,#6000,.T.);
#6015=ORIENTED_EDGE('',*,*,#5827,.F.);
#6017=ORIENTED_EDGE('',*,*,#6016,.F.);
#6018=EDGE_LOOP('',(#6013,#6014,#6015,#6017));
#6019=FACE_OUTER_BOUND('',#6018,.F.);
#6020=ADVANCED_FACE('',(#6019),#6011,.T.);
#6021=CARTESIAN_POINT('',(-1.275E1,-1.3E1,-3.E0));
#6022=DIRECTION('',(1.E0,0.E0,0.E0));
#6023=DIRECTION('',(0.E0,-1.E0,0.E0));
#6024=AXIS2_PLACEMENT_3D('',#6021,#6022,#6023);
#6025=PLANE('',#6024);
#6026=ORIENTED_EDGE('',*,*,#4679,.T.);
#6027=ORIENTED_EDGE('',*,*,#5961,.T.);
#6028=ORIENTED_EDGE('',*,*,#5988,.F.);
#6029=ORIENTED_EDGE('',*,*,#6012,.F.);
#6030=EDGE_LOOP('',(#6026,#6027,#6028,#6029));
#6031=FACE_OUTER_BOUND('',#6030,.F.);
#6032=ADVANCED_FACE('',(#6031),#6025,.T.);
#6033=CARTESIAN_POINT('',(5.8617E1,-1.34E1,-6.4E0));
#6034=DIRECTION('',(-1.E0,0.E0,0.E0));
#6035=DIRECTION('',(0.E0,0.E0,1.E0));
#6036=AXIS2_PLACEMENT_3D('',#6033,#6034,#6035);
#6037=CYLINDRICAL_SURFACE('',#6036,4.E-1);
#6038=ORIENTED_EDGE('',*,*,#5825,.F.);
#6040=ORIENTED_EDGE('',*,*,#6039,.T.);
#6041=ORIENTED_EDGE('',*,*,#4681,.T.);
#6042=ORIENTED_EDGE('',*,*,#6016,.T.);
#6043=EDGE_LOOP('',(#6038,#6040,#6041,#6042));
#6044=FACE_OUTER_BOUND('',#6043,.F.);
#6045=ADVANCED_FACE('',(#6044),#6037,.T.);
#6046=CARTESIAN_POINT('',(-4.4E0,-9.018E1,-6.4E0));
#6047=DIRECTION('',(0.E0,1.E0,0.E0));
#6048=DIRECTION('',(0.E0,0.E0,1.E0));
#6049=AXIS2_PLACEMENT_3D('',#6046,#6047,#6048);
#6050=CYLINDRICAL_SURFACE('',#6049,4.E-1);
#6052=ORIENTED_EDGE('',*,*,#6051,.F.);
#6053=ORIENTED_EDGE('',*,*,#5935,.T.);
#6054=ORIENTED_EDGE('',*,*,#4683,.T.);
#6055=ORIENTED_EDGE('',*,*,#6039,.F.);
#6056=EDGE_LOOP('',(#6052,#6053,#6054,#6055));
#6057=FACE_OUTER_BOUND('',#6056,.F.);
#6058=ADVANCED_FACE('',(#6057),#6050,.T.);
#6059=CARTESIAN_POINT('',(-4.E0,-1.3E1,-6.E0));
#6060=DIRECTION('',(1.E0,0.E0,0.E0));
#6061=DIRECTION('',(0.E0,-1.E0,0.E0));
#6062=AXIS2_PLACEMENT_3D('',#6059,#6060,#6061);
#6063=PLANE('',#6062);
#6064=ORIENTED_EDGE('',*,*,#5856,.T.);
#6065=ORIENTED_EDGE('',*,*,#5921,.T.);
#6066=ORIENTED_EDGE('',*,*,#6051,.T.);
#6067=ORIENTED_EDGE('',*,*,#5823,.T.);
#6068=EDGE_LOOP('',(#6064,#6065,#6066,#6067));
#6069=FACE_OUTER_BOUND('',#6068,.F.);
#6070=ADVANCED_FACE('',(#6069),#6063,.T.);
#6071=CARTESIAN_POINT('',(5.8617E1,-7.4E0,-3.4E0));
#6072=DIRECTION('',(-1.E0,0.E0,0.E0));
#6073=DIRECTION('',(0.E0,0.E0,1.E0));
#6074=AXIS2_PLACEMENT_3D('',#6071,#6072,#6073);
#6075=CYLINDRICAL_SURFACE('',#6074,4.E-1);
#6076=ORIENTED_EDGE('',*,*,#5073,.F.);
#6078=ORIENTED_EDGE('',*,*,#6077,.T.);
#6080=ORIENTED_EDGE('',*,*,#6079,.T.);
#6081=ORIENTED_EDGE('',*,*,#5766,.T.);
#6082=EDGE_LOOP('',(#6076,#6078,#6080,#6081));
#6083=FACE_OUTER_BOUND('',#6082,.F.);
#6084=ADVANCED_FACE('',(#6083),#6075,.F.);
#6085=CARTESIAN_POINT('',(1.585E1,-7.4E0,-3.4E0));
#6086=DIRECTION('',(-1.E0,0.E0,0.E0));
#6087=DIRECTION('',(0.E0,1.E0,0.E0));
#6088=AXIS2_PLACEMENT_3D('',#6085,#6086,#6087);
#6089=TOROIDAL_SURFACE('',#6088,8.E-1,4.E-1);
#6090=ORIENTED_EDGE('',*,*,#4986,.T.);
#6092=ORIENTED_EDGE('',*,*,#6091,.F.);
#6093=ORIENTED_EDGE('',*,*,#6077,.F.);
#6095=ORIENTED_EDGE('',*,*,#6094,.F.);
#6096=EDGE_LOOP('',(#6090,#6092,#6093,#6095));
#6097=FACE_OUTER_BOUND('',#6096,.F.);
#6098=ADVANCED_FACE('',(#6097),#6089,.T.);
#6099=CARTESIAN_POINT('',(1.585E1,-6.6E0,-2.985760003360E1));
#6100=DIRECTION('',(0.E0,0.E0,1.E0));
#6101=DIRECTION('',(0.E0,-1.E0,0.E0));
#6102=AXIS2_PLACEMENT_3D('',#6099,#6100,#6101);
#6103=CYLINDRICAL_SURFACE('',#6102,4.E-1);
#6105=ORIENTED_EDGE('',*,*,#6104,.T.);
#6106=ORIENTED_EDGE('',*,*,#6091,.T.);
#6107=ORIENTED_EDGE('',*,*,#4984,.F.);
#6109=ORIENTED_EDGE('',*,*,#6108,.T.);
#6110=EDGE_LOOP('',(#6105,#6106,#6107,#6109));
#6111=FACE_OUTER_BOUND('',#6110,.F.);
#6112=ADVANCED_FACE('',(#6111),#6103,.T.);
#6113=CARTESIAN_POINT('',(1.625E1,-7.E0,-3.E0));
#6114=DIRECTION('',(0.E0,-1.E0,0.E0));
#6115=DIRECTION('',(-1.E0,0.E0,0.E0));
#6116=AXIS2_PLACEMENT_3D('',#6113,#6114,#6115);
#6117=PLANE('',#6116);
#6118=ORIENTED_EDGE('',*,*,#6079,.F.);
#6119=ORIENTED_EDGE('',*,*,#6104,.F.);
#6121=ORIENTED_EDGE('',*,*,#6120,.T.);
#6122=ORIENTED_EDGE('',*,*,#5752,.T.);
#6123=EDGE_LOOP('',(#6118,#6119,#6121,#6122));
#6124=FACE_OUTER_BOUND('',#6123,.F.);
#6125=ADVANCED_FACE('',(#6124),#6117,.T.);
#6126=CARTESIAN_POINT('',(5.8617E1,-6.6E0,-7.6E0));
#6127=DIRECTION('',(-1.E0,0.E0,0.E0));
#6128=DIRECTION('',(0.E0,0.E0,-1.E0));
#6129=AXIS2_PLACEMENT_3D('',#6126,#6127,#6128);
#6130=CYLINDRICAL_SURFACE('',#6129,4.E-1);
#6131=ORIENTED_EDGE('',*,*,#6120,.F.);
#6133=ORIENTED_EDGE('',*,*,#6132,.T.);
#6135=ORIENTED_EDGE('',*,*,#6134,.T.);
#6136=ORIENTED_EDGE('',*,*,#5739,.T.);
#6137=EDGE_LOOP('',(#6131,#6133,#6135,#6136));
#6138=FACE_OUTER_BOUND('',#6137,.F.);
#6139=ADVANCED_FACE('',(#6138),#6130,.T.);
#6140=CARTESIAN_POINT('',(1.585E1,-6.6E0,-7.6E0));
#6141=DIRECTION('',(0.E0,-7.071067811865E-1,7.071067811865E-1));
#6142=DIRECTION('',(0.E0,-7.071067811865E-1,-7.071067811865E-1));
#6143=AXIS2_PLACEMENT_3D('',#6140,#6141,#6142);
#6144=SPHERICAL_SURFACE('',#6143,4.E-1);
#6145=ORIENTED_EDGE('',*,*,#6132,.F.);
#6146=ORIENTED_EDGE('',*,*,#6108,.F.);
#6148=ORIENTED_EDGE('',*,*,#6147,.F.);
#6149=EDGE_LOOP('',(#6145,#6146,#6148));
#6150=FACE_OUTER_BOUND('',#6149,.F.);
#6151=ADVANCED_FACE('',(#6150),#6144,.T.);
#6152=CARTESIAN_POINT('',(1.585E1,9.018E1,-7.6E0));
#6153=DIRECTION('',(0.E0,-1.E0,0.E0));
#6154=DIRECTION('',(0.E0,0.E0,-1.E0));
#6155=AXIS2_PLACEMENT_3D('',#6152,#6153,#6154);
#6156=CYLINDRICAL_SURFACE('',#6155,4.E-1);
#6157=ORIENTED_EDGE('',*,*,#4982,.F.);
#6159=ORIENTED_EDGE('',*,*,#6158,.T.);
#6161=ORIENTED_EDGE('',*,*,#6160,.T.);
#6162=ORIENTED_EDGE('',*,*,#6147,.T.);
#6163=EDGE_LOOP('',(#6157,#6159,#6161,#6162));
#6164=FACE_OUTER_BOUND('',#6163,.F.);
#6165=ADVANCED_FACE('',(#6164),#6156,.T.);
#6166=CARTESIAN_POINT('',(1.585E1,6.6E0,-7.6E0));
#6167=DIRECTION('',(-7.071067811865E-1,7.071067811865E-1,0.E0));
#6168=DIRECTION('',(7.071067811865E-1,7.071067811865E-1,0.E0));
#6169=AXIS2_PLACEMENT_3D('',#6166,#6167,#6168);
#6170=SPHERICAL_SURFACE('',#6169,4.E-1);
#6172=ORIENTED_EDGE('',*,*,#6171,.F.);
#6173=ORIENTED_EDGE('',*,*,#5700,.F.);
#6174=ORIENTED_EDGE('',*,*,#6158,.F.);
#6175=EDGE_LOOP('',(#6172,#6173,#6174));
#6176=FACE_OUTER_BOUND('',#6175,.F.);
#6177=ADVANCED_FACE('',(#6176),#6170,.T.);
#6178=CARTESIAN_POINT('',(1.585E1,6.6E0,-2.985760003360E1));
#6179=DIRECTION('',(0.E0,0.E0,1.E0));
#6180=DIRECTION('',(1.E0,0.E0,0.E0));
#6181=AXIS2_PLACEMENT_3D('',#6178,#6179,#6180);
#6182=CYLINDRICAL_SURFACE('',#6181,4.E-1);
#6183=ORIENTED_EDGE('',*,*,#4980,.T.);
#6184=ORIENTED_EDGE('',*,*,#5629,.T.);
#6185=ORIENTED_EDGE('',*,*,#5685,.F.);
#6186=ORIENTED_EDGE('',*,*,#6171,.T.);
#6187=EDGE_LOOP('',(#6183,#6184,#6185,#6186));
#6188=FACE_OUTER_BOUND('',#6187,.F.);
#6189=ADVANCED_FACE('',(#6188),#6182,.T.);
#6190=CARTESIAN_POINT('',(0.E0,0.E0,-8.E0));
#6191=DIRECTION('',(0.E0,0.E0,-1.E0));
#6192=DIRECTION('',(-1.E0,0.E0,0.E0));
#6193=AXIS2_PLACEMENT_3D('',#6190,#6191,#6192);
#6194=PLANE('',#6193);
#6195=ORIENTED_EDGE('',*,*,#6134,.F.);
#6196=ORIENTED_EDGE('',*,*,#6160,.F.);
#6197=ORIENTED_EDGE('',*,*,#5698,.F.);
#6198=ORIENTED_EDGE('',*,*,#5725,.F.);
#6199=EDGE_LOOP('',(#6195,#6196,#6197,#6198));
#6200=FACE_OUTER_BOUND('',#6199,.F.);
#6201=ADVANCED_FACE('',(#6200),#6194,.T.);
#6202=CARTESIAN_POINT('',(1.585E1,9.018E1,-2.6E0));
#6203=DIRECTION('',(0.E0,-1.E0,0.E0));
#6204=DIRECTION('',(0.E0,0.E0,-1.E0));
#6205=AXIS2_PLACEMENT_3D('',#6202,#6203,#6204);
#6206=CYLINDRICAL_SURFACE('',#6205,4.E-1);
#6207=ORIENTED_EDGE('',*,*,#4988,.F.);
#6208=ORIENTED_EDGE('',*,*,#6094,.T.);
#6209=ORIENTED_EDGE('',*,*,#5071,.T.);
#6210=ORIENTED_EDGE('',*,*,#5002,.T.);
#6211=EDGE_LOOP('',(#6207,#6208,#6209,#6210));
#6212=FACE_OUTER_BOUND('',#6211,.F.);
#6213=ADVANCED_FACE('',(#6212),#6206,.T.);
#6214=CARTESIAN_POINT('',(-1.585E1,-9.018E1,-2.6E0));
#6215=DIRECTION('',(0.E0,1.E0,0.E0));
#6216=DIRECTION('',(0.E0,0.E0,-1.E0));
#6217=AXIS2_PLACEMENT_3D('',#6214,#6215,#6216);
#6218=CYLINDRICAL_SURFACE('',#6217,4.E-1);
#6219=ORIENTED_EDGE('',*,*,#4525,.F.);
#6220=ORIENTED_EDGE('',*,*,#5657,.T.);
#6221=ORIENTED_EDGE('',*,*,#5035,.T.);
#6222=ORIENTED_EDGE('',*,*,#5126,.T.);
#6223=EDGE_LOOP('',(#6219,#6220,#6221,#6222));
#6224=FACE_OUTER_BOUND('',#6223,.F.);
#6225=ADVANCED_FACE('',(#6224),#6218,.T.);
#6226=CARTESIAN_POINT('',(1.525E1,9.018E1,-8.E0));
#6227=DIRECTION('',(0.E0,-1.E0,0.E0));
#6228=DIRECTION('',(0.E0,0.E0,-1.E0));
#6229=AXIS2_PLACEMENT_3D('',#6226,#6227,#6228);
#6230=CYLINDRICAL_SURFACE('',#6229,1.E0);
#6231=ORIENTED_EDGE('',*,*,#5588,.T.);
#6232=ORIENTED_EDGE('',*,*,#4972,.F.);
#6234=ORIENTED_EDGE('',*,*,#6233,.F.);
#6235=ORIENTED_EDGE('',*,*,#4873,.T.);
#6236=EDGE_LOOP('',(#6231,#6232,#6234,#6235));
#6237=FACE_OUTER_BOUND('',#6236,.F.);
#6238=ADVANCED_FACE('',(#6237),#6230,.T.);
#6239=CARTESIAN_POINT('',(1.525E1,2.46E1,-8.E0));
#6240=DIRECTION('',(0.E0,-1.E0,0.E0));
#6241=DIRECTION('',(-1.611770207478E-2,1.184237892934E-14,-9.998701014031E-1));
#6242=AXIS2_PLACEMENT_3D('',#6239,#6240,#6241);
#6243=TOROIDAL_SURFACE('',#6242,6.E-1,4.E-1);
#6244=ORIENTED_EDGE('',*,*,#6233,.T.);
#6246=ORIENTED_EDGE('',*,*,#6245,.T.);
#6247=ORIENTED_EDGE('',*,*,#5204,.F.);
#6249=ORIENTED_EDGE('',*,*,#6248,.F.);
#6250=EDGE_LOOP('',(#6244,#6246,#6247,#6249));
#6251=FACE_OUTER_BOUND('',#6250,.F.);
#6252=ADVANCED_FACE('',(#6251),#6243,.T.);
#6253=CARTESIAN_POINT('',(1.585E1,2.46E1,-8.0150804E0));
#6254=DIRECTION('',(0.E0,0.E0,1.E0));
#6255=DIRECTION('',(1.E0,0.E0,0.E0));
#6256=AXIS2_PLACEMENT_3D('',#6253,#6254,#6255);
#6257=CYLINDRICAL_SURFACE('',#6256,4.E-1);
#6258=ORIENTED_EDGE('',*,*,#5206,.F.);
#6259=ORIENTED_EDGE('',*,*,#6245,.F.);
#6260=ORIENTED_EDGE('',*,*,#4970,.T.);
#6262=ORIENTED_EDGE('',*,*,#6261,.T.);
#6263=EDGE_LOOP('',(#6258,#6259,#6260,#6262));
#6264=FACE_OUTER_BOUND('',#6263,.F.);
#6265=ADVANCED_FACE('',(#6264),#6257,.T.);
#6266=CARTESIAN_POINT('',(1.585E1,2.46E1,-4.E-1));
#6267=DIRECTION('',(0.E0,7.071067811865E-1,-7.071067811865E-1));
#6268=DIRECTION('',(0.E0,7.071067811865E-1,7.071067811865E-1));
#6269=AXIS2_PLACEMENT_3D('',#6266,#6267,#6268);
#6270=SPHERICAL_SURFACE('',#6269,4.E-1);
#6272=ORIENTED_EDGE('',*,*,#6271,.F.);
#6273=ORIENTED_EDGE('',*,*,#6261,.F.);
#6275=ORIENTED_EDGE('',*,*,#6274,.F.);
#6276=EDGE_LOOP('',(#6272,#6273,#6275));
#6277=FACE_OUTER_BOUND('',#6276,.F.);
#6278=ADVANCED_FACE('',(#6277),#6270,.T.);
#6279=CARTESIAN_POINT('',(5.8617E1,2.46E1,-4.E-1));
#6280=DIRECTION('',(-1.E0,0.E0,0.E0));
#6281=DIRECTION('',(0.E0,0.E0,1.E0));
#6282=AXIS2_PLACEMENT_3D('',#6279,#6280,#6281);
#6283=CYLINDRICAL_SURFACE('',#6282,4.E-1);
#6284=ORIENTED_EDGE('',*,*,#3959,.T.);
#6286=ORIENTED_EDGE('',*,*,#6285,.T.);
#6287=ORIENTED_EDGE('',*,*,#5208,.F.);
#6288=ORIENTED_EDGE('',*,*,#6271,.T.);
#6289=EDGE_LOOP('',(#6284,#6286,#6287,#6288));
#6290=FACE_OUTER_BOUND('',#6289,.F.);
#6291=ADVANCED_FACE('',(#6290),#6283,.T.);
#6292=CARTESIAN_POINT('',(-1.585E1,2.46E1,-4.E-1));
#6293=DIRECTION('',(7.071067811865E-1,7.071067811866E-1,0.E0));
#6294=DIRECTION('',(-7.071067811866E-1,7.071067811865E-1,0.E0));
#6295=AXIS2_PLACEMENT_3D('',#6292,#6293,#6294);
#6296=SPHERICAL_SURFACE('',#6295,4.E-1);
#6298=ORIENTED_EDGE('',*,*,#6297,.F.);
#6299=ORIENTED_EDGE('',*,*,#6285,.F.);
#6300=ORIENTED_EDGE('',*,*,#4492,.F.);
#6301=EDGE_LOOP('',(#6298,#6299,#6300));
#6302=FACE_OUTER_BOUND('',#6301,.F.);
#6303=ADVANCED_FACE('',(#6302),#6296,.T.);
#6304=CARTESIAN_POINT('',(-1.585E1,2.46E1,2.785760005937E1));
#6305=DIRECTION('',(0.E0,0.E0,-1.E0));
#6306=DIRECTION('',(-1.E0,0.E0,0.E0));
#6307=AXIS2_PLACEMENT_3D('',#6304,#6305,#6306);
#6308=CYLINDRICAL_SURFACE('',#6307,4.E-1);
#6309=ORIENTED_EDGE('',*,*,#4531,.T.);
#6310=ORIENTED_EDGE('',*,*,#5168,.T.);
#6311=ORIENTED_EDGE('',*,*,#5210,.F.);
#6312=ORIENTED_EDGE('',*,*,#6297,.T.);
#6313=EDGE_LOOP('',(#6309,#6310,#6311,#6312));
#6314=FACE_OUTER_BOUND('',#6313,.F.);
#6315=ADVANCED_FACE('',(#6314),#6308,.T.);
#6316=CARTESIAN_POINT('',(1.585E1,-9.018E1,-4.E-1));
#6317=DIRECTION('',(0.E0,1.E0,0.E0));
#6318=DIRECTION('',(0.E0,0.E0,1.E0));
#6319=AXIS2_PLACEMENT_3D('',#6316,#6317,#6318);
#6320=CYLINDRICAL_SURFACE('',#6319,4.E-1);
#6321=ORIENTED_EDGE('',*,*,#3961,.T.);
#6322=ORIENTED_EDGE('',*,*,#6274,.T.);
#6323=ORIENTED_EDGE('',*,*,#4968,.F.);
#6325=ORIENTED_EDGE('',*,*,#6324,.T.);
#6327=ORIENTED_EDGE('',*,*,#6326,.T.);
#6328=EDGE_LOOP('',(#6321,#6322,#6323,#6325,#6327));
#6329=FACE_OUTER_BOUND('',#6328,.F.);
#6330=ADVANCED_FACE('',(#6329),#6320,.T.);
#6331=CARTESIAN_POINT('',(1.605E1,1.23E1,1.61252E1));
#6332=DIRECTION('',(0.E0,0.E0,-1.E0));
#6333=DIRECTION('',(0.E0,1.E0,0.E0));
#6334=AXIS2_PLACEMENT_3D('',#6331,#6332,#6333);
#6335=CYLINDRICAL_SURFACE('',#6334,2.E-1);
#6337=ORIENTED_EDGE('',*,*,#6336,.F.);
#6338=ORIENTED_EDGE('',*,*,#6324,.F.);
#6339=ORIENTED_EDGE('',*,*,#4966,.T.);
#6341=ORIENTED_EDGE('',*,*,#6340,.T.);
#6342=EDGE_LOOP('',(#6337,#6338,#6339,#6341));
#6343=FACE_OUTER_BOUND('',#6342,.F.);
#6344=ADVANCED_FACE('',(#6343),#6335,.T.);
#6345=CARTESIAN_POINT('',(1.625E1,1.25E1,0.E0));
#6346=DIRECTION('',(0.E0,1.E0,0.E0));
#6347=DIRECTION('',(-1.E0,0.E0,0.E0));
#6348=AXIS2_PLACEMENT_3D('',#6345,#6346,#6347);
#6349=PLANE('',#6348);
#6350=ORIENTED_EDGE('',*,*,#3963,.F.);
#6351=ORIENTED_EDGE('',*,*,#6326,.F.);
#6352=ORIENTED_EDGE('',*,*,#6336,.T.);
#6354=ORIENTED_EDGE('',*,*,#6353,.T.);
#6356=ORIENTED_EDGE('',*,*,#6355,.F.);
#6357=EDGE_LOOP('',(#6350,#6351,#6352,#6354,#6356));
#6358=FACE_OUTER_BOUND('',#6357,.F.);
#6359=ADVANCED_FACE('',(#6358),#6349,.T.);
#6360=CARTESIAN_POINT('',(5.8617E1,1.1E1,5.5E0));
#6361=DIRECTION('',(-1.E0,0.E0,0.E0));
#6362=DIRECTION('',(0.E0,0.E0,1.E0));
#6363=AXIS2_PLACEMENT_3D('',#6360,#6361,#6362);
#6364=CYLINDRICAL_SURFACE('',#6363,1.5E0);
#6365=ORIENTED_EDGE('',*,*,#6353,.F.);
#6367=ORIENTED_EDGE('',*,*,#6366,.T.);
#6368=ORIENTED_EDGE('',*,*,#3899,.T.);
#6370=ORIENTED_EDGE('',*,*,#6369,.T.);
#6372=ORIENTED_EDGE('',*,*,#6371,.T.);
#6373=EDGE_LOOP('',(#6365,#6367,#6368,#6370,#6372));
#6374=FACE_OUTER_BOUND('',#6373,.F.);
#6375=ADVANCED_FACE('',(#6374),#6364,.T.);
#6376=CARTESIAN_POINT('',(1.624939177904E1,1.228778987831E1,5.472718626274E0));
#6377=CARTESIAN_POINT('',(1.624946842575E1,1.228785676820E1,5.476923849292E0));
#6378=CARTESIAN_POINT('',(1.625015504175E1,1.228845604978E1,5.525989525386E0));
#6379=CARTESIAN_POINT('',(1.624686714680E1,1.228558619923E1,5.619401276491E0));
#6380=CARTESIAN_POINT('',(1.623028659888E1,1.227111486759E1,5.752119641118E0));
#6381=CARTESIAN_POINT('',(1.620183447997E1,1.224628640952E1,5.883716395747E0));
#6382=CARTESIAN_POINT('',(1.616073676134E1,1.221043202097E1,6.014992843379E0));
#6383=CARTESIAN_POINT('',(1.610619947560E1,1.216286863448E1,6.145353098931E0));
#6384=CARTESIAN_POINT('',(1.603746347643E1,1.210294643268E1,6.273736381111E0));
#6385=CARTESIAN_POINT('',(1.595367042744E1,1.202993191778E1,6.398864687196E0));
#6386=CARTESIAN_POINT('',(1.585404909693E1,1.194317006551E1,6.519040707399E0));
#6387=CARTESIAN_POINT('',(1.573820218424E1,1.184233338592E1,6.632020533351E0));
#6388=CARTESIAN_POINT('',(1.560622974995E1,1.172752832984E1,6.735119017965E0));
#6389=CARTESIAN_POINT('',(1.545873611633E1,1.159929978360E1,6.825503409831E0));
#6390=CARTESIAN_POINT('',(1.529739907389E1,1.145912430899E1,6.900057135675E0));
#6391=CARTESIAN_POINT('',(1.512426000739E1,1.130879115598E1,6.956090793558E0));
#6392=CARTESIAN_POINT('',(1.494332893423E1,1.115179410250E1,6.990998838568E0));
#6393=CARTESIAN_POINT('',(1.481351117185E1,1.103922219413E1,6.999738282022E0));
#6394=CARTESIAN_POINT('',(1.474497507667E1,1.097981193335E1,6.999672421160E0));
#6395=CARTESIAN_POINT('',(1.473821997425E1,1.097395649459E1,6.999620642988E0));
#6396=CARTESIAN_POINT('',(1.625706062290E1,1.241616245819E1,5.470223405920E0));
#6397=CARTESIAN_POINT('',(1.625715097722E1,1.241623610047E1,5.474813002648E0));
#6398=CARTESIAN_POINT('',(1.625796074493E1,1.241689544020E1,5.528365455996E0));
#6399=CARTESIAN_POINT('',(1.625407928631E1,1.241373638756E1,5.630342473900E0));
#6400=CARTESIAN_POINT('',(1.623456987777E1,1.239785113957E1,5.774728945793E0));
#6401=CARTESIAN_POINT('',(1.620130808836E1,1.237073817965E1,5.916908405896E0));
#6402=CARTESIAN_POINT('',(1.615370310045E1,1.233186754057E1,6.057329766605E0));
#6403=CARTESIAN_POINT('',(1.609124145847E1,1.228074704717E1,6.195024898379E0));
#6404=CARTESIAN_POINT('',(1.601350786886E1,1.221693969425E1,6.328658305902E0));
#6405=CARTESIAN_POINT('',(1.592000489916E1,1.213991533701E1,6.456778124344E0));
#6406=CARTESIAN_POINT('',(1.581033961209E1,1.204920524591E1,6.577599994680E0));
#6407=CARTESIAN_POINT('',(1.568451217814E1,1.194464695919E1,6.688877437306E0));
#6408=CARTESIAN_POINT('',(1.554302707723E1,1.182648588201E1,6.788004694011E0));
#6409=CARTESIAN_POINT('',(1.538687517785E1,1.169537416326E1,6.872310123222E0));
#6410=CARTESIAN_POINT('',(1.521811843362E1,1.155287686322E1,6.938932982867E0));
#6411=CARTESIAN_POINT('',(1.503911813223E1,1.140084122119E1,6.985501873544E0));
#6412=CARTESIAN_POINT('',(1.485418169082E1,1.124281246265E1,7.009867904206E0));
#6413=CARTESIAN_POINT('',(1.472296858080E1,1.112999738375E1,7.010785047226E0));
#6414=CARTESIAN_POINT('',(1.465412111480E1,1.107060195314E1,7.006567902211E0));
#6415=CARTESIAN_POINT('',(1.464733941798E1,1.106474941751E1,7.006106806798E0));
#6416=CARTESIAN_POINT('',(1.616609327038E1,1.250709932646E1,5.470223967503E0));
#6417=CARTESIAN_POINT('',(1.616618832718E1,1.250717775202E1,5.474813304778E0));
#6418=CARTESIAN_POINT('',(1.616704047087E1,1.250787963588E1,5.528364124384E0));
#6419=CARTESIAN_POINT('',(1.616295339169E1,1.250451571758E1,5.630354392474E0));
#6420=CARTESIAN_POINT('',(1.614245230908E1,1.248762887622E1,5.774407567954E0));
#6421=CARTESIAN_POINT('',(1.610764069306E1,1.245889761554E1,5.915563444399E0));
#6422=CARTESIAN_POINT('',(1.605810615033E1,1.241789031787E1,6.053971928972E0));
#6423=CARTESIAN_POINT('',(1.599358327294E1,1.236425003275E1,6.188441727944E0));
#6424=CARTESIAN_POINT('',(1.591394706669E1,1.229769050740E1,6.317512560322E0));
#6425=CARTESIAN_POINT('',(1.581900874903E1,1.221782564867E1,6.439692570987E0));
#6426=CARTESIAN_POINT('',(1.570869064976E1,1.212431869491E1,6.553245331688E0));
#6427=CARTESIAN_POINT('',(1.558329764631E1,1.201712408743E1,6.656066754697E0));
#6428=CARTESIAN_POINT('',(1.544361184439E1,1.189658566418E1,6.745779395629E0));
#6429=CARTESIAN_POINT('',(1.529085677976E1,1.176343155695E1,6.820006811209E0));
#6430=CARTESIAN_POINT('',(1.512725641633E1,1.161928951678E1,6.876268226958E0));
#6431=CARTESIAN_POINT('',(1.495526555177E1,1.146604786160E1,6.912588428084E0));
#6432=CARTESIAN_POINT('',(1.477914279932E1,1.130728826142E1,6.927306705206E0));
#6433=CARTESIAN_POINT('',(1.465529196404E1,1.119430092480E1,6.922168010737E0));
#6434=CARTESIAN_POINT('',(1.459063005847E1,1.113491599962E1,6.915039320849E0));
#6435=CARTESIAN_POINT('',(1.458426377813E1,1.112906552052E1,6.914294056729E0));
#6436=CARTESIAN_POINT('',(1.603772314524E1,1.249938757942E1,5.472719933002E0));
#6437=CARTESIAN_POINT('',(1.603781073398E1,1.249946559934E1,5.476924552308E0));
#6438=CARTESIAN_POINT('',(1.603859595312E1,1.250016387532E1,5.525986426908E0));
#6439=CARTESIAN_POINT('',(1.603482960713E1,1.249681733031E1,5.619429009389E0));
#6440=CARTESIAN_POINT('',(1.601594156877E1,1.248001542737E1,5.751371838677E0));
#6441=CARTESIAN_POINT('',(1.598388321453E1,1.245142140395E1,5.880586853611E0));
#6442=CARTESIAN_POINT('',(1.593829568475E1,1.241059530199E1,6.007179612755E0));
#6443=CARTESIAN_POINT('',(1.587896218508E1,1.235716870353E1,6.130034958373E0));
#6444=CARTESIAN_POINT('',(1.580579905626E1,1.229084257151E1,6.247801749902E0));
#6445=CARTESIAN_POINT('',(1.571866614814E1,1.221121859669E1,6.359108932667E0));
#6446=CARTESIAN_POINT('',(1.561752581260E1,1.211794882613E1,6.462370725263E0));
#6447=CARTESIAN_POINT('',(1.550268976048E1,1.201097778737E1,6.555674545810E0));
#6448=CARTESIAN_POINT('',(1.537490404977E1,1.189064097092E1,6.636866502386E0));
#6449=CARTESIAN_POINT('',(1.523531438776E1,1.175766006499E1,6.703800729797E0));
#6450=CARTESIAN_POINT('',(1.508597554081E1,1.161365750422E1,6.754244787577E0));
#6451=CARTESIAN_POINT('',(1.492914647868E1,1.146051812294E1,6.786431141396E0));
#6452=CARTESIAN_POINT('',(1.476872365875E1,1.130182050054E1,6.798890178555E0));
#6453=CARTESIAN_POINT('',(1.465603690647E1,1.118884777195E1,6.793538513358E0));
#6454=CARTESIAN_POINT('',(1.459724004008E1,1.112946195588E1,6.786697884313E0));
#6455=CARTESIAN_POINT('',(1.459145155520E1,1.112361130238E1,6.785984884282E0));
#6456=(BOUNDED_SURFACE()B_SPLINE_SURFACE(3,3,((#6376,#6377,#6378,#6379,#6380,
#6381,#6382,#6383,#6384,#6385,#6386,#6387,#6388,#6389,#6390,#6391,#6392,#6393,
#6394,#6395),(#6396,#6397,#6398,#6399,#6400,#6401,#6402,#6403,#6404,#6405,#6406,
#6407,#6408,#6409,#6410,#6411,#6412,#6413,#6414,#6415),(#6416,#6417,#6418,#6419,
#6420,#6421,#6422,#6423,#6424,#6425,#6426,#6427,#6428,#6429,#6430,#6431,#6432,
#6433,#6434,#6435),(#6436,#6437,#6438,#6439,#6440,#6441,#6442,#6443,#6444,#6445,
#6446,#6447,#6448,#6449,#6450,#6451,#6452,#6453,#6454,#6455)),.UNSPECIFIED.,.F.,
.F.,.F.)B_SPLINE_SURFACE_WITH_KNOTS((4,4),(4,1,1,1,1,1,1,1,1,1,1,1,1,1,1,1,1,4),
(0.E0,1.E0),(-4.551137613871E-3,0.E0,4.853881196205E-2,9.634638094045E-2,
1.452775631730E-1,1.964524266285E-1,2.500583312914E-1,3.066715050143E-1,
3.671240985834E-1,4.316872094799E-1,5.007532967718E-1,5.746020038593E-1,
6.529001524939E-1,7.355985465879E-1,8.216706467106E-1,9.107081373605E-1,1.E0,
1.009760727026E0),.UNSPECIFIED.)GEOMETRIC_REPRESENTATION_ITEM()RATIONAL_B_SPLINE_SURFACE(((1.202333583976E0,1.202333583976E0,1.202333583976E0,1.202333583976E0,
1.202333583976E0,1.202333583976E0,1.202333583976E0,1.202333583976E0,
1.202333583976E0,1.202333583976E0,1.202333583976E0,1.202333583976E0,
1.202333583976E0,1.202333583976E0,1.202333583976E0,1.202333583976E0,
1.202333583976E0,1.202333583976E0,1.202333583976E0,1.202333583976E0),(
9.325554720079E-1,9.325554720079E-1,9.325554720079E-1,9.325554720079E-1,
9.325554720079E-1,9.325554720079E-1,9.325554720079E-1,9.325554720079E-1,
9.325554720079E-1,9.325554720079E-1,9.325554720079E-1,9.325554720079E-1,
9.325554720079E-1,9.325554720079E-1,9.325554720079E-1,9.325554720079E-1,
9.325554720079E-1,9.325554720079E-1,9.325554720079E-1,9.325554720079E-1),(
9.325554720079E-1,9.325554720079E-1,9.325554720079E-1,9.325554720079E-1,
9.325554720079E-1,9.325554720079E-1,9.325554720079E-1,9.325554720079E-1,
9.325554720079E-1,9.325554720079E-1,9.325554720079E-1,9.325554720079E-1,
9.325554720079E-1,9.325554720079E-1,9.325554720079E-1,9.325554720079E-1,
9.325554720079E-1,9.325554720079E-1,9.325554720079E-1,9.325554720079E-1),(
1.202333583976E0,1.202333583976E0,1.202333583976E0,1.202333583976E0,
1.202333583976E0,1.202333583976E0,1.202333583976E0,1.202333583976E0,
1.202333583976E0,1.202333583976E0,1.202333583976E0,1.202333583976E0,
1.202333583976E0,1.202333583976E0,1.202333583976E0,1.202333583976E0,
1.202333583976E0,1.202333583976E0,1.202333583976E0,1.202333583976E0)))REPRESENTATION_ITEM('')SURFACE());
#6457=ORIENTED_EDGE('',*,*,#6340,.F.);
#6459=ORIENTED_EDGE('',*,*,#6458,.F.);
#6460=ORIENTED_EDGE('',*,*,#6366,.F.);
#6461=EDGE_LOOP('',(#6457,#6459,#6460));
#6462=FACE_OUTER_BOUND('',#6461,.F.);
#6463=ADVANCED_FACE('',(#6462),#6456,.T.);
#6464=CARTESIAN_POINT('',(1.475E1,-6.13224E1,5.5E0));
#6465=DIRECTION('',(0.E0,1.E0,0.E0));
#6466=DIRECTION('',(0.E0,0.E0,1.E0));
#6467=AXIS2_PLACEMENT_3D('',#6464,#6465,#6466);
#6468=CYLINDRICAL_SURFACE('',#6467,1.5E0);
#6469=ORIENTED_EDGE('',*,*,#4964,.F.);
#6471=ORIENTED_EDGE('',*,*,#6470,.T.);
#6472=ORIENTED_EDGE('',*,*,#3901,.T.);
#6473=ORIENTED_EDGE('',*,*,#6458,.T.);
#6474=EDGE_LOOP('',(#6469,#6471,#6472,#6473));
#6475=FACE_OUTER_BOUND('',#6474,.F.);
#6476=ADVANCED_FACE('',(#6475),#6468,.T.);
#6477=CARTESIAN_POINT('',(1.603778989761E1,-1.249939180743E1,5.472718033453E0));
#6478=CARTESIAN_POINT('',(1.603784976870E1,-1.249946041026E1,5.476482895056E0));
#6479=CARTESIAN_POINT('',(1.603846307749E1,-1.250016309427E1,5.525168167950E0));
#6480=CARTESIAN_POINT('',(1.603567134793E1,-1.249696470400E1,5.618213745093E0));
#6481=CARTESIAN_POINT('',(1.602127742564E1,-1.248047286494E1,5.751029954015E0));
#6482=CARTESIAN_POINT('',(1.599652291659E1,-1.245210553778E1,5.882695911511E0));
#6483=CARTESIAN_POINT('',(1.596073414581E1,-1.241108312552E1,6.014047933106E0));
#6484=CARTESIAN_POINT('',(1.591323443952E1,-1.235661899812E1,6.144471289919E0));
#6485=CARTESIAN_POINT('',(1.585338330684E1,-1.228796472138E1,6.272900785238E0));
#6486=CARTESIAN_POINT('',(1.578044326640E1,-1.220425741093E1,6.398077987859E0));
#6487=CARTESIAN_POINT('',(1.569374854253E1,-1.210471349784E1,6.518320776482E0));
#6488=CARTESIAN_POINT('',(1.559296107796E1,-1.198892352928E1,6.631391936420E0));
#6489=CARTESIAN_POINT('',(1.547818302270E1,-1.185698258347E1,6.734599429138E0));
#6490=CARTESIAN_POINT('',(1.534991782437E1,-1.170944726325E1,6.825129157404E0));
#6491=CARTESIAN_POINT('',(1.520971551580E1,-1.154807976940E1,6.899794111795E0));
#6492=CARTESIAN_POINT('',(1.505967329421E1,-1.137527617641E1,6.955804203777E0));
#6493=CARTESIAN_POINT('',(1.490251511806E1,-1.119416021866E1,6.990905875263E0));
#6494=CARTESIAN_POINT('',(1.478974544272E1,-1.106411478927E1,6.999738619737E0));
#6495=CARTESIAN_POINT('',(1.472981210498E1,-1.099497528093E1,6.999672472346E0));
#6496=CARTESIAN_POINT('',(1.472395675575E1,-1.098822028329E1,6.999620729543E0));
#6497=CARTESIAN_POINT('',(1.616616248827E1,-1.250706065025E1,5.470222759184E0));
#6498=CARTESIAN_POINT('',(1.616622839398E1,-1.250714152542E1,5.474331743296E0));
#6499=CARTESIAN_POINT('',(1.616690312552E1,-1.250797023275E1,5.527468797066E0));
#6500=CARTESIAN_POINT('',(1.616383002631E1,-1.250419434757E1,5.629047631915E0));
#6501=CARTESIAN_POINT('',(1.614802920007E1,-1.248478849753E1,5.773546991575E0));
#6502=CARTESIAN_POINT('',(1.612099559208E1,-1.245162367295E1,5.915811074505E0));
#6503=CARTESIAN_POINT('',(1.608219370374E1,-1.240410215425E1,6.056325300861E0));
#6504=CARTESIAN_POINT('',(1.603113842207E1,-1.234171904150E1,6.194100131664E0));
#6505=CARTESIAN_POINT('',(1.596740274707E1,-1.226407109140E1,6.327795500242E0));
#6506=CARTESIAN_POINT('',(1.589045231843E1,-1.217065552494E1,6.455979855929E0));
#6507=CARTESIAN_POINT('',(1.579980746433E1,-1.206106608494E1,6.576883517492E0));
#6508=CARTESIAN_POINT('',(1.569529525268E1,-1.193529043241E1,6.688265683401E0));
#6509=CARTESIAN_POINT('',(1.557715730638E1,-1.179382886333E1,6.787512563902E0));
#6510=CARTESIAN_POINT('',(1.544600396510E1,-1.163762296478E1,6.871968667364E0));
#6511=CARTESIAN_POINT('',(1.530347613952E1,-1.146882596149E1,6.938705636922E0));
#6512=CARTESIAN_POINT('',(1.515173197771E1,-1.129016495083E1,6.985272172918E0));
#6513=CARTESIAN_POINT('',(1.499353614153E1,-1.110502528873E1,7.009824874570E0));
#6514=CARTESIAN_POINT('',(1.488052044111E1,-1.097357500290E1,7.010821945453E0));
#6515=CARTESIAN_POINT('',(1.482060212343E1,-1.090412132127E1,7.006567966608E0));
#6516=CARTESIAN_POINT('',(1.481474968467E1,-1.089733972210E1,7.006106912969E0));
#6517=CARTESIAN_POINT('',(1.625709937341E1,-1.241609331600E1,5.470223320449E0));
#6518=CARTESIAN_POINT('',(1.625716955395E1,-1.241617840247E1,5.474332072031E0));
#6519=CARTESIAN_POINT('',(1.625788779627E1,-1.241705047019E1,5.527467357731E0));
#6520=CARTESIAN_POINT('',(1.625461537975E1,-1.241307449899E1,5.629060493139E0));
#6521=CARTESIAN_POINT('',(1.623781792750E1,-1.239268170392E1,5.773230837577E0));
#6522=CARTESIAN_POINT('',(1.620916984592E1,-1.235797015326E1,5.914477722938E0));
#6523=CARTESIAN_POINT('',(1.616823351809E1,-1.230851997280E1,6.052986364384E0));
#6524=CARTESIAN_POINT('',(1.611465952938E1,-1.224407469444E1,6.187543467597E0));
#6525=CARTESIAN_POINT('',(1.604817211292E1,-1.216452162579E1,6.316684354410E0));
#6526=CARTESIAN_POINT('',(1.596838079582E1,-1.206966636905E1,6.438936747756E0));
#6527=CARTESIAN_POINT('',(1.587493773895E1,-1.195941803682E1,6.552577562405E0));
#6528=CARTESIAN_POINT('',(1.576778698199E1,-1.183406952701E1,6.655507245178E0));
#6529=CARTESIAN_POINT('',(1.564726894798E1,-1.169439964236E1,6.745339962194E0));
#6530=CARTESIAN_POINT('',(1.551406969704E1,-1.154158460672E1,6.819712462420E0));
#6531=CARTESIAN_POINT('',(1.536989451611E1,-1.137793904968E1,6.876082864579E0));
#6532=CARTESIAN_POINT('',(1.521694472979E1,-1.120626859607E1,6.912417123831E0));
#6533=CARTESIAN_POINT('',(1.505801383349E1,-1.102994162232E1,6.927304743468E0));
#6534=CARTESIAN_POINT('',(1.494482385324E1,-1.090586156090E1,6.922230587689E0));
#6535=CARTESIAN_POINT('',(1.488491617549E1,-1.084063024684E1,6.915039412007E0));
#6536=CARTESIAN_POINT('',(1.487906579847E1,-1.083426405231E1,6.914294191857E0));
#6537=CARTESIAN_POINT('',(1.624938764987E1,-1.228772320425E1,5.472719339439E0));
#6538=CARTESIAN_POINT('',(1.624945746789E1,-1.228780160618E1,5.476483659976E0));
#6539=CARTESIAN_POINT('',(1.625017202037E1,-1.228860518394E1,5.525164818814E0));
#6540=CARTESIAN_POINT('',(1.624691650656E1,-1.228494122073E1,5.618243671410E0));
#6541=CARTESIAN_POINT('',(1.623020357122E1,-1.226615289496E1,5.750294306700E0));
#6542=CARTESIAN_POINT('',(1.620169240189E1,-1.223418654675E1,5.879593383927E0));
#6543=CARTESIAN_POINT('',(1.616093708100E1,-1.218867640112E1,6.006278682461E0));
#6544=CARTESIAN_POINT('',(1.610757668628E1,-1.212941389509E1,6.129214825211E0));
#6545=CARTESIAN_POINT('',(1.604132262584E1,-1.205632666681E1,6.247046661477E0));
#6546=CARTESIAN_POINT('',(1.596177222470E1,-1.196926939309E1,6.358420995262E0));
#6547=CARTESIAN_POINT('',(1.586856646390E1,-1.186819232748E1,6.461764127824E0));
#6548=CARTESIAN_POINT('',(1.576163946358E1,-1.175339626186E1,6.555167510161E0));
#6549=CARTESIAN_POINT('',(1.564132326822E1,-1.162562432181E1,6.636469526025E0));
#6550=CARTESIAN_POINT('',(1.550829751662E1,-1.148597907797E1,6.703536082268E0));
#6551=CARTESIAN_POINT('',(1.536426203643E1,-1.133659829828E1,6.754079445549E0));
#6552=CARTESIAN_POINT('',(1.521141449072E1,-1.118006077990E1,6.786280422490E0));
#6553=CARTESIAN_POINT('',(1.505254592974E1,-1.101945074825E1,6.798892763861E0));
#6554=CARTESIAN_POINT('',(1.493937072895E1,-1.090655482774E1,6.793598590383E0));
#6555=CARTESIAN_POINT('',(1.487946214891E1,-1.084724019393E1,6.786697985801E0));
#6556=CARTESIAN_POINT('',(1.487361159704E1,-1.084145178634E1,6.785985026211E0));
#6557=(BOUNDED_SURFACE()B_SPLINE_SURFACE(3,3,((#6477,#6478,#6479,#6480,#6481,
#6482,#6483,#6484,#6485,#6486,#6487,#6488,#6489,#6490,#6491,#6492,#6493,#6494,
#6495,#6496),(#6497,#6498,#6499,#6500,#6501,#6502,#6503,#6504,#6505,#6506,#6507,
#6508,#6509,#6510,#6511,#6512,#6513,#6514,#6515,#6516),(#6517,#6518,#6519,#6520,
#6521,#6522,#6523,#6524,#6525,#6526,#6527,#6528,#6529,#6530,#6531,#6532,#6533,
#6534,#6535,#6536),(#6537,#6538,#6539,#6540,#6541,#6542,#6543,#6544,#6545,#6546,
#6547,#6548,#6549,#6550,#6551,#6552,#6553,#6554,#6555,#6556)),.UNSPECIFIED.,.F.,
.F.,.F.)B_SPLINE_SURFACE_WITH_KNOTS((4,4),(4,1,1,1,1,1,1,1,1,1,1,1,1,1,1,1,1,4),
(0.E0,1.E0),(-4.072543401368E-3,0.E0,4.858107978023E-2,9.637561598282E-2,
1.452912388654E-1,1.964615649740E-1,2.500468830797E-1,3.066155927745E-1,
3.670234447541E-1,4.315455065097E-1,5.005697078969E-1,5.743938254350E-1,
6.526727970661E-1,7.354232045778E-1,8.214249951395E-1,9.098804637241E-1,1.E0,
1.009755756127E0),.UNSPECIFIED.)GEOMETRIC_REPRESENTATION_ITEM()RATIONAL_B_SPLINE_SURFACE(((1.202333536719E0,1.202333536719E0,1.202333536719E0,1.202333536719E0,
1.202333536719E0,1.202333536719E0,1.202333536719E0,1.202333536719E0,
1.202333536719E0,1.202333536719E0,1.202333536719E0,1.202333536719E0,
1.202333536719E0,1.202333536719E0,1.202333536719E0,1.202333536719E0,
1.202333536719E0,1.202333536719E0,1.202333536719E0,1.202333536719E0),(
9.325554877604E-1,9.325554877604E-1,9.325554877604E-1,9.325554877604E-1,
9.325554877604E-1,9.325554877604E-1,9.325554877604E-1,9.325554877604E-1,
9.325554877604E-1,9.325554877604E-1,9.325554877604E-1,9.325554877604E-1,
9.325554877604E-1,9.325554877604E-1,9.325554877604E-1,9.325554877604E-1,
9.325554877604E-1,9.325554877604E-1,9.325554877604E-1,9.325554877604E-1),(
9.325554877604E-1,9.325554877604E-1,9.325554877604E-1,9.325554877604E-1,
9.325554877604E-1,9.325554877604E-1,9.325554877604E-1,9.325554877604E-1,
9.325554877604E-1,9.325554877604E-1,9.325554877604E-1,9.325554877604E-1,
9.325554877604E-1,9.325554877604E-1,9.325554877604E-1,9.325554877604E-1,
9.325554877604E-1,9.325554877604E-1,9.325554877604E-1,9.325554877604E-1),(
1.202333536719E0,1.202333536719E0,1.202333536719E0,1.202333536719E0,
1.202333536719E0,1.202333536719E0,1.202333536719E0,1.202333536719E0,
1.202333536719E0,1.202333536719E0,1.202333536719E0,1.202333536719E0,
1.202333536719E0,1.202333536719E0,1.202333536719E0,1.202333536719E0,
1.202333536719E0,1.202333536719E0,1.202333536719E0,1.202333536719E0)))REPRESENTATION_ITEM('')SURFACE());
#6559=ORIENTED_EDGE('',*,*,#6558,.F.);
#6561=ORIENTED_EDGE('',*,*,#6560,.F.);
#6562=ORIENTED_EDGE('',*,*,#6470,.F.);
#6563=EDGE_LOOP('',(#6559,#6561,#6562));
#6564=FACE_OUTER_BOUND('',#6563,.F.);
#6565=ADVANCED_FACE('',(#6564),#6557,.T.);
#6566=CARTESIAN_POINT('',(1.605E1,-1.23E1,1.61252E1));
#6567=DIRECTION('',(0.E0,0.E0,-1.E0));
#6568=DIRECTION('',(1.E0,0.E0,0.E0));
#6569=AXIS2_PLACEMENT_3D('',#6566,#6567,#6568);
#6570=CYLINDRICAL_SURFACE('',#6569,2.E-1);
#6571=ORIENTED_EDGE('',*,*,#4962,.T.);
#6573=ORIENTED_EDGE('',*,*,#6572,.F.);
#6575=ORIENTED_EDGE('',*,*,#6574,.T.);
#6576=ORIENTED_EDGE('',*,*,#6558,.T.);
#6577=EDGE_LOOP('',(#6571,#6573,#6575,#6576));
#6578=FACE_OUTER_BOUND('',#6577,.F.);
#6579=ADVANCED_FACE('',(#6578),#6570,.T.);
#6580=CARTESIAN_POINT('',(1.585E1,-9.018E1,-4.E-1));
#6581=DIRECTION('',(0.E0,1.E0,0.E0));
#6582=DIRECTION('',(0.E0,0.E0,1.E0));
#6583=AXIS2_PLACEMENT_3D('',#6580,#6581,#6582);
#6584=CYLINDRICAL_SURFACE('',#6583,4.E-1);
#6585=ORIENTED_EDGE('',*,*,#4960,.F.);
#6587=ORIENTED_EDGE('',*,*,#6586,.T.);
#6588=ORIENTED_EDGE('',*,*,#3977,.T.);
#6590=ORIENTED_EDGE('',*,*,#6589,.T.);
#6591=ORIENTED_EDGE('',*,*,#6572,.T.);
#6592=EDGE_LOOP('',(#6585,#6587,#6588,#6590,#6591));
#6593=FACE_OUTER_BOUND('',#6592,.F.);
#6594=ADVANCED_FACE('',(#6593),#6584,.T.);
#6595=CARTESIAN_POINT('',(1.585E1,-2.46E1,-4.E-1));
#6596=DIRECTION('',(-7.071067811865E-1,-7.071067811866E-1,0.E0));
#6597=DIRECTION('',(7.071067811866E-1,-7.071067811865E-1,0.E0));
#6598=AXIS2_PLACEMENT_3D('',#6595,#6596,#6597);
#6599=SPHERICAL_SURFACE('',#6598,4.E-1);
#6600=ORIENTED_EDGE('',*,*,#4946,.F.);
#6602=ORIENTED_EDGE('',*,*,#6601,.F.);
#6603=ORIENTED_EDGE('',*,*,#6586,.F.);
#6604=EDGE_LOOP('',(#6600,#6602,#6603));
#6605=FACE_OUTER_BOUND('',#6604,.F.);
#6606=ADVANCED_FACE('',(#6605),#6599,.T.);
#6607=CARTESIAN_POINT('',(-5.8617E1,-2.46E1,-4.E-1));
#6608=DIRECTION('',(1.E0,0.E0,0.E0));
#6609=DIRECTION('',(0.E0,0.E0,1.E0));
#6610=AXIS2_PLACEMENT_3D('',#6607,#6608,#6609);
#6611=CYLINDRICAL_SURFACE('',#6610,4.E-1);
#6612=ORIENTED_EDGE('',*,*,#4580,.F.);
#6614=ORIENTED_EDGE('',*,*,#6613,.T.);
#6615=ORIENTED_EDGE('',*,*,#3979,.T.);
#6616=ORIENTED_EDGE('',*,*,#6601,.T.);
#6617=EDGE_LOOP('',(#6612,#6614,#6615,#6616));
#6618=FACE_OUTER_BOUND('',#6617,.F.);
#6619=ADVANCED_FACE('',(#6618),#6611,.T.);
#6620=CARTESIAN_POINT('',(-1.585E1,-2.46E1,-4.E-1));
#6621=DIRECTION('',(0.E0,-7.071067811865E-1,-7.071067811865E-1));
#6622=DIRECTION('',(0.E0,-7.071067811865E-1,7.071067811865E-1));
#6623=AXIS2_PLACEMENT_3D('',#6620,#6621,#6622);
#6624=SPHERICAL_SURFACE('',#6623,4.E-1);
#6625=ORIENTED_EDGE('',*,*,#6613,.F.);
#6626=ORIENTED_EDGE('',*,*,#4555,.F.);
#6628=ORIENTED_EDGE('',*,*,#6627,.F.);
#6629=EDGE_LOOP('',(#6625,#6626,#6628));
#6630=FACE_OUTER_BOUND('',#6629,.F.);
#6631=ADVANCED_FACE('',(#6630),#6624,.T.);
#6632=CARTESIAN_POINT('',(-1.585E1,9.018E1,-4.E-1));
#6633=DIRECTION('',(0.E0,-1.E0,0.E0));
#6634=DIRECTION('',(0.E0,0.E0,1.E0));
#6635=AXIS2_PLACEMENT_3D('',#6632,#6633,#6634);
#6636=CYLINDRICAL_SURFACE('',#6635,4.E-1);
#6637=ORIENTED_EDGE('',*,*,#3981,.T.);
#6638=ORIENTED_EDGE('',*,*,#6627,.T.);
#6639=ORIENTED_EDGE('',*,*,#4540,.F.);
#6641=ORIENTED_EDGE('',*,*,#6640,.T.);
#6642=ORIENTED_EDGE('',*,*,#3942,.T.);
#6643=EDGE_LOOP('',(#6637,#6638,#6639,#6641,#6642));
#6644=FACE_OUTER_BOUND('',#6643,.F.);
#6645=ADVANCED_FACE('',(#6644),#6636,.T.);
#6646=CARTESIAN_POINT('',(-1.605E1,-1.23E1,1.61252E1));
#6647=DIRECTION('',(0.E0,0.E0,-1.E0));
#6648=DIRECTION('',(0.E0,-1.E0,0.E0));
#6649=AXIS2_PLACEMENT_3D('',#6646,#6647,#6648);
#6650=CYLINDRICAL_SURFACE('',#6649,2.E-1);
#6651=ORIENTED_EDGE('',*,*,#3944,.F.);
#6652=ORIENTED_EDGE('',*,*,#6640,.F.);
#6653=ORIENTED_EDGE('',*,*,#4538,.T.);
#6655=ORIENTED_EDGE('',*,*,#6654,.T.);
#6656=EDGE_LOOP('',(#6651,#6652,#6653,#6655));
#6657=FACE_OUTER_BOUND('',#6656,.F.);
#6658=ADVANCED_FACE('',(#6657),#6650,.T.);
#6659=CARTESIAN_POINT('',(-1.624939177904E1,-1.228778987831E1,
5.472718626274E0));
#6660=CARTESIAN_POINT('',(-1.624946842575E1,-1.228785676820E1,
5.476923849292E0));
#6661=CARTESIAN_POINT('',(-1.625015504175E1,-1.228845604978E1,
5.525989525456E0));
#6662=CARTESIAN_POINT('',(-1.624686714680E1,-1.228558619922E1,
5.619401276627E0));
#6663=CARTESIAN_POINT('',(-1.623028659885E1,-1.227111486757E1,
5.752119641298E0));
#6664=CARTESIAN_POINT('',(-1.620183447993E1,-1.224628640949E1,
5.883716395910E0));
#6665=CARTESIAN_POINT('',(-1.616073676127E1,-1.221043202091E1,
6.014992843571E0));
#6666=CARTESIAN_POINT('',(-1.610619947546E1,-1.216286863436E1,
6.145353099229E0));
#6667=CARTESIAN_POINT('',(-1.603746347617E1,-1.210294643246E1,
6.273736381547E0));
#6668=CARTESIAN_POINT('',(-1.595367042706E1,-1.202993191745E1,
6.398864687708E0));
#6669=CARTESIAN_POINT('',(-1.585404909651E1,-1.194317006514E1,
6.519040707857E0));
#6670=CARTESIAN_POINT('',(-1.573820218385E1,-1.184233338559E1,
6.632020533679E0));
#6671=CARTESIAN_POINT('',(-1.560622974964E1,-1.172752832957E1,
6.735119018178E0));
#6672=CARTESIAN_POINT('',(-1.545873611606E1,-1.159929978337E1,
6.825503409971E0));
#6673=CARTESIAN_POINT('',(-1.529739907366E1,-1.145912430880E1,
6.900057135759E0));
#6674=CARTESIAN_POINT('',(-1.512426000723E1,-1.130879115584E1,
6.956090793596E0));
#6675=CARTESIAN_POINT('',(-1.494332893414E1,-1.115179410243E1,
6.990998838576E0));
#6676=CARTESIAN_POINT('',(-1.481351117182E1,-1.103922219411E1,
6.999738282022E0));
#6677=CARTESIAN_POINT('',(-1.474497507667E1,-1.097981193335E1,
6.999672421160E0));
#6678=CARTESIAN_POINT('',(-1.473821997425E1,-1.097395649459E1,
6.999620642988E0));
#6679=CARTESIAN_POINT('',(-1.625706062290E1,-1.241616245819E1,
5.470223405920E0));
#6680=CARTESIAN_POINT('',(-1.625715097722E1,-1.241623610047E1,
5.474813002648E0));
#6681=CARTESIAN_POINT('',(-1.625796074493E1,-1.241689544020E1,
5.528365456073E0));
#6682=CARTESIAN_POINT('',(-1.625407928630E1,-1.241373638755E1,
5.630342474048E0));
#6683=CARTESIAN_POINT('',(-1.623456987773E1,-1.239785113954E1,
5.774728945988E0));
#6684=CARTESIAN_POINT('',(-1.620130808831E1,-1.237073817961E1,
5.916908406072E0));
#6685=CARTESIAN_POINT('',(-1.615370310038E1,-1.233186754051E1,
6.057329766810E0));
#6686=CARTESIAN_POINT('',(-1.609124145831E1,-1.228074704704E1,
6.195024898692E0));
#6687=CARTESIAN_POINT('',(-1.601350786857E1,-1.221693969402E1,
6.328658306354E0));
#6688=CARTESIAN_POINT('',(-1.592000489874E1,-1.213991533666E1,
6.456778124865E0));
#6689=CARTESIAN_POINT('',(-1.581033961163E1,-1.204920524552E1,
6.577599995135E0));
#6690=CARTESIAN_POINT('',(-1.568451217772E1,-1.194464695884E1,
6.688877437624E0));
#6691=CARTESIAN_POINT('',(-1.554302707690E1,-1.182648588173E1,
6.788004694213E0));
#6692=CARTESIAN_POINT('',(-1.538687517757E1,-1.169537416303E1,
6.872310123349E0));
#6693=CARTESIAN_POINT('',(-1.521811843338E1,-1.155287686302E1,
6.938932982940E0));
#6694=CARTESIAN_POINT('',(-1.503911813206E1,-1.140084122105E1,
6.985501873573E0));
#6695=CARTESIAN_POINT('',(-1.485418169074E1,-1.124281246258E1,
7.009867904208E0));
#6696=CARTESIAN_POINT('',(-1.472296858077E1,-1.112999738372E1,
7.010785047224E0));
#6697=CARTESIAN_POINT('',(-1.465412111480E1,-1.107060195314E1,
7.006567902211E0));
#6698=CARTESIAN_POINT('',(-1.464733941798E1,-1.106474941751E1,
7.006106806798E0));
#6699=CARTESIAN_POINT('',(-1.616609327038E1,-1.250709932646E1,
5.470223967503E0));
#6700=CARTESIAN_POINT('',(-1.616618832718E1,-1.250717775202E1,
5.474813304778E0));
#6701=CARTESIAN_POINT('',(-1.616704047088E1,-1.250787963588E1,
5.528364124461E0));
#6702=CARTESIAN_POINT('',(-1.616295339168E1,-1.250451571757E1,
5.630354392622E0));
#6703=CARTESIAN_POINT('',(-1.614245230904E1,-1.248762887619E1,
5.774407568148E0));
#6704=CARTESIAN_POINT('',(-1.610764069300E1,-1.245889761550E1,
5.915563444573E0));
#6705=CARTESIAN_POINT('',(-1.605810615025E1,-1.241789031780E1,
6.053971929173E0));
#6706=CARTESIAN_POINT('',(-1.599358327278E1,-1.236425003261E1,
6.188441728249E0));
#6707=CARTESIAN_POINT('',(-1.591394706640E1,-1.229769050716E1,
6.317512560757E0));
#6708=CARTESIAN_POINT('',(-1.581900874861E1,-1.221782564831E1,
6.439692571480E0));
#6709=CARTESIAN_POINT('',(-1.570869064929E1,-1.212431869451E1,
6.553245332111E0));
#6710=CARTESIAN_POINT('',(-1.558329764590E1,-1.201712408707E1,
6.656066754988E0));
#6711=CARTESIAN_POINT('',(-1.544361184406E1,-1.189658566390E1,
6.745779395809E0));
#6712=CARTESIAN_POINT('',(-1.529085677949E1,-1.176343155671E1,
6.820006811319E0));
#6713=CARTESIAN_POINT('',(-1.512725641610E1,-1.161928951658E1,
6.876268227017E0));
#6714=CARTESIAN_POINT('',(-1.495526555161E1,-1.146604786145E1,
6.912588428104E0));
#6715=CARTESIAN_POINT('',(-1.477914279924E1,-1.130728826134E1,
6.927306705205E0));
#6716=CARTESIAN_POINT('',(-1.465529196401E1,-1.119430092477E1,
6.922168010734E0));
#6717=CARTESIAN_POINT('',(-1.459063005847E1,-1.113491599962E1,
6.915039320849E0));
#6718=CARTESIAN_POINT('',(-1.458426377813E1,-1.112906552052E1,
6.914294056729E0));
#6719=CARTESIAN_POINT('',(-1.603772314524E1,-1.249938757942E1,
5.472719933002E0));
#6720=CARTESIAN_POINT('',(-1.603781073398E1,-1.249946559934E1,
5.476924552308E0));
#6721=CARTESIAN_POINT('',(-1.603859595312E1,-1.250016387532E1,
5.525986426978E0));
#6722=CARTESIAN_POINT('',(-1.603482960713E1,-1.249681733030E1,
5.619429009525E0));
#6723=CARTESIAN_POINT('',(-1.601594156874E1,-1.248001542734E1,
5.751371838855E0));
#6724=CARTESIAN_POINT('',(-1.598388321448E1,-1.245142140391E1,
5.880586853770E0));
#6725=CARTESIAN_POINT('',(-1.593829568468E1,-1.241059530192E1,
6.007179612939E0));
#6726=CARTESIAN_POINT('',(-1.587896218493E1,-1.235716870340E1,
6.130034958652E0));
#6727=CARTESIAN_POINT('',(-1.580579905599E1,-1.229084257127E1,
6.247801750298E0));
#6728=CARTESIAN_POINT('',(-1.571866614775E1,-1.221121859634E1,
6.359108933116E0));
#6729=CARTESIAN_POINT('',(-1.561752581217E1,-1.211794882573E1,
6.462370725647E0));
#6730=CARTESIAN_POINT('',(-1.550268976011E1,-1.201097778701E1,
6.555674546073E0));
#6731=CARTESIAN_POINT('',(-1.537490404947E1,-1.189064097064E1,
6.636866502549E0));
#6732=CARTESIAN_POINT('',(-1.523531438751E1,-1.175766006475E1,
6.703800729896E0));
#6733=CARTESIAN_POINT('',(-1.508597554061E1,-1.161365750402E1,
6.754244787629E0));
#6734=CARTESIAN_POINT('',(-1.492914647854E1,-1.146051812279E1,
6.786431141413E0));
#6735=CARTESIAN_POINT('',(-1.476872365868E1,-1.130182050047E1,
6.798890178553E0));
#6736=CARTESIAN_POINT('',(-1.465603690645E1,-1.118884777192E1,
6.793538513355E0));
#6737=CARTESIAN_POINT('',(-1.459724004008E1,-1.112946195588E1,
6.786697884313E0));
#6738=CARTESIAN_POINT('',(-1.459145155520E1,-1.112361130238E1,
6.785984884282E0));
#6739=(BOUNDED_SURFACE()B_SPLINE_SURFACE(3,3,((#6659,#6660,#6661,#6662,#6663,
#6664,#6665,#6666,#6667,#6668,#6669,#6670,#6671,#6672,#6673,#6674,#6675,#6676,
#6677,#6678),(#6679,#6680,#6681,#6682,#6683,#6684,#6685,#6686,#6687,#6688,#6689,
#6690,#6691,#6692,#6693,#6694,#6695,#6696,#6697,#6698),(#6699,#6700,#6701,#6702,
#6703,#6704,#6705,#6706,#6707,#6708,#6709,#6710,#6711,#6712,#6713,#6714,#6715,
#6716,#6717,#6718),(#6719,#6720,#6721,#6722,#6723,#6724,#6725,#6726,#6727,#6728,
#6729,#6730,#6731,#6732,#6733,#6734,#6735,#6736,#6737,#6738)),.UNSPECIFIED.,.F.,
.F.,.F.)B_SPLINE_SURFACE_WITH_KNOTS((4,4),(4,1,1,1,1,1,1,1,1,1,1,1,1,1,1,1,1,4),
(0.E0,1.E0),(-4.551137613877E-3,0.E0,4.853881203814E-2,9.634638101068E-2,
1.452775632260E-1,1.964524266925E-1,2.500583314038E-1,3.066715052147E-1,
3.671240988680E-1,4.316872097728E-1,5.007532969856E-1,5.746020040128E-1,
6.529001526357E-1,7.355985467037E-1,8.216706467901E-1,9.107081374045E-1,1.E0,
1.009760727026E0),.UNSPECIFIED.)GEOMETRIC_REPRESENTATION_ITEM()RATIONAL_B_SPLINE_SURFACE(((1.202333583976E0,1.202333583976E0,1.202333583976E0,1.202333583976E0,
1.202333583976E0,1.202333583976E0,1.202333583976E0,1.202333583976E0,
1.202333583976E0,1.202333583976E0,1.202333583976E0,1.202333583976E0,
1.202333583976E0,1.202333583976E0,1.202333583976E0,1.202333583976E0,
1.202333583976E0,1.202333583976E0,1.202333583976E0,1.202333583976E0),(
9.325554720079E-1,9.325554720079E-1,9.325554720079E-1,9.325554720079E-1,
9.325554720079E-1,9.325554720079E-1,9.325554720079E-1,9.325554720079E-1,
9.325554720079E-1,9.325554720079E-1,9.325554720079E-1,9.325554720079E-1,
9.325554720079E-1,9.325554720079E-1,9.325554720079E-1,9.325554720079E-1,
9.325554720079E-1,9.325554720079E-1,9.325554720079E-1,9.325554720079E-1),(
9.325554720079E-1,9.325554720079E-1,9.325554720079E-1,9.325554720079E-1,
9.325554720079E-1,9.325554720079E-1,9.325554720079E-1,9.325554720079E-1,
9.325554720079E-1,9.325554720079E-1,9.325554720079E-1,9.325554720079E-1,
9.325554720079E-1,9.325554720079E-1,9.325554720079E-1,9.325554720079E-1,
9.325554720079E-1,9.325554720079E-1,9.325554720079E-1,9.325554720079E-1),(
1.202333583976E0,1.202333583976E0,1.202333583976E0,1.202333583976E0,
1.202333583976E0,1.202333583976E0,1.202333583976E0,1.202333583976E0,
1.202333583976E0,1.202333583976E0,1.202333583976E0,1.202333583976E0,
1.202333583976E0,1.202333583976E0,1.202333583976E0,1.202333583976E0,
1.202333583976E0,1.202333583976E0,1.202333583976E0,1.202333583976E0)))REPRESENTATION_ITEM('')SURFACE());
#6740=ORIENTED_EDGE('',*,*,#6654,.F.);
#6742=ORIENTED_EDGE('',*,*,#6741,.F.);
#6743=ORIENTED_EDGE('',*,*,#3925,.F.);
#6744=EDGE_LOOP('',(#6740,#6742,#6743));
#6745=FACE_OUTER_BOUND('',#6744,.F.);
#6746=ADVANCED_FACE('',(#6745),#6739,.T.);
#6747=CARTESIAN_POINT('',(-1.475E1,6.13224E1,5.5E0));
#6748=DIRECTION('',(0.E0,-1.E0,0.E0));
#6749=DIRECTION('',(0.E0,0.E0,1.E0));
#6750=AXIS2_PLACEMENT_3D('',#6747,#6748,#6749);
#6751=CYLINDRICAL_SURFACE('',#6750,1.5E0);
#6752=ORIENTED_EDGE('',*,*,#4536,.F.);
#6754=ORIENTED_EDGE('',*,*,#6753,.T.);
#6755=ORIENTED_EDGE('',*,*,#3877,.T.);
#6756=ORIENTED_EDGE('',*,*,#6741,.T.);
#6757=EDGE_LOOP('',(#6752,#6754,#6755,#6756));
#6758=FACE_OUTER_BOUND('',#6757,.F.);
#6759=ADVANCED_FACE('',(#6758),#6751,.T.);
#6760=CARTESIAN_POINT('',(-1.603778989761E1,1.249939180743E1,5.472718033453E0));
#6761=CARTESIAN_POINT('',(-1.603784976870E1,1.249946041026E1,5.476482895056E0));
#6762=CARTESIAN_POINT('',(-1.603846307749E1,1.250016309427E1,5.525168168024E0));
#6763=CARTESIAN_POINT('',(-1.603567134792E1,1.249696470399E1,5.618213745228E0));
#6764=CARTESIAN_POINT('',(-1.602127742561E1,1.248047286491E1,5.751029954187E0));
#6765=CARTESIAN_POINT('',(-1.599652291656E1,1.245210553775E1,5.882695911648E0));
#6766=CARTESIAN_POINT('',(-1.596073414577E1,1.241108312548E1,6.014047933227E0));
#6767=CARTESIAN_POINT('',(-1.591323443947E1,1.235661899807E1,6.144471290039E0));
#6768=CARTESIAN_POINT('',(-1.585338330678E1,1.228796472131E1,6.272900785346E0));
#6769=CARTESIAN_POINT('',(-1.578044326635E1,1.220425741087E1,6.398077987943E0));
#6770=CARTESIAN_POINT('',(-1.569374854248E1,1.210471349778E1,6.518320776544E0));
#6771=CARTESIAN_POINT('',(-1.559296107792E1,1.198892352922E1,6.631391936467E0));
#6772=CARTESIAN_POINT('',(-1.547818302266E1,1.185698258343E1,6.734599429167E0));
#6773=CARTESIAN_POINT('',(-1.534991782435E1,1.170944726323E1,6.825129157416E0));
#6774=CARTESIAN_POINT('',(-1.520971551579E1,1.154807976939E1,6.899794111798E0));
#6775=CARTESIAN_POINT('',(-1.505967329421E1,1.137527617641E1,6.955804203779E0));
#6776=CARTESIAN_POINT('',(-1.490251511805E1,1.119416021865E1,6.990905875264E0));
#6777=CARTESIAN_POINT('',(-1.478974544272E1,1.106411478927E1,6.999738619737E0));
#6778=CARTESIAN_POINT('',(-1.472981210498E1,1.099497528093E1,6.999672472346E0));
#6779=CARTESIAN_POINT('',(-1.472395675575E1,1.098822028329E1,6.999620729543E0));
#6780=CARTESIAN_POINT('',(-1.616616248827E1,1.250706065025E1,5.470222759184E0));
#6781=CARTESIAN_POINT('',(-1.616622839398E1,1.250714152542E1,5.474331743296E0));
#6782=CARTESIAN_POINT('',(-1.616690312552E1,1.250797023275E1,5.527468797146E0));
#6783=CARTESIAN_POINT('',(-1.616383002630E1,1.250419434756E1,5.629047632063E0));
#6784=CARTESIAN_POINT('',(-1.614802920004E1,1.248478849749E1,5.773546991761E0));
#6785=CARTESIAN_POINT('',(-1.612099559205E1,1.245162367291E1,5.915811074653E0));
#6786=CARTESIAN_POINT('',(-1.608219370369E1,1.240410215420E1,6.056325300990E0));
#6787=CARTESIAN_POINT('',(-1.603113842202E1,1.234171904143E1,6.194100131789E0));
#6788=CARTESIAN_POINT('',(-1.596740274701E1,1.226407109133E1,6.327795500352E0));
#6789=CARTESIAN_POINT('',(-1.589045231837E1,1.217065552487E1,6.455979856013E0));
#6790=CARTESIAN_POINT('',(-1.579980746427E1,1.206106608487E1,6.576883517554E0));
#6791=CARTESIAN_POINT('',(-1.569529525263E1,1.193529043236E1,6.688265683447E0));
#6792=CARTESIAN_POINT('',(-1.557715730634E1,1.179382886328E1,6.787512563929E0));
#6793=CARTESIAN_POINT('',(-1.544600396508E1,1.163762296476E1,6.871968667375E0));
#6794=CARTESIAN_POINT('',(-1.530347613951E1,1.146882596148E1,6.938705636924E0));
#6795=CARTESIAN_POINT('',(-1.515173197771E1,1.129016495083E1,6.985272172920E0));
#6796=CARTESIAN_POINT('',(-1.499353614152E1,1.110502528872E1,7.009824874570E0));
#6797=CARTESIAN_POINT('',(-1.488052044111E1,1.097357500289E1,7.010821945453E0));
#6798=CARTESIAN_POINT('',(-1.482060212343E1,1.090412132127E1,7.006567966608E0));
#6799=CARTESIAN_POINT('',(-1.481474968467E1,1.089733972210E1,7.006106912969E0));
#6800=CARTESIAN_POINT('',(-1.625709937341E1,1.241609331600E1,5.470223320449E0));
#6801=CARTESIAN_POINT('',(-1.625716955395E1,1.241617840247E1,5.474332072031E0));
#6802=CARTESIAN_POINT('',(-1.625788779628E1,1.241705047020E1,5.527467357811E0));
#6803=CARTESIAN_POINT('',(-1.625461537974E1,1.241307449898E1,5.629060493287E0));
#6804=CARTESIAN_POINT('',(-1.623781792747E1,1.239268170389E1,5.773230837761E0));
#6805=CARTESIAN_POINT('',(-1.620916984588E1,1.235797015322E1,5.914477723084E0));
#6806=CARTESIAN_POINT('',(-1.616823351805E1,1.230851997274E1,6.052986364510E0));
#6807=CARTESIAN_POINT('',(-1.611465952932E1,1.224407469437E1,6.187543467718E0));
#6808=CARTESIAN_POINT('',(-1.604817211286E1,1.216452162571E1,6.316684354516E0));
#6809=CARTESIAN_POINT('',(-1.596838079576E1,1.206966636898E1,6.438936747836E0));
#6810=CARTESIAN_POINT('',(-1.587493773889E1,1.195941803676E1,6.552577562463E0));
#6811=CARTESIAN_POINT('',(-1.576778698194E1,1.183406952695E1,6.655507245219E0));
#6812=CARTESIAN_POINT('',(-1.564726894794E1,1.169439964231E1,6.745339962218E0));
#6813=CARTESIAN_POINT('',(-1.551406969701E1,1.154158460669E1,6.819712462430E0));
#6814=CARTESIAN_POINT('',(-1.536989451610E1,1.137793904967E1,6.876082864581E0));
#6815=CARTESIAN_POINT('',(-1.521694472978E1,1.120626859606E1,6.912417123832E0));
#6816=CARTESIAN_POINT('',(-1.505801383348E1,1.102994162231E1,6.927304743468E0));
#6817=CARTESIAN_POINT('',(-1.494482385324E1,1.090586156089E1,6.922230587689E0));
#6818=CARTESIAN_POINT('',(-1.488491617549E1,1.084063024684E1,6.915039412007E0));
#6819=CARTESIAN_POINT('',(-1.487906579847E1,1.083426405231E1,6.914294191857E0));
#6820=CARTESIAN_POINT('',(-1.624938764987E1,1.228772320425E1,5.472719339439E0));
#6821=CARTESIAN_POINT('',(-1.624945746789E1,1.228780160618E1,5.476483659976E0));
#6822=CARTESIAN_POINT('',(-1.625017202037E1,1.228860518394E1,5.525164818887E0));
#6823=CARTESIAN_POINT('',(-1.624691650655E1,1.228494122072E1,5.618243671545E0));
#6824=CARTESIAN_POINT('',(-1.623020357119E1,1.226615289492E1,5.750294306869E0));
#6825=CARTESIAN_POINT('',(-1.620169240185E1,1.223418654671E1,5.879593384061E0));
#6826=CARTESIAN_POINT('',(-1.616093708096E1,1.218867640107E1,6.006278682577E0));
#6827=CARTESIAN_POINT('',(-1.610757668623E1,1.212941389503E1,6.129214825322E0));
#6828=CARTESIAN_POINT('',(-1.604132262578E1,1.205632666674E1,6.247046661573E0));
#6829=CARTESIAN_POINT('',(-1.596177222464E1,1.196926939303E1,6.358420995335E0));
#6830=CARTESIAN_POINT('',(-1.586856646385E1,1.186819232743E1,6.461764127877E0));
#6831=CARTESIAN_POINT('',(-1.576163946354E1,1.175339626181E1,6.555167510199E0));
#6832=CARTESIAN_POINT('',(-1.564132326818E1,1.162562432177E1,6.636469526048E0));
#6833=CARTESIAN_POINT('',(-1.550829751660E1,1.148597907795E1,6.703536082277E0));
#6834=CARTESIAN_POINT('',(-1.536426203642E1,1.133659829828E1,6.754079445551E0));
#6835=CARTESIAN_POINT('',(-1.521141449071E1,1.118006077989E1,6.786280422491E0));
#6836=CARTESIAN_POINT('',(-1.505254592974E1,1.101945074824E1,6.798892763861E0));
#6837=CARTESIAN_POINT('',(-1.493937072895E1,1.090655482773E1,6.793598590382E0));
#6838=CARTESIAN_POINT('',(-1.487946214891E1,1.084724019393E1,6.786697985801E0));
#6839=CARTESIAN_POINT('',(-1.487361159704E1,1.084145178634E1,6.785985026211E0));
#6840=(BOUNDED_SURFACE()B_SPLINE_SURFACE(3,3,((#6760,#6761,#6762,#6763,#6764,
#6765,#6766,#6767,#6768,#6769,#6770,#6771,#6772,#6773,#6774,#6775,#6776,#6777,
#6778,#6779),(#6780,#6781,#6782,#6783,#6784,#6785,#6786,#6787,#6788,#6789,#6790,
#6791,#6792,#6793,#6794,#6795,#6796,#6797,#6798,#6799),(#6800,#6801,#6802,#6803,
#6804,#6805,#6806,#6807,#6808,#6809,#6810,#6811,#6812,#6813,#6814,#6815,#6816,
#6817,#6818,#6819),(#6820,#6821,#6822,#6823,#6824,#6825,#6826,#6827,#6828,#6829,
#6830,#6831,#6832,#6833,#6834,#6835,#6836,#6837,#6838,#6839)),.UNSPECIFIED.,.F.,
.F.,.F.)B_SPLINE_SURFACE_WITH_KNOTS((4,4),(4,1,1,1,1,1,1,1,1,1,1,1,1,1,1,1,1,4),
(0.E0,1.E0),(-4.072543401375E-3,0.E0,4.858107985975E-2,9.637561604854E-2,
1.452912389097E-1,1.964615650214E-1,2.500468831331E-1,3.066155928261E-1,
3.670234447980E-1,4.315455065427E-1,5.005697079280E-1,5.743938254641E-1,
6.526727970770E-1,7.354232045776E-1,8.214249951420E-1,9.098804637309E-1,1.E0,
1.009755756127E0),.UNSPECIFIED.)GEOMETRIC_REPRESENTATION_ITEM()RATIONAL_B_SPLINE_SURFACE(((1.202333536719E0,1.202333536719E0,1.202333536719E0,1.202333536719E0,
1.202333536719E0,1.202333536719E0,1.202333536719E0,1.202333536719E0,
1.202333536719E0,1.202333536719E0,1.202333536719E0,1.202333536719E0,
1.202333536719E0,1.202333536719E0,1.202333536719E0,1.202333536719E0,
1.202333536719E0,1.202333536719E0,1.202333536719E0,1.202333536719E0),(
9.325554877604E-1,9.325554877604E-1,9.325554877604E-1,9.325554877604E-1,
9.325554877604E-1,9.325554877604E-1,9.325554877604E-1,9.325554877604E-1,
9.325554877604E-1,9.325554877604E-1,9.325554877604E-1,9.325554877604E-1,
9.325554877604E-1,9.325554877604E-1,9.325554877604E-1,9.325554877604E-1,
9.325554877604E-1,9.325554877604E-1,9.325554877604E-1,9.325554877604E-1),(
9.325554877604E-1,9.325554877604E-1,9.325554877604E-1,9.325554877604E-1,
9.325554877604E-1,9.325554877604E-1,9.325554877604E-1,9.325554877604E-1,
9.325554877604E-1,9.325554877604E-1,9.325554877604E-1,9.325554877604E-1,
9.325554877604E-1,9.325554877604E-1,9.325554877604E-1,9.325554877604E-1,
9.325554877604E-1,9.325554877604E-1,9.325554877604E-1,9.325554877604E-1),(
1.202333536719E0,1.202333536719E0,1.202333536719E0,1.202333536719E0,
1.202333536719E0,1.202333536719E0,1.202333536719E0,1.202333536719E0,
1.202333536719E0,1.202333536719E0,1.202333536719E0,1.202333536719E0,
1.202333536719E0,1.202333536719E0,1.202333536719E0,1.202333536719E0,
1.202333536719E0,1.202333536719E0,1.202333536719E0,1.202333536719E0)))REPRESENTATION_ITEM('')SURFACE());
#6842=ORIENTED_EDGE('',*,*,#6841,.F.);
#6844=ORIENTED_EDGE('',*,*,#6843,.F.);
#6845=ORIENTED_EDGE('',*,*,#6753,.F.);
#6846=EDGE_LOOP('',(#6842,#6844,#6845));
#6847=FACE_OUTER_BOUND('',#6846,.F.);
#6848=ADVANCED_FACE('',(#6847),#6840,.T.);
#6849=CARTESIAN_POINT('',(-1.605E1,1.23E1,1.61252E1));
#6850=DIRECTION('',(0.E0,0.E0,-1.E0));
#6851=DIRECTION('',(-1.E0,0.E0,0.E0));
#6852=AXIS2_PLACEMENT_3D('',#6849,#6850,#6851);
#6853=CYLINDRICAL_SURFACE('',#6852,2.E-1);
#6854=ORIENTED_EDGE('',*,*,#4534,.T.);
#6855=ORIENTED_EDGE('',*,*,#4497,.F.);
#6857=ORIENTED_EDGE('',*,*,#6856,.T.);
#6858=ORIENTED_EDGE('',*,*,#6841,.T.);
#6859=EDGE_LOOP('',(#6854,#6855,#6857,#6858));
#6860=FACE_OUTER_BOUND('',#6859,.F.);
#6861=ADVANCED_FACE('',(#6860),#6853,.T.);
#6862=CARTESIAN_POINT('',(-1.425E1,1.25E1,0.E0));
#6863=DIRECTION('',(0.E0,1.E0,0.E0));
#6864=DIRECTION('',(-1.E0,0.E0,0.E0));
#6865=AXIS2_PLACEMENT_3D('',#6862,#6863,#6864);
#6866=PLANE('',#6865);
#6867=ORIENTED_EDGE('',*,*,#6856,.F.);
#6868=ORIENTED_EDGE('',*,*,#4495,.F.);
#6869=ORIENTED_EDGE('',*,*,#3994,.F.);
#6871=ORIENTED_EDGE('',*,*,#6870,.F.);
#6873=ORIENTED_EDGE('',*,*,#6872,.F.);
#6874=EDGE_LOOP('',(#6867,#6868,#6869,#6871,#6873));
#6875=FACE_OUTER_BOUND('',#6874,.F.);
#6876=ADVANCED_FACE('',(#6875),#6866,.T.);
#6877=CARTESIAN_POINT('',(-1.487132034356E1,1.1E1,1.61252E1));
#6878=DIRECTION('',(0.E0,0.E0,-1.E0));
#6879=DIRECTION('',(0.E0,1.E0,0.E0));
#6880=AXIS2_PLACEMENT_3D('',#6877,#6878,#6879);
#6881=CYLINDRICAL_SURFACE('',#6880,1.5E0);
#6882=ORIENTED_EDGE('',*,*,#3992,.T.);
#6884=ORIENTED_EDGE('',*,*,#6883,.T.);
#6886=ORIENTED_EDGE('',*,*,#6885,.T.);
#6888=ORIENTED_EDGE('',*,*,#6887,.T.);
#6890=ORIENTED_EDGE('',*,*,#6889,.T.);
#6892=ORIENTED_EDGE('',*,*,#6891,.F.);
#6894=ORIENTED_EDGE('',*,*,#6893,.T.);
#6895=ORIENTED_EDGE('',*,*,#6870,.T.);
#6896=EDGE_LOOP('',(#6882,#6884,#6886,#6888,#6890,#6892,#6894,#6895));
#6897=FACE_OUTER_BOUND('',#6896,.F.);
#6898=ADVANCED_FACE('',(#6897),#6881,.T.);
#6899=CARTESIAN_POINT('',(-1.445E1,1.23E1,1.61252E1));
#6900=DIRECTION('',(0.E0,0.E0,-1.E0));
#6901=DIRECTION('',(0.E0,1.E0,0.E0));
#6902=AXIS2_PLACEMENT_3D('',#6899,#6900,#6901);
#6903=CYLINDRICAL_SURFACE('',#6902,2.E-1);
#6904=ORIENTED_EDGE('',*,*,#3990,.T.);
#6906=ORIENTED_EDGE('',*,*,#6905,.F.);
#6908=ORIENTED_EDGE('',*,*,#6907,.T.);
#6909=ORIENTED_EDGE('',*,*,#6883,.F.);
#6910=EDGE_LOOP('',(#6904,#6906,#6908,#6909));
#6911=FACE_OUTER_BOUND('',#6910,.F.);
#6912=ADVANCED_FACE('',(#6911),#6903,.T.);
#6913=CARTESIAN_POINT('',(-1.425E1,-1.25E1,0.E0));
#6914=DIRECTION('',(1.E0,0.E0,0.E0));
#6915=DIRECTION('',(0.E0,1.E0,0.E0));
#6916=AXIS2_PLACEMENT_3D('',#6913,#6914,#6915);
#6917=PLANE('',#6916);
#6918=ORIENTED_EDGE('',*,*,#3988,.F.);
#6920=ORIENTED_EDGE('',*,*,#6919,.F.);
#6922=ORIENTED_EDGE('',*,*,#6921,.T.);
#6923=ORIENTED_EDGE('',*,*,#6905,.T.);
#6924=EDGE_LOOP('',(#6918,#6920,#6922,#6923));
#6925=FACE_OUTER_BOUND('',#6924,.F.);
#6926=ADVANCED_FACE('',(#6925),#6917,.T.);
#6927=CARTESIAN_POINT('',(-1.445E1,-1.23E1,1.61252E1));
#6928=DIRECTION('',(0.E0,0.E0,-1.E0));
#6929=DIRECTION('',(1.E0,0.E0,0.E0));
#6930=AXIS2_PLACEMENT_3D('',#6927,#6928,#6929);
#6931=CYLINDRICAL_SURFACE('',#6930,2.E-1);
#6932=ORIENTED_EDGE('',*,*,#3986,.T.);
#6934=ORIENTED_EDGE('',*,*,#6933,.F.);
#6936=ORIENTED_EDGE('',*,*,#6935,.T.);
#6937=ORIENTED_EDGE('',*,*,#6919,.T.);
#6938=EDGE_LOOP('',(#6932,#6934,#6936,#6937));
#6939=FACE_OUTER_BOUND('',#6938,.F.);
#6940=ADVANCED_FACE('',(#6939),#6931,.T.);
#6941=CARTESIAN_POINT('',(-1.487132034356E1,-1.1E1,-9.1252E0));
#6942=DIRECTION('',(0.E0,0.E0,1.E0));
#6943=DIRECTION('',(0.E0,-1.E0,0.E0));
#6944=AXIS2_PLACEMENT_3D('',#6941,#6942,#6943);
#6945=CYLINDRICAL_SURFACE('',#6944,1.5E0);
#6946=ORIENTED_EDGE('',*,*,#3984,.F.);
#6947=ORIENTED_EDGE('',*,*,#3947,.T.);
#6949=ORIENTED_EDGE('',*,*,#6948,.T.);
#6951=ORIENTED_EDGE('',*,*,#6950,.F.);
#6953=ORIENTED_EDGE('',*,*,#6952,.T.);
#6955=ORIENTED_EDGE('',*,*,#6954,.T.);
#6957=ORIENTED_EDGE('',*,*,#6956,.T.);
#6958=ORIENTED_EDGE('',*,*,#6933,.T.);
#6959=EDGE_LOOP('',(#6946,#6947,#6949,#6951,#6953,#6955,#6957,#6958));
#6960=FACE_OUTER_BOUND('',#6959,.F.);
#6961=ADVANCED_FACE('',(#6960),#6945,.T.);
#6962=CARTESIAN_POINT('',(-1.379709868731E1,-1.204643004982E1,
6.417210923919E0));
#6963=CARTESIAN_POINT('',(-1.380006256039E1,-1.204947267380E1,
6.414630773433E0));
#6964=CARTESIAN_POINT('',(-1.384060683406E1,-1.209074168807E1,
6.379336384639E0));
#6965=CARTESIAN_POINT('',(-1.392293997147E1,-1.216527539843E1,
6.307685432791E0));
#6966=CARTESIAN_POINT('',(-1.405161944814E1,-1.225920027393E1,
6.195764937992E0));
#6967=CARTESIAN_POINT('',(-1.419158782426E1,-1.234010480077E1,
6.074095760678E0));
#6968=CARTESIAN_POINT('',(-1.434258636195E1,-1.240665301182E1,
5.942915398033E0));
#6969=CARTESIAN_POINT('',(-1.450487144099E1,-1.245761363868E1,
5.802013197067E0));
#6970=CARTESIAN_POINT('',(-1.467923180525E1,-1.249103550058E1,
5.650718660724E0));
#6971=CARTESIAN_POINT('',(-1.480400570926E1,-1.249953350939E1,
5.542520120084E0));
#6972=CARTESIAN_POINT('',(-1.487032109905E1,-1.249966929415E1,
5.485033958887E0));
#6973=CARTESIAN_POINT('',(-1.487406255530E1,-1.249966305619E1,
5.481790700505E0));
#6974=CARTESIAN_POINT('',(-1.382674245171E1,-1.208364693742E1,
6.484710735161E0));
#6975=CARTESIAN_POINT('',(-1.382987634595E1,-1.208667071657E1,
6.482066283344E0));
#6976=CARTESIAN_POINT('',(-1.387273163460E1,-1.212766194501E1,
6.445899907237E0));
#6977=CARTESIAN_POINT('',(-1.395935952251E1,-1.220111125370E1,
6.372677129275E0));
#6978=CARTESIAN_POINT('',(-1.409366467564E1,-1.229225366936E1,
6.258803966065E0));
#6979=CARTESIAN_POINT('',(-1.423864868489E1,-1.236927698887E1,
6.135486083297E0));
#6980=CARTESIAN_POINT('',(-1.439392567909E1,-1.243096930425E1,
6.002979638738E0));
#6981=CARTESIAN_POINT('',(-1.455964847019E1,-1.247620417581E1,
5.861084745950E0));
#6982=CARTESIAN_POINT('',(-1.473647427825E1,-1.250310222125E1,
5.709156086931E0));
#6983=CARTESIAN_POINT('',(-1.486211496850E1,-1.250677335124E1,
5.600805494341E0));
#6984=CARTESIAN_POINT('',(-1.492863545818E1,-1.250433077316E1,
5.543324700158E0));
#6985=CARTESIAN_POINT('',(-1.493238767886E1,-1.250417903068E1,
5.540082027961E0));
#6986=CARTESIAN_POINT('',(-1.388497012749E1,-1.208397556834E1,
6.543272691901E0));
#6987=CARTESIAN_POINT('',(-1.388816072110E1,-1.208689063128E1,
6.540572453087E0));
#6988=CARTESIAN_POINT('',(-1.393177886396E1,-1.212638812716E1,
6.503649552150E0));
#6989=CARTESIAN_POINT('',(-1.401961214688E1,-1.219663671337E1,
6.429063078331E0));
#6990=CARTESIAN_POINT('',(-1.415486327392E1,-1.228252350029E1,
6.313495805449E0));
#6991=CARTESIAN_POINT('',(-1.429992367555E1,-1.235373841202E1,
6.188747527312E0));
#6992=CARTESIAN_POINT('',(-1.445430560516E1,-1.240921721753E1,
6.055090591363E0));
#6993=CARTESIAN_POINT('',(-1.461806468833E1,-1.244796137380E1,
5.912334452083E0));
#6994=CARTESIAN_POINT('',(-1.479172065230E1,-1.246821275907E1,
5.759855636494E0));
#6995=CARTESIAN_POINT('',(-1.491431827357E1,-1.246745927842E1,
5.651373125613E0));
#6996=CARTESIAN_POINT('',(-1.497900080835E1,-1.246278701868E1,
5.593896987782E0));
#6997=CARTESIAN_POINT('',(-1.498264863654E1,-1.246250987115E1,
5.590654824152E0));
#6998=CARTESIAN_POINT('',(-1.395250642876E1,-1.204730715488E1,
6.573510850222E0));
#6999=CARTESIAN_POINT('',(-1.395562163060E1,-1.205005961888E1,
6.570781806086E0));
#7000=CARTESIAN_POINT('',(-1.399820193694E1,-1.208734191034E1,
6.533468277531E0));
#7001=CARTESIAN_POINT('',(-1.408375223377E1,-1.215333299822E1,
6.458177666530E0));
#7002=CARTESIAN_POINT('',(-1.421495648355E1,-1.223323077440E1,
6.341735649030E0));
#7003=CARTESIAN_POINT('',(-1.435512874840E1,-1.229863285291E1,
6.216248793768E0));
#7004=CARTESIAN_POINT('',(-1.450373838828E1,-1.234859741156E1,
6.081997807642E0));
#7005=CARTESIAN_POINT('',(-1.466078239581E1,-1.238223453391E1,
5.938796968266E0));
#7006=CARTESIAN_POINT('',(-1.482668255097E1,-1.239791667958E1,
5.786034082225E0));
#7007=CARTESIAN_POINT('',(-1.494333460450E1,-1.239460554889E1,
5.677483456029E0));
#7008=CARTESIAN_POINT('',(-1.500474455341E1,-1.238879038701E1,
5.620009722481E0));
#7009=CARTESIAN_POINT('',(-1.500820738955E1,-1.238844944711E1,
5.616767821446E0));
#7010=(BOUNDED_SURFACE()B_SPLINE_SURFACE(3,3,((#6962,#6963,#6964,#6965,#6966,
#6967,#6968,#6969,#6970,#6971,#6972,#6973),(#6974,#6975,#6976,#6977,#6978,#6979,
#6980,#6981,#6982,#6983,#6984,#6985),(#6986,#6987,#6988,#6989,#6990,#6991,#6992,
#6993,#6994,#6995,#6996,#6997),(#6998,#6999,#7000,#7001,#7002,#7003,#7004,#7005,
#7006,#7007,#7008,#7009)),.UNSPECIFIED.,.F.,.F.,.F.)B_SPLINE_SURFACE_WITH_KNOTS(
(4,4),(4,1,1,1,1,1,1,1,1,4),(0.E0,1.E0),(-9.955515821468E-3,0.E0,
1.257998552211E-1,2.545035122096E-1,3.901686960263E-1,5.316162876649E-1,
6.776084829700E-1,8.337470386677E-1,1.E0,1.009939301975E0),.UNSPECIFIED.)GEOMETRIC_REPRESENTATION_ITEM()RATIONAL_B_SPLINE_SURFACE(((1.090225142045E0,
1.090225142045E0,1.090225142045E0,1.090225142045E0,1.090225142045E0,
1.090225142045E0,1.090225142045E0,1.090225142045E0,1.090225142045E0,
1.090225142045E0,1.090225142045E0,1.090225142045E0),(9.699249526516E-1,
9.699249526516E-1,9.699249526516E-1,9.699249526516E-1,9.699249526516E-1,
9.699249526516E-1,9.699249526516E-1,9.699249526516E-1,9.699249526516E-1,
9.699249526516E-1,9.699249526516E-1,9.699249526516E-1),(9.699249526516E-1,
9.699249526516E-1,9.699249526516E-1,9.699249526516E-1,9.699249526516E-1,
9.699249526516E-1,9.699249526516E-1,9.699249526516E-1,9.699249526516E-1,
9.699249526516E-1,9.699249526516E-1,9.699249526516E-1),(1.090225142045E0,
1.090225142045E0,1.090225142045E0,1.090225142045E0,1.090225142045E0,
1.090225142045E0,1.090225142045E0,1.090225142045E0,1.090225142045E0,
1.090225142045E0,1.090225142045E0,1.090225142045E0)))REPRESENTATION_ITEM('')SURFACE());
#7012=ORIENTED_EDGE('',*,*,#7011,.F.);
#7013=ORIENTED_EDGE('',*,*,#6948,.F.);
#7014=ORIENTED_EDGE('',*,*,#3930,.F.);
#7015=EDGE_LOOP('',(#7012,#7013,#7014));
#7016=FACE_OUTER_BOUND('',#7015,.F.);
#7017=ADVANCED_FACE('',(#7016),#7010,.T.);
#7018=CARTESIAN_POINT('',(-1.288199329556E1,-1.113148429069E1,
6.787970473788E0));
#7019=CARTESIAN_POINT('',(-1.293450069405E1,-1.118399168918E1,
6.788363144576E0));
#7020=CARTESIAN_POINT('',(-1.303883102262E1,-1.128832201775E1,
6.782801401507E0));
#7021=CARTESIAN_POINT('',(-1.319081549101E1,-1.144030648613E1,
6.756043747874E0));
#7022=CARTESIAN_POINT('',(-1.333232105376E1,-1.158181204889E1,
6.713485194823E0));
#7023=CARTESIAN_POINT('',(-1.346210398581E1,-1.171159498094E1,
6.658162445812E0));
#7024=CARTESIAN_POINT('',(-1.358308198415E1,-1.183257297927E1,
6.590704914452E0));
#7025=CARTESIAN_POINT('',(-1.369829457906E1,-1.194778557419E1,
6.509143826757E0));
#7026=CARTESIAN_POINT('',(-1.377386123399E1,-1.202335222911E1,
6.441904540733E0));
#7027=CARTESIAN_POINT('',(-1.381126905468E1,-1.206076004981E1,
6.404173081907E0));
#7028=CARTESIAN_POINT('',(-1.381388106384E1,-1.206337205897E1,
6.401515541391E0));
#7029=CARTESIAN_POINT('',(-1.287605884613E1,-1.113645799694E1,
6.916363076102E0));
#7030=CARTESIAN_POINT('',(-1.293117131184E1,-1.119157046266E1,
6.916775289930E0));
#7031=CARTESIAN_POINT('',(-1.304067424922E1,-1.130107340003E1,
6.910939238531E0));
#7032=CARTESIAN_POINT('',(-1.320035241241E1,-1.146075156322E1,
6.882834672632E0));
#7033=CARTESIAN_POINT('',(-1.334932407421E1,-1.160972322502E1,
6.838042485681E0));
#7034=CARTESIAN_POINT('',(-1.348635847912E1,-1.174675762993E1,
6.779642963908E0));
#7035=CARTESIAN_POINT('',(-1.361458665840E1,-1.187498580922E1,
6.708161791342E0));
#7036=CARTESIAN_POINT('',(-1.373732023871E1,-1.199771938953E1,
6.621305359561E0));
#7037=CARTESIAN_POINT('',(-1.381834986021E1,-1.207874901102E1,
6.549235087189E0));
#7038=CARTESIAN_POINT('',(-1.385863470919E1,-1.211903386E1,6.508602006736E0));
#7039=CARTESIAN_POINT('',(-1.386144849867E1,-1.212184764948E1,
6.505739204718E0));
#7040=CARTESIAN_POINT('',(-1.294003150323E1,-1.107180476714E1,
7.007314021908E0));
#7041=CARTESIAN_POINT('',(-1.299698935040E1,-1.112876261431E1,
7.007740079664E0));
#7042=CARTESIAN_POINT('',(-1.311015646822E1,-1.124192973213E1,
7.001709713316E0));
#7043=CARTESIAN_POINT('',(-1.327528470258E1,-1.140705796649E1,
6.972651019669E0));
#7044=CARTESIAN_POINT('',(-1.342954521091E1,-1.156131847482E1,
6.926276567758E0));
#7045=CARTESIAN_POINT('',(-1.357171642513E1,-1.170348968904E1,
6.865697517041E0));
#7046=CARTESIAN_POINT('',(-1.370508049856E1,-1.183685376247E1,
6.791366071433E0));
#7047=CARTESIAN_POINT('',(-1.383314180588E1,-1.196491506979E1,
6.700758515800E0));
#7048=CARTESIAN_POINT('',(-1.391804129190E1,-1.204981455581E1,
6.625266062013E0));
#7049=CARTESIAN_POINT('',(-1.396036417453E1,-1.209213743844E1,
6.582577526444E0));
#7050=CARTESIAN_POINT('',(-1.396332090145E1,-1.209509416536E1,
6.579569320972E0));
#7051=CARTESIAN_POINT('',(-1.303084890949E1,-1.098104507726E1,
6.999600871669E0));
#7052=CARTESIAN_POINT('',(-1.308765025797E1,-1.103784642573E1,
7.000025755382E0));
#7053=CARTESIAN_POINT('',(-1.320050663274E1,-1.115070280050E1,
6.994011868032E0));
#7054=CARTESIAN_POINT('',(-1.336517267050E1,-1.131536883827E1,
6.965034089769E0));
#7055=CARTESIAN_POINT('',(-1.351898465499E1,-1.146918082275E1,
6.918793822799E0));
#7056=CARTESIAN_POINT('',(-1.366072023897E1,-1.161091640674E1,
6.858399608359E0));
#7057=CARTESIAN_POINT('',(-1.379364875978E1,-1.174384492754E1,
6.784309881888E0));
#7058=CARTESIAN_POINT('',(-1.392125824597E1,-1.187145441374E1,
6.694020442594E0));
#7059=CARTESIAN_POINT('',(-1.400582954577E1,-1.195602571354E1,
6.618818208981E0));
#7060=CARTESIAN_POINT('',(-1.404797959172E1,-1.199817575948E1,
6.576303987533E0));
#7061=CARTESIAN_POINT('',(-1.405092419675E1,-1.200112036451E1,
6.573308113090E0));
#7062=(BOUNDED_SURFACE()B_SPLINE_SURFACE(3,3,((#7018,#7019,#7020,#7021,#7022,
#7023,#7024,#7025,#7026,#7027,#7028),(#7029,#7030,#7031,#7032,#7033,#7034,#7035,
#7036,#7037,#7038,#7039),(#7040,#7041,#7042,#7043,#7044,#7045,#7046,#7047,#7048,
#7049,#7050),(#7051,#7052,#7053,#7054,#7055,#7056,#7057,#7058,#7059,#7060,
#7061)),.UNSPECIFIED.,.F.,.F.,.F.)B_SPLINE_SURFACE_WITH_KNOTS((4,4),(4,1,1,1,1,
1,1,1,4),(0.E0,1.E0),(3.641306985162E-3,1.637560661932E-1,3.215717468477E-1,
4.703612484589E-1,6.050112264358E-1,7.356257904992E-1,8.682244432286E-1,1.E0,
1.009925116958E0),.UNSPECIFIED.)GEOMETRIC_REPRESENTATION_ITEM()RATIONAL_B_SPLINE_SURFACE(((1.202333821349E0,1.202333821349E0,1.202333821349E0,1.202333821349E0,
1.202333821349E0,1.202333821349E0,1.202333821349E0,1.202333821349E0,
1.202333821349E0,1.202333821349E0,1.202333821349E0),(9.325553928837E-1,
9.325553928837E-1,9.325553928837E-1,9.325553928837E-1,9.325553928837E-1,
9.325553928837E-1,9.325553928837E-1,9.325553928837E-1,9.325553928837E-1,
9.325553928837E-1,9.325553928837E-1),(9.325553928837E-1,9.325553928837E-1,
9.325553928837E-1,9.325553928837E-1,9.325553928837E-1,9.325553928837E-1,
9.325553928837E-1,9.325553928837E-1,9.325553928837E-1,9.325553928837E-1,
9.325553928837E-1),(1.202333821349E0,1.202333821349E0,1.202333821349E0,
1.202333821349E0,1.202333821349E0,1.202333821349E0,1.202333821349E0,
1.202333821349E0,1.202333821349E0,1.202333821349E0,1.202333821349E0)))REPRESENTATION_ITEM('')SURFACE());
#7064=ORIENTED_EDGE('',*,*,#7063,.F.);
#7066=ORIENTED_EDGE('',*,*,#7065,.T.);
#7067=ORIENTED_EDGE('',*,*,#7011,.T.);
#7068=ORIENTED_EDGE('',*,*,#3928,.F.);
#7069=EDGE_LOOP('',(#7064,#7066,#7067,#7068));
#7070=FACE_OUTER_BOUND('',#7069,.F.);
#7071=ADVANCED_FACE('',(#7070),#7062,.T.);
#7072=CARTESIAN_POINT('',(-5.8617E1,-5.658415728753E1,6.8E0));
#7073=DIRECTION('',(7.071067811865E-1,7.071067811865E-1,0.E0));
#7074=DIRECTION('',(0.E0,0.E0,1.E0));
#7075=AXIS2_PLACEMENT_3D('',#7072,#7073,#7074);
#7076=CYLINDRICAL_SURFACE('',#7075,2.E-1);
#7077=ORIENTED_EDGE('',*,*,#7063,.T.);
#7078=ORIENTED_EDGE('',*,*,#3889,.T.);
#7080=ORIENTED_EDGE('',*,*,#7079,.T.);
#7082=ORIENTED_EDGE('',*,*,#7081,.F.);
#7083=EDGE_LOOP('',(#7077,#7078,#7080,#7082));
#7084=FACE_OUTER_BOUND('',#7083,.F.);
#7085=ADVANCED_FACE('',(#7084),#7076,.T.);
#7086=CARTESIAN_POINT('',(-1.325E1,-8.671572875254E0,6.8E0));
#7087=DIRECTION('',(0.E0,0.E0,-1.E0));
#7088=DIRECTION('',(6.993418824312E-1,-7.147873330422E-1,0.E0));
#7089=AXIS2_PLACEMENT_3D('',#7086,#7087,#7088);
#7090=TOROIDAL_SURFACE('',#7089,1.8E0,2.E-1);
#7091=ORIENTED_EDGE('',*,*,#3887,.T.);
#7093=ORIENTED_EDGE('',*,*,#7092,.T.);
#7095=ORIENTED_EDGE('',*,*,#7094,.F.);
#7096=ORIENTED_EDGE('',*,*,#7079,.F.);
#7097=EDGE_LOOP('',(#7091,#7093,#7095,#7096));
#7098=FACE_OUTER_BOUND('',#7097,.F.);
#7099=ADVANCED_FACE('',(#7098),#7090,.T.);
#7100=CARTESIAN_POINT('',(-1.145E1,-8.686949675254E0,6.8E0));
#7101=DIRECTION('',(0.E0,1.E0,0.E0));
#7102=DIRECTION('',(0.E0,0.E0,1.E0));
#7103=AXIS2_PLACEMENT_3D('',#7100,#7101,#7102);
#7104=CYLINDRICAL_SURFACE('',#7103,2.E-1);
#7105=ORIENTED_EDGE('',*,*,#3885,.T.);
#7107=ORIENTED_EDGE('',*,*,#7106,.T.);
#7109=ORIENTED_EDGE('',*,*,#7108,.F.);
#7110=ORIENTED_EDGE('',*,*,#7092,.F.);
#7111=EDGE_LOOP('',(#7105,#7107,#7109,#7110));
#7112=FACE_OUTER_BOUND('',#7111,.F.);
#7113=ADVANCED_FACE('',(#7112),#7104,.T.);
#7114=CARTESIAN_POINT('',(-1.325E1,8.671572875254E0,6.8E0));
#7115=DIRECTION('',(0.E0,0.E0,-1.E0));
#7116=DIRECTION('',(9.999403577353E-1,-1.092158286551E-2,0.E0));
#7117=AXIS2_PLACEMENT_3D('',#7114,#7115,#7116);
#7118=TOROIDAL_SURFACE('',#7117,1.8E0,2.E-1);
#7119=ORIENTED_EDGE('',*,*,#3883,.T.);
#7121=ORIENTED_EDGE('',*,*,#7120,.T.);
#7123=ORIENTED_EDGE('',*,*,#7122,.F.);
#7124=ORIENTED_EDGE('',*,*,#7106,.F.);
#7125=EDGE_LOOP('',(#7119,#7121,#7123,#7124));
#7126=FACE_OUTER_BOUND('',#7125,.F.);
#7127=ADVANCED_FACE('',(#7126),#7118,.T.);
#7128=CARTESIAN_POINT('',(-1.196633475431E1,9.933492041837E0,6.8E0));
#7129=DIRECTION('',(-7.071067811865E-1,7.071067811865E-1,0.E0));
#7130=DIRECTION('',(0.E0,0.E0,1.E0));
#7131=AXIS2_PLACEMENT_3D('',#7128,#7129,#7130);
#7132=CYLINDRICAL_SURFACE('',#7131,2.E-1);
#7134=ORIENTED_EDGE('',*,*,#7133,.F.);
#7136=ORIENTED_EDGE('',*,*,#7135,.F.);
#7137=ORIENTED_EDGE('',*,*,#7120,.F.);
#7138=ORIENTED_EDGE('',*,*,#3881,.T.);
#7139=EDGE_LOOP('',(#7134,#7136,#7137,#7138));
#7140=FACE_OUTER_BOUND('',#7139,.F.);
#7141=ADVANCED_FACE('',(#7140),#7132,.T.);
#7142=CARTESIAN_POINT('',(-1.381387915068E1,1.206337014581E1,6.401517410327E0));
#7143=CARTESIAN_POINT('',(-1.381126639506E1,1.206075739019E1,6.404175729927E0));
#7144=CARTESIAN_POINT('',(-1.378072562768E1,1.203021662281E1,6.434980813892E0));
#7145=CARTESIAN_POINT('',(-1.371638101889E1,1.196587201402E1,6.493589071794E0));
#7146=CARTESIAN_POINT('',(-1.361256357442E1,1.186205456954E1,6.571408186426E0));
#7147=CARTESIAN_POINT('',(-1.349077778168E1,1.174026877680E1,6.644124078611E0));
#7148=CARTESIAN_POINT('',(-1.335186844406E1,1.160135943918E1,6.706821691124E0));
#7149=CARTESIAN_POINT('',(-1.319928352311E1,1.144877451824E1,6.754427858448E0));
#7150=CARTESIAN_POINT('',(-1.304104766038E1,1.129053865551E1,6.782699639893E0));
#7151=CARTESIAN_POINT('',(-1.293423474234E1,1.118372573747E1,6.788361262812E0));
#7152=CARTESIAN_POINT('',(-1.288199343522E1,1.113148443035E1,6.787970454232E0));
#7153=CARTESIAN_POINT('',(-1.386144643524E1,1.212184558741E1,6.505741219914E0));
#7154=CARTESIAN_POINT('',(-1.385863184733E1,1.211903099951E1,6.508604868870E0));
#7155=CARTESIAN_POINT('',(-1.382574223396E1,1.208614138613E1,6.541778954735E0));
#7156=CARTESIAN_POINT('',(-1.375669277596E1,1.201709192813E1,6.604655242134E0));
#7157=CARTESIAN_POINT('',(-1.364593379846E1,1.190633295064E1,6.687653457167E0));
#7158=CARTESIAN_POINT('',(-1.351668620318E1,1.177708535536E1,6.764801182485E0));
#7159=CARTESIAN_POINT('',(-1.336991912572E1,1.163031827790E1,6.831024717690E0));
#7160=CARTESIAN_POINT('',(-1.320924984804E1,1.146964900022E1,6.881137745275E0));
#7161=CARTESIAN_POINT('',(-1.304300080273E1,1.130339995490E1,6.910832362754E0));
#7162=CARTESIAN_POINT('',(-1.293089216385E1,1.119129131603E1,6.916773397770E0));
#7163=CARTESIAN_POINT('',(-1.287605899154E1,1.113645814371E1,6.916363081995E0));
#7164=CARTESIAN_POINT('',(-1.396331874227E1,1.209509198099E1,6.579571433750E0));
#7165=CARTESIAN_POINT('',(-1.396036118012E1,1.209213441883E1,6.582580534215E0));
#7166=CARTESIAN_POINT('',(-1.392580768780E1,1.205758092651E1,6.617432777092E0));
#7167=CARTESIAN_POINT('',(-1.385342540187E1,1.198519864059E1,6.683332457434E0));
#7168=CARTESIAN_POINT('',(-1.373774917112E1,1.186952240984E1,6.769999451142E0));
#7169=CARTESIAN_POINT('',(-1.360321577331E1,1.173498901203E1,6.850286604862E0));
#7170=CARTESIAN_POINT('',(-1.345088241866E1,1.158265565738E1,6.919007838312E0));
#7171=CARTESIAN_POINT('',(-1.328448633260E1,1.141625957132E1,6.970896679215E0));
#7172=CARTESIAN_POINT('',(-1.311256089735E1,1.124433413606E1,7.001599207354E0));
#7173=CARTESIAN_POINT('',(-1.299670086804E1,1.112847410676E1,7.007738172717E0));
#7174=CARTESIAN_POINT('',(-1.294003166650E1,1.107180490522E1,7.007314038407E0));
#7175=CARTESIAN_POINT('',(-1.405092204834E1,1.200111817003E1,6.573310200072E0));
#7176=CARTESIAN_POINT('',(-1.404797661124E1,1.199817273293E1,6.576306965398E0));
#7177=CARTESIAN_POINT('',(-1.401356422558E1,1.196376034727E1,6.611016890752E0));
#7178=CARTESIAN_POINT('',(-1.394146458295E1,1.189166070463E1,6.676660169701E0));
#7179=CARTESIAN_POINT('',(-1.382620536401E1,1.177640148570E1,6.763016029532E0));
#7180=CARTESIAN_POINT('',(-1.369212023315E1,1.164231635484E1,6.843036941373E0));
#7181=CARTESIAN_POINT('',(-1.354025893134E1,1.149045505303E1,6.911546355413E0));
#7182=CARTESIAN_POINT('',(-1.337434851210E1,1.132454463379E1,6.963284596967E0));
#7183=CARTESIAN_POINT('',(-1.320290446790E1,1.115310058959E1,6.993901648391E0));
#7184=CARTESIAN_POINT('',(-1.308736257843E1,1.103755870012E1,7.000023828103E0));
#7185=CARTESIAN_POINT('',(-1.303084908290E1,1.098104520458E1,6.999600865685E0));
#7186=(BOUNDED_SURFACE()B_SPLINE_SURFACE(3,3,((#7142,#7143,#7144,#7145,#7146,
#7147,#7148,#7149,#7150,#7151,#7152),(#7153,#7154,#7155,#7156,#7157,#7158,#7159,
#7160,#7161,#7162,#7163),(#7164,#7165,#7166,#7167,#7168,#7169,#7170,#7171,#7172,
#7173,#7174),(#7175,#7176,#7177,#7178,#7179,#7180,#7181,#7182,#7183,#7184,
#7185)),.UNSPECIFIED.,.F.,.F.,.F.)B_SPLINE_SURFACE_WITH_KNOTS((4,4),(4,1,1,1,1,
1,1,1,4),(0.E0,1.E0),(-9.872387564649E-3,0.E0,1.051690311835E-1,
2.241969334981E-1,3.584844021651E-1,5.075095678465E-1,6.670815312671E-1,
8.323391808621E-1,9.907408363016E-1),.UNSPECIFIED.)GEOMETRIC_REPRESENTATION_ITEM()RATIONAL_B_SPLINE_SURFACE(((1.202333865480E0,1.202333865480E0,1.202333865480E0,
1.202333865480E0,1.202333865480E0,1.202333865480E0,1.202333865480E0,
1.202333865480E0,1.202333865480E0,1.202333865480E0,1.202333865480E0),(
9.325553781732E-1,9.325553781732E-1,9.325553781733E-1,9.325553781732E-1,
9.325553781732E-1,9.325553781732E-1,9.325553781732E-1,9.325553781732E-1,
9.325553781733E-1,9.325553781732E-1,9.325553781732E-1),(9.325553781732E-1,
9.325553781732E-1,9.325553781733E-1,9.325553781732E-1,9.325553781732E-1,
9.325553781732E-1,9.325553781732E-1,9.325553781732E-1,9.325553781733E-1,
9.325553781732E-1,9.325553781732E-1),(1.202333865480E0,1.202333865480E0,
1.202333865480E0,1.202333865480E0,1.202333865480E0,1.202333865480E0,
1.202333865480E0,1.202333865480E0,1.202333865480E0,1.202333865480E0,
1.202333865480E0)))REPRESENTATION_ITEM('')SURFACE());
#7188=ORIENTED_EDGE('',*,*,#7187,.T.);
#7189=ORIENTED_EDGE('',*,*,#7133,.T.);
#7191=ORIENTED_EDGE('',*,*,#7190,.F.);
#7193=ORIENTED_EDGE('',*,*,#7192,.F.);
#7194=EDGE_LOOP('',(#7188,#7189,#7191,#7193));
#7195=FACE_OUTER_BOUND('',#7194,.F.);
#7196=ADVANCED_FACE('',(#7195),#7186,.T.);
#7197=CARTESIAN_POINT('',(-1.125E1,9.5E0,7.E0));
#7198=DIRECTION('',(7.071067811865E-1,7.071067811865E-1,0.E0));
#7199=DIRECTION('',(-7.071067811865E-1,7.071067811865E-1,0.E0));
#7200=AXIS2_PLACEMENT_3D('',#7197,#7198,#7199);
#7201=PLANE('',#7200);
#7202=ORIENTED_EDGE('',*,*,#6891,.T.);
#7204=ORIENTED_EDGE('',*,*,#7203,.T.);
#7206=ORIENTED_EDGE('',*,*,#7205,.F.);
#7207=ORIENTED_EDGE('',*,*,#7135,.T.);
#7208=ORIENTED_EDGE('',*,*,#7187,.F.);
#7209=EDGE_LOOP('',(#7202,#7204,#7206,#7207,#7208));
#7210=FACE_OUTER_BOUND('',#7209,.F.);
#7211=ADVANCED_FACE('',(#7210),#7201,.T.);
#7212=CARTESIAN_POINT('',(-5.8617E1,5.658415728753E1,5.2E0));
#7213=DIRECTION('',(7.071067811865E-1,-7.071067811865E-1,0.E0));
#7214=DIRECTION('',(0.E0,0.E0,-1.E0));
#7215=AXIS2_PLACEMENT_3D('',#7212,#7213,#7214);
#7216=CYLINDRICAL_SURFACE('',#7215,2.E-1);
#7217=ORIENTED_EDGE('',*,*,#6889,.F.);
#7219=ORIENTED_EDGE('',*,*,#7218,.T.);
#7221=ORIENTED_EDGE('',*,*,#7220,.T.);
#7223=ORIENTED_EDGE('',*,*,#7222,.T.);
#7224=ORIENTED_EDGE('',*,*,#7203,.F.);
#7225=EDGE_LOOP('',(#7217,#7219,#7221,#7223,#7224));
#7226=FACE_OUTER_BOUND('',#7225,.F.);
#7227=ADVANCED_FACE('',(#7226),#7216,.T.);
#7228=CARTESIAN_POINT('',(-1.390633292370E1,1.215050332660E1,5.159568544971E0));
#7229=CARTESIAN_POINT('',(-1.390680141658E1,1.215102458515E1,5.159756207731E0));
#7230=CARTESIAN_POINT('',(-1.391825377461E1,1.216375673726E1,5.164316039007E0));
#7231=CARTESIAN_POINT('',(-1.394082607345E1,1.218837740307E1,5.172009942878E0));
#7232=CARTESIAN_POINT('',(-1.397488184474E1,1.222427560793E1,5.180047634743E0));
#7233=CARTESIAN_POINT('',(-1.400897013020E1,1.225910449962E1,5.184746494751E0));
#7234=CARTESIAN_POINT('',(-1.404303858801E1,1.229292293026E1,5.186221187031E0));
#7235=CARTESIAN_POINT('',(-1.407704765596E1,1.232578569580E1,5.184519501226E0));
#7236=CARTESIAN_POINT('',(-1.411109482675E1,1.235786172542E1,5.179592136840E0));
#7237=CARTESIAN_POINT('',(-1.414535626062E1,1.238937033130E1,5.171235662802E0));
#7238=CARTESIAN_POINT('',(-1.417997095034E1,1.242047558443E1,5.159066571620E0));
#7239=CARTESIAN_POINT('',(-1.421346709453E1,1.244991252100E1,5.143227967644E0));
#7240=CARTESIAN_POINT('',(-1.423533439565E1,1.246875206663E1,5.129973939570E0));
#7241=CARTESIAN_POINT('',(-1.424550534771E1,1.247743809611E1,5.123059909150E0));
#7242=CARTESIAN_POINT('',(-1.392204120446E1,1.213619356229E1,5.056650840668E0));
#7243=CARTESIAN_POINT('',(-1.392237537751E1,1.213671494803E1,5.056817984665E0));
#7244=CARTESIAN_POINT('',(-1.393054665662E1,1.214944975464E1,5.060883224559E0));
#7245=CARTESIAN_POINT('',(-1.394676367310E1,1.217405460963E1,5.067929498983E0));
#7246=CARTESIAN_POINT('',(-1.397152567551E1,1.220987305204E1,5.075870701300E0));
#7247=CARTESIAN_POINT('',(-1.399657463062E1,1.224457097142E1,5.081278784663E0));
#7248=CARTESIAN_POINT('',(-1.402184945553E1,1.227821000698E1,5.084220048862E0));
#7249=CARTESIAN_POINT('',(-1.404730343247E1,1.231084634156E1,5.084712037646E0));
#7250=CARTESIAN_POINT('',(-1.407299765210E1,1.234264798999E1,5.082705483362E0));
#7251=CARTESIAN_POINT('',(-1.409905944229E1,1.237383086023E1,5.078035472168E0));
#7252=CARTESIAN_POINT('',(-1.412559467955E1,1.240455387158E1,5.070393172281E0));
#7253=CARTESIAN_POINT('',(-1.415147020055E1,1.243356543904E1,5.059792708004E0));
#7254=CARTESIAN_POINT('',(-1.416848390321E1,1.245209022024E1,5.050563086685E0));
#7255=CARTESIAN_POINT('',(-1.417642357542E1,1.246062131813E1,5.045674637841E0));
#7256=CARTESIAN_POINT('',(-1.398167798055E1,1.207741971201E1,4.993147588084E0));
#7257=CARTESIAN_POINT('',(-1.398192971689E1,1.207794162016E1,4.993236832628E0));
#7258=CARTESIAN_POINT('',(-1.398808260837E1,1.209068732950E1,4.995403913316E0));
#7259=CARTESIAN_POINT('',(-1.400017091510E1,1.211522724542E1,4.998995380328E0));
#7260=CARTESIAN_POINT('',(-1.401830640600E1,1.215071808312E1,5.002545294088E0));
#7261=CARTESIAN_POINT('',(-1.403636750449E1,1.218487806583E1,5.004353928378E0));
#7262=CARTESIAN_POINT('',(-1.405433435657E1,1.221778028008E1,5.004488290635E0));
#7263=CARTESIAN_POINT('',(-1.407219214681E1,1.224948660499E1,5.002979821881E0));
#7264=CARTESIAN_POINT('',(-1.408999620429E1,1.228016129990E1,4.999806942826E0));
#7265=CARTESIAN_POINT('',(-1.410784060261E1,1.231000629082E1,4.994867242086E0));
#7266=CARTESIAN_POINT('',(-1.412579768179E1,1.233915933772E1,4.987966935535E0));
#7267=CARTESIAN_POINT('',(-1.414310562017E1,1.236642380578E1,4.979213549654E0));
#7268=CARTESIAN_POINT('',(-1.415436249526E1,1.238365576923E1,4.972013579835E0));
#7269=CARTESIAN_POINT('',(-1.415958917339E1,1.239155052360E1,4.968283372361E0));
#7270=CARTESIAN_POINT('',(-1.405575708121E1,1.200324129071E1,5.000456657327E0));
#7271=CARTESIAN_POINT('',(-1.405601902309E1,1.200376385820E1,5.000449137504E0));
#7272=CARTESIAN_POINT('',(-1.406241416827E1,1.201652332785E1,5.000252996730E0));
#7273=CARTESIAN_POINT('',(-1.407464169300E1,1.204098128423E1,4.999290636450E0));
#7274=CARTESIAN_POINT('',(-1.409209427137E1,1.207605865235E1,4.996325644466E0));
#7275=CARTESIAN_POINT('',(-1.410867398817E1,1.210953970567E1,4.992005830420E0));
#7276=CARTESIAN_POINT('',(-1.412443180355E1,1.214151197843E1,4.986447631498E0));
#7277=CARTESIAN_POINT('',(-1.413940808884E1,1.217204453901E1,4.979733657944E0));
#7278=CARTESIAN_POINT('',(-1.415368590067E1,1.220129690696E1,4.971883984408E0));
#7279=CARTESIAN_POINT('',(-1.416735807845E1,1.222945336163E1,4.962851784152E0));
#7280=CARTESIAN_POINT('',(-1.418047958681E1,1.225662495786E1,4.952541809716E0));
#7281=CARTESIAN_POINT('',(-1.419250904720E1,1.228168441343E1,4.941331191210E0));
#7282=CARTESIAN_POINT('',(-1.419995220995E1,1.229728471281E1,4.933162598420E0));
#7283=CARTESIAN_POINT('',(-1.420332556360E1,1.230437633860E1,4.929150623616E0));
#7284=(BOUNDED_SURFACE()B_SPLINE_SURFACE(3,3,((#7228,#7229,#7230,#7231,#7232,
#7233,#7234,#7235,#7236,#7237,#7238,#7239,#7240,#7241),(#7242,#7243,#7244,#7245,
#7246,#7247,#7248,#7249,#7250,#7251,#7252,#7253,#7254,#7255),(#7256,#7257,#7258,
#7259,#7260,#7261,#7262,#7263,#7264,#7265,#7266,#7267,#7268,#7269),(#7270,#7271,
#7272,#7273,#7274,#7275,#7276,#7277,#7278,#7279,#7280,#7281,#7282,#7283)),
.UNSPECIFIED.,.F.,.F.,.F.)B_SPLINE_SURFACE_WITH_KNOTS((4,4),(4,1,1,1,1,1,1,1,1,
1,1,4),(0.E0,1.E0),(2.746951896023E-2,2.859661966668E-2,5.499015124061E-2,
8.024319558744E-2,1.045955094725E-1,1.280745082449E-1,1.507942116571E-1,
1.729494020760E-1,1.947885594852E-1,2.165415363671E-1,2.383379369376E-1,
2.574906552629E-1),.UNSPECIFIED.)GEOMETRIC_REPRESENTATION_ITEM()RATIONAL_B_SPLINE_SURFACE(((1.141041036456E0,1.141041036456E0,1.141041036456E0,1.141041036456E0,
1.141041036456E0,1.141041036456E0,1.141041036456E0,1.141041036456E0,
1.141041036456E0,1.141041036456E0,1.141041036456E0,1.141041036456E0,
1.141041036456E0,1.141041036456E0),(9.529863211814E-1,9.529863211814E-1,
9.529863211814E-1,9.529863211814E-1,9.529863211814E-1,9.529863211814E-1,
9.529863211814E-1,9.529863211814E-1,9.529863211814E-1,9.529863211814E-1,
9.529863211814E-1,9.529863211814E-1,9.529863211814E-1,9.529863211814E-1),(
9.529863211814E-1,9.529863211814E-1,9.529863211814E-1,9.529863211814E-1,
9.529863211814E-1,9.529863211814E-1,9.529863211814E-1,9.529863211814E-1,
9.529863211814E-1,9.529863211814E-1,9.529863211814E-1,9.529863211814E-1,
9.529863211814E-1,9.529863211814E-1),(1.141041036456E0,1.141041036456E0,
1.141041036456E0,1.141041036456E0,1.141041036456E0,1.141041036456E0,
1.141041036456E0,1.141041036456E0,1.141041036456E0,1.141041036456E0,
1.141041036456E0,1.141041036456E0,1.141041036456E0,1.141041036456E0)))REPRESENTATION_ITEM('')SURFACE());
#7285=ORIENTED_EDGE('',*,*,#6887,.F.);
#7287=ORIENTED_EDGE('',*,*,#7286,.T.);
#7289=ORIENTED_EDGE('',*,*,#7288,.F.);
#7290=ORIENTED_EDGE('',*,*,#7218,.F.);
#7291=EDGE_LOOP('',(#7285,#7287,#7289,#7290));
#7292=FACE_OUTER_BOUND('',#7291,.F.);
#7293=ADVANCED_FACE('',(#7292),#7284,.T.);
#7294=CARTESIAN_POINT('',(-1.405E1,1.23E1,4.8E0));
#7295=DIRECTION('',(0.E0,1.E0,0.E0));
#7296=DIRECTION('',(-9.967542221350E-1,0.E0,-8.050478654122E-2));
#7297=AXIS2_PLACEMENT_3D('',#7294,#7295,#7296);
#7298=TOROIDAL_SURFACE('',#7297,4.E-1,2.E-1);
#7299=ORIENTED_EDGE('',*,*,#6885,.F.);
#7300=ORIENTED_EDGE('',*,*,#6907,.F.);
#7302=ORIENTED_EDGE('',*,*,#7301,.F.);
#7303=ORIENTED_EDGE('',*,*,#7286,.F.);
#7304=EDGE_LOOP('',(#7299,#7300,#7302,#7303));
#7305=FACE_OUTER_BOUND('',#7304,.F.);
#7306=ADVANCED_FACE('',(#7305),#7298,.T.);
#7307=CARTESIAN_POINT('',(-1.405E1,-6.13224E1,4.8E0));
#7308=DIRECTION('',(0.E0,1.E0,0.E0));
#7309=DIRECTION('',(-1.E0,0.E0,0.E0));
#7310=AXIS2_PLACEMENT_3D('',#7307,#7308,#7309);
#7311=CYLINDRICAL_SURFACE('',#7310,2.E-1);
#7312=ORIENTED_EDGE('',*,*,#6921,.F.);
#7314=ORIENTED_EDGE('',*,*,#7313,.T.);
#7316=ORIENTED_EDGE('',*,*,#7315,.T.);
#7318=ORIENTED_EDGE('',*,*,#7317,.T.);
#7319=ORIENTED_EDGE('',*,*,#7288,.T.);
#7320=ORIENTED_EDGE('',*,*,#7301,.T.);
#7321=EDGE_LOOP('',(#7312,#7314,#7316,#7318,#7319,#7320));
#7322=FACE_OUTER_BOUND('',#7321,.F.);
#7323=ADVANCED_FACE('',(#7322),#7311,.F.);
#7324=CARTESIAN_POINT('',(-1.405E1,-1.23E1,4.8E0));
#7325=DIRECTION('',(0.E0,1.E0,0.E0));
#7326=DIRECTION('',(-9.970458808888E-1,0.E0,-7.680827691486E-2));
#7327=AXIS2_PLACEMENT_3D('',#7324,#7325,#7326);
#7328=TOROIDAL_SURFACE('',#7327,4.E-1,2.E-1);
#7329=ORIENTED_EDGE('',*,*,#6956,.F.);
#7331=ORIENTED_EDGE('',*,*,#7330,.T.);
#7332=ORIENTED_EDGE('',*,*,#7313,.F.);
#7333=ORIENTED_EDGE('',*,*,#6935,.F.);
#7334=EDGE_LOOP('',(#7329,#7331,#7332,#7333));
#7335=FACE_OUTER_BOUND('',#7334,.F.);
#7336=ADVANCED_FACE('',(#7335),#7328,.T.);
#7337=CARTESIAN_POINT('',(-1.405576296554E1,-1.200325301663E1,
5.000456525953E0));
#7338=CARTESIAN_POINT('',(-1.405850169251E1,-1.200871671809E1,
5.000377813377E0));
#7339=CARTESIAN_POINT('',(-1.406749550642E1,-1.202667865528E1,
4.999934418703E0));
#7340=CARTESIAN_POINT('',(-1.408242021018E1,-1.205659210925E1,
4.998186816687E0));
#7341=CARTESIAN_POINT('',(-1.410025105438E1,-1.209250809572E1,
4.994414029403E0));
#7342=CARTESIAN_POINT('',(-1.411736373315E1,-1.212714865939E1,
4.989157642437E0));
#7343=CARTESIAN_POINT('',(-1.413395057030E1,-1.216089582313E1,
4.982402156835E0));
#7344=CARTESIAN_POINT('',(-1.415012517116E1,-1.219398087830E1,
4.974055686722E0));
#7345=CARTESIAN_POINT('',(-1.416595702423E1,-1.222655217575E1,
4.963949348912E0));
#7346=CARTESIAN_POINT('',(-1.418152566816E1,-1.225878607952E1,
4.951780643628E0));
#7347=CARTESIAN_POINT('',(-1.419393291237E1,-1.228466134526E1,
4.939876455863E0));
#7348=CARTESIAN_POINT('',(-1.420105947960E1,-1.229961234972E1,
4.931845924366E0));
#7349=CARTESIAN_POINT('',(-1.420332443918E1,-1.230437380604E1,
4.929152364799E0));
#7350=CARTESIAN_POINT('',(-1.398168368820E1,-1.207743137056E1,
4.993149640984E0));
#7351=CARTESIAN_POINT('',(-1.398431575986E1,-1.208288818936E1,
4.994082650445E0));
#7352=CARTESIAN_POINT('',(-1.399306131614E1,-1.210086157005E1,
4.996973191192E0));
#7353=CARTESIAN_POINT('',(-1.400813323854E1,-1.213098135689E1,
5.000798339610E0));
#7354=CARTESIAN_POINT('',(-1.402707393027E1,-1.216746021487E1,
5.003662569071E0));
#7355=CARTESIAN_POINT('',(-1.404615636263E1,-1.220295651389E1,
5.004670289147E0));
#7356=CARTESIAN_POINT('',(-1.406556435328E1,-1.223786426726E1,
5.003789500658E0));
#7357=CARTESIAN_POINT('',(-1.408544250579E1,-1.227244477276E1,
5.000861867279E0));
#7358=CARTESIAN_POINT('',(-1.410592400515E1,-1.230689421238E1,
4.995596808815E0));
#7359=CARTESIAN_POINT('',(-1.412720052018E1,-1.234146493196E1,
4.987502189203E0));
#7360=CARTESIAN_POINT('',(-1.414521529156E1,-1.236968953864E1,
4.977998300693E0));
#7361=CARTESIAN_POINT('',(-1.415607787901E1,-1.238624739749E1,
4.970789530277E0));
#7362=CARTESIAN_POINT('',(-1.415958705438E1,-1.239154822619E1,
4.968285287202E0));
#7363=CARTESIAN_POINT('',(-1.392204876418E1,-1.213620520999E1,
5.056654473575E0));
#7364=CARTESIAN_POINT('',(-1.392554278852E1,-1.214165657545E1,
5.058401932260E0));
#7365=CARTESIAN_POINT('',(-1.393720380460E1,-1.215963902318E1,
5.063912457704E0));
#7366=CARTESIAN_POINT('',(-1.395757901562E1,-1.218992229403E1,
5.071767600598E0));
#7367=CARTESIAN_POINT('',(-1.398363272825E1,-1.222684713278E1,
5.078844314207E0));
#7368=CARTESIAN_POINT('',(-1.401029434413E1,-1.226302145780E1,
5.083239249509E0));
#7369=CARTESIAN_POINT('',(-1.403780736484E1,-1.229884878278E1,
5.084901298674E0));
#7370=CARTESIAN_POINT('',(-1.406638162080E1,-1.233461418054E1,
5.083584941027E0));
#7371=CARTESIAN_POINT('',(-1.409622741522E1,-1.237055173120E1,
5.078839717785E0));
#7372=CARTESIAN_POINT('',(-1.412765732162E1,-1.240697398333E1,
5.069910705271E0));
#7373=CARTESIAN_POINT('',(-1.415464458225E1,-1.243706004662E1,
5.058271622346E0));
#7374=CARTESIAN_POINT('',(-1.417108945135E1,-1.245489106667E1,
5.048958941706E0));
#7375=CARTESIAN_POINT('',(-1.417642007227E1,-1.246061925703E1,
5.045677200620E0));
#7376=CARTESIAN_POINT('',(-1.390634337320E1,-1.215051509960E1,
5.159572452638E0));
#7377=CARTESIAN_POINT('',(-1.391124178459E1,-1.215596513732E1,
5.161534401188E0));
#7378=CARTESIAN_POINT('',(-1.392754049277E1,-1.217394979263E1,
5.167655566658E0));
#7379=CARTESIAN_POINT('',(-1.395575296772E1,-1.220427286755E1,
5.176005405725E0));
#7380=CARTESIAN_POINT('',(-1.399140599751E1,-1.224130629094E1,
5.182787300526E0));
#7381=CARTESIAN_POINT('',(-1.402750886585E1,-1.227764569751E1,
5.186017824991E0));
#7382=CARTESIAN_POINT('',(-1.406440343888E1,-1.231369691408E1,
5.185633602065E0));
#7383=CARTESIAN_POINT('',(-1.410236675254E1,-1.234975080206E1,
5.181324299215E0));
#7384=CARTESIAN_POINT('',(-1.414166152058E1,-1.238605066875E1,
5.172520445952E0));
#7385=CARTESIAN_POINT('',(-1.418267021705E1,-1.242292372054E1,
5.158261109225E0));
#7386=CARTESIAN_POINT('',(-1.421755867854E1,-1.245346299973E1,
5.141007038245E0));
#7387=CARTESIAN_POINT('',(-1.423867205405E1,-1.247160400116E1,
5.127705008323E0));
#7388=CARTESIAN_POINT('',(-1.424550077649E1,-1.247743624289E1,
5.123063371555E0));
#7389=(BOUNDED_SURFACE()B_SPLINE_SURFACE(3,3,((#7337,#7338,#7339,#7340,#7341,
#7342,#7343,#7344,#7345,#7346,#7347,#7348,#7349),(#7350,#7351,#7352,#7353,#7354,
#7355,#7356,#7357,#7358,#7359,#7360,#7361,#7362),(#7363,#7364,#7365,#7366,#7367,
#7368,#7369,#7370,#7371,#7372,#7373,#7374,#7375),(#7376,#7377,#7378,#7379,#7380,
#7381,#7382,#7383,#7384,#7385,#7386,#7387,#7388)),.UNSPECIFIED.,.F.,.F.,.F.)B_SPLINE_SURFACE_WITH_KNOTS((4,4),(4,1,1,1,1,1,1,1,1,1,4),(0.E0,1.E0),(
1.752790306200E-2,2.943140299291E-2,5.666373374795E-2,8.280979971230E-2,
1.082694179178E-1,1.334291549677E-1,1.586174093187E-1,1.839818042792E-1,
2.098563003164E-1,2.368674465127E-1,2.498533354061E-1),.UNSPECIFIED.)GEOMETRIC_REPRESENTATION_ITEM()RATIONAL_B_SPLINE_SURFACE(((1.141040625266E0,
1.141040625266E0,1.141040625266E0,1.141040625266E0,1.141040625266E0,
1.141040625266E0,1.141040625266E0,1.141040625266E0,1.141040625266E0,
1.141040625266E0,1.141040625266E0,1.141040625266E0,1.141040625266E0),(
9.529864582446E-1,9.529864582446E-1,9.529864582446E-1,9.529864582446E-1,
9.529864582446E-1,9.529864582446E-1,9.529864582446E-1,9.529864582446E-1,
9.529864582446E-1,9.529864582446E-1,9.529864582446E-1,9.529864582446E-1,
9.529864582446E-1),(9.529864582446E-1,9.529864582446E-1,9.529864582446E-1,
9.529864582446E-1,9.529864582446E-1,9.529864582446E-1,9.529864582446E-1,
9.529864582446E-1,9.529864582446E-1,9.529864582446E-1,9.529864582446E-1,
9.529864582446E-1,9.529864582446E-1),(1.141040625266E0,1.141040625266E0,
1.141040625266E0,1.141040625266E0,1.141040625266E0,1.141040625266E0,
1.141040625266E0,1.141040625266E0,1.141040625266E0,1.141040625266E0,
1.141040625266E0,1.141040625266E0,1.141040625266E0)))REPRESENTATION_ITEM('')SURFACE());
#7390=ORIENTED_EDGE('',*,*,#6954,.F.);
#7392=ORIENTED_EDGE('',*,*,#7391,.F.);
#7393=ORIENTED_EDGE('',*,*,#7315,.F.);
#7394=ORIENTED_EDGE('',*,*,#7330,.F.);
#7395=EDGE_LOOP('',(#7390,#7392,#7393,#7394));
#7396=FACE_OUTER_BOUND('',#7395,.F.);
#7397=ADVANCED_FACE('',(#7396),#7389,.T.);
#7398=CARTESIAN_POINT('',(-1.196176203618E1,-9.928919323704E0,5.2E0));
#7399=DIRECTION('',(-7.071067811865E-1,-7.071067811865E-1,0.E0));
#7400=DIRECTION('',(0.E0,0.E0,-1.E0));
#7401=AXIS2_PLACEMENT_3D('',#7398,#7399,#7400);
#7402=CYLINDRICAL_SURFACE('',#7401,2.E-1);
#7403=ORIENTED_EDGE('',*,*,#6952,.F.);
#7405=ORIENTED_EDGE('',*,*,#7404,.F.);
#7407=ORIENTED_EDGE('',*,*,#7406,.F.);
#7409=ORIENTED_EDGE('',*,*,#7408,.T.);
#7410=ORIENTED_EDGE('',*,*,#7391,.T.);
#7411=EDGE_LOOP('',(#7403,#7405,#7407,#7409,#7410));
#7412=FACE_OUTER_BOUND('',#7411,.F.);
#7413=ADVANCED_FACE('',(#7412),#7402,.T.);
#7414=CARTESIAN_POINT('',(-1.425E1,-1.25E1,7.E0));
#7415=DIRECTION('',(7.071067811865E-1,-7.071067811865E-1,0.E0));
#7416=DIRECTION('',(7.071067811865E-1,7.071067811865E-1,0.E0));
#7417=AXIS2_PLACEMENT_3D('',#7414,#7415,#7416);
#7418=PLANE('',#7417);
#7419=ORIENTED_EDGE('',*,*,#6950,.T.);
#7420=ORIENTED_EDGE('',*,*,#7065,.F.);
#7421=ORIENTED_EDGE('',*,*,#7081,.T.);
#7423=ORIENTED_EDGE('',*,*,#7422,.T.);
#7424=ORIENTED_EDGE('',*,*,#7404,.T.);
#7425=EDGE_LOOP('',(#7419,#7420,#7421,#7423,#7424));
#7426=FACE_OUTER_BOUND('',#7425,.F.);
#7427=ADVANCED_FACE('',(#7426),#7418,.T.);
#7428=CARTESIAN_POINT('',(-1.325E1,-8.671572875254E0,1.61252E1));
#7429=DIRECTION('',(0.E0,0.E0,-1.E0));
#7430=DIRECTION('',(1.E0,0.E0,0.E0));
#7431=AXIS2_PLACEMENT_3D('',#7428,#7429,#7430);
#7432=CYLINDRICAL_SURFACE('',#7431,2.E0);
#7433=ORIENTED_EDGE('',*,*,#7094,.T.);
#7435=ORIENTED_EDGE('',*,*,#7434,.T.);
#7437=ORIENTED_EDGE('',*,*,#7436,.T.);
#7438=ORIENTED_EDGE('',*,*,#7422,.F.);
#7439=EDGE_LOOP('',(#7433,#7435,#7437,#7438));
#7440=FACE_OUTER_BOUND('',#7439,.F.);
#7441=ADVANCED_FACE('',(#7440),#7432,.T.);
#7442=CARTESIAN_POINT('',(-1.125E1,-9.5E0,7.E0));
#7443=DIRECTION('',(1.E0,0.E0,0.E0));
#7444=DIRECTION('',(0.E0,1.E0,0.E0));
#7445=AXIS2_PLACEMENT_3D('',#7442,#7443,#7444);
#7446=PLANE('',#7445);
#7447=ORIENTED_EDGE('',*,*,#7108,.T.);
#7449=ORIENTED_EDGE('',*,*,#7448,.T.);
#7451=ORIENTED_EDGE('',*,*,#7450,.T.);
#7452=ORIENTED_EDGE('',*,*,#7434,.F.);
#7453=EDGE_LOOP('',(#7447,#7449,#7451,#7452));
#7454=FACE_OUTER_BOUND('',#7453,.F.);
#7455=ADVANCED_FACE('',(#7454),#7446,.T.);
#7456=CARTESIAN_POINT('',(-1.325E1,8.671572875254E0,1.61252E1));
#7457=DIRECTION('',(0.E0,0.E0,-1.E0));
#7458=DIRECTION('',(7.071067811865E-1,7.071067811865E-1,0.E0));
#7459=AXIS2_PLACEMENT_3D('',#7456,#7457,#7458);
#7460=CYLINDRICAL_SURFACE('',#7459,2.E0);
#7461=ORIENTED_EDGE('',*,*,#7122,.T.);
#7462=ORIENTED_EDGE('',*,*,#7205,.T.);
#7464=ORIENTED_EDGE('',*,*,#7463,.T.);
#7465=ORIENTED_EDGE('',*,*,#7448,.F.);
#7466=EDGE_LOOP('',(#7461,#7462,#7464,#7465));
#7467=FACE_OUTER_BOUND('',#7466,.F.);
#7468=ADVANCED_FACE('',(#7467),#7460,.T.);
#7469=CARTESIAN_POINT('',(-1.325E1,8.671572875254E0,5.2E0));
#7470=DIRECTION('',(0.E0,0.E0,-1.E0));
#7471=DIRECTION('',(7.016494160037E-1,7.125223484367E-1,0.E0));
#7472=AXIS2_PLACEMENT_3D('',#7469,#7470,#7471);
#7473=TOROIDAL_SURFACE('',#7472,1.8E0,2.E-1);
#7475=ORIENTED_EDGE('',*,*,#7474,.T.);
#7477=ORIENTED_EDGE('',*,*,#7476,.T.);
#7478=ORIENTED_EDGE('',*,*,#7463,.F.);
#7479=ORIENTED_EDGE('',*,*,#7222,.F.);
#7480=EDGE_LOOP('',(#7475,#7477,#7478,#7479));
#7481=FACE_OUTER_BOUND('',#7480,.F.);
#7482=ADVANCED_FACE('',(#7481),#7473,.T.);
#7483=CARTESIAN_POINT('',(0.E0,0.E0,5.E0));
#7484=DIRECTION('',(0.E0,0.E0,1.E0));
#7485=DIRECTION('',(1.E0,0.E0,0.E0));
#7486=AXIS2_PLACEMENT_3D('',#7483,#7484,#7485);
#7487=PLANE('',#7486);
#7489=ORIENTED_EDGE('',*,*,#7488,.F.);
#7491=ORIENTED_EDGE('',*,*,#7490,.F.);
#7493=ORIENTED_EDGE('',*,*,#7492,.F.);
#7495=ORIENTED_EDGE('',*,*,#7494,.F.);
#7497=ORIENTED_EDGE('',*,*,#7496,.F.);
#7499=ORIENTED_EDGE('',*,*,#7498,.F.);
#7500=EDGE_LOOP('',(#7489,#7491,#7493,#7495,#7497,#7499));
#7501=FACE_OUTER_BOUND('',#7500,.F.);
#7502=ADVANCED_FACE('',(#7501),#7487,.F.);
#7503=CARTESIAN_POINT('',(0.E0,0.E0,5.E0));
#7504=DIRECTION('',(0.E0,0.E0,1.E0));
#7505=DIRECTION('',(1.E0,0.E0,0.E0));
#7506=AXIS2_PLACEMENT_3D('',#7503,#7504,#7505);
#7507=PLANE('',#7506);
#7508=ORIENTED_EDGE('',*,*,#7408,.F.);
#7510=ORIENTED_EDGE('',*,*,#7509,.F.);
#7512=ORIENTED_EDGE('',*,*,#7511,.F.);
#7513=ORIENTED_EDGE('',*,*,#7474,.F.);
#7514=ORIENTED_EDGE('',*,*,#7220,.F.);
#7515=ORIENTED_EDGE('',*,*,#7317,.F.);
#7516=EDGE_LOOP('',(#7508,#7510,#7512,#7513,#7514,#7515));
#7517=FACE_OUTER_BOUND('',#7516,.F.);
#7518=ADVANCED_FACE('',(#7517),#7507,.F.);
#7519=CARTESIAN_POINT('',(1.196176203618E1,9.928919323704E0,5.2E0));
#7520=DIRECTION('',(7.071067811865E-1,7.071067811865E-1,0.E0));
#7521=DIRECTION('',(0.E0,0.E0,-1.E0));
#7522=AXIS2_PLACEMENT_3D('',#7519,#7520,#7521);
#7523=CYLINDRICAL_SURFACE('',#7522,2.E-1);
#7525=ORIENTED_EDGE('',*,*,#7524,.F.);
#7527=ORIENTED_EDGE('',*,*,#7526,.F.);
#7529=ORIENTED_EDGE('',*,*,#7528,.F.);
#7530=ORIENTED_EDGE('',*,*,#7488,.T.);
#7532=ORIENTED_EDGE('',*,*,#7531,.T.);
#7533=EDGE_LOOP('',(#7525,#7527,#7529,#7530,#7532));
#7534=FACE_OUTER_BOUND('',#7533,.F.);
#7535=ADVANCED_FACE('',(#7534),#7523,.T.);
#7536=CARTESIAN_POINT('',(1.487132034356E1,1.1E1,-9.1252E0));
#7537=DIRECTION('',(0.E0,0.E0,1.E0));
#7538=DIRECTION('',(0.E0,1.E0,0.E0));
#7539=AXIS2_PLACEMENT_3D('',#7536,#7537,#7538);
#7540=CYLINDRICAL_SURFACE('',#7539,1.5E0);
#7541=ORIENTED_EDGE('',*,*,#3965,.F.);
#7542=ORIENTED_EDGE('',*,*,#6355,.T.);
#7544=ORIENTED_EDGE('',*,*,#7543,.T.);
#7546=ORIENTED_EDGE('',*,*,#7545,.F.);
#7547=ORIENTED_EDGE('',*,*,#7524,.T.);
#7549=ORIENTED_EDGE('',*,*,#7548,.T.);
#7551=ORIENTED_EDGE('',*,*,#7550,.T.);
#7553=ORIENTED_EDGE('',*,*,#7552,.T.);
#7554=EDGE_LOOP('',(#7541,#7542,#7544,#7546,#7547,#7549,#7551,#7553));
#7555=FACE_OUTER_BOUND('',#7554,.F.);
#7556=ADVANCED_FACE('',(#7555),#7540,.T.);
#7557=CARTESIAN_POINT('',(1.379709868731E1,1.204643004982E1,6.417210923919E0));
#7558=CARTESIAN_POINT('',(1.380006256039E1,1.204947267380E1,6.414630773433E0));
#7559=CARTESIAN_POINT('',(1.384060683406E1,1.209074168806E1,6.379336384639E0));
#7560=CARTESIAN_POINT('',(1.392293997147E1,1.216527539843E1,6.307685432791E0));
#7561=CARTESIAN_POINT('',(1.405161944814E1,1.225920027393E1,6.195764937992E0));
#7562=CARTESIAN_POINT('',(1.419158782426E1,1.234010480077E1,6.074095760678E0));
#7563=CARTESIAN_POINT('',(1.434258636195E1,1.240665301182E1,5.942915398033E0));
#7564=CARTESIAN_POINT('',(1.450487144099E1,1.245761363868E1,5.802013197067E0));
#7565=CARTESIAN_POINT('',(1.467923180525E1,1.249103550058E1,5.650718660724E0));
#7566=CARTESIAN_POINT('',(1.480400570926E1,1.249953350939E1,5.542520120084E0));
#7567=CARTESIAN_POINT('',(1.487032109905E1,1.249966929415E1,5.485033958887E0));
#7568=CARTESIAN_POINT('',(1.487406255530E1,1.249966305619E1,5.481790700505E0));
#7569=CARTESIAN_POINT('',(1.382674245171E1,1.208364693742E1,6.484710735161E0));
#7570=CARTESIAN_POINT('',(1.382987634595E1,1.208667071657E1,6.482066283344E0));
#7571=CARTESIAN_POINT('',(1.387273163460E1,1.212766194501E1,6.445899907237E0));
#7572=CARTESIAN_POINT('',(1.395935952251E1,1.220111125370E1,6.372677129275E0));
#7573=CARTESIAN_POINT('',(1.409366467564E1,1.229225366936E1,6.258803966065E0));
#7574=CARTESIAN_POINT('',(1.423864868489E1,1.236927698887E1,6.135486083297E0));
#7575=CARTESIAN_POINT('',(1.439392567909E1,1.243096930425E1,6.002979638739E0));
#7576=CARTESIAN_POINT('',(1.455964847019E1,1.247620417581E1,5.861084745950E0));
#7577=CARTESIAN_POINT('',(1.473647427825E1,1.250310222125E1,5.709156086931E0));
#7578=CARTESIAN_POINT('',(1.486211496850E1,1.250677335124E1,5.600805494341E0));
#7579=CARTESIAN_POINT('',(1.492863545818E1,1.250433077316E1,5.543324700158E0));
#7580=CARTESIAN_POINT('',(1.493238767886E1,1.250417903068E1,5.540082027961E0));
#7581=CARTESIAN_POINT('',(1.388497012749E1,1.208397556834E1,6.543272691901E0));
#7582=CARTESIAN_POINT('',(1.388816072110E1,1.208689063128E1,6.540572453087E0));
#7583=CARTESIAN_POINT('',(1.393177886396E1,1.212638812716E1,6.503649552150E0));
#7584=CARTESIAN_POINT('',(1.401961214688E1,1.219663671337E1,6.429063078331E0));
#7585=CARTESIAN_POINT('',(1.415486327392E1,1.228252350029E1,6.313495805449E0));
#7586=CARTESIAN_POINT('',(1.429992367555E1,1.235373841202E1,6.188747527312E0));
#7587=CARTESIAN_POINT('',(1.445430560516E1,1.240921721753E1,6.055090591363E0));
#7588=CARTESIAN_POINT('',(1.461806468833E1,1.244796137380E1,5.912334452083E0));
#7589=CARTESIAN_POINT('',(1.479172065230E1,1.246821275907E1,5.759855636494E0));
#7590=CARTESIAN_POINT('',(1.491431827357E1,1.246745927842E1,5.651373125613E0));
#7591=CARTESIAN_POINT('',(1.497900080835E1,1.246278701868E1,5.593896987782E0));
#7592=CARTESIAN_POINT('',(1.498264863654E1,1.246250987115E1,5.590654824152E0));
#7593=CARTESIAN_POINT('',(1.395250642876E1,1.204730715488E1,6.573510850222E0));
#7594=CARTESIAN_POINT('',(1.395562163060E1,1.205005961888E1,6.570781806086E0));
#7595=CARTESIAN_POINT('',(1.399820193694E1,1.208734191034E1,6.533468277531E0));
#7596=CARTESIAN_POINT('',(1.408375223377E1,1.215333299822E1,6.458177666530E0));
#7597=CARTESIAN_POINT('',(1.421495648355E1,1.223323077440E1,6.341735649030E0));
#7598=CARTESIAN_POINT('',(1.435512874840E1,1.229863285291E1,6.216248793768E0));
#7599=CARTESIAN_POINT('',(1.450373838828E1,1.234859741156E1,6.081997807642E0));
#7600=CARTESIAN_POINT('',(1.466078239580E1,1.238223453391E1,5.938796968267E0));
#7601=CARTESIAN_POINT('',(1.482668255097E1,1.239791667958E1,5.786034082225E0));
#7602=CARTESIAN_POINT('',(1.494333460450E1,1.239460554889E1,5.677483456029E0));
#7603=CARTESIAN_POINT('',(1.500474455341E1,1.238879038701E1,5.620009722481E0));
#7604=CARTESIAN_POINT('',(1.500820738955E1,1.238844944711E1,5.616767821446E0));
#7605=(BOUNDED_SURFACE()B_SPLINE_SURFACE(3,3,((#7557,#7558,#7559,#7560,#7561,
#7562,#7563,#7564,#7565,#7566,#7567,#7568),(#7569,#7570,#7571,#7572,#7573,#7574,
#7575,#7576,#7577,#7578,#7579,#7580),(#7581,#7582,#7583,#7584,#7585,#7586,#7587,
#7588,#7589,#7590,#7591,#7592),(#7593,#7594,#7595,#7596,#7597,#7598,#7599,#7600,
#7601,#7602,#7603,#7604)),.UNSPECIFIED.,.F.,.F.,.F.)B_SPLINE_SURFACE_WITH_KNOTS(
(4,4),(4,1,1,1,1,1,1,1,1,4),(0.E0,1.E0),(-9.955515821484E-3,0.E0,
1.257998552211E-1,2.545035122096E-1,3.901686960264E-1,5.316162876649E-1,
6.776084829700E-1,8.337470386677E-1,1.E0,1.009939301975E0),.UNSPECIFIED.)GEOMETRIC_REPRESENTATION_ITEM()RATIONAL_B_SPLINE_SURFACE(((1.090225142045E0,
1.090225142045E0,1.090225142045E0,1.090225142045E0,1.090225142045E0,
1.090225142045E0,1.090225142045E0,1.090225142045E0,1.090225142045E0,
1.090225142045E0,1.090225142045E0,1.090225142045E0),(9.699249526516E-1,
9.699249526516E-1,9.699249526516E-1,9.699249526516E-1,9.699249526516E-1,
9.699249526516E-1,9.699249526516E-1,9.699249526516E-1,9.699249526516E-1,
9.699249526516E-1,9.699249526516E-1,9.699249526516E-1),(9.699249526516E-1,
9.699249526516E-1,9.699249526516E-1,9.699249526516E-1,9.699249526516E-1,
9.699249526516E-1,9.699249526516E-1,9.699249526516E-1,9.699249526516E-1,
9.699249526516E-1,9.699249526516E-1,9.699249526516E-1),(1.090225142045E0,
1.090225142045E0,1.090225142045E0,1.090225142045E0,1.090225142045E0,
1.090225142045E0,1.090225142045E0,1.090225142045E0,1.090225142045E0,
1.090225142045E0,1.090225142045E0,1.090225142045E0)))REPRESENTATION_ITEM('')SURFACE());
#7607=ORIENTED_EDGE('',*,*,#7606,.F.);
#7608=ORIENTED_EDGE('',*,*,#7543,.F.);
#7609=ORIENTED_EDGE('',*,*,#6371,.F.);
#7610=EDGE_LOOP('',(#7607,#7608,#7609));
#7611=FACE_OUTER_BOUND('',#7610,.F.);
#7612=ADVANCED_FACE('',(#7611),#7605,.T.);
#7613=CARTESIAN_POINT('',(1.288199329556E1,1.113148429069E1,6.787970473788E0));
#7614=CARTESIAN_POINT('',(1.293450069405E1,1.118399168918E1,6.788363144576E0));
#7615=CARTESIAN_POINT('',(1.303883102262E1,1.128832201775E1,6.782801401507E0));
#7616=CARTESIAN_POINT('',(1.319081549101E1,1.144030648613E1,6.756043747874E0));
#7617=CARTESIAN_POINT('',(1.333232105376E1,1.158181204889E1,6.713485194823E0));
#7618=CARTESIAN_POINT('',(1.346210398581E1,1.171159498094E1,6.658162445812E0));
#7619=CARTESIAN_POINT('',(1.358308198415E1,1.183257297927E1,6.590704914452E0));
#7620=CARTESIAN_POINT('',(1.369829457906E1,1.194778557419E1,6.509143826757E0));
#7621=CARTESIAN_POINT('',(1.377386123399E1,1.202335222911E1,6.441904540733E0));
#7622=CARTESIAN_POINT('',(1.381126905468E1,1.206076004981E1,6.404173081907E0));
#7623=CARTESIAN_POINT('',(1.381388106384E1,1.206337205897E1,6.401515541391E0));
#7624=CARTESIAN_POINT('',(1.287605884613E1,1.113645799694E1,6.916363076102E0));
#7625=CARTESIAN_POINT('',(1.293117131184E1,1.119157046266E1,6.916775289930E0));
#7626=CARTESIAN_POINT('',(1.304067424922E1,1.130107340003E1,6.910939238531E0));
#7627=CARTESIAN_POINT('',(1.320035241241E1,1.146075156322E1,6.882834672632E0));
#7628=CARTESIAN_POINT('',(1.334932407421E1,1.160972322502E1,6.838042485681E0));
#7629=CARTESIAN_POINT('',(1.348635847912E1,1.174675762993E1,6.779642963908E0));
#7630=CARTESIAN_POINT('',(1.361458665840E1,1.187498580922E1,6.708161791342E0));
#7631=CARTESIAN_POINT('',(1.373732023871E1,1.199771938953E1,6.621305359561E0));
#7632=CARTESIAN_POINT('',(1.381834986021E1,1.207874901102E1,6.549235087189E0));
#7633=CARTESIAN_POINT('',(1.385863470919E1,1.211903386E1,6.508602006736E0));
#7634=CARTESIAN_POINT('',(1.386144849867E1,1.212184764948E1,6.505739204718E0));
#7635=CARTESIAN_POINT('',(1.294003150323E1,1.107180476714E1,7.007314021908E0));
#7636=CARTESIAN_POINT('',(1.299698935040E1,1.112876261431E1,7.007740079664E0));
#7637=CARTESIAN_POINT('',(1.311015646822E1,1.124192973213E1,7.001709713316E0));
#7638=CARTESIAN_POINT('',(1.327528470258E1,1.140705796649E1,6.972651019669E0));
#7639=CARTESIAN_POINT('',(1.342954521091E1,1.156131847482E1,6.926276567758E0));
#7640=CARTESIAN_POINT('',(1.357171642513E1,1.170348968904E1,6.865697517041E0));
#7641=CARTESIAN_POINT('',(1.370508049856E1,1.183685376247E1,6.791366071433E0));
#7642=CARTESIAN_POINT('',(1.383314180588E1,1.196491506979E1,6.700758515800E0));
#7643=CARTESIAN_POINT('',(1.391804129190E1,1.204981455581E1,6.625266062013E0));
#7644=CARTESIAN_POINT('',(1.396036417453E1,1.209213743844E1,6.582577526444E0));
#7645=CARTESIAN_POINT('',(1.396332090145E1,1.209509416536E1,6.579569320972E0));
#7646=CARTESIAN_POINT('',(1.303084890949E1,1.098104507726E1,6.999600871669E0));
#7647=CARTESIAN_POINT('',(1.308765025797E1,1.103784642573E1,7.000025755382E0));
#7648=CARTESIAN_POINT('',(1.320050663274E1,1.115070280050E1,6.994011868032E0));
#7649=CARTESIAN_POINT('',(1.336517267050E1,1.131536883827E1,6.965034089769E0));
#7650=CARTESIAN_POINT('',(1.351898465499E1,1.146918082275E1,6.918793822799E0));
#7651=CARTESIAN_POINT('',(1.366072023897E1,1.161091640674E1,6.858399608359E0));
#7652=CARTESIAN_POINT('',(1.379364875978E1,1.174384492754E1,6.784309881888E0));
#7653=CARTESIAN_POINT('',(1.392125824597E1,1.187145441374E1,6.694020442594E0));
#7654=CARTESIAN_POINT('',(1.400582954577E1,1.195602571354E1,6.618818208981E0));
#7655=CARTESIAN_POINT('',(1.404797959172E1,1.199817575948E1,6.576303987533E0));
#7656=CARTESIAN_POINT('',(1.405092419675E1,1.200112036451E1,6.573308113090E0));
#7657=(BOUNDED_SURFACE()B_SPLINE_SURFACE(3,3,((#7613,#7614,#7615,#7616,#7617,
#7618,#7619,#7620,#7621,#7622,#7623),(#7624,#7625,#7626,#7627,#7628,#7629,#7630,
#7631,#7632,#7633,#7634),(#7635,#7636,#7637,#7638,#7639,#7640,#7641,#7642,#7643,
#7644,#7645),(#7646,#7647,#7648,#7649,#7650,#7651,#7652,#7653,#7654,#7655,
#7656)),.UNSPECIFIED.,.F.,.F.,.F.)B_SPLINE_SURFACE_WITH_KNOTS((4,4),(4,1,1,1,1,
1,1,1,4),(0.E0,1.E0),(3.641306985169E-3,1.637560661931E-1,3.215717468477E-1,
4.703612484589E-1,6.050112264358E-1,7.356257904992E-1,8.682244432286E-1,1.E0,
1.009925116958E0),.UNSPECIFIED.)GEOMETRIC_REPRESENTATION_ITEM()RATIONAL_B_SPLINE_SURFACE(((1.202333821349E0,1.202333821349E0,1.202333821349E0,1.202333821349E0,
1.202333821349E0,1.202333821349E0,1.202333821349E0,1.202333821349E0,
1.202333821349E0,1.202333821349E0,1.202333821349E0),(9.325553928837E-1,
9.325553928837E-1,9.325553928837E-1,9.325553928837E-1,9.325553928837E-1,
9.325553928837E-1,9.325553928837E-1,9.325553928837E-1,9.325553928837E-1,
9.325553928837E-1,9.325553928837E-1),(9.325553928837E-1,9.325553928837E-1,
9.325553928837E-1,9.325553928837E-1,9.325553928837E-1,9.325553928837E-1,
9.325553928837E-1,9.325553928837E-1,9.325553928837E-1,9.325553928837E-1,
9.325553928837E-1),(1.202333821349E0,1.202333821349E0,1.202333821349E0,
1.202333821349E0,1.202333821349E0,1.202333821349E0,1.202333821349E0,
1.202333821349E0,1.202333821349E0,1.202333821349E0,1.202333821349E0)))REPRESENTATION_ITEM('')SURFACE());
#7659=ORIENTED_EDGE('',*,*,#7658,.F.);
#7661=ORIENTED_EDGE('',*,*,#7660,.T.);
#7662=ORIENTED_EDGE('',*,*,#7606,.T.);
#7663=ORIENTED_EDGE('',*,*,#6369,.F.);
#7664=EDGE_LOOP('',(#7659,#7661,#7662,#7663));
#7665=FACE_OUTER_BOUND('',#7664,.F.);
#7666=ADVANCED_FACE('',(#7665),#7657,.T.);
#7667=CARTESIAN_POINT('',(5.8617E1,5.658415728753E1,6.8E0));
#7668=DIRECTION('',(-7.071067811865E-1,-7.071067811865E-1,0.E0));
#7669=DIRECTION('',(0.E0,0.E0,1.E0));
#7670=AXIS2_PLACEMENT_3D('',#7667,#7668,#7669);
#7671=CYLINDRICAL_SURFACE('',#7670,2.E-1);
#7672=ORIENTED_EDGE('',*,*,#7658,.T.);
#7673=ORIENTED_EDGE('',*,*,#3913,.T.);
#7675=ORIENTED_EDGE('',*,*,#7674,.T.);
#7677=ORIENTED_EDGE('',*,*,#7676,.F.);
#7678=EDGE_LOOP('',(#7672,#7673,#7675,#7677));
#7679=FACE_OUTER_BOUND('',#7678,.F.);
#7680=ADVANCED_FACE('',(#7679),#7671,.T.);
#7681=CARTESIAN_POINT('',(1.325E1,8.671572875254E0,6.8E0));
#7682=DIRECTION('',(0.E0,0.E0,-1.E0));
#7683=DIRECTION('',(-6.993418824312E-1,7.147873330422E-1,0.E0));
#7684=AXIS2_PLACEMENT_3D('',#7681,#7682,#7683);
#7685=TOROIDAL_SURFACE('',#7684,1.8E0,2.E-1);
#7686=ORIENTED_EDGE('',*,*,#3911,.T.);
#7688=ORIENTED_EDGE('',*,*,#7687,.T.);
#7690=ORIENTED_EDGE('',*,*,#7689,.F.);
#7691=ORIENTED_EDGE('',*,*,#7674,.F.);
#7692=EDGE_LOOP('',(#7686,#7688,#7690,#7691));
#7693=FACE_OUTER_BOUND('',#7692,.F.);
#7694=ADVANCED_FACE('',(#7693),#7685,.T.);
#7695=CARTESIAN_POINT('',(1.145E1,8.686949675254E0,6.8E0));
#7696=DIRECTION('',(0.E0,-1.E0,0.E0));
#7697=DIRECTION('',(0.E0,0.E0,1.E0));
#7698=AXIS2_PLACEMENT_3D('',#7695,#7696,#7697);
#7699=CYLINDRICAL_SURFACE('',#7698,2.E-1);
#7700=ORIENTED_EDGE('',*,*,#3909,.T.);
#7702=ORIENTED_EDGE('',*,*,#7701,.T.);
#7704=ORIENTED_EDGE('',*,*,#7703,.F.);
#7705=ORIENTED_EDGE('',*,*,#7687,.F.);
#7706=EDGE_LOOP('',(#7700,#7702,#7704,#7705));
#7707=FACE_OUTER_BOUND('',#7706,.F.);
#7708=ADVANCED_FACE('',(#7707),#7699,.T.);
#7709=CARTESIAN_POINT('',(1.325E1,-8.671572875254E0,6.8E0));
#7710=DIRECTION('',(0.E0,0.E0,-1.E0));
#7711=DIRECTION('',(-9.999403577353E-1,1.092158286551E-2,0.E0));
#7712=AXIS2_PLACEMENT_3D('',#7709,#7710,#7711);
#7713=TOROIDAL_SURFACE('',#7712,1.8E0,2.E-1);
#7714=ORIENTED_EDGE('',*,*,#3907,.T.);
#7716=ORIENTED_EDGE('',*,*,#7715,.T.);
#7718=ORIENTED_EDGE('',*,*,#7717,.F.);
#7719=ORIENTED_EDGE('',*,*,#7701,.F.);
#7720=EDGE_LOOP('',(#7714,#7716,#7718,#7719));
#7721=FACE_OUTER_BOUND('',#7720,.F.);
#7722=ADVANCED_FACE('',(#7721),#7713,.T.);
#7723=CARTESIAN_POINT('',(1.196633475431E1,-9.933492041837E0,6.8E0));
#7724=DIRECTION('',(7.071067811865E-1,-7.071067811865E-1,0.E0));
#7725=DIRECTION('',(0.E0,0.E0,1.E0));
#7726=AXIS2_PLACEMENT_3D('',#7723,#7724,#7725);
#7727=CYLINDRICAL_SURFACE('',#7726,2.E-1);
#7729=ORIENTED_EDGE('',*,*,#7728,.F.);
#7731=ORIENTED_EDGE('',*,*,#7730,.F.);
#7732=ORIENTED_EDGE('',*,*,#7715,.F.);
#7733=ORIENTED_EDGE('',*,*,#3905,.T.);
#7734=EDGE_LOOP('',(#7729,#7731,#7732,#7733));
#7735=FACE_OUTER_BOUND('',#7734,.F.);
#7736=ADVANCED_FACE('',(#7735),#7727,.T.);
#7737=CARTESIAN_POINT('',(1.381387915068E1,-1.206337014581E1,6.401517410327E0));
#7738=CARTESIAN_POINT('',(1.381126639506E1,-1.206075739019E1,6.404175729927E0));
#7739=CARTESIAN_POINT('',(1.378072562768E1,-1.203021662281E1,6.434980813892E0));
#7740=CARTESIAN_POINT('',(1.371638101889E1,-1.196587201402E1,6.493589071794E0));
#7741=CARTESIAN_POINT('',(1.361256357442E1,-1.186205456954E1,6.571408186426E0));
#7742=CARTESIAN_POINT('',(1.349077778168E1,-1.174026877680E1,6.644124078611E0));
#7743=CARTESIAN_POINT('',(1.335186844406E1,-1.160135943918E1,6.706821691124E0));
#7744=CARTESIAN_POINT('',(1.319928352311E1,-1.144877451824E1,6.754427858448E0));
#7745=CARTESIAN_POINT('',(1.304104766038E1,-1.129053865551E1,6.782699639893E0));
#7746=CARTESIAN_POINT('',(1.293423474234E1,-1.118372573747E1,6.788361262812E0));
#7747=CARTESIAN_POINT('',(1.288199343522E1,-1.113148443035E1,6.787970454232E0));
#7748=CARTESIAN_POINT('',(1.386144643524E1,-1.212184558741E1,6.505741219914E0));
#7749=CARTESIAN_POINT('',(1.385863184733E1,-1.211903099951E1,6.508604868870E0));
#7750=CARTESIAN_POINT('',(1.382574223396E1,-1.208614138613E1,6.541778954735E0));
#7751=CARTESIAN_POINT('',(1.375669277596E1,-1.201709192813E1,6.604655242134E0));
#7752=CARTESIAN_POINT('',(1.364593379846E1,-1.190633295064E1,6.687653457167E0));
#7753=CARTESIAN_POINT('',(1.351668620318E1,-1.177708535536E1,6.764801182485E0));
#7754=CARTESIAN_POINT('',(1.336991912572E1,-1.163031827790E1,6.831024717690E0));
#7755=CARTESIAN_POINT('',(1.320924984804E1,-1.146964900022E1,6.881137745275E0));
#7756=CARTESIAN_POINT('',(1.304300080273E1,-1.130339995490E1,6.910832362754E0));
#7757=CARTESIAN_POINT('',(1.293089216385E1,-1.119129131603E1,6.916773397770E0));
#7758=CARTESIAN_POINT('',(1.287605899154E1,-1.113645814371E1,6.916363081995E0));
#7759=CARTESIAN_POINT('',(1.396331874227E1,-1.209509198099E1,6.579571433750E0));
#7760=CARTESIAN_POINT('',(1.396036118012E1,-1.209213441883E1,6.582580534215E0));
#7761=CARTESIAN_POINT('',(1.392580768780E1,-1.205758092651E1,6.617432777092E0));
#7762=CARTESIAN_POINT('',(1.385342540187E1,-1.198519864059E1,6.683332457434E0));
#7763=CARTESIAN_POINT('',(1.373774917112E1,-1.186952240984E1,6.769999451142E0));
#7764=CARTESIAN_POINT('',(1.360321577331E1,-1.173498901203E1,6.850286604862E0));
#7765=CARTESIAN_POINT('',(1.345088241866E1,-1.158265565738E1,6.919007838312E0));
#7766=CARTESIAN_POINT('',(1.328448633260E1,-1.141625957132E1,6.970896679215E0));
#7767=CARTESIAN_POINT('',(1.311256089735E1,-1.124433413606E1,7.001599207354E0));
#7768=CARTESIAN_POINT('',(1.299670086804E1,-1.112847410676E1,7.007738172717E0));
#7769=CARTESIAN_POINT('',(1.294003166650E1,-1.107180490522E1,7.007314038407E0));
#7770=CARTESIAN_POINT('',(1.405092204834E1,-1.200111817003E1,6.573310200072E0));
#7771=CARTESIAN_POINT('',(1.404797661124E1,-1.199817273293E1,6.576306965398E0));
#7772=CARTESIAN_POINT('',(1.401356422558E1,-1.196376034727E1,6.611016890752E0));
#7773=CARTESIAN_POINT('',(1.394146458295E1,-1.189166070463E1,6.676660169701E0));
#7774=CARTESIAN_POINT('',(1.382620536401E1,-1.177640148570E1,6.763016029532E0));
#7775=CARTESIAN_POINT('',(1.369212023315E1,-1.164231635484E1,6.843036941373E0));
#7776=CARTESIAN_POINT('',(1.354025893134E1,-1.149045505303E1,6.911546355413E0));
#7777=CARTESIAN_POINT('',(1.337434851210E1,-1.132454463379E1,6.963284596967E0));
#7778=CARTESIAN_POINT('',(1.320290446790E1,-1.115310058959E1,6.993901648391E0));
#7779=CARTESIAN_POINT('',(1.308736257843E1,-1.103755870012E1,7.000023828103E0));
#7780=CARTESIAN_POINT('',(1.303084908290E1,-1.098104520458E1,6.999600865685E0));
#7781=(BOUNDED_SURFACE()B_SPLINE_SURFACE(3,3,((#7737,#7738,#7739,#7740,#7741,
#7742,#7743,#7744,#7745,#7746,#7747),(#7748,#7749,#7750,#7751,#7752,#7753,#7754,
#7755,#7756,#7757,#7758),(#7759,#7760,#7761,#7762,#7763,#7764,#7765,#7766,#7767,
#7768,#7769),(#7770,#7771,#7772,#7773,#7774,#7775,#7776,#7777,#7778,#7779,
#7780)),.UNSPECIFIED.,.F.,.F.,.F.)B_SPLINE_SURFACE_WITH_KNOTS((4,4),(4,1,1,1,1,
1,1,1,4),(0.E0,1.E0),(-9.872387564645E-3,0.E0,1.051690311835E-1,
2.241969334981E-1,3.584844021651E-1,5.075095678465E-1,6.670815312671E-1,
8.323391808621E-1,9.907408363016E-1),.UNSPECIFIED.)GEOMETRIC_REPRESENTATION_ITEM()RATIONAL_B_SPLINE_SURFACE(((1.202333865480E0,1.202333865480E0,1.202333865480E0,
1.202333865480E0,1.202333865480E0,1.202333865480E0,1.202333865480E0,
1.202333865480E0,1.202333865480E0,1.202333865480E0,1.202333865480E0),(
9.325553781733E-1,9.325553781733E-1,9.325553781733E-1,9.325553781733E-1,
9.325553781733E-1,9.325553781732E-1,9.325553781733E-1,9.325553781733E-1,
9.325553781733E-1,9.325553781733E-1,9.325553781733E-1),(9.325553781733E-1,
9.325553781733E-1,9.325553781733E-1,9.325553781733E-1,9.325553781733E-1,
9.325553781732E-1,9.325553781733E-1,9.325553781733E-1,9.325553781733E-1,
9.325553781733E-1,9.325553781733E-1),(1.202333865480E0,1.202333865480E0,
1.202333865480E0,1.202333865480E0,1.202333865480E0,1.202333865480E0,
1.202333865480E0,1.202333865480E0,1.202333865480E0,1.202333865480E0,
1.202333865480E0)))REPRESENTATION_ITEM('')SURFACE());
#7783=ORIENTED_EDGE('',*,*,#7782,.T.);
#7784=ORIENTED_EDGE('',*,*,#7728,.T.);
#7786=ORIENTED_EDGE('',*,*,#7785,.F.);
#7788=ORIENTED_EDGE('',*,*,#7787,.F.);
#7789=EDGE_LOOP('',(#7783,#7784,#7786,#7788));
#7790=FACE_OUTER_BOUND('',#7789,.F.);
#7791=ADVANCED_FACE('',(#7790),#7781,.T.);
#7792=CARTESIAN_POINT('',(1.125E1,-9.5E0,7.E0));
#7793=DIRECTION('',(-7.071067811865E-1,-7.071067811865E-1,0.E0));
#7794=DIRECTION('',(7.071067811865E-1,-7.071067811865E-1,0.E0));
#7795=AXIS2_PLACEMENT_3D('',#7792,#7793,#7794);
#7796=PLANE('',#7795);
#7798=ORIENTED_EDGE('',*,*,#7797,.T.);
#7800=ORIENTED_EDGE('',*,*,#7799,.T.);
#7802=ORIENTED_EDGE('',*,*,#7801,.F.);
#7803=ORIENTED_EDGE('',*,*,#7730,.T.);
#7804=ORIENTED_EDGE('',*,*,#7782,.F.);
#7805=EDGE_LOOP('',(#7798,#7800,#7802,#7803,#7804));
#7806=FACE_OUTER_BOUND('',#7805,.F.);
#7807=ADVANCED_FACE('',(#7806),#7796,.T.);
#7808=CARTESIAN_POINT('',(1.487132034356E1,-1.1E1,1.61252E1));
#7809=DIRECTION('',(0.E0,0.E0,-1.E0));
#7810=DIRECTION('',(0.E0,-1.E0,0.E0));
#7811=AXIS2_PLACEMENT_3D('',#7808,#7809,#7810);
#7812=CYLINDRICAL_SURFACE('',#7811,1.5E0);
#7813=ORIENTED_EDGE('',*,*,#3973,.T.);
#7815=ORIENTED_EDGE('',*,*,#7814,.T.);
#7817=ORIENTED_EDGE('',*,*,#7816,.T.);
#7819=ORIENTED_EDGE('',*,*,#7818,.T.);
#7821=ORIENTED_EDGE('',*,*,#7820,.T.);
#7822=ORIENTED_EDGE('',*,*,#7797,.F.);
#7824=ORIENTED_EDGE('',*,*,#7823,.T.);
#7826=ORIENTED_EDGE('',*,*,#7825,.T.);
#7827=EDGE_LOOP('',(#7813,#7815,#7817,#7819,#7821,#7822,#7824,#7826));
#7828=FACE_OUTER_BOUND('',#7827,.F.);
#7829=ADVANCED_FACE('',(#7828),#7812,.T.);
#7830=CARTESIAN_POINT('',(1.445E1,-1.23E1,1.61252E1));
#7831=DIRECTION('',(0.E0,0.E0,-1.E0));
#7832=DIRECTION('',(0.E0,-1.E0,0.E0));
#7833=AXIS2_PLACEMENT_3D('',#7830,#7831,#7832);
#7834=CYLINDRICAL_SURFACE('',#7833,2.E-1);
#7835=ORIENTED_EDGE('',*,*,#3971,.T.);
#7837=ORIENTED_EDGE('',*,*,#7836,.F.);
#7839=ORIENTED_EDGE('',*,*,#7838,.T.);
#7840=ORIENTED_EDGE('',*,*,#7814,.F.);
#7841=EDGE_LOOP('',(#7835,#7837,#7839,#7840));
#7842=FACE_OUTER_BOUND('',#7841,.F.);
#7843=ADVANCED_FACE('',(#7842),#7834,.T.);
#7844=CARTESIAN_POINT('',(1.425E1,1.25E1,0.E0));
#7845=DIRECTION('',(-1.E0,0.E0,0.E0));
#7846=DIRECTION('',(0.E0,-1.E0,0.E0));
#7847=AXIS2_PLACEMENT_3D('',#7844,#7845,#7846);
#7848=PLANE('',#7847);
#7849=ORIENTED_EDGE('',*,*,#3969,.F.);
#7851=ORIENTED_EDGE('',*,*,#7850,.F.);
#7853=ORIENTED_EDGE('',*,*,#7852,.T.);
#7854=ORIENTED_EDGE('',*,*,#7836,.T.);
#7855=EDGE_LOOP('',(#7849,#7851,#7853,#7854));
#7856=FACE_OUTER_BOUND('',#7855,.F.);
#7857=ADVANCED_FACE('',(#7856),#7848,.T.);
#7858=CARTESIAN_POINT('',(1.445E1,1.23E1,1.61252E1));
#7859=DIRECTION('',(0.E0,0.E0,-1.E0));
#7860=DIRECTION('',(-1.E0,0.E0,0.E0));
#7861=AXIS2_PLACEMENT_3D('',#7858,#7859,#7860);
#7862=CYLINDRICAL_SURFACE('',#7861,2.E-1);
#7863=ORIENTED_EDGE('',*,*,#3967,.T.);
#7864=ORIENTED_EDGE('',*,*,#7552,.F.);
#7866=ORIENTED_EDGE('',*,*,#7865,.T.);
#7867=ORIENTED_EDGE('',*,*,#7850,.T.);
#7868=EDGE_LOOP('',(#7863,#7864,#7866,#7867));
#7869=FACE_OUTER_BOUND('',#7868,.F.);
#7870=ADVANCED_FACE('',(#7869),#7862,.T.);
#7871=CARTESIAN_POINT('',(1.405E1,1.23E1,4.8E0));
#7872=DIRECTION('',(0.E0,-1.E0,0.E0));
#7873=DIRECTION('',(9.970458808888E-1,0.E0,-7.680827691486E-2));
#7874=AXIS2_PLACEMENT_3D('',#7871,#7872,#7873);
#7875=TOROIDAL_SURFACE('',#7874,4.E-1,2.E-1);
#7876=ORIENTED_EDGE('',*,*,#7550,.F.);
#7878=ORIENTED_EDGE('',*,*,#7877,.T.);
#7880=ORIENTED_EDGE('',*,*,#7879,.F.);
#7881=ORIENTED_EDGE('',*,*,#7865,.F.);
#7882=EDGE_LOOP('',(#7876,#7878,#7880,#7881));
#7883=FACE_OUTER_BOUND('',#7882,.F.);
#7884=ADVANCED_FACE('',(#7883),#7875,.T.);
#7885=CARTESIAN_POINT('',(1.405576296554E1,1.200325301663E1,5.000456525953E0));
#7886=CARTESIAN_POINT('',(1.405850169251E1,1.200871671809E1,5.000377813377E0));
#7887=CARTESIAN_POINT('',(1.406749550642E1,1.202667865528E1,4.999934418703E0));
#7888=CARTESIAN_POINT('',(1.408242021018E1,1.205659210925E1,4.998186816687E0));
#7889=CARTESIAN_POINT('',(1.410025105438E1,1.209250809572E1,4.994414029403E0));
#7890=CARTESIAN_POINT('',(1.411736373315E1,1.212714865939E1,4.989157642437E0));
#7891=CARTESIAN_POINT('',(1.413395057030E1,1.216089582313E1,4.982402156835E0));
#7892=CARTESIAN_POINT('',(1.415012517116E1,1.219398087830E1,4.974055686722E0));
#7893=CARTESIAN_POINT('',(1.416595702423E1,1.222655217575E1,4.963949348912E0));
#7894=CARTESIAN_POINT('',(1.418152566816E1,1.225878607952E1,4.951780643628E0));
#7895=CARTESIAN_POINT('',(1.419393291237E1,1.228466134526E1,4.939876455863E0));
#7896=CARTESIAN_POINT('',(1.420105947960E1,1.229961234972E1,4.931845924366E0));
#7897=CARTESIAN_POINT('',(1.420332443918E1,1.230437380604E1,4.929152364799E0));
#7898=CARTESIAN_POINT('',(1.398168368820E1,1.207743137056E1,4.993149640984E0));
#7899=CARTESIAN_POINT('',(1.398431575986E1,1.208288818936E1,4.994082650445E0));
#7900=CARTESIAN_POINT('',(1.399306131614E1,1.210086157005E1,4.996973191192E0));
#7901=CARTESIAN_POINT('',(1.400813323854E1,1.213098135689E1,5.000798339610E0));
#7902=CARTESIAN_POINT('',(1.402707393027E1,1.216746021487E1,5.003662569071E0));
#7903=CARTESIAN_POINT('',(1.404615636263E1,1.220295651389E1,5.004670289147E0));
#7904=CARTESIAN_POINT('',(1.406556435328E1,1.223786426726E1,5.003789500658E0));
#7905=CARTESIAN_POINT('',(1.408544250579E1,1.227244477276E1,5.000861867279E0));
#7906=CARTESIAN_POINT('',(1.410592400515E1,1.230689421238E1,4.995596808815E0));
#7907=CARTESIAN_POINT('',(1.412720052018E1,1.234146493196E1,4.987502189203E0));
#7908=CARTESIAN_POINT('',(1.414521529156E1,1.236968953864E1,4.977998300693E0));
#7909=CARTESIAN_POINT('',(1.415607787901E1,1.238624739749E1,4.970789530277E0));
#7910=CARTESIAN_POINT('',(1.415958705438E1,1.239154822619E1,4.968285287202E0));
#7911=CARTESIAN_POINT('',(1.392204876418E1,1.213620520999E1,5.056654473575E0));
#7912=CARTESIAN_POINT('',(1.392554278852E1,1.214165657545E1,5.058401932260E0));
#7913=CARTESIAN_POINT('',(1.393720380460E1,1.215963902318E1,5.063912457704E0));
#7914=CARTESIAN_POINT('',(1.395757901562E1,1.218992229403E1,5.071767600598E0));
#7915=CARTESIAN_POINT('',(1.398363272825E1,1.222684713278E1,5.078844314207E0));
#7916=CARTESIAN_POINT('',(1.401029434413E1,1.226302145780E1,5.083239249509E0));
#7917=CARTESIAN_POINT('',(1.403780736484E1,1.229884878278E1,5.084901298674E0));
#7918=CARTESIAN_POINT('',(1.406638162080E1,1.233461418054E1,5.083584941027E0));
#7919=CARTESIAN_POINT('',(1.409622741522E1,1.237055173120E1,5.078839717785E0));
#7920=CARTESIAN_POINT('',(1.412765732162E1,1.240697398333E1,5.069910705271E0));
#7921=CARTESIAN_POINT('',(1.415464458225E1,1.243706004662E1,5.058271622346E0));
#7922=CARTESIAN_POINT('',(1.417108945135E1,1.245489106667E1,5.048958941706E0));
#7923=CARTESIAN_POINT('',(1.417642007227E1,1.246061925703E1,5.045677200620E0));
#7924=CARTESIAN_POINT('',(1.390634337320E1,1.215051509960E1,5.159572452638E0));
#7925=CARTESIAN_POINT('',(1.391124178459E1,1.215596513732E1,5.161534401188E0));
#7926=CARTESIAN_POINT('',(1.392754049277E1,1.217394979263E1,5.167655566658E0));
#7927=CARTESIAN_POINT('',(1.395575296772E1,1.220427286755E1,5.176005405725E0));
#7928=CARTESIAN_POINT('',(1.399140599751E1,1.224130629094E1,5.182787300526E0));
#7929=CARTESIAN_POINT('',(1.402750886585E1,1.227764569751E1,5.186017824991E0));
#7930=CARTESIAN_POINT('',(1.406440343888E1,1.231369691408E1,5.185633602065E0));
#7931=CARTESIAN_POINT('',(1.410236675254E1,1.234975080206E1,5.181324299215E0));
#7932=CARTESIAN_POINT('',(1.414166152058E1,1.238605066875E1,5.172520445952E0));
#7933=CARTESIAN_POINT('',(1.418267021705E1,1.242292372054E1,5.158261109225E0));
#7934=CARTESIAN_POINT('',(1.421755867854E1,1.245346299973E1,5.141007038245E0));
#7935=CARTESIAN_POINT('',(1.423867205405E1,1.247160400116E1,5.127705008323E0));
#7936=CARTESIAN_POINT('',(1.424550077649E1,1.247743624289E1,5.123063371555E0));
#7937=(BOUNDED_SURFACE()B_SPLINE_SURFACE(3,3,((#7885,#7886,#7887,#7888,#7889,
#7890,#7891,#7892,#7893,#7894,#7895,#7896,#7897),(#7898,#7899,#7900,#7901,#7902,
#7903,#7904,#7905,#7906,#7907,#7908,#7909,#7910),(#7911,#7912,#7913,#7914,#7915,
#7916,#7917,#7918,#7919,#7920,#7921,#7922,#7923),(#7924,#7925,#7926,#7927,#7928,
#7929,#7930,#7931,#7932,#7933,#7934,#7935,#7936)),.UNSPECIFIED.,.F.,.F.,.F.)B_SPLINE_SURFACE_WITH_KNOTS((4,4),(4,1,1,1,1,1,1,1,1,1,4),(0.E0,1.E0),(
1.752790306200E-2,2.943140299290E-2,5.666373374794E-2,8.280979971230E-2,
1.082694179178E-1,1.334291549677E-1,1.586174093187E-1,1.839818042791E-1,
2.098563003164E-1,2.368674465127E-1,2.498533354061E-1),.UNSPECIFIED.)GEOMETRIC_REPRESENTATION_ITEM()RATIONAL_B_SPLINE_SURFACE(((1.141040625266E0,
1.141040625266E0,1.141040625266E0,1.141040625266E0,1.141040625266E0,
1.141040625266E0,1.141040625266E0,1.141040625266E0,1.141040625266E0,
1.141040625266E0,1.141040625266E0,1.141040625266E0,1.141040625266E0),(
9.529864582446E-1,9.529864582446E-1,9.529864582446E-1,9.529864582446E-1,
9.529864582446E-1,9.529864582446E-1,9.529864582446E-1,9.529864582446E-1,
9.529864582446E-1,9.529864582446E-1,9.529864582446E-1,9.529864582446E-1,
9.529864582446E-1),(9.529864582446E-1,9.529864582446E-1,9.529864582446E-1,
9.529864582446E-1,9.529864582446E-1,9.529864582446E-1,9.529864582446E-1,
9.529864582446E-1,9.529864582446E-1,9.529864582446E-1,9.529864582446E-1,
9.529864582446E-1,9.529864582446E-1),(1.141040625266E0,1.141040625266E0,
1.141040625266E0,1.141040625266E0,1.141040625266E0,1.141040625266E0,
1.141040625266E0,1.141040625266E0,1.141040625266E0,1.141040625266E0,
1.141040625266E0,1.141040625266E0,1.141040625266E0)))REPRESENTATION_ITEM('')SURFACE());
#7938=ORIENTED_EDGE('',*,*,#7548,.F.);
#7939=ORIENTED_EDGE('',*,*,#7531,.F.);
#7941=ORIENTED_EDGE('',*,*,#7940,.F.);
#7942=ORIENTED_EDGE('',*,*,#7877,.F.);
#7943=EDGE_LOOP('',(#7938,#7939,#7941,#7942));
#7944=FACE_OUTER_BOUND('',#7943,.F.);
#7945=ADVANCED_FACE('',(#7944),#7937,.T.);
#7946=CARTESIAN_POINT('',(1.405E1,6.13224E1,4.8E0));
#7947=DIRECTION('',(0.E0,-1.E0,0.E0));
#7948=DIRECTION('',(1.E0,0.E0,0.E0));
#7949=AXIS2_PLACEMENT_3D('',#7946,#7947,#7948);
#7950=CYLINDRICAL_SURFACE('',#7949,2.E-1);
#7951=ORIENTED_EDGE('',*,*,#7852,.F.);
#7952=ORIENTED_EDGE('',*,*,#7879,.T.);
#7953=ORIENTED_EDGE('',*,*,#7940,.T.);
#7954=ORIENTED_EDGE('',*,*,#7498,.T.);
#7956=ORIENTED_EDGE('',*,*,#7955,.T.);
#7958=ORIENTED_EDGE('',*,*,#7957,.T.);
#7959=EDGE_LOOP('',(#7951,#7952,#7953,#7954,#7956,#7958));
#7960=FACE_OUTER_BOUND('',#7959,.F.);
#7961=ADVANCED_FACE('',(#7960),#7950,.F.);
#7962=CARTESIAN_POINT('',(1.390633292370E1,-1.215050332660E1,5.159568544971E0));
#7963=CARTESIAN_POINT('',(1.390680141658E1,-1.215102458515E1,5.159756207731E0));
#7964=CARTESIAN_POINT('',(1.391825377461E1,-1.216375673726E1,5.164316039007E0));
#7965=CARTESIAN_POINT('',(1.394082607345E1,-1.218837740307E1,5.172009942878E0));
#7966=CARTESIAN_POINT('',(1.397488184474E1,-1.222427560793E1,5.180047634742E0));
#7967=CARTESIAN_POINT('',(1.400897013020E1,-1.225910449962E1,5.184746494751E0));
#7968=CARTESIAN_POINT('',(1.404303858801E1,-1.229292293026E1,5.186221187031E0));
#7969=CARTESIAN_POINT('',(1.407704765596E1,-1.232578569580E1,5.184519501226E0));
#7970=CARTESIAN_POINT('',(1.411109482675E1,-1.235786172542E1,5.179592136840E0));
#7971=CARTESIAN_POINT('',(1.414535626062E1,-1.238937033130E1,5.171235662802E0));
#7972=CARTESIAN_POINT('',(1.417997095034E1,-1.242047558443E1,5.159066571620E0));
#7973=CARTESIAN_POINT('',(1.421346709453E1,-1.244991252100E1,5.143227967644E0));
#7974=CARTESIAN_POINT('',(1.423533439565E1,-1.246875206663E1,5.129973939570E0));
#7975=CARTESIAN_POINT('',(1.424550534771E1,-1.247743809611E1,5.123059909150E0));
#7976=CARTESIAN_POINT('',(1.392204120446E1,-1.213619356229E1,5.056650840668E0));
#7977=CARTESIAN_POINT('',(1.392237537751E1,-1.213671494803E1,5.056817984665E0));
#7978=CARTESIAN_POINT('',(1.393054665662E1,-1.214944975464E1,5.060883224559E0));
#7979=CARTESIAN_POINT('',(1.394676367310E1,-1.217405460963E1,5.067929498983E0));
#7980=CARTESIAN_POINT('',(1.397152567551E1,-1.220987305204E1,5.075870701300E0));
#7981=CARTESIAN_POINT('',(1.399657463062E1,-1.224457097142E1,5.081278784663E0));
#7982=CARTESIAN_POINT('',(1.402184945553E1,-1.227821000698E1,5.084220048862E0));
#7983=CARTESIAN_POINT('',(1.404730343247E1,-1.231084634156E1,5.084712037646E0));
#7984=CARTESIAN_POINT('',(1.407299765210E1,-1.234264798999E1,5.082705483362E0));
#7985=CARTESIAN_POINT('',(1.409905944229E1,-1.237383086023E1,5.078035472168E0));
#7986=CARTESIAN_POINT('',(1.412559467955E1,-1.240455387158E1,5.070393172281E0));
#7987=CARTESIAN_POINT('',(1.415147020055E1,-1.243356543904E1,5.059792708004E0));
#7988=CARTESIAN_POINT('',(1.416848390321E1,-1.245209022024E1,5.050563086685E0));
#7989=CARTESIAN_POINT('',(1.417642357542E1,-1.246062131813E1,5.045674637841E0));
#7990=CARTESIAN_POINT('',(1.398167798055E1,-1.207741971201E1,4.993147588084E0));
#7991=CARTESIAN_POINT('',(1.398192971689E1,-1.207794162016E1,4.993236832628E0));
#7992=CARTESIAN_POINT('',(1.398808260837E1,-1.209068732950E1,4.995403913316E0));
#7993=CARTESIAN_POINT('',(1.400017091510E1,-1.211522724542E1,4.998995380328E0));
#7994=CARTESIAN_POINT('',(1.401830640600E1,-1.215071808312E1,5.002545294088E0));
#7995=CARTESIAN_POINT('',(1.403636750449E1,-1.218487806583E1,5.004353928378E0));
#7996=CARTESIAN_POINT('',(1.405433435657E1,-1.221778028008E1,5.004488290635E0));
#7997=CARTESIAN_POINT('',(1.407219214681E1,-1.224948660499E1,5.002979821881E0));
#7998=CARTESIAN_POINT('',(1.408999620429E1,-1.228016129990E1,4.999806942826E0));
#7999=CARTESIAN_POINT('',(1.410784060261E1,-1.231000629082E1,4.994867242086E0));
#8000=CARTESIAN_POINT('',(1.412579768179E1,-1.233915933772E1,4.987966935535E0));
#8001=CARTESIAN_POINT('',(1.414310562017E1,-1.236642380578E1,4.979213549654E0));
#8002=CARTESIAN_POINT('',(1.415436249526E1,-1.238365576923E1,4.972013579835E0));
#8003=CARTESIAN_POINT('',(1.415958917339E1,-1.239155052360E1,4.968283372361E0));
#8004=CARTESIAN_POINT('',(1.405575708121E1,-1.200324129071E1,5.000456657327E0));
#8005=CARTESIAN_POINT('',(1.405601902309E1,-1.200376385820E1,5.000449137504E0));
#8006=CARTESIAN_POINT('',(1.406241416827E1,-1.201652332785E1,5.000252996730E0));
#8007=CARTESIAN_POINT('',(1.407464169300E1,-1.204098128423E1,4.999290636450E0));
#8008=CARTESIAN_POINT('',(1.409209427137E1,-1.207605865235E1,4.996325644466E0));
#8009=CARTESIAN_POINT('',(1.410867398817E1,-1.210953970567E1,4.992005830420E0));
#8010=CARTESIAN_POINT('',(1.412443180355E1,-1.214151197844E1,4.986447631498E0));
#8011=CARTESIAN_POINT('',(1.413940808884E1,-1.217204453901E1,4.979733657944E0));
#8012=CARTESIAN_POINT('',(1.415368590067E1,-1.220129690696E1,4.971883984408E0));
#8013=CARTESIAN_POINT('',(1.416735807845E1,-1.222945336163E1,4.962851784152E0));
#8014=CARTESIAN_POINT('',(1.418047958681E1,-1.225662495786E1,4.952541809716E0));
#8015=CARTESIAN_POINT('',(1.419250904720E1,-1.228168441343E1,4.941331191210E0));
#8016=CARTESIAN_POINT('',(1.419995220995E1,-1.229728471281E1,4.933162598420E0));
#8017=CARTESIAN_POINT('',(1.420332556360E1,-1.230437633860E1,4.929150623616E0));
#8018=(BOUNDED_SURFACE()B_SPLINE_SURFACE(3,3,((#7962,#7963,#7964,#7965,#7966,
#7967,#7968,#7969,#7970,#7971,#7972,#7973,#7974,#7975),(#7976,#7977,#7978,#7979,
#7980,#7981,#7982,#7983,#7984,#7985,#7986,#7987,#7988,#7989),(#7990,#7991,#7992,
#7993,#7994,#7995,#7996,#7997,#7998,#7999,#8000,#8001,#8002,#8003),(#8004,#8005,
#8006,#8007,#8008,#8009,#8010,#8011,#8012,#8013,#8014,#8015,#8016,#8017)),
.UNSPECIFIED.,.F.,.F.,.F.)B_SPLINE_SURFACE_WITH_KNOTS((4,4),(4,1,1,1,1,1,1,1,1,
1,1,4),(0.E0,1.E0),(2.746951896023E-2,2.859661966668E-2,5.499015124062E-2,
8.024319558744E-2,1.045955094725E-1,1.280745082449E-1,1.507942116571E-1,
1.729494020760E-1,1.947885594852E-1,2.165415363671E-1,2.383379369377E-1,
2.574906552629E-1),.UNSPECIFIED.)GEOMETRIC_REPRESENTATION_ITEM()RATIONAL_B_SPLINE_SURFACE(((1.141041036456E0,1.141041036456E0,1.141041036456E0,1.141041036456E0,
1.141041036456E0,1.141041036456E0,1.141041036456E0,1.141041036456E0,
1.141041036456E0,1.141041036456E0,1.141041036456E0,1.141041036456E0,
1.141041036456E0,1.141041036456E0),(9.529863211814E-1,9.529863211814E-1,
9.529863211814E-1,9.529863211814E-1,9.529863211814E-1,9.529863211814E-1,
9.529863211814E-1,9.529863211814E-1,9.529863211814E-1,9.529863211814E-1,
9.529863211814E-1,9.529863211814E-1,9.529863211814E-1,9.529863211814E-1),(
9.529863211814E-1,9.529863211814E-1,9.529863211814E-1,9.529863211814E-1,
9.529863211814E-1,9.529863211814E-1,9.529863211814E-1,9.529863211814E-1,
9.529863211814E-1,9.529863211814E-1,9.529863211814E-1,9.529863211814E-1,
9.529863211814E-1,9.529863211814E-1),(1.141041036456E0,1.141041036456E0,
1.141041036456E0,1.141041036456E0,1.141041036456E0,1.141041036456E0,
1.141041036456E0,1.141041036456E0,1.141041036456E0,1.141041036456E0,
1.141041036456E0,1.141041036456E0,1.141041036456E0,1.141041036456E0)))REPRESENTATION_ITEM('')SURFACE());
#8019=ORIENTED_EDGE('',*,*,#7818,.F.);
#8021=ORIENTED_EDGE('',*,*,#8020,.T.);
#8022=ORIENTED_EDGE('',*,*,#7955,.F.);
#8024=ORIENTED_EDGE('',*,*,#8023,.F.);
#8025=EDGE_LOOP('',(#8019,#8021,#8022,#8024));
#8026=FACE_OUTER_BOUND('',#8025,.F.);
#8027=ADVANCED_FACE('',(#8026),#8018,.T.);
#8028=CARTESIAN_POINT('',(1.405E1,-1.23E1,4.8E0));
#8029=DIRECTION('',(0.E0,-1.E0,0.E0));
#8030=DIRECTION('',(9.967542221350E-1,0.E0,-8.050478654122E-2));
#8031=AXIS2_PLACEMENT_3D('',#8028,#8029,#8030);
#8032=TOROIDAL_SURFACE('',#8031,4.E-1,2.E-1);
#8033=ORIENTED_EDGE('',*,*,#7816,.F.);
#8034=ORIENTED_EDGE('',*,*,#7838,.F.);
#8035=ORIENTED_EDGE('',*,*,#7957,.F.);
#8036=ORIENTED_EDGE('',*,*,#8020,.F.);
#8037=EDGE_LOOP('',(#8033,#8034,#8035,#8036));
#8038=FACE_OUTER_BOUND('',#8037,.F.);
#8039=ADVANCED_FACE('',(#8038),#8032,.T.);
#8040=CARTESIAN_POINT('',(5.8617E1,-5.658415728753E1,5.2E0));
#8041=DIRECTION('',(-7.071067811865E-1,7.071067811865E-1,0.E0));
#8042=DIRECTION('',(0.E0,0.E0,-1.E0));
#8043=AXIS2_PLACEMENT_3D('',#8040,#8041,#8042);
#8044=CYLINDRICAL_SURFACE('',#8043,2.E-1);
#8045=ORIENTED_EDGE('',*,*,#7820,.F.);
#8046=ORIENTED_EDGE('',*,*,#8023,.T.);
#8047=ORIENTED_EDGE('',*,*,#7496,.T.);
#8049=ORIENTED_EDGE('',*,*,#8048,.T.);
#8050=ORIENTED_EDGE('',*,*,#7799,.F.);
#8051=EDGE_LOOP('',(#8045,#8046,#8047,#8049,#8050));
#8052=FACE_OUTER_BOUND('',#8051,.F.);
#8053=ADVANCED_FACE('',(#8052),#8044,.T.);
#8054=CARTESIAN_POINT('',(1.325E1,-8.671572875254E0,5.2E0));
#8055=DIRECTION('',(0.E0,0.E0,-1.E0));
#8056=DIRECTION('',(-7.016494160037E-1,-7.125223484367E-1,0.E0));
#8057=AXIS2_PLACEMENT_3D('',#8054,#8055,#8056);
#8058=TOROIDAL_SURFACE('',#8057,1.8E0,2.E-1);
#8059=ORIENTED_EDGE('',*,*,#7494,.T.);
#8061=ORIENTED_EDGE('',*,*,#8060,.T.);
#8063=ORIENTED_EDGE('',*,*,#8062,.F.);
#8064=ORIENTED_EDGE('',*,*,#8048,.F.);
#8065=EDGE_LOOP('',(#8059,#8061,#8063,#8064));
#8066=FACE_OUTER_BOUND('',#8065,.F.);
#8067=ADVANCED_FACE('',(#8066),#8058,.T.);
#8068=CARTESIAN_POINT('',(1.145E1,-8.693416475254E0,5.2E0));
#8069=DIRECTION('',(0.E0,1.E0,0.E0));
#8070=DIRECTION('',(0.E0,0.E0,-1.E0));
#8071=AXIS2_PLACEMENT_3D('',#8068,#8069,#8070);
#8072=CYLINDRICAL_SURFACE('',#8071,2.E-1);
#8073=ORIENTED_EDGE('',*,*,#7492,.T.);
#8075=ORIENTED_EDGE('',*,*,#8074,.T.);
#8077=ORIENTED_EDGE('',*,*,#8076,.F.);
#8078=ORIENTED_EDGE('',*,*,#8060,.F.);
#8079=EDGE_LOOP('',(#8073,#8075,#8077,#8078));
#8080=FACE_OUTER_BOUND('',#8079,.F.);
#8081=ADVANCED_FACE('',(#8080),#8072,.T.);
#8082=CARTESIAN_POINT('',(1.325E1,8.671572875254E0,5.2E0));
#8083=DIRECTION('',(0.E0,0.E0,-1.E0));
#8084=DIRECTION('',(-9.999704443983E-1,-7.688324254756E-3,0.E0));
#8085=AXIS2_PLACEMENT_3D('',#8082,#8083,#8084);
#8086=TOROIDAL_SURFACE('',#8085,1.8E0,2.E-1);
#8087=ORIENTED_EDGE('',*,*,#7490,.T.);
#8088=ORIENTED_EDGE('',*,*,#7528,.T.);
#8090=ORIENTED_EDGE('',*,*,#8089,.F.);
#8091=ORIENTED_EDGE('',*,*,#8074,.F.);
#8092=EDGE_LOOP('',(#8087,#8088,#8090,#8091));
#8093=FACE_OUTER_BOUND('',#8092,.F.);
#8094=ADVANCED_FACE('',(#8093),#8086,.T.);
#8095=CARTESIAN_POINT('',(1.325E1,8.671572875254E0,1.61252E1));
#8096=DIRECTION('',(0.E0,0.E0,-1.E0));
#8097=DIRECTION('',(-1.E0,0.E0,0.E0));
#8098=AXIS2_PLACEMENT_3D('',#8095,#8096,#8097);
#8099=CYLINDRICAL_SURFACE('',#8098,2.E0);
#8100=ORIENTED_EDGE('',*,*,#7689,.T.);
#8102=ORIENTED_EDGE('',*,*,#8101,.T.);
#8103=ORIENTED_EDGE('',*,*,#8089,.T.);
#8105=ORIENTED_EDGE('',*,*,#8104,.F.);
#8106=EDGE_LOOP('',(#8100,#8102,#8103,#8105));
#8107=FACE_OUTER_BOUND('',#8106,.F.);
#8108=ADVANCED_FACE('',(#8107),#8099,.T.);
#8109=CARTESIAN_POINT('',(1.125E1,9.5E0,7.E0));
#8110=DIRECTION('',(-1.E0,0.E0,0.E0));
#8111=DIRECTION('',(0.E0,-1.E0,0.E0));
#8112=AXIS2_PLACEMENT_3D('',#8109,#8110,#8111);
#8113=PLANE('',#8112);
#8114=ORIENTED_EDGE('',*,*,#7703,.T.);
#8116=ORIENTED_EDGE('',*,*,#8115,.T.);
#8117=ORIENTED_EDGE('',*,*,#8076,.T.);
#8118=ORIENTED_EDGE('',*,*,#8101,.F.);
#8119=EDGE_LOOP('',(#8114,#8116,#8117,#8118));
#8120=FACE_OUTER_BOUND('',#8119,.F.);
#8121=ADVANCED_FACE('',(#8120),#8113,.T.);
#8122=CARTESIAN_POINT('',(1.325E1,-8.671572875254E0,1.61252E1));
#8123=DIRECTION('',(0.E0,0.E0,-1.E0));
#8124=DIRECTION('',(-7.071067811865E-1,-7.071067811865E-1,0.E0));
#8125=AXIS2_PLACEMENT_3D('',#8122,#8123,#8124);
#8126=CYLINDRICAL_SURFACE('',#8125,2.E0);
#8127=ORIENTED_EDGE('',*,*,#7717,.T.);
#8128=ORIENTED_EDGE('',*,*,#7801,.T.);
#8129=ORIENTED_EDGE('',*,*,#8062,.T.);
#8130=ORIENTED_EDGE('',*,*,#8115,.F.);
#8131=EDGE_LOOP('',(#8127,#8128,#8129,#8130));
#8132=FACE_OUTER_BOUND('',#8131,.F.);
#8133=ADVANCED_FACE('',(#8132),#8126,.T.);
#8134=CARTESIAN_POINT('',(1.425E1,1.25E1,7.E0));
#8135=DIRECTION('',(-7.071067811865E-1,7.071067811865E-1,0.E0));
#8136=DIRECTION('',(-7.071067811865E-1,-7.071067811865E-1,0.E0));
#8137=AXIS2_PLACEMENT_3D('',#8134,#8135,#8136);
#8138=PLANE('',#8137);
#8139=ORIENTED_EDGE('',*,*,#7545,.T.);
#8140=ORIENTED_EDGE('',*,*,#7660,.F.);
#8141=ORIENTED_EDGE('',*,*,#7676,.T.);
#8142=ORIENTED_EDGE('',*,*,#8104,.T.);
#8143=ORIENTED_EDGE('',*,*,#7526,.T.);
#8144=EDGE_LOOP('',(#8139,#8140,#8141,#8142,#8143));
#8145=FACE_OUTER_BOUND('',#8144,.F.);
#8146=ADVANCED_FACE('',(#8145),#8138,.T.);
#8147=CARTESIAN_POINT('',(1.487406009429E1,-1.249966281844E1,5.481792789063E0));
#8148=CARTESIAN_POINT('',(1.487031948136E1,-1.249966914001E1,5.485035315418E0));
#8149=CARTESIAN_POINT('',(1.480665925397E1,-1.249954009695E1,5.540219808837E0));
#8150=CARTESIAN_POINT('',(1.468747319345E1,-1.249173635267E1,5.643571395177E0));
#8151=CARTESIAN_POINT('',(1.451937418988E1,-1.246095016011E1,5.789426484997E0));
#8152=CARTESIAN_POINT('',(1.436189545589E1,-1.241360910330E1,5.926146720064E0));
#8153=CARTESIAN_POINT('',(1.421164391696E1,-1.235003399291E1,6.056667707484E0));
#8154=CARTESIAN_POINT('',(1.406787404899E1,-1.226993397381E1,6.181630752906E0));
#8155=CARTESIAN_POINT('',(1.393148342907E1,-1.217270047239E1,6.300251118565E0));
#8156=CARTESIAN_POINT('',(1.384313844526E1,-1.209331844693E1,6.377132539866E0));
#8157=CARTESIAN_POINT('',(1.380006205583E1,-1.204947217676E1,6.414631171772E0));
#8158=CARTESIAN_POINT('',(1.379709793744E1,-1.204642930996E1,6.417211535427E0));
#8159=CARTESIAN_POINT('',(1.493238521081E1,-1.250417890251E1,5.540084115990E0));
#8160=CARTESIAN_POINT('',(1.492863383930E1,-1.250433069609E1,5.543326060224E0));
#8161=CARTESIAN_POINT('',(1.486477677329E1,-1.250667678691E1,5.598505452186E0));
#8162=CARTESIAN_POINT('',(1.474478110319E1,-1.250348467511E1,5.701996119269E0));
#8163=CARTESIAN_POINT('',(1.457438858693E1,-1.247900559360E1,5.848434226262E0));
#8164=CARTESIAN_POINT('',(1.441369469457E1,-1.243726347449E1,5.986074386784E0));
#8165=CARTESIAN_POINT('',(1.425933364215E1,-1.237859262335E1,6.117858465816E0));
#8166=CARTESIAN_POINT('',(1.411057286797E1,-1.230258631672E1,6.244448567154E0));
#8167=CARTESIAN_POINT('',(1.396833505946E1,-1.220840663595E1,6.365086477964E0));
#8168=CARTESIAN_POINT('',(1.387540754464E1,-1.213022137273E1,6.443641615069E0));
#8169=CARTESIAN_POINT('',(1.382987580838E1,-1.208667023958E1,6.482066704343E0));
#8170=CARTESIAN_POINT('',(1.382674165560E1,-1.208364621960E1,6.484711376696E0));
#8171=CARTESIAN_POINT('',(1.498264623952E1,-1.246250983046E1,5.590656914890E0));
#8172=CARTESIAN_POINT('',(1.497899923996E1,-1.246278699849E1,5.593898354083E0));
#8173=CARTESIAN_POINT('',(1.491690658332E1,-1.246727346248E1,5.649073320087E0));
#8174=CARTESIAN_POINT('',(1.479983354989E1,-1.246829907299E1,5.752684651818E0));
#8175=CARTESIAN_POINT('',(1.463256903324E1,-1.245019951472E1,5.899628576945E0));
#8176=CARTESIAN_POINT('',(1.447388491045E1,-1.241472866642E1,6.038066852856E0));
#8177=CARTESIAN_POINT('',(1.432054205230E1,-1.236222273424E1,6.170946773782E0));
#8178=CARTESIAN_POINT('',(1.417184173855E1,-1.229218381867E1,6.298948487721E0));
#8179=CARTESIAN_POINT('',(1.402870105815E1,-1.220359452965E1,6.421336794527E0));
#8180=CARTESIAN_POINT('',(1.393450241625E1,-1.212885429143E1,6.501344025745E0));
#8181=CARTESIAN_POINT('',(1.388816018195E1,-1.208689017804E1,6.540572897412E0));
#8182=CARTESIAN_POINT('',(1.388496932584E1,-1.208397488340E1,6.543273363156E0));
#8183=CARTESIAN_POINT('',(1.500820511315E1,-1.238844944696E1,5.616769912230E0));
#8184=CARTESIAN_POINT('',(1.500474306550E1,-1.238879038880E1,5.620011090647E0));
#8185=CARTESIAN_POINT('',(1.494579198821E1,-1.239437393073E1,5.675183771331E0));
#8186=CARTESIAN_POINT('',(1.483440634805E1,-1.239782714745E1,5.778857407615E0));
#8187=CARTESIAN_POINT('',(1.467465587170E1,-1.238406769083E1,5.926062509262E0));
#8188=CARTESIAN_POINT('',(1.452254114604E1,-1.235346444786E1,6.064912887833E0));
#8189=CARTESIAN_POINT('',(1.437500713387E1,-1.230634330173E1,6.198358640929E0));
#8190=CARTESIAN_POINT('',(1.423139863277E1,-1.224217005148E1,6.327089233571E0));
#8191=CARTESIAN_POINT('',(1.409259827772E1,-1.215985712026E1,6.450381348095E0));
#8192=CARTESIAN_POINT('',(1.400086069788E1,-1.208966975227E1,6.531138360432E0));
#8193=CARTESIAN_POINT('',(1.395562111604E1,-1.205005918522E1,6.570782260887E0));
#8194=CARTESIAN_POINT('',(1.395250565836E1,-1.204730650275E1,6.573511535254E0));
#8195=(BOUNDED_SURFACE()B_SPLINE_SURFACE(3,3,((#8147,#8148,#8149,#8150,#8151,
#8152,#8153,#8154,#8155,#8156,#8157,#8158),(#8159,#8160,#8161,#8162,#8163,#8164,
#8165,#8166,#8167,#8168,#8169,#8170),(#8171,#8172,#8173,#8174,#8175,#8176,#8177,
#8178,#8179,#8180,#8181,#8182),(#8183,#8184,#8185,#8186,#8187,#8188,#8189,#8190,
#8191,#8192,#8193,#8194)),.UNSPECIFIED.,.F.,.F.,.F.)B_SPLINE_SURFACE_WITH_KNOTS(
(4,4),(4,1,1,1,1,1,1,1,1,4),(0.E0,1.E0),(-9.938698559976E-3,0.E0,
1.592255348051E-1,3.074831354145E-1,4.512313394831E-1,5.887259040598E-1,
7.269117336170E-1,8.657253201125E-1,1.E0,1.009956135932E0),.UNSPECIFIED.)GEOMETRIC_REPRESENTATION_ITEM()RATIONAL_B_SPLINE_SURFACE(((1.090225171461E0,
1.090225171461E0,1.090225171461E0,1.090225171461E0,1.090225171461E0,
1.090225171461E0,1.090225171461E0,1.090225171461E0,1.090225171461E0,
1.090225171461E0,1.090225171461E0,1.090225171461E0),(9.699249428462E-1,
9.699249428462E-1,9.699249428462E-1,9.699249428462E-1,9.699249428462E-1,
9.699249428462E-1,9.699249428462E-1,9.699249428462E-1,9.699249428462E-1,
9.699249428462E-1,9.699249428462E-1,9.699249428462E-1),(9.699249428462E-1,
9.699249428462E-1,9.699249428462E-1,9.699249428462E-1,9.699249428462E-1,
9.699249428462E-1,9.699249428462E-1,9.699249428462E-1,9.699249428462E-1,
9.699249428462E-1,9.699249428462E-1,9.699249428462E-1),(1.090225171461E0,
1.090225171461E0,1.090225171461E0,1.090225171461E0,1.090225171461E0,
1.090225171461E0,1.090225171461E0,1.090225171461E0,1.090225171461E0,
1.090225171461E0,1.090225171461E0,1.090225171461E0)))REPRESENTATION_ITEM('')SURFACE());
#8196=ORIENTED_EDGE('',*,*,#7787,.T.);
#8198=ORIENTED_EDGE('',*,*,#8197,.F.);
#8199=ORIENTED_EDGE('',*,*,#7823,.F.);
#8200=EDGE_LOOP('',(#8196,#8198,#8199));
#8201=FACE_OUTER_BOUND('',#8200,.F.);
#8202=ADVANCED_FACE('',(#8201),#8195,.T.);
#8203=CARTESIAN_POINT('',(5.8617E1,-1.1E1,5.5E0));
#8204=DIRECTION('',(-1.E0,0.E0,0.E0));
#8205=DIRECTION('',(0.E0,-1.E0,0.E0));
#8206=AXIS2_PLACEMENT_3D('',#8203,#8204,#8205);
#8207=CYLINDRICAL_SURFACE('',#8206,1.5E0);
#8208=ORIENTED_EDGE('',*,*,#3903,.F.);
#8209=ORIENTED_EDGE('',*,*,#6560,.T.);
#8211=ORIENTED_EDGE('',*,*,#8210,.T.);
#8212=ORIENTED_EDGE('',*,*,#8197,.T.);
#8213=ORIENTED_EDGE('',*,*,#7785,.T.);
#8214=EDGE_LOOP('',(#8208,#8209,#8211,#8212,#8213));
#8215=FACE_OUTER_BOUND('',#8214,.F.);
#8216=ADVANCED_FACE('',(#8215),#8207,.T.);
#8217=CARTESIAN_POINT('',(1.425E1,-1.25E1,0.E0));
#8218=DIRECTION('',(0.E0,-1.E0,0.E0));
#8219=DIRECTION('',(1.E0,0.E0,0.E0));
#8220=AXIS2_PLACEMENT_3D('',#8217,#8218,#8219);
#8221=PLANE('',#8220);
#8222=ORIENTED_EDGE('',*,*,#6574,.F.);
#8223=ORIENTED_EDGE('',*,*,#6589,.F.);
#8224=ORIENTED_EDGE('',*,*,#3975,.F.);
#8225=ORIENTED_EDGE('',*,*,#7825,.F.);
#8226=ORIENTED_EDGE('',*,*,#8210,.F.);
#8227=EDGE_LOOP('',(#8222,#8223,#8224,#8225,#8226));
#8228=FACE_OUTER_BOUND('',#8227,.F.);
#8229=ADVANCED_FACE('',(#8228),#8221,.T.);
#8230=CARTESIAN_POINT('',(-1.325E1,-8.671572875254E0,5.2E0));
#8231=DIRECTION('',(0.E0,0.E0,-1.E0));
#8232=DIRECTION('',(9.999704443983E-1,7.688324254756E-3,0.E0));
#8233=AXIS2_PLACEMENT_3D('',#8230,#8231,#8232);
#8234=TOROIDAL_SURFACE('',#8233,1.8E0,2.E-1);
#8235=ORIENTED_EDGE('',*,*,#7509,.T.);
#8236=ORIENTED_EDGE('',*,*,#7406,.T.);
#8237=ORIENTED_EDGE('',*,*,#7436,.F.);
#8239=ORIENTED_EDGE('',*,*,#8238,.F.);
#8240=EDGE_LOOP('',(#8235,#8236,#8237,#8239));
#8241=FACE_OUTER_BOUND('',#8240,.F.);
#8242=ADVANCED_FACE('',(#8241),#8234,.T.);
#8243=CARTESIAN_POINT('',(-1.145E1,8.693416475254E0,5.2E0));
#8244=DIRECTION('',(0.E0,-1.E0,0.E0));
#8245=DIRECTION('',(0.E0,0.E0,-1.E0));
#8246=AXIS2_PLACEMENT_3D('',#8243,#8244,#8245);
#8247=CYLINDRICAL_SURFACE('',#8246,2.E-1);
#8248=ORIENTED_EDGE('',*,*,#7511,.T.);
#8249=ORIENTED_EDGE('',*,*,#8238,.T.);
#8250=ORIENTED_EDGE('',*,*,#7450,.F.);
#8251=ORIENTED_EDGE('',*,*,#7476,.F.);
#8252=EDGE_LOOP('',(#8248,#8249,#8250,#8251));
#8253=FACE_OUTER_BOUND('',#8252,.F.);
#8254=ADVANCED_FACE('',(#8253),#8247,.T.);
#8255=CARTESIAN_POINT('',(-5.8617E1,1.1E1,5.5E0));
#8256=DIRECTION('',(1.E0,0.E0,0.E0));
#8257=DIRECTION('',(0.E0,1.E0,0.E0));
#8258=AXIS2_PLACEMENT_3D('',#8255,#8256,#8257);
#8259=CYLINDRICAL_SURFACE('',#8258,1.5E0);
#8260=ORIENTED_EDGE('',*,*,#3879,.F.);
#8261=ORIENTED_EDGE('',*,*,#6843,.T.);
#8262=ORIENTED_EDGE('',*,*,#6872,.T.);
#8264=ORIENTED_EDGE('',*,*,#8263,.T.);
#8265=ORIENTED_EDGE('',*,*,#7190,.T.);
#8266=EDGE_LOOP('',(#8260,#8261,#8262,#8264,#8265));
#8267=FACE_OUTER_BOUND('',#8266,.F.);
#8268=ADVANCED_FACE('',(#8267),#8259,.T.);
#8269=CARTESIAN_POINT('',(-1.487406009429E1,1.249966281844E1,5.481792789063E0));
#8270=CARTESIAN_POINT('',(-1.487031948136E1,1.249966914001E1,5.485035315418E0));
#8271=CARTESIAN_POINT('',(-1.480665925397E1,1.249954009695E1,5.540219808837E0));
#8272=CARTESIAN_POINT('',(-1.468747319345E1,1.249173635267E1,5.643571395177E0));
#8273=CARTESIAN_POINT('',(-1.451937418988E1,1.246095016011E1,5.789426484997E0));
#8274=CARTESIAN_POINT('',(-1.436189545589E1,1.241360910330E1,5.926146720065E0));
#8275=CARTESIAN_POINT('',(-1.421164391696E1,1.235003399291E1,6.056667707484E0));
#8276=CARTESIAN_POINT('',(-1.406787404899E1,1.226993397381E1,6.181630752906E0));
#8277=CARTESIAN_POINT('',(-1.393148342907E1,1.217270047239E1,6.300251118565E0));
#8278=CARTESIAN_POINT('',(-1.384313844526E1,1.209331844693E1,6.377132539866E0));
#8279=CARTESIAN_POINT('',(-1.380006205583E1,1.204947217676E1,6.414631171772E0));
#8280=CARTESIAN_POINT('',(-1.379709793744E1,1.204642930996E1,6.417211535427E0));
#8281=CARTESIAN_POINT('',(-1.493238521081E1,1.250417890251E1,5.540084115990E0));
#8282=CARTESIAN_POINT('',(-1.492863383930E1,1.250433069609E1,5.543326060224E0));
#8283=CARTESIAN_POINT('',(-1.486477677329E1,1.250667678691E1,5.598505452186E0));
#8284=CARTESIAN_POINT('',(-1.474478110319E1,1.250348467511E1,5.701996119269E0));
#8285=CARTESIAN_POINT('',(-1.457438858693E1,1.247900559360E1,5.848434226262E0));
#8286=CARTESIAN_POINT('',(-1.441369469457E1,1.243726347449E1,5.986074386784E0));
#8287=CARTESIAN_POINT('',(-1.425933364215E1,1.237859262335E1,6.117858465816E0));
#8288=CARTESIAN_POINT('',(-1.411057286797E1,1.230258631672E1,6.244448567154E0));
#8289=CARTESIAN_POINT('',(-1.396833505946E1,1.220840663595E1,6.365086477964E0));
#8290=CARTESIAN_POINT('',(-1.387540754464E1,1.213022137273E1,6.443641615069E0));
#8291=CARTESIAN_POINT('',(-1.382987580838E1,1.208667023958E1,6.482066704343E0));
#8292=CARTESIAN_POINT('',(-1.382674165560E1,1.208364621960E1,6.484711376696E0));
#8293=CARTESIAN_POINT('',(-1.498264623952E1,1.246250983046E1,5.590656914890E0));
#8294=CARTESIAN_POINT('',(-1.497899923996E1,1.246278699849E1,5.593898354083E0));
#8295=CARTESIAN_POINT('',(-1.491690658332E1,1.246727346248E1,5.649073320087E0));
#8296=CARTESIAN_POINT('',(-1.479983354989E1,1.246829907299E1,5.752684651818E0));
#8297=CARTESIAN_POINT('',(-1.463256903324E1,1.245019951472E1,5.899628576945E0));
#8298=CARTESIAN_POINT('',(-1.447388491045E1,1.241472866642E1,6.038066852856E0));
#8299=CARTESIAN_POINT('',(-1.432054205230E1,1.236222273424E1,6.170946773782E0));
#8300=CARTESIAN_POINT('',(-1.417184173855E1,1.229218381867E1,6.298948487721E0));
#8301=CARTESIAN_POINT('',(-1.402870105815E1,1.220359452965E1,6.421336794527E0));
#8302=CARTESIAN_POINT('',(-1.393450241625E1,1.212885429143E1,6.501344025745E0));
#8303=CARTESIAN_POINT('',(-1.388816018195E1,1.208689017804E1,6.540572897412E0));
#8304=CARTESIAN_POINT('',(-1.388496932584E1,1.208397488340E1,6.543273363156E0));
#8305=CARTESIAN_POINT('',(-1.500820511315E1,1.238844944696E1,5.616769912230E0));
#8306=CARTESIAN_POINT('',(-1.500474306550E1,1.238879038880E1,5.620011090648E0));
#8307=CARTESIAN_POINT('',(-1.494579198821E1,1.239437393073E1,5.675183771331E0));
#8308=CARTESIAN_POINT('',(-1.483440634805E1,1.239782714745E1,5.778857407615E0));
#8309=CARTESIAN_POINT('',(-1.467465587170E1,1.238406769083E1,5.926062509262E0));
#8310=CARTESIAN_POINT('',(-1.452254114604E1,1.235346444786E1,6.064912887833E0));
#8311=CARTESIAN_POINT('',(-1.437500713387E1,1.230634330173E1,6.198358640929E0));
#8312=CARTESIAN_POINT('',(-1.423139863277E1,1.224217005148E1,6.327089233571E0));
#8313=CARTESIAN_POINT('',(-1.409259827772E1,1.215985712026E1,6.450381348095E0));
#8314=CARTESIAN_POINT('',(-1.400086069788E1,1.208966975227E1,6.531138360432E0));
#8315=CARTESIAN_POINT('',(-1.395562111604E1,1.205005918522E1,6.570782260887E0));
#8316=CARTESIAN_POINT('',(-1.395250565836E1,1.204730650275E1,6.573511535254E0));
#8317=(BOUNDED_SURFACE()B_SPLINE_SURFACE(3,3,((#8269,#8270,#8271,#8272,#8273,
#8274,#8275,#8276,#8277,#8278,#8279,#8280),(#8281,#8282,#8283,#8284,#8285,#8286,
#8287,#8288,#8289,#8290,#8291,#8292),(#8293,#8294,#8295,#8296,#8297,#8298,#8299,
#8300,#8301,#8302,#8303,#8304),(#8305,#8306,#8307,#8308,#8309,#8310,#8311,#8312,
#8313,#8314,#8315,#8316)),.UNSPECIFIED.,.F.,.F.,.F.)B_SPLINE_SURFACE_WITH_KNOTS(
(4,4),(4,1,1,1,1,1,1,1,1,4),(0.E0,1.E0),(-9.938698559974E-3,0.E0,
1.592255348051E-1,3.074831354145E-1,4.512313394831E-1,5.887259040599E-1,
7.269117336170E-1,8.657253201125E-1,1.E0,1.009956135932E0),.UNSPECIFIED.)GEOMETRIC_REPRESENTATION_ITEM()RATIONAL_B_SPLINE_SURFACE(((1.090225171461E0,
1.090225171461E0,1.090225171461E0,1.090225171461E0,1.090225171461E0,
1.090225171461E0,1.090225171461E0,1.090225171461E0,1.090225171461E0,
1.090225171461E0,1.090225171461E0,1.090225171461E0),(9.699249428462E-1,
9.699249428462E-1,9.699249428462E-1,9.699249428462E-1,9.699249428462E-1,
9.699249428462E-1,9.699249428462E-1,9.699249428462E-1,9.699249428462E-1,
9.699249428462E-1,9.699249428462E-1,9.699249428462E-1),(9.699249428462E-1,
9.699249428462E-1,9.699249428462E-1,9.699249428462E-1,9.699249428462E-1,
9.699249428462E-1,9.699249428462E-1,9.699249428462E-1,9.699249428462E-1,
9.699249428462E-1,9.699249428462E-1,9.699249428462E-1),(1.090225171461E0,
1.090225171461E0,1.090225171461E0,1.090225171461E0,1.090225171461E0,
1.090225171461E0,1.090225171461E0,1.090225171461E0,1.090225171461E0,
1.090225171461E0,1.090225171461E0,1.090225171461E0)))REPRESENTATION_ITEM('')SURFACE());
#8318=ORIENTED_EDGE('',*,*,#7192,.T.);
#8319=ORIENTED_EDGE('',*,*,#8263,.F.);
#8320=ORIENTED_EDGE('',*,*,#6893,.F.);
#8321=EDGE_LOOP('',(#8318,#8319,#8320));
#8322=FACE_OUTER_BOUND('',#8321,.F.);
#8323=ADVANCED_FACE('',(#8322),#8317,.T.);
#8324=CARTESIAN_POINT('',(-5.8617E1,2.46E1,-8.6E0));
#8325=DIRECTION('',(1.E0,0.E0,0.E0));
#8326=DIRECTION('',(0.E0,0.E0,-1.E0));
#8327=AXIS2_PLACEMENT_3D('',#8324,#8325,#8326);
#8328=CYLINDRICAL_SURFACE('',#8327,4.E-1);
#8329=ORIENTED_EDGE('',*,*,#4875,.T.);
#8330=ORIENTED_EDGE('',*,*,#6248,.T.);
#8331=ORIENTED_EDGE('',*,*,#5202,.F.);
#8332=ORIENTED_EDGE('',*,*,#5550,.T.);
#8333=EDGE_LOOP('',(#8329,#8330,#8331,#8332));
#8334=FACE_OUTER_BOUND('',#8333,.F.);
#8335=ADVANCED_FACE('',(#8334),#8328,.T.);
#8336=CARTESIAN_POINT('',(4.4E0,9.018E1,-6.4E0));
#8337=DIRECTION('',(0.E0,-1.E0,0.E0));
#8338=DIRECTION('',(0.E0,0.E0,1.E0));
#8339=AXIS2_PLACEMENT_3D('',#8336,#8337,#8338);
#8340=CYLINDRICAL_SURFACE('',#8339,4.E-1);
#8341=ORIENTED_EDGE('',*,*,#5535,.F.);
#8343=ORIENTED_EDGE('',*,*,#8342,.F.);
#8344=ORIENTED_EDGE('',*,*,#4715,.T.);
#8345=ORIENTED_EDGE('',*,*,#5508,.T.);
#8346=EDGE_LOOP('',(#8341,#8343,#8344,#8345));
#8347=FACE_OUTER_BOUND('',#8346,.F.);
#8348=ADVANCED_FACE('',(#8347),#8340,.T.);
#8349=CARTESIAN_POINT('',(5.8617E1,2.46E1,-6.4E0));
#8350=DIRECTION('',(-1.E0,0.E0,0.E0));
#8351=DIRECTION('',(0.E0,0.E0,1.E0));
#8352=AXIS2_PLACEMENT_3D('',#8349,#8350,#8351);
#8353=CYLINDRICAL_SURFACE('',#8352,4.E-1);
#8354=ORIENTED_EDGE('',*,*,#4709,.T.);
#8355=ORIENTED_EDGE('',*,*,#8342,.T.);
#8356=ORIENTED_EDGE('',*,*,#5198,.F.);
#8358=ORIENTED_EDGE('',*,*,#8357,.F.);
#8359=EDGE_LOOP('',(#8354,#8355,#8356,#8358));
#8360=FACE_OUTER_BOUND('',#8359,.F.);
#8361=ADVANCED_FACE('',(#8360),#8353,.T.);
#8362=CARTESIAN_POINT('',(1.315E1,2.46E1,-2.985760003360E1));
#8363=DIRECTION('',(0.E0,0.E0,1.E0));
#8364=DIRECTION('',(0.E0,1.E0,0.E0));
#8365=AXIS2_PLACEMENT_3D('',#8362,#8363,#8364);
#8366=CYLINDRICAL_SURFACE('',#8365,4.E-1);
#8367=ORIENTED_EDGE('',*,*,#5196,.T.);
#8368=ORIENTED_EDGE('',*,*,#5431,.T.);
#8370=ORIENTED_EDGE('',*,*,#8369,.F.);
#8371=ORIENTED_EDGE('',*,*,#8357,.T.);
#8372=EDGE_LOOP('',(#8367,#8368,#8370,#8371));
#8373=FACE_OUTER_BOUND('',#8372,.F.);
#8374=ADVANCED_FACE('',(#8373),#8366,.T.);
#8375=CARTESIAN_POINT('',(1.275E1,1.3E1,-3.E0));
#8376=DIRECTION('',(-1.E0,0.E0,0.E0));
#8377=DIRECTION('',(0.E0,1.E0,0.E0));
#8378=AXIS2_PLACEMENT_3D('',#8375,#8376,#8377);
#8379=PLANE('',#8378);
#8380=ORIENTED_EDGE('',*,*,#4711,.T.);
#8381=ORIENTED_EDGE('',*,*,#8369,.T.);
#8382=ORIENTED_EDGE('',*,*,#5444,.F.);
#8384=ORIENTED_EDGE('',*,*,#8383,.F.);
#8385=EDGE_LOOP('',(#8380,#8381,#8382,#8384));
#8386=FACE_OUTER_BOUND('',#8385,.F.);
#8387=ADVANCED_FACE('',(#8386),#8379,.T.);
#8388=CARTESIAN_POINT('',(1.315E1,1.34E1,-2.985760003360E1));
#8389=DIRECTION('',(0.E0,0.E0,1.E0));
#8390=DIRECTION('',(-1.E0,0.E0,0.E0));
#8391=AXIS2_PLACEMENT_3D('',#8388,#8389,#8390);
#8392=CYLINDRICAL_SURFACE('',#8391,4.E-1);
#8393=ORIENTED_EDGE('',*,*,#8383,.T.);
#8394=ORIENTED_EDGE('',*,*,#5457,.T.);
#8395=ORIENTED_EDGE('',*,*,#5471,.F.);
#8396=ORIENTED_EDGE('',*,*,#5495,.F.);
#8397=EDGE_LOOP('',(#8393,#8394,#8395,#8396));
#8398=FACE_OUTER_BOUND('',#8397,.F.);
#8399=ADVANCED_FACE('',(#8398),#8392,.T.);
#8400=CARTESIAN_POINT('',(1.235E1,-9.018E1,-3.4E0));
#8401=DIRECTION('',(0.E0,1.E0,0.E0));
#8402=DIRECTION('',(0.E0,0.E0,1.E0));
#8403=AXIS2_PLACEMENT_3D('',#8400,#8401,#8402);
#8404=CYLINDRICAL_SURFACE('',#8403,4.E-1);
#8405=ORIENTED_EDGE('',*,*,#5066,.F.);
#8406=ORIENTED_EDGE('',*,*,#4622,.T.);
#8407=ORIENTED_EDGE('',*,*,#4651,.T.);
#8409=ORIENTED_EDGE('',*,*,#8408,.T.);
#8410=EDGE_LOOP('',(#8405,#8406,#8407,#8409));
#8411=FACE_OUTER_BOUND('',#8410,.F.);
#8412=ADVANCED_FACE('',(#8411),#8404,.F.);
#8413=CARTESIAN_POINT('',(1.235E1,-1.34E1,-3.4E0));
#8414=DIRECTION('',(0.E0,1.E0,0.E0));
#8415=DIRECTION('',(-7.077664394356E-1,0.E0,-7.064465069690E-1));
#8416=AXIS2_PLACEMENT_3D('',#8413,#8414,#8415);
#8417=TOROIDAL_SURFACE('',#8416,8.E-1,4.E-1);
#8418=ORIENTED_EDGE('',*,*,#5019,.F.);
#8419=ORIENTED_EDGE('',*,*,#5068,.F.);
#8420=ORIENTED_EDGE('',*,*,#8408,.F.);
#8422=ORIENTED_EDGE('',*,*,#8421,.F.);
#8423=EDGE_LOOP('',(#8418,#8419,#8420,#8422));
#8424=FACE_OUTER_BOUND('',#8423,.F.);
#8425=ADVANCED_FACE('',(#8424),#8417,.T.);
#8426=CARTESIAN_POINT('',(1.315E1,-1.34E1,-2.985760003360E1));
#8427=DIRECTION('',(0.E0,0.E0,1.E0));
#8428=DIRECTION('',(0.E0,1.E0,0.E0));
#8429=AXIS2_PLACEMENT_3D('',#8426,#8427,#8428);
#8430=CYLINDRICAL_SURFACE('',#8429,4.E-1);
#8431=ORIENTED_EDGE('',*,*,#5021,.T.);
#8432=ORIENTED_EDGE('',*,*,#8421,.T.);
#8433=ORIENTED_EDGE('',*,*,#4649,.F.);
#8434=ORIENTED_EDGE('',*,*,#4730,.T.);
#8435=EDGE_LOOP('',(#8431,#8432,#8433,#8434));
#8436=FACE_OUTER_BOUND('',#8435,.F.);
#8437=ADVANCED_FACE('',(#8436),#8430,.T.);
#8438=CARTESIAN_POINT('',(-5.8617E1,-2.46E1,-8.6E0));
#8439=DIRECTION('',(1.E0,0.E0,0.E0));
#8440=DIRECTION('',(0.E0,-1.E0,0.E0));
#8441=AXIS2_PLACEMENT_3D('',#8438,#8439,#8440);
#8442=CYLINDRICAL_SURFACE('',#8441,4.E-1);
#8443=ORIENTED_EDGE('',*,*,#4586,.T.);
#8444=ORIENTED_EDGE('',*,*,#4932,.T.);
#8445=ORIENTED_EDGE('',*,*,#4825,.F.);
#8447=ORIENTED_EDGE('',*,*,#8446,.T.);
#8448=EDGE_LOOP('',(#8443,#8444,#8445,#8447));
#8449=FACE_OUTER_BOUND('',#8448,.F.);
#8450=ADVANCED_FACE('',(#8449),#8442,.T.);
#8451=CARTESIAN_POINT('',(4.4E0,-2.46E1,-8.6E0));
#8452=DIRECTION('',(-7.071067811865E-1,0.E0,7.071067811865E-1));
#8453=DIRECTION('',(-7.071067811865E-1,0.E0,-7.071067811865E-1));
#8454=AXIS2_PLACEMENT_3D('',#8451,#8452,#8453);
#8455=SPHERICAL_SURFACE('',#8454,4.E-1);
#8456=ORIENTED_EDGE('',*,*,#4783,.F.);
#8457=ORIENTED_EDGE('',*,*,#8446,.F.);
#8458=ORIENTED_EDGE('',*,*,#4812,.F.);
#8459=EDGE_LOOP('',(#8456,#8457,#8458));
#8460=FACE_OUTER_BOUND('',#8459,.F.);
#8461=ADVANCED_FACE('',(#8460),#8455,.T.);
#8465=DIMENSIONAL_EXPONENTS(0.E0,0.E0,0.E0,0.E0,0.E0,0.E0,0.E0);
#8467=PLANE_ANGLE_MEASURE_WITH_UNIT(PLANE_ANGLE_MEASURE(1.745329251994E-2),
#8466);
#8468=(CONVERSION_BASED_UNIT('DEGREE',#8467)NAMED_UNIT(*)PLANE_ANGLE_UNIT());
#8470=UNCERTAINTY_MEASURE_WITH_UNIT(LENGTH_MEASURE(1.E-3),#8464,'closure',
'Maximum model space distance between geometric entities at asserted connectivities');
#8471=(GEOMETRIC_REPRESENTATION_CONTEXT(3)GLOBAL_UNCERTAINTY_ASSIGNED_CONTEXT((
#8470))GLOBAL_UNIT_ASSIGNED_CONTEXT((#8464,#8468,#8469))REPRESENTATION_CONTEXT(
'ID1','3'));
#8473=APPLICATION_CONTEXT(
'CONFIGURATION CONTROLLED 3D DESIGNS OF MECHANICAL PARTS AND ASSEMBLIES');
#8474=APPLICATION_PROTOCOL_DEFINITION('international standard',
'config_control_design',1994,#8473);
#8475=DESIGN_CONTEXT('',#8473,'design');
#8476=MECHANICAL_CONTEXT('',#8473,'mechanical');
#8477=PRODUCT('BACKPACKATTACHMENT','BACKPACKATTACHMENT','NOT SPECIFIED',
(#8476));
#8478=PRODUCT_DEFINITION_FORMATION_WITH_SPECIFIED_SOURCE('11','LAST_VERSION',
#8477,.MADE.);
#8482=PRODUCT_CATEGORY('part','');
#8483=PRODUCT_RELATED_PRODUCT_CATEGORY('detail','',(#8477));
#8484=PRODUCT_CATEGORY_RELATIONSHIP('','',#8482,#8483);
#8485=SECURITY_CLASSIFICATION_LEVEL('unclassified');
#8486=SECURITY_CLASSIFICATION('','',#8485);
#8487=CC_DESIGN_SECURITY_CLASSIFICATION(#8486,(#8478));
#8488=APPROVAL_STATUS('approved');
#8489=APPROVAL(#8488,'');
#8490=CC_DESIGN_APPROVAL(#8489,(#8486,#8478,#8479));
#8491=CALENDAR_DATE(126,8,8);
#8492=COORDINATED_UNIVERSAL_TIME_OFFSET(2,0,.AHEAD.);
#8493=LOCAL_TIME(18,57,5.E0,#8492);
#8494=DATE_AND_TIME(#8491,#8493);
#8495=APPROVAL_DATE_TIME(#8494,#8489);
#8496=DATE_TIME_ROLE('creation_date');
#8497=CC_DESIGN_DATE_AND_TIME_ASSIGNMENT(#8494,#8496,(#8479));
#8498=DATE_TIME_ROLE('classification_date');
#8499=CC_DESIGN_DATE_AND_TIME_ASSIGNMENT(#8494,#8498,(#8486));
#8500=PERSON('UNSPECIFIED','UNSPECIFIED',$,$,$,$);
#8501=ORGANIZATION('UNSPECIFIED','UNSPECIFIED','UNSPECIFIED');
#8502=PERSON_AND_ORGANIZATION(#8500,#8501);
#8503=APPROVAL_ROLE('approver');
#8504=APPROVAL_PERSON_ORGANIZATION(#8502,#8489,#8503);
#8505=PERSON_AND_ORGANIZATION_ROLE('creator');
#8506=CC_DESIGN_PERSON_AND_ORGANIZATION_ASSIGNMENT(#8502,#8505,(#8478,#8479));
#8507=PERSON_AND_ORGANIZATION_ROLE('design_supplier');
#8508=CC_DESIGN_PERSON_AND_ORGANIZATION_ASSIGNMENT(#8502,#8507,(#8478));
#8509=PERSON_AND_ORGANIZATION_ROLE('classification_officer');
#8510=CC_DESIGN_PERSON_AND_ORGANIZATION_ASSIGNMENT(#8502,#8509,(#8486));
#8511=PERSON_AND_ORGANIZATION_ROLE('design_owner');
#8512=CC_DESIGN_PERSON_AND_ORGANIZATION_ASSIGNMENT(#8502,#8511,(#8477));
#21=CIRCLE('',#20,1.8E0);
#30=CIRCLE('',#29,1.8E0);
#55=CIRCLE('',#54,1.8E0);
#64=CIRCLE('',#63,1.8E0);
#129=CIRCLE('',#128,2.E-1);
#142=CIRCLE('',#141,1.E-1);
#151=CIRCLE('',#150,1.8E0);
#160=CIRCLE('',#159,1.8E0);
#169=CIRCLE('',#168,1.E-1);
#178=CIRCLE('',#177,2.E-1);
#183=CIRCLE('',#182,2.E-1);
#204=CIRCLE('',#203,2.E-1);
#217=CIRCLE('',#216,1.E-1);
#226=CIRCLE('',#225,1.8E0);
#235=CIRCLE('',#234,1.8E0);
#244=CIRCLE('',#243,1.E-1);
#253=CIRCLE('',#252,2.E-1);
#258=CIRCLE('',#257,2.E-1);
#263=CIRCLE('',#262,2.E-1);
#268=CIRCLE('',#267,3.E-1);
#273=CIRCLE('',#272,3.E-1);
#278=CIRCLE('',#277,2.E-1);
#283=CIRCLE('',#282,2.E-1);
#288=CIRCLE('',#287,2.E-1);
#293=CIRCLE('',#292,2.E-1);
#298=CIRCLE('',#297,2.E-1);
#303=CIRCLE('',#302,2.E-1);
#308=CIRCLE('',#307,2.E-1);
#313=CIRCLE('',#312,3.E-1);
#318=CIRCLE('',#317,3.E-1);
#323=CIRCLE('',#322,2.E-1);
#328=CIRCLE('',#327,2.E-1);
#333=CIRCLE('',#332,2.E-1);
#338=CIRCLE('',#337,2.E-1);
#343=CIRCLE('',#342,2.E-1);
#348=CIRCLE('',#347,2.E-1);
#369=CIRCLE('',#368,2.E0);
#374=CIRCLE('',#373,2.E0);
#395=CIRCLE('',#394,2.E0);
#400=CIRCLE('',#399,2.E0);
#421=CIRCLE('',#420,4.E-1);
#434=B_SPLINE_CURVE_WITH_KNOTS('',3,(#422,#423,#424,#425,#426,#427,#428,#429,
#430,#431,#432,#433),.UNSPECIFIED.,.F.,.F.,(4,1,1,1,1,1,1,1,1,4),(0.E0,
1.111111111111E-1,2.222222222222E-1,3.333333333333E-1,4.444444444444E-1,
5.555555555556E-1,6.666666666667E-1,7.777777777778E-1,8.888888888889E-1,1.E0),
.UNSPECIFIED.);
#455=CIRCLE('',#454,8.E-1);
#472=CIRCLE('',#471,8.E-1);
#505=CIRCLE('',#504,4.E-1);
#514=CIRCLE('',#513,8.E-1);
#535=CIRCLE('',#534,6.E-1);
#552=CIRCLE('',#551,6.E-1);
#573=CIRCLE('',#572,8.E-1);
#578=CIRCLE('',#577,4.E-1);
#583=CIRCLE('',#582,4.E-1);
#588=CIRCLE('',#587,4.E-1);
#603=B_SPLINE_CURVE_WITH_KNOTS('',3,(#589,#590,#591,#592,#593,#594,#595,#596,
#597,#598,#599,#600,#601,#602),.UNSPECIFIED.,.F.,.F.,(4,1,1,1,1,1,1,1,1,1,1,4),(
0.E0,9.090909090909E-2,1.818181818182E-1,2.727272727273E-1,3.636363636364E-1,
4.545454545455E-1,5.454545454545E-1,6.363636363636E-1,7.272727272727E-1,
8.181818181818E-1,9.090909090909E-1,1.E0),.UNSPECIFIED.);
#682=B_SPLINE_CURVE_WITH_KNOTS('',3,(#668,#669,#670,#671,#672,#673,#674,#675,
#676,#677,#678,#679,#680,#681),.UNSPECIFIED.,.F.,.F.,(4,1,1,1,1,1,1,1,1,1,1,4),(
0.E0,9.090909090909E-2,1.818181818182E-1,2.727272727273E-1,3.636363636364E-1,
4.545454545455E-1,5.454545454545E-1,6.363636363636E-1,7.272727272727E-1,
8.181818181818E-1,9.090909090909E-1,1.E0),.UNSPECIFIED.);
#697=B_SPLINE_CURVE_WITH_KNOTS('',3,(#683,#684,#685,#686,#687,#688,#689,#690,
#691,#692,#693,#694,#695,#696),.UNSPECIFIED.,.F.,.F.,(4,1,1,1,1,1,1,1,1,1,1,4),(
0.E0,9.090909090909E-2,1.818181818182E-1,2.727272727273E-1,3.636363636364E-1,
4.545454545455E-1,5.454545454545E-1,6.363636363636E-1,7.272727272727E-1,
8.181818181818E-1,9.090909090909E-1,1.E0),.UNSPECIFIED.);
#702=CIRCLE('',#701,4.E-1);
#707=CIRCLE('',#706,4.E-1);
#712=CIRCLE('',#711,4.E-1);
#739=B_SPLINE_CURVE_WITH_KNOTS('',3,(#725,#726,#727,#728,#729,#730,#731,#732,
#733,#734,#735,#736,#737,#738),.UNSPECIFIED.,.F.,.F.,(4,1,1,1,1,1,1,1,1,1,1,4),(
0.E0,9.090909090909E-2,1.818181818182E-1,2.727272727273E-1,3.636363636364E-1,
4.545454545455E-1,5.454545454545E-1,6.363636363636E-1,7.272727272727E-1,
8.181818181818E-1,9.090909090909E-1,1.E0),.UNSPECIFIED.);
#808=CIRCLE('',#807,4.E-1);
#813=CIRCLE('',#812,1.E0);
#818=CIRCLE('',#817,1.E0);
#823=CIRCLE('',#822,4.E-1);
#828=CIRCLE('',#827,4.E-1);
#873=CIRCLE('',#872,8.E-1);
#890=CIRCLE('',#889,8.E-1);
#899=CIRCLE('',#898,4.E-1);
#914=B_SPLINE_CURVE_WITH_KNOTS('',3,(#900,#901,#902,#903,#904,#905,#906,#907,
#908,#909,#910,#911,#912,#913),.UNSPECIFIED.,.F.,.F.,(4,1,1,1,1,1,1,1,1,1,1,4),(
0.E0,9.090909090909E-2,1.818181818182E-1,2.727272727273E-1,3.636363636364E-1,
4.545454545455E-1,5.454545454545E-1,6.363636363636E-1,7.272727272727E-1,
8.181818181818E-1,9.090909090909E-1,1.E0),.UNSPECIFIED.);
#931=CIRCLE('',#930,6.E-1);
#940=CIRCLE('',#939,8.E-1);
#956=B_SPLINE_CURVE_WITH_KNOTS('',3,(#945,#946,#947,#948,#949,#950,#951,#952,
#953,#954,#955),.UNSPECIFIED.,.F.,.F.,(4,1,1,1,1,1,1,1,4),(0.E0,1.25E-1,2.5E-1,
3.75E-1,5.E-1,6.25E-1,7.5E-1,8.75E-1,1.E0),.UNSPECIFIED.);
#988=B_SPLINE_CURVE_WITH_KNOTS('',3,(#977,#978,#979,#980,#981,#982,#983,#984,
#985,#986,#987),.UNSPECIFIED.,.F.,.F.,(4,1,1,1,1,1,1,1,4),(0.E0,1.25E-1,2.5E-1,
3.75E-1,5.E-1,6.25E-1,7.5E-1,8.75E-1,1.E0),.UNSPECIFIED.);
#1016=B_SPLINE_CURVE_WITH_KNOTS('',3,(#1005,#1006,#1007,#1008,#1009,#1010,#1011,
#1012,#1013,#1014,#1015),.UNSPECIFIED.,.F.,.F.,(4,1,1,1,1,1,1,1,4),(0.E0,
1.25E-1,2.5E-1,3.75E-1,5.E-1,6.25E-1,7.5E-1,8.75E-1,1.E0),.UNSPECIFIED.);
#1040=B_SPLINE_CURVE_WITH_KNOTS('',3,(#1029,#1030,#1031,#1032,#1033,#1034,#1035,
#1036,#1037,#1038,#1039),.UNSPECIFIED.,.F.,.F.,(4,1,1,1,1,1,1,1,4),(0.E0,
1.25E-1,2.5E-1,3.75E-1,5.E-1,6.25E-1,7.5E-1,8.75E-1,1.E0),.UNSPECIFIED.);
#1061=CIRCLE('',#1060,4.E-1);
#1066=CIRCLE('',#1065,4.E-1);
#1075=CIRCLE('',#1074,8.E-1);
#1096=CIRCLE('',#1095,6.E-1);
#1101=CIRCLE('',#1100,4.E-1);
#1116=B_SPLINE_CURVE_WITH_KNOTS('',3,(#1102,#1103,#1104,#1105,#1106,#1107,#1108,
#1109,#1110,#1111,#1112,#1113,#1114,#1115),.UNSPECIFIED.,.F.,.F.,(4,1,1,1,1,1,1,
1,1,1,1,4),(0.E0,9.090909090909E-2,1.818181818182E-1,2.727272727273E-1,
3.636363636364E-1,4.545454545455E-1,5.454545454545E-1,6.363636363636E-1,
7.272727272727E-1,8.181818181818E-1,9.090909090909E-1,1.E0),.UNSPECIFIED.);
#1121=CIRCLE('',#1120,4.E-1);
#1126=CIRCLE('',#1125,1.E0);
#1131=CIRCLE('',#1130,1.E0);
#1136=CIRCLE('',#1135,4.E-1);
#1141=CIRCLE('',#1140,4.E-1);
#1150=CIRCLE('',#1149,8.E-1);
#1171=CIRCLE('',#1170,6.E-1);
#1188=CIRCLE('',#1187,6.E-1);
#1205=CIRCLE('',#1204,8.E-1);
#1210=CIRCLE('',#1209,4.E-1);
#1215=CIRCLE('',#1214,4.E-1);
#1220=CIRCLE('',#1219,4.E-1);
#1235=B_SPLINE_CURVE_WITH_KNOTS('',3,(#1221,#1222,#1223,#1224,#1225,#1226,#1227,
#1228,#1229,#1230,#1231,#1232,#1233,#1234),.UNSPECIFIED.,.F.,.F.,(4,1,1,1,1,1,1,
1,1,1,1,4),(0.E0,9.090909090909E-2,1.818181818182E-1,2.727272727273E-1,
3.636363636364E-1,4.545454545455E-1,5.454545454545E-1,6.363636363636E-1,
7.272727272727E-1,8.181818181818E-1,9.090909090909E-1,1.E0),.UNSPECIFIED.);
#1266=B_SPLINE_CURVE_WITH_KNOTS('',3,(#1252,#1253,#1254,#1255,#1256,#1257,#1258,
#1259,#1260,#1261,#1262,#1263,#1264,#1265),.UNSPECIFIED.,.F.,.F.,(4,1,1,1,1,1,1,
1,1,1,1,4),(0.E0,9.090909090909E-2,1.818181818182E-1,2.727272727273E-1,
3.636363636364E-1,4.545454545455E-1,5.454545454545E-1,6.363636363636E-1,
7.272727272727E-1,8.181818181818E-1,9.090909090909E-1,1.E0),.UNSPECIFIED.);
#1271=CIRCLE('',#1270,4.E-1);
#1276=CIRCLE('',#1275,4.E-1);
#1281=CIRCLE('',#1280,4.E-1);
#1296=B_SPLINE_CURVE_WITH_KNOTS('',3,(#1282,#1283,#1284,#1285,#1286,#1287,#1288,
#1289,#1290,#1291,#1292,#1293,#1294,#1295),.UNSPECIFIED.,.F.,.F.,(4,1,1,1,1,1,1,
1,1,1,1,4),(0.E0,9.090909090909E-2,1.818181818182E-1,2.727272727273E-1,
3.636363636364E-1,4.545454545455E-1,5.454545454545E-1,6.363636363636E-1,
7.272727272727E-1,8.181818181818E-1,9.090909090909E-1,1.E0),.UNSPECIFIED.);
#1327=B_SPLINE_CURVE_WITH_KNOTS('',3,(#1313,#1314,#1315,#1316,#1317,#1318,#1319,
#1320,#1321,#1322,#1323,#1324,#1325,#1326),.UNSPECIFIED.,.F.,.F.,(4,1,1,1,1,1,1,
1,1,1,1,4),(0.E0,9.090909090909E-2,1.818181818182E-1,2.727272727273E-1,
3.636363636364E-1,4.545454545455E-1,5.454545454545E-1,6.363636363636E-1,
7.272727272727E-1,8.181818181818E-1,9.090909090909E-1,1.E0),.UNSPECIFIED.);
#1332=CIRCLE('',#1331,4.E-1);
#1337=CIRCLE('',#1336,4.E-1);
#1342=CIRCLE('',#1341,4.E-1);
#1347=CIRCLE('',#1346,4.E-1);
#1352=CIRCLE('',#1351,4.E-1);
#1357=CIRCLE('',#1356,4.E-1);
#1362=CIRCLE('',#1361,4.E-1);
#1375=CIRCLE('',#1374,8.E-1);
#1384=CIRCLE('',#1383,6.E-1);
#1397=CIRCLE('',#1396,4.E-1);
#1402=CIRCLE('',#1401,4.E-1);
#1407=CIRCLE('',#1406,4.E-1);
#1434=B_SPLINE_CURVE_WITH_KNOTS('',3,(#1420,#1421,#1422,#1423,#1424,#1425,#1426,
#1427,#1428,#1429,#1430,#1431,#1432,#1433),.UNSPECIFIED.,.F.,.F.,(4,1,1,1,1,1,1,
1,1,1,1,4),(0.E0,9.090909090909E-2,1.818181818182E-1,2.727272727273E-1,
3.636363636364E-1,4.545454545455E-1,5.454545454545E-1,6.363636363636E-1,
7.272727272727E-1,8.181818181818E-1,9.090909090909E-1,1.E0),.UNSPECIFIED.);
#1439=CIRCLE('',#1438,4.E-1);
#1444=CIRCLE('',#1443,4.E-1);
#1449=CIRCLE('',#1448,4.E-1);
#1454=CIRCLE('',#1453,4.E-1);
#1459=CIRCLE('',#1458,4.E-1);
#1474=B_SPLINE_CURVE_WITH_KNOTS('',3,(#1460,#1461,#1462,#1463,#1464,#1465,#1466,
#1467,#1468,#1469,#1470,#1471,#1472,#1473),.UNSPECIFIED.,.F.,.F.,(4,1,1,1,1,1,1,
1,1,1,1,4),(0.E0,9.090909090909E-2,1.818181818182E-1,2.727272727273E-1,
3.636363636364E-1,4.545454545455E-1,5.454545454545E-1,6.363636363636E-1,
7.272727272727E-1,8.181818181818E-1,9.090909090909E-1,1.E0),.UNSPECIFIED.);
#1479=CIRCLE('',#1478,4.E-1);
#1484=CIRCLE('',#1483,4.E-1);
#1489=CIRCLE('',#1488,4.E-1);
#1494=CIRCLE('',#1493,4.E-1);
#1515=CIRCLE('',#1514,4.E-1);
#1520=CIRCLE('',#1519,4.E-1);
#1525=CIRCLE('',#1524,4.E-1);
#1530=CIRCLE('',#1529,4.E-1);
#1535=CIRCLE('',#1534,4.E-1);
#1540=CIRCLE('',#1539,4.E-1);
#1545=CIRCLE('',#1544,4.E-1);
#1550=CIRCLE('',#1549,4.E-1);
#1555=CIRCLE('',#1554,4.E-1);
#1570=B_SPLINE_CURVE_WITH_KNOTS('',3,(#1556,#1557,#1558,#1559,#1560,#1561,#1562,
#1563,#1564,#1565,#1566,#1567,#1568,#1569),.UNSPECIFIED.,.F.,.F.,(4,1,1,1,1,1,1,
1,1,1,1,4),(0.E0,9.090909090909E-2,1.818181818182E-1,2.727272727273E-1,
3.636363636364E-1,4.545454545455E-1,5.454545454545E-1,6.363636363636E-1,
7.272727272727E-1,8.181818181818E-1,9.090909090909E-1,1.E0),.UNSPECIFIED.);
#1575=CIRCLE('',#1574,4.E-1);
#1580=CIRCLE('',#1579,4.E-1);
#1589=CIRCLE('',#1588,6.E-1);
#1606=CIRCLE('',#1605,8.E-1);
#1621=B_SPLINE_CURVE_WITH_KNOTS('',3,(#1607,#1608,#1609,#1610,#1611,#1612,#1613,
#1614,#1615,#1616,#1617,#1618,#1619,#1620),.UNSPECIFIED.,.F.,.F.,(4,1,1,1,1,1,1,
1,1,1,1,4),(0.E0,9.090909090909E-2,1.818181818182E-1,2.727272727273E-1,
3.636363636364E-1,4.545454545455E-1,5.454545454545E-1,6.363636363636E-1,
7.272727272727E-1,8.181818181818E-1,9.090909090909E-1,1.E0),.UNSPECIFIED.);
#1626=CIRCLE('',#1625,4.E-1);
#1631=CIRCLE('',#1630,4.E-1);
#1636=CIRCLE('',#1635,4.E-1);
#1641=CIRCLE('',#1640,4.E-1);
#1646=CIRCLE('',#1645,1.E0);
#1651=CIRCLE('',#1650,1.E0);
#1656=CIRCLE('',#1655,4.E-1);
#1661=CIRCLE('',#1660,4.E-1);
#1666=CIRCLE('',#1665,4.E-1);
#1681=B_SPLINE_CURVE_WITH_KNOTS('',3,(#1667,#1668,#1669,#1670,#1671,#1672,#1673,
#1674,#1675,#1676,#1677,#1678,#1679,#1680),.UNSPECIFIED.,.F.,.F.,(4,1,1,1,1,1,1,
1,1,1,1,4),(0.E0,9.090909090909E-2,1.818181818182E-1,2.727272727273E-1,
3.636363636364E-1,4.545454545455E-1,5.454545454545E-1,6.363636363636E-1,
7.272727272727E-1,8.181818181818E-1,9.090909090909E-1,1.E0),.UNSPECIFIED.);
#1686=CIRCLE('',#1685,4.E-1);
#1691=CIRCLE('',#1690,4.E-1);
#1696=CIRCLE('',#1695,4.E-1);
#1701=CIRCLE('',#1700,4.E-1);
#1706=CIRCLE('',#1705,4.E-1);
#1721=B_SPLINE_CURVE_WITH_KNOTS('',3,(#1707,#1708,#1709,#1710,#1711,#1712,#1713,
#1714,#1715,#1716,#1717,#1718,#1719,#1720),.UNSPECIFIED.,.F.,.F.,(4,1,1,1,1,1,1,
1,1,1,1,4),(0.E0,9.090909090909E-2,1.818181818182E-1,2.727272727273E-1,
3.636363636364E-1,4.545454545455E-1,5.454545454545E-1,6.363636363636E-1,
7.272727272727E-1,8.181818181818E-1,9.090909090909E-1,1.E0),.UNSPECIFIED.);
#1752=B_SPLINE_CURVE_WITH_KNOTS('',3,(#1738,#1739,#1740,#1741,#1742,#1743,#1744,
#1745,#1746,#1747,#1748,#1749,#1750,#1751),.UNSPECIFIED.,.F.,.F.,(4,1,1,1,1,1,1,
1,1,1,1,4),(0.E0,9.090909090909E-2,1.818181818182E-1,2.727272727273E-1,
3.636363636364E-1,4.545454545455E-1,5.454545454545E-1,6.363636363636E-1,
7.272727272727E-1,8.181818181818E-1,9.090909090909E-1,1.E0),.UNSPECIFIED.);
#1773=CIRCLE('',#1772,4.E-1);
#1778=CIRCLE('',#1777,4.E-1);
#1799=CIRCLE('',#1798,4.E-1);
#1804=CIRCLE('',#1803,4.E-1);
#1809=CIRCLE('',#1808,4.E-1);
#1814=CIRCLE('',#1813,4.E-1);
#1819=CIRCLE('',#1818,4.E-1);
#1824=CIRCLE('',#1823,4.E-1);
#1829=CIRCLE('',#1828,4.E-1);
#1850=CIRCLE('',#1849,4.E-1);
#1855=CIRCLE('',#1854,4.E-1);
#1860=CIRCLE('',#1859,1.E0);
#1865=CIRCLE('',#1864,1.E0);
#1870=CIRCLE('',#1869,4.E-1);
#1875=CIRCLE('',#1874,4.E-1);
#1880=CIRCLE('',#1879,4.E-1);
#1885=CIRCLE('',#1884,4.E-1);
#1890=CIRCLE('',#1889,4.E-1);
#1895=CIRCLE('',#1894,4.E-1);
#1900=CIRCLE('',#1899,4.E-1);
#1905=CIRCLE('',#1904,4.E-1);
#1918=B_SPLINE_CURVE_WITH_KNOTS('',3,(#1906,#1907,#1908,#1909,#1910,#1911,#1912,
#1913,#1914,#1915,#1916,#1917),.UNSPECIFIED.,.F.,.F.,(4,1,1,1,1,1,1,1,1,4),
(0.E0,1.111111111111E-1,2.222222222222E-1,3.333333333333E-1,4.444444444444E-1,
5.555555555556E-1,6.666666666667E-1,7.777777777778E-1,8.888888888889E-1,1.E0),
.UNSPECIFIED.);
#1923=CIRCLE('',#1922,4.E-1);
#1932=CIRCLE('',#1931,2.E-1);
#1967=B_SPLINE_CURVE_WITH_KNOTS('',3,(#1949,#1950,#1951,#1952,#1953,#1954,#1955,
#1956,#1957,#1958,#1959,#1960,#1961,#1962,#1963,#1964,#1965,#1966),
.UNSPECIFIED.,.F.,.F.,(4,1,1,1,1,1,1,1,1,1,1,1,1,1,1,4),(0.E0,6.666666666667E-2,
1.333333333333E-1,2.E-1,2.666666666667E-1,3.333333333333E-1,4.E-1,
4.666666666667E-1,5.333333333333E-1,6.E-1,6.666666666667E-1,7.333333333333E-1,
8.E-1,8.666666666667E-1,9.333333333333E-1,1.E0),.UNSPECIFIED.);
#1986=B_SPLINE_CURVE_WITH_KNOTS('',3,(#1968,#1969,#1970,#1971,#1972,#1973,#1974,
#1975,#1976,#1977,#1978,#1979,#1980,#1981,#1982,#1983,#1984,#1985),
.UNSPECIFIED.,.F.,.F.,(4,1,1,1,1,1,1,1,1,1,1,1,1,1,1,4),(0.E0,6.666666666667E-2,
1.333333333333E-1,2.E-1,2.666666666667E-1,3.333333333333E-1,4.E-1,
4.666666666667E-1,5.333333333333E-1,6.E-1,6.666666666667E-1,7.333333333333E-1,
8.E-1,8.666666666667E-1,9.333333333333E-1,1.E0),.UNSPECIFIED.);
#2005=B_SPLINE_CURVE_WITH_KNOTS('',3,(#1987,#1988,#1989,#1990,#1991,#1992,#1993,
#1994,#1995,#1996,#1997,#1998,#1999,#2000,#2001,#2002,#2003,#2004),
.UNSPECIFIED.,.F.,.F.,(4,1,1,1,1,1,1,1,1,1,1,1,1,1,1,4),(0.E0,6.666666666667E-2,
1.333333333333E-1,2.E-1,2.666666666667E-1,3.333333333333E-1,4.E-1,
4.666666666667E-1,5.333333333333E-1,6.E-1,6.666666666667E-1,7.333333333333E-1,
8.E-1,8.666666666667E-1,9.333333333333E-1,1.E0),.UNSPECIFIED.);
#2024=B_SPLINE_CURVE_WITH_KNOTS('',3,(#2006,#2007,#2008,#2009,#2010,#2011,#2012,
#2013,#2014,#2015,#2016,#2017,#2018,#2019,#2020,#2021,#2022,#2023),
.UNSPECIFIED.,.F.,.F.,(4,1,1,1,1,1,1,1,1,1,1,1,1,1,1,4),(0.E0,6.666666666667E-2,
1.333333333333E-1,2.E-1,2.666666666667E-1,3.333333333333E-1,4.E-1,
4.666666666667E-1,5.333333333333E-1,6.E-1,6.666666666667E-1,7.333333333333E-1,
8.E-1,8.666666666667E-1,9.333333333333E-1,1.E0),.UNSPECIFIED.);
#2037=CIRCLE('',#2036,2.E-1);
#2042=CIRCLE('',#2041,4.E-1);
#2055=B_SPLINE_CURVE_WITH_KNOTS('',3,(#2043,#2044,#2045,#2046,#2047,#2048,#2049,
#2050,#2051,#2052,#2053,#2054),.UNSPECIFIED.,.F.,.F.,(4,1,1,1,1,1,1,1,1,4),
(0.E0,1.111111111111E-1,2.222222222222E-1,3.333333333333E-1,4.444444444444E-1,
5.555555555556E-1,6.666666666667E-1,7.777777777778E-1,8.888888888889E-1,1.E0),
.UNSPECIFIED.);
#2060=CIRCLE('',#2059,4.E-1);
#2065=CIRCLE('',#2064,4.E-1);
#2070=CIRCLE('',#2069,4.E-1);
#2075=CIRCLE('',#2074,4.E-1);
#2080=CIRCLE('',#2079,4.E-1);
#2085=CIRCLE('',#2084,4.E-1);
#2098=B_SPLINE_CURVE_WITH_KNOTS('',3,(#2086,#2087,#2088,#2089,#2090,#2091,#2092,
#2093,#2094,#2095,#2096,#2097),.UNSPECIFIED.,.F.,.F.,(4,1,1,1,1,1,1,1,1,4),
(0.E0,1.111111111111E-1,2.222222222222E-1,3.333333333333E-1,4.444444444444E-1,
5.555555555556E-1,6.666666666667E-1,7.777777777778E-1,8.888888888889E-1,1.E0),
.UNSPECIFIED.);
#2103=CIRCLE('',#2102,4.E-1);
#2112=CIRCLE('',#2111,2.E-1);
#2131=B_SPLINE_CURVE_WITH_KNOTS('',3,(#2113,#2114,#2115,#2116,#2117,#2118,#2119,
#2120,#2121,#2122,#2123,#2124,#2125,#2126,#2127,#2128,#2129,#2130),
.UNSPECIFIED.,.F.,.F.,(4,1,1,1,1,1,1,1,1,1,1,1,1,1,1,4),(0.E0,6.666666666667E-2,
1.333333333333E-1,2.E-1,2.666666666667E-1,3.333333333333E-1,4.E-1,
4.666666666667E-1,5.333333333333E-1,6.E-1,6.666666666667E-1,7.333333333333E-1,
8.E-1,8.666666666667E-1,9.333333333333E-1,1.E0),.UNSPECIFIED.);
#2150=B_SPLINE_CURVE_WITH_KNOTS('',3,(#2132,#2133,#2134,#2135,#2136,#2137,#2138,
#2139,#2140,#2141,#2142,#2143,#2144,#2145,#2146,#2147,#2148,#2149),
.UNSPECIFIED.,.F.,.F.,(4,1,1,1,1,1,1,1,1,1,1,1,1,1,1,4),(0.E0,6.666666666667E-2,
1.333333333333E-1,2.E-1,2.666666666667E-1,3.333333333333E-1,4.E-1,
4.666666666667E-1,5.333333333333E-1,6.E-1,6.666666666667E-1,7.333333333333E-1,
8.E-1,8.666666666667E-1,9.333333333333E-1,1.E0),.UNSPECIFIED.);
#2169=B_SPLINE_CURVE_WITH_KNOTS('',3,(#2151,#2152,#2153,#2154,#2155,#2156,#2157,
#2158,#2159,#2160,#2161,#2162,#2163,#2164,#2165,#2166,#2167,#2168),
.UNSPECIFIED.,.F.,.F.,(4,1,1,1,1,1,1,1,1,1,1,1,1,1,1,4),(0.E0,6.666666666667E-2,
1.333333333333E-1,2.E-1,2.666666666667E-1,3.333333333333E-1,4.E-1,
4.666666666667E-1,5.333333333333E-1,6.E-1,6.666666666667E-1,7.333333333333E-1,
8.E-1,8.666666666667E-1,9.333333333333E-1,1.E0),.UNSPECIFIED.);
#2188=B_SPLINE_CURVE_WITH_KNOTS('',3,(#2170,#2171,#2172,#2173,#2174,#2175,#2176,
#2177,#2178,#2179,#2180,#2181,#2182,#2183,#2184,#2185,#2186,#2187),
.UNSPECIFIED.,.F.,.F.,(4,1,1,1,1,1,1,1,1,1,1,1,1,1,1,4),(0.E0,6.666666666667E-2,
1.333333333333E-1,2.E-1,2.666666666667E-1,3.333333333333E-1,4.E-1,
4.666666666667E-1,5.333333333333E-1,6.E-1,6.666666666667E-1,7.333333333333E-1,
8.E-1,8.666666666667E-1,9.333333333333E-1,1.E0),.UNSPECIFIED.);
#2201=CIRCLE('',#2200,2.E-1);
#2218=CIRCLE('',#2217,1.5E0);
#2223=CIRCLE('',#2222,2.E-1);
#2248=CIRCLE('',#2247,2.E-1);
#2257=CIRCLE('',#2256,1.5E0);
#2262=CIRCLE('',#2261,2.E-1);
#2273=B_SPLINE_CURVE_WITH_KNOTS('',3,(#2263,#2264,#2265,#2266,#2267,#2268,#2269,
#2270,#2271,#2272),.UNSPECIFIED.,.F.,.F.,(4,1,1,1,1,1,1,4),(0.E0,
1.428571428571E-1,2.857142857143E-1,4.285714285714E-1,5.714285714286E-1,
7.142857142857E-1,8.571428571429E-1,1.E0),.UNSPECIFIED.);
#2284=B_SPLINE_CURVE_WITH_KNOTS('',3,(#2274,#2275,#2276,#2277,#2278,#2279,#2280,
#2281,#2282,#2283),.UNSPECIFIED.,.F.,.F.,(4,1,1,1,1,1,1,4),(0.E0,
1.428571428571E-1,2.857142857143E-1,4.285714285714E-1,5.714285714286E-1,
7.142857142857E-1,8.571428571429E-1,1.E0),.UNSPECIFIED.);
#2295=B_SPLINE_CURVE_WITH_KNOTS('',3,(#2285,#2286,#2287,#2288,#2289,#2290,#2291,
#2292,#2293,#2294),.UNSPECIFIED.,.F.,.F.,(4,1,1,1,1,1,1,4),(0.E0,
1.428571428571E-1,2.857142857143E-1,4.285714285714E-1,5.714285714286E-1,
7.142857142857E-1,8.571428571429E-1,1.E0),.UNSPECIFIED.);
#2300=CIRCLE('',#2299,2.E-1);
#2305=CIRCLE('',#2304,2.E-1);
#2310=CIRCLE('',#2309,2.E-1);
#2315=CIRCLE('',#2314,2.E-1);
#2320=CIRCLE('',#2319,2.E-1);
#2325=CIRCLE('',#2324,2.E-1);
#2336=B_SPLINE_CURVE_WITH_KNOTS('',3,(#2326,#2327,#2328,#2329,#2330,#2331,#2332,
#2333,#2334,#2335),.UNSPECIFIED.,.F.,.F.,(4,1,1,1,1,1,1,4),(0.E0,
1.428571428571E-1,2.857142857143E-1,4.285714285714E-1,5.714285714286E-1,
7.142857142857E-1,8.571428571429E-1,1.E0),.UNSPECIFIED.);
#2341=CIRCLE('',#2340,2.E-1);
#2368=B_SPLINE_CURVE_WITH_KNOTS('',3,(#2358,#2359,#2360,#2361,#2362,#2363,#2364,
#2365,#2366,#2367),.UNSPECIFIED.,.F.,.F.,(4,1,1,1,1,1,1,4),(0.E0,
1.428571428571E-1,2.857142857143E-1,4.285714285714E-1,5.714285714286E-1,
7.142857142857E-1,8.571428571429E-1,1.E0),.UNSPECIFIED.);
#2401=B_SPLINE_CURVE_WITH_KNOTS('',3,(#2369,#2370,#2371,#2372,#2373,#2374,#2375,
#2376,#2377,#2378,#2379,#2380,#2381,#2382,#2383,#2384,#2385,#2386,#2387,#2388,
#2389,#2390,#2391,#2392,#2393,#2394,#2395,#2396,#2397,#2398,#2399,#2400),
.UNSPECIFIED.,.F.,.F.,(4,1,1,1,1,1,1,1,1,1,1,1,1,1,1,1,1,1,1,1,1,1,1,1,1,1,1,1,
1,4),(0.E0,3.448275862069E-2,6.896551724138E-2,1.034482758621E-1,
1.379310344828E-1,1.724137931034E-1,2.068965517241E-1,2.413793103448E-1,
2.758620689655E-1,3.103448275862E-1,3.448275862069E-1,3.793103448276E-1,
4.137931034483E-1,4.482758620690E-1,4.827586206897E-1,5.172413793103E-1,
5.517241379310E-1,5.862068965517E-1,6.206896551724E-1,6.551724137931E-1,
6.896551724138E-1,7.241379310345E-1,7.586206896552E-1,7.931034482759E-1,
8.275862068966E-1,8.620689655172E-1,8.965517241379E-1,9.310344827586E-1,
9.655172413793E-1,1.E0),.UNSPECIFIED.);
#2414=B_SPLINE_CURVE_WITH_KNOTS('',3,(#2402,#2403,#2404,#2405,#2406,#2407,#2408,
#2409,#2410,#2411,#2412,#2413),.UNSPECIFIED.,.F.,.F.,(4,1,1,1,1,1,1,1,1,4),
(0.E0,1.111111111111E-1,2.222222222222E-1,3.333333333333E-1,4.444444444444E-1,
5.555555555556E-1,6.666666666667E-1,7.777777777778E-1,8.888888888889E-1,1.E0),
.UNSPECIFIED.);
#2420=B_SPLINE_CURVE_WITH_KNOTS('',3,(#2415,#2416,#2417,#2418,#2419),
.UNSPECIFIED.,.F.,.F.,(4,1,4),(0.E0,5.E-1,1.E0),.UNSPECIFIED.);
#2434=B_SPLINE_CURVE_WITH_KNOTS('',3,(#2421,#2422,#2423,#2424,#2425,#2426,#2427,
#2428,#2429,#2430,#2431,#2432,#2433),.UNSPECIFIED.,.F.,.F.,(4,1,1,1,1,1,1,1,1,1,
4),(0.E0,1.E-1,2.E-1,3.E-1,4.E-1,5.E-1,6.E-1,7.E-1,8.E-1,9.E-1,1.E0),
.UNSPECIFIED.);
#2439=CIRCLE('',#2438,2.000000121273E-1);
#2448=B_SPLINE_CURVE_WITH_KNOTS('',3,(#2440,#2441,#2442,#2443,#2444,#2445,#2446,
#2447),.UNSPECIFIED.,.F.,.F.,(4,1,1,1,1,4),(0.E0,2.E-1,4.E-1,6.E-1,8.E-1,1.E0),
.UNSPECIFIED.);
#2453=CIRCLE('',#2452,2.E-1);
#2458=CIRCLE('',#2457,2.E-1);
#2467=B_SPLINE_CURVE_WITH_KNOTS('',3,(#2459,#2460,#2461,#2462,#2463,#2464,#2465,
#2466),.UNSPECIFIED.,.F.,.F.,(4,1,1,1,1,4),(0.E0,2.E-1,4.E-1,6.E-1,8.E-1,1.E0),
.UNSPECIFIED.);
#2473=B_SPLINE_CURVE_WITH_KNOTS('',3,(#2468,#2469,#2470,#2471,#2472),
.UNSPECIFIED.,.F.,.F.,(4,1,4),(0.E0,5.E-1,1.E0),.UNSPECIFIED.);
#2478=CIRCLE('',#2477,2.E-1);
#2483=CIRCLE('',#2482,2.E-1);
#2495=B_SPLINE_CURVE_WITH_KNOTS('',3,(#2484,#2485,#2486,#2487,#2488,#2489,#2490,
#2491,#2492,#2493,#2494),.UNSPECIFIED.,.F.,.F.,(4,1,1,1,1,1,1,1,4),(0.E0,
1.25E-1,2.5E-1,3.75E-1,5.E-1,6.25E-1,7.5E-1,8.75E-1,1.E0),.UNSPECIFIED.);
#2500=CIRCLE('',#2499,2.000000223705E-1);
#2513=B_SPLINE_CURVE_WITH_KNOTS('',3,(#2501,#2502,#2503,#2504,#2505,#2506,#2507,
#2508,#2509,#2510,#2511,#2512),.UNSPECIFIED.,.F.,.F.,(4,1,1,1,1,1,1,1,1,4),
(0.E0,1.111111111111E-1,2.222222222222E-1,3.333333333333E-1,4.444444444444E-1,
5.555555555556E-1,6.666666666667E-1,7.777777777778E-1,8.888888888889E-1,1.E0),
.UNSPECIFIED.);
#2546=B_SPLINE_CURVE_WITH_KNOTS('',3,(#2514,#2515,#2516,#2517,#2518,#2519,#2520,
#2521,#2522,#2523,#2524,#2525,#2526,#2527,#2528,#2529,#2530,#2531,#2532,#2533,
#2534,#2535,#2536,#2537,#2538,#2539,#2540,#2541,#2542,#2543,#2544,#2545),
.UNSPECIFIED.,.F.,.F.,(4,1,1,1,1,1,1,1,1,1,1,1,1,1,1,1,1,1,1,1,1,1,1,1,1,1,1,1,
1,4),(0.E0,3.448275862069E-2,6.896551724138E-2,1.034482758621E-1,
1.379310344828E-1,1.724137931034E-1,2.068965517241E-1,2.413793103448E-1,
2.758620689655E-1,3.103448275862E-1,3.448275862069E-1,3.793103448276E-1,
4.137931034483E-1,4.482758620690E-1,4.827586206897E-1,5.172413793103E-1,
5.517241379310E-1,5.862068965517E-1,6.206896551724E-1,6.551724137931E-1,
6.896551724138E-1,7.241379310345E-1,7.586206896552E-1,7.931034482759E-1,
8.275862068966E-1,8.620689655172E-1,8.965517241379E-1,9.310344827586E-1,
9.655172413793E-1,1.E0),.UNSPECIFIED.);
#2551=CIRCLE('',#2550,2.E-1);
#2566=B_SPLINE_CURVE_WITH_KNOTS('',3,(#2556,#2557,#2558,#2559,#2560,#2561,#2562,
#2563,#2564,#2565),.UNSPECIFIED.,.F.,.F.,(4,1,1,1,1,1,1,4),(0.E0,
1.428571428571E-1,2.857142857143E-1,4.285714285714E-1,5.714285714286E-1,
7.142857142857E-1,8.571428571429E-1,1.E0),.UNSPECIFIED.);
#2583=CIRCLE('',#2582,2.E0);
#2588=CIRCLE('',#2587,2.E0);
#2609=CIRCLE('',#2608,2.E0);
#2614=CIRCLE('',#2613,2.E0);
#2619=CIRCLE('',#2618,2.E-1);
#2628=CIRCLE('',#2627,1.8E0);
#2637=CIRCLE('',#2636,1.8E0);
#2654=CIRCLE('',#2653,1.8E0);
#2663=CIRCLE('',#2662,1.8E0);
#2704=B_SPLINE_CURVE_WITH_KNOTS('',3,(#2672,#2673,#2674,#2675,#2676,#2677,#2678,
#2679,#2680,#2681,#2682,#2683,#2684,#2685,#2686,#2687,#2688,#2689,#2690,#2691,
#2692,#2693,#2694,#2695,#2696,#2697,#2698,#2699,#2700,#2701,#2702,#2703),
.UNSPECIFIED.,.F.,.F.,(4,1,1,1,1,1,1,1,1,1,1,1,1,1,1,1,1,1,1,1,1,1,1,1,1,1,1,1,
1,4),(0.E0,3.448275862069E-2,6.896551724138E-2,1.034482758621E-1,
1.379310344828E-1,1.724137931034E-1,2.068965517241E-1,2.413793103448E-1,
2.758620689655E-1,3.103448275862E-1,3.448275862069E-1,3.793103448276E-1,
4.137931034483E-1,4.482758620690E-1,4.827586206897E-1,5.172413793103E-1,
5.517241379310E-1,5.862068965517E-1,6.206896551724E-1,6.551724137931E-1,
6.896551724138E-1,7.241379310345E-1,7.586206896552E-1,7.931034482759E-1,
8.275862068966E-1,8.620689655172E-1,8.965517241379E-1,9.310344827586E-1,
9.655172413793E-1,1.E0),.UNSPECIFIED.);
#2709=CIRCLE('',#2708,2.E-1);
#2714=CIRCLE('',#2713,1.5E0);
#2719=CIRCLE('',#2718,2.E-1);
#2730=B_SPLINE_CURVE_WITH_KNOTS('',3,(#2720,#2721,#2722,#2723,#2724,#2725,#2726,
#2727,#2728,#2729),.UNSPECIFIED.,.F.,.F.,(4,1,1,1,1,1,1,4),(0.E0,
1.428571428571E-1,2.857142857143E-1,4.285714285714E-1,5.714285714286E-1,
7.142857142857E-1,8.571428571429E-1,1.E0),.UNSPECIFIED.);
#2741=B_SPLINE_CURVE_WITH_KNOTS('',3,(#2731,#2732,#2733,#2734,#2735,#2736,#2737,
#2738,#2739,#2740),.UNSPECIFIED.,.F.,.F.,(4,1,1,1,1,1,1,4),(0.E0,
1.428571428571E-1,2.857142857143E-1,4.285714285714E-1,5.714285714286E-1,
7.142857142857E-1,8.571428571429E-1,1.E0),.UNSPECIFIED.);
#2752=B_SPLINE_CURVE_WITH_KNOTS('',3,(#2742,#2743,#2744,#2745,#2746,#2747,#2748,
#2749,#2750,#2751),.UNSPECIFIED.,.F.,.F.,(4,1,1,1,1,1,1,4),(0.E0,
1.428571428571E-1,2.857142857143E-1,4.285714285714E-1,5.714285714286E-1,
7.142857142857E-1,8.571428571429E-1,1.E0),.UNSPECIFIED.);
#2757=CIRCLE('',#2756,2.E-1);
#2762=CIRCLE('',#2761,2.E-1);
#2767=CIRCLE('',#2766,2.E-1);
#2772=CIRCLE('',#2771,2.E-1);
#2777=CIRCLE('',#2776,2.E-1);
#2782=CIRCLE('',#2781,2.E-1);
#2793=B_SPLINE_CURVE_WITH_KNOTS('',3,(#2783,#2784,#2785,#2786,#2787,#2788,#2789,
#2790,#2791,#2792),.UNSPECIFIED.,.F.,.F.,(4,1,1,1,1,1,1,4),(0.E0,
1.428571428571E-1,2.857142857143E-1,4.285714285714E-1,5.714285714286E-1,
7.142857142857E-1,8.571428571429E-1,1.E0),.UNSPECIFIED.);
#2798=CIRCLE('',#2797,2.E-1);
#2825=B_SPLINE_CURVE_WITH_KNOTS('',3,(#2815,#2816,#2817,#2818,#2819,#2820,#2821,
#2822,#2823,#2824),.UNSPECIFIED.,.F.,.F.,(4,1,1,1,1,1,1,4),(0.E0,
1.428571428571E-1,2.857142857143E-1,4.285714285714E-1,5.714285714286E-1,
7.142857142857E-1,8.571428571429E-1,1.E0),.UNSPECIFIED.);
#2830=CIRCLE('',#2829,1.5E0);
#2835=CIRCLE('',#2834,2.E-1);
#2860=CIRCLE('',#2859,2.E-1);
#2873=B_SPLINE_CURVE_WITH_KNOTS('',3,(#2865,#2866,#2867,#2868,#2869,#2870,#2871,
#2872),.UNSPECIFIED.,.F.,.F.,(4,1,1,1,1,4),(0.E0,2.E-1,4.E-1,6.E-1,8.E-1,1.E0),
.UNSPECIFIED.);
#2879=B_SPLINE_CURVE_WITH_KNOTS('',3,(#2874,#2875,#2876,#2877,#2878),
.UNSPECIFIED.,.F.,.F.,(4,1,4),(0.E0,5.E-1,1.E0),.UNSPECIFIED.);
#2884=CIRCLE('',#2883,2.E-1);
#2889=CIRCLE('',#2888,2.E-1);
#2901=B_SPLINE_CURVE_WITH_KNOTS('',3,(#2890,#2891,#2892,#2893,#2894,#2895,#2896,
#2897,#2898,#2899,#2900),.UNSPECIFIED.,.F.,.F.,(4,1,1,1,1,1,1,1,4),(0.E0,
1.25E-1,2.5E-1,3.75E-1,5.E-1,6.25E-1,7.5E-1,8.75E-1,1.E0),.UNSPECIFIED.);
#2906=CIRCLE('',#2905,2.000000223705E-1);
#2919=B_SPLINE_CURVE_WITH_KNOTS('',3,(#2907,#2908,#2909,#2910,#2911,#2912,#2913,
#2914,#2915,#2916,#2917,#2918),.UNSPECIFIED.,.F.,.F.,(4,1,1,1,1,1,1,1,1,4),
(0.E0,1.111111111111E-1,2.222222222222E-1,3.333333333333E-1,4.444444444444E-1,
5.555555555556E-1,6.666666666667E-1,7.777777777778E-1,8.888888888889E-1,1.E0),
.UNSPECIFIED.);
#2931=B_SPLINE_CURVE_WITH_KNOTS('',3,(#2920,#2921,#2922,#2923,#2924,#2925,#2926,
#2927,#2928,#2929,#2930),.UNSPECIFIED.,.F.,.F.,(4,1,1,1,1,1,1,1,4),(0.E0,
1.25E-1,2.5E-1,3.75E-1,5.E-1,6.25E-1,7.5E-1,8.75E-1,1.E0),.UNSPECIFIED.);
#2937=B_SPLINE_CURVE_WITH_KNOTS('',3,(#2932,#2933,#2934,#2935,#2936),
.UNSPECIFIED.,.F.,.F.,(4,1,4),(0.E0,5.E-1,1.E0),.UNSPECIFIED.);
#2951=B_SPLINE_CURVE_WITH_KNOTS('',3,(#2938,#2939,#2940,#2941,#2942,#2943,#2944,
#2945,#2946,#2947,#2948,#2949,#2950),.UNSPECIFIED.,.F.,.F.,(4,1,1,1,1,1,1,1,1,1,
4),(0.E0,1.E-1,2.E-1,3.E-1,4.E-1,5.E-1,6.E-1,7.E-1,8.E-1,9.E-1,1.E0),
.UNSPECIFIED.);
#2956=CIRCLE('',#2955,2.000000121273E-1);
#2965=B_SPLINE_CURVE_WITH_KNOTS('',3,(#2957,#2958,#2959,#2960,#2961,#2962,#2963,
#2964),.UNSPECIFIED.,.F.,.F.,(4,1,1,1,1,4),(0.E0,2.E-1,4.E-1,6.E-1,8.E-1,1.E0),
.UNSPECIFIED.);
#2970=CIRCLE('',#2969,2.E-1);
#2975=CIRCLE('',#2974,2.E-1);
#3008=B_SPLINE_CURVE_WITH_KNOTS('',3,(#2976,#2977,#2978,#2979,#2980,#2981,#2982,
#2983,#2984,#2985,#2986,#2987,#2988,#2989,#2990,#2991,#2992,#2993,#2994,#2995,
#2996,#2997,#2998,#2999,#3000,#3001,#3002,#3003,#3004,#3005,#3006,#3007),
.UNSPECIFIED.,.F.,.F.,(4,1,1,1,1,1,1,1,1,1,1,1,1,1,1,1,1,1,1,1,1,1,1,1,1,1,1,1,
1,4),(0.E0,3.448275862069E-2,6.896551724138E-2,1.034482758621E-1,
1.379310344828E-1,1.724137931034E-1,2.068965517241E-1,2.413793103448E-1,
2.758620689655E-1,3.103448275862E-1,3.448275862069E-1,3.793103448276E-1,
4.137931034483E-1,4.482758620690E-1,4.827586206897E-1,5.172413793103E-1,
5.517241379310E-1,5.862068965517E-1,6.206896551724E-1,6.551724137931E-1,
6.896551724138E-1,7.241379310345E-1,7.586206896552E-1,7.931034482759E-1,
8.275862068966E-1,8.620689655172E-1,8.965517241379E-1,9.310344827586E-1,
9.655172413793E-1,1.E0),.UNSPECIFIED.);
#3013=CIRCLE('',#3012,2.E-1);
#3018=CIRCLE('',#3017,2.E-1);
#3023=CIRCLE('',#3022,2.E-1);
#3028=CIRCLE('',#3027,2.E0);
#3033=CIRCLE('',#3032,2.E0);
#3054=CIRCLE('',#3053,2.E0);
#3059=CIRCLE('',#3058,2.E0);
#3074=B_SPLINE_CURVE_WITH_KNOTS('',3,(#3064,#3065,#3066,#3067,#3068,#3069,#3070,
#3071,#3072,#3073),.UNSPECIFIED.,.F.,.F.,(4,1,1,1,1,1,1,4),(0.E0,
1.428571428571E-1,2.857142857143E-1,4.285714285714E-1,5.714285714286E-1,
7.142857142857E-1,8.571428571429E-1,1.E0),.UNSPECIFIED.);
#3097=B_SPLINE_CURVE_WITH_KNOTS('',3,(#3087,#3088,#3089,#3090,#3091,#3092,#3093,
#3094,#3095,#3096),.UNSPECIFIED.,.F.,.F.,(4,1,1,1,1,1,1,4),(0.E0,
1.428571428571E-1,2.857142857143E-1,4.285714285714E-1,5.714285714286E-1,
7.142857142857E-1,8.571428571429E-1,1.E0),.UNSPECIFIED.);
#3108=B_SPLINE_CURVE_WITH_KNOTS('',3,(#3098,#3099,#3100,#3101,#3102,#3103,#3104,
#3105,#3106,#3107),.UNSPECIFIED.,.F.,.F.,(4,1,1,1,1,1,1,4),(0.E0,
1.428571428571E-1,2.857142857143E-1,4.285714285714E-1,5.714285714286E-1,
7.142857142857E-1,8.571428571429E-1,1.E0),.UNSPECIFIED.);
#3125=CIRCLE('',#3124,2.E-1);
#3130=CIRCLE('',#3129,2.E-1);
#3141=B_SPLINE_CURVE_WITH_KNOTS('',3,(#3131,#3132,#3133,#3134,#3135,#3136,#3137,
#3138,#3139,#3140),.UNSPECIFIED.,.F.,.F.,(4,1,1,1,1,1,1,4),(0.E0,
1.428571428571E-1,2.857142857143E-1,4.285714285714E-1,5.714285714286E-1,
7.142857142857E-1,8.571428571429E-1,1.E0),.UNSPECIFIED.);
#3152=B_SPLINE_CURVE_WITH_KNOTS('',3,(#3142,#3143,#3144,#3145,#3146,#3147,#3148,
#3149,#3150,#3151),.UNSPECIFIED.,.F.,.F.,(4,1,1,1,1,1,1,4),(0.E0,
1.428571428571E-1,2.857142857143E-1,4.285714285714E-1,5.714285714286E-1,
7.142857142857E-1,8.571428571429E-1,1.E0),.UNSPECIFIED.);
#3167=B_SPLINE_CURVE_WITH_KNOTS('',3,(#3153,#3154,#3155,#3156,#3157,#3158,#3159,
#3160,#3161,#3162,#3163,#3164,#3165,#3166),.UNSPECIFIED.,.F.,.F.,(4,1,1,1,1,1,1,
1,1,1,1,4),(0.E0,9.090909090909E-2,1.818181818182E-1,2.727272727273E-1,
3.636363636364E-1,4.545454545455E-1,5.454545454545E-1,6.363636363636E-1,
7.272727272727E-1,8.181818181818E-1,9.090909090909E-1,1.E0),.UNSPECIFIED.);
#3182=B_SPLINE_CURVE_WITH_KNOTS('',3,(#3168,#3169,#3170,#3171,#3172,#3173,#3174,
#3175,#3176,#3177,#3178,#3179,#3180,#3181),.UNSPECIFIED.,.F.,.F.,(4,1,1,1,1,1,1,
1,1,1,1,4),(0.E0,9.090909090909E-2,1.818181818182E-1,2.727272727273E-1,
3.636363636364E-1,4.545454545455E-1,5.454545454545E-1,6.363636363636E-1,
7.272727272727E-1,8.181818181818E-1,9.090909090909E-1,1.E0),.UNSPECIFIED.);
#3187=CIRCLE('',#3186,4.E-1);
#3218=B_SPLINE_CURVE_WITH_KNOTS('',3,(#3204,#3205,#3206,#3207,#3208,#3209,#3210,
#3211,#3212,#3213,#3214,#3215,#3216,#3217),.UNSPECIFIED.,.F.,.F.,(4,1,1,1,1,1,1,
1,1,1,1,4),(0.E0,9.090909090909E-2,1.818181818182E-1,2.727272727273E-1,
3.636363636364E-1,4.545454545455E-1,5.454545454545E-1,6.363636363636E-1,
7.272727272727E-1,8.181818181818E-1,9.090909090909E-1,1.E0),.UNSPECIFIED.);
#3223=CIRCLE('',#3222,4.E-1);
#3228=CIRCLE('',#3227,4.E-1);
#3233=CIRCLE('',#3232,4.E-1);
#3238=CIRCLE('',#3237,4.E-1);
#3243=CIRCLE('',#3242,4.E-1);
#3875=EDGE_CURVE('',#3406,#3407,#4,.T.);
#3877=EDGE_CURVE('',#3410,#3406,#8,.T.);
#3879=EDGE_CURVE('',#3410,#3411,#12,.T.);
#3881=EDGE_CURVE('',#3337,#3411,#16,.T.);
#3883=EDGE_CURVE('',#3333,#3337,#21,.T.);
#3885=EDGE_CURVE('',#3327,#3333,#25,.T.);
#3887=EDGE_CURVE('',#3326,#3327,#30,.T.);
#3889=EDGE_CURVE('',#3407,#3326,#34,.T.);
#3899=EDGE_CURVE('',#3437,#3438,#38,.T.);
#3901=EDGE_CURVE('',#3441,#3437,#42,.T.);
#3903=EDGE_CURVE('',#3441,#3442,#46,.T.);
#3905=EDGE_CURVE('',#3321,#3442,#50,.T.);
#3907=EDGE_CURVE('',#3317,#3321,#55,.T.);
#3909=EDGE_CURVE('',#3311,#3317,#59,.T.);
#3911=EDGE_CURVE('',#3310,#3311,#64,.T.);
#3913=EDGE_CURVE('',#3438,#3310,#68,.T.);
#3923=EDGE_CURVE('',#3402,#3403,#80,.T.);
#3925=EDGE_CURVE('',#3402,#3406,#2150,.T.);
#3928=EDGE_CURVE('',#3407,#3461,#2295,.T.);
#3930=EDGE_CURVE('',#3461,#3403,#2284,.T.);
#3940=EDGE_CURVE('',#3776,#3507,#72,.T.);
#3942=EDGE_CURVE('',#3864,#3776,#2103,.T.);
#3944=EDGE_CURVE('',#3864,#3402,#76,.T.);
#3947=EDGE_CURVE('',#3507,#3403,#84,.T.);
#3957=EDGE_CURVE('',#3750,#3751,#88,.T.);
#3959=EDGE_CURVE('',#3755,#3750,#92,.T.);
#3961=EDGE_CURVE('',#3754,#3755,#96,.T.);
#3963=EDGE_CURVE('',#3754,#3511,#1936,.T.);
#3965=EDGE_CURVE('',#3511,#3497,#2714,.T.);
#3967=EDGE_CURVE('',#3494,#3497,#2860,.T.);
#3969=EDGE_CURVE('',#3494,#3495,#2843,.T.);
#3971=EDGE_CURVE('',#3503,#3495,#2835,.T.);
#3973=EDGE_CURVE('',#3509,#3503,#2830,.T.);
#3975=EDGE_CURVE('',#3509,#3773,#3112,.T.);
#3977=EDGE_CURVE('',#3772,#3773,#100,.T.);
#3979=EDGE_CURVE('',#3777,#3772,#104,.T.);
#3981=EDGE_CURVE('',#3776,#3777,#108,.T.);
#3984=EDGE_CURVE('',#3507,#3501,#2257,.T.);
#3986=EDGE_CURVE('',#3490,#3501,#2248,.T.);
#3988=EDGE_CURVE('',#3490,#3491,#2231,.T.);
#3990=EDGE_CURVE('',#3499,#3491,#2223,.T.);
#3992=EDGE_CURVE('',#3505,#3499,#2218,.T.);
#3994=EDGE_CURVE('',#3505,#3751,#2205,.T.);
#3998=EDGE_CURVE('',#3474,#3475,#112,.T.);
#4000=EDGE_CURVE('',#3478,#3475,#253,.T.);
#4002=EDGE_CURVE('',#3478,#3479,#208,.T.);
#4004=EDGE_CURVE('',#3479,#3482,#204,.T.);
#4006=EDGE_CURVE('',#3482,#3483,#187,.T.);
#4008=EDGE_CURVE('',#3486,#3483,#178,.T.);
#4010=EDGE_CURVE('',#3486,#3487,#133,.T.);
#4012=EDGE_CURVE('',#3487,#3474,#129,.T.);
#4023=EDGE_CURVE('',#3474,#3275,#116,.T.);
#4025=EDGE_CURVE('',#3283,#3275,#120,.T.);
#4027=EDGE_CURVE('',#3283,#3475,#124,.T.);
#4038=EDGE_CURVE('',#3487,#3273,#173,.T.);
#4040=EDGE_CURVE('',#3273,#3275,#278,.T.);
#4052=EDGE_CURVE('',#3247,#3486,#137,.T.);
#4054=EDGE_CURVE('',#3246,#3247,#142,.T.);
#4056=EDGE_CURVE('',#3253,#3246,#146,.T.);
#4058=EDGE_CURVE('',#3257,#3253,#151,.T.);
#4060=EDGE_CURVE('',#3261,#3257,#155,.T.);
#4062=EDGE_CURVE('',#3265,#3261,#160,.T.);
#4064=EDGE_CURVE('',#3269,#3265,#164,.T.);
#4066=EDGE_CURVE('',#3273,#3269,#169,.T.);
#4078=EDGE_CURVE('',#3251,#3483,#199,.T.);
#4080=EDGE_CURVE('',#3247,#3251,#183,.T.);
#4092=EDGE_CURVE('',#3482,#3307,#191,.T.);
#4094=EDGE_CURVE('',#3251,#3307,#195,.T.);
#4106=EDGE_CURVE('',#3479,#3305,#248,.T.);
#4108=EDGE_CURVE('',#3305,#3307,#323,.T.);
#4120=EDGE_CURVE('',#3279,#3478,#212,.T.);
#4122=EDGE_CURVE('',#3278,#3279,#217,.T.);
#4124=EDGE_CURVE('',#3285,#3278,#221,.T.);
#4126=EDGE_CURVE('',#3289,#3285,#226,.T.);
#4128=EDGE_CURVE('',#3293,#3289,#230,.T.);
#4130=EDGE_CURVE('',#3297,#3293,#235,.T.);
#4132=EDGE_CURVE('',#3301,#3297,#239,.T.);
#4134=EDGE_CURVE('',#3305,#3301,#244,.T.);
#4147=EDGE_CURVE('',#3279,#3283,#258,.T.);
#4172=EDGE_CURVE('',#3282,#3283,#273,.T.);
#4174=EDGE_CURVE('',#3278,#3282,#263,.T.);
#4184=EDGE_CURVE('',#3275,#3271,#268,.T.);
#4186=EDGE_CURVE('',#3282,#3271,#364,.T.);
#4211=EDGE_CURVE('',#3269,#3271,#283,.T.);
#4224=EDGE_CURVE('',#3265,#3267,#288,.T.);
#4226=EDGE_CURVE('',#3271,#3267,#352,.T.);
#4238=EDGE_CURVE('',#3261,#3263,#293,.T.);
#4240=EDGE_CURVE('',#3267,#3263,#369,.T.);
#4252=EDGE_CURVE('',#3257,#3259,#298,.T.);
#4254=EDGE_CURVE('',#3263,#3259,#378,.T.);
#4266=EDGE_CURVE('',#3253,#3255,#303,.T.);
#4268=EDGE_CURVE('',#3259,#3255,#395,.T.);
#4280=EDGE_CURVE('',#3246,#3250,#308,.T.);
#4282=EDGE_CURVE('',#3255,#3250,#404,.T.);
#4307=EDGE_CURVE('',#3250,#3251,#313,.T.);
#4320=EDGE_CURVE('',#3307,#3303,#318,.T.);
#4322=EDGE_CURVE('',#3250,#3303,#408,.T.);
#4345=EDGE_CURVE('',#3301,#3303,#328,.T.);
#4358=EDGE_CURVE('',#3297,#3299,#333,.T.);
#4360=EDGE_CURVE('',#3303,#3299,#412,.T.);
#4372=EDGE_CURVE('',#3293,#3295,#338,.T.);
#4374=EDGE_CURVE('',#3299,#3295,#400,.T.);
#4386=EDGE_CURVE('',#3289,#3291,#343,.T.);
#4388=EDGE_CURVE('',#3295,#3291,#386,.T.);
#4400=EDGE_CURVE('',#3285,#3287,#348,.T.);
#4402=EDGE_CURVE('',#3291,#3287,#374,.T.);
#4415=EDGE_CURVE('',#3287,#3282,#360,.T.);
#4427=EDGE_CURVE('',#3267,#3287,#356,.T.);
#4440=EDGE_CURVE('',#3263,#3291,#390,.T.);
#4453=EDGE_CURVE('',#3295,#3259,#382,.T.);
#4466=EDGE_CURVE('',#3299,#3255,#416,.T.);
#4490=EDGE_CURVE('',#3746,#3747,#492,.T.);
#4492=EDGE_CURVE('',#3746,#3750,#1905,.T.);
#4495=EDGE_CURVE('',#3751,#3869,#421,.T.);
#4497=EDGE_CURVE('',#3869,#3747,#434,.T.);
#4507=EDGE_CURVE('',#3618,#3619,#438,.T.);
#4509=EDGE_CURVE('',#3618,#3636,#442,.T.);
#4511=EDGE_CURVE('',#3636,#3637,#446,.T.);
#4513=EDGE_CURVE('',#3637,#3799,#450,.T.);
#4515=EDGE_CURVE('',#3803,#3799,#455,.T.);
#4517=EDGE_CURVE('',#3802,#3803,#459,.T.);
#4519=EDGE_CURVE('',#3802,#3807,#463,.T.);
#4521=EDGE_CURVE('',#3807,#3811,#467,.T.);
#4523=EDGE_CURVE('',#3809,#3811,#472,.T.);
#4525=EDGE_CURVE('',#3809,#3671,#476,.T.);
#4527=EDGE_CURVE('',#3670,#3671,#480,.T.);
#4529=EDGE_CURVE('',#3670,#3737,#484,.T.);
#4531=EDGE_CURVE('',#3746,#3737,#488,.T.);
#4534=EDGE_CURVE('',#3466,#3747,#2192,.T.);
#4536=EDGE_CURVE('',#3466,#3467,#496,.T.);
#4538=EDGE_CURVE('',#3779,#3467,#2107,.T.);
#4540=EDGE_CURVE('',#3779,#3619,#500,.T.);
#4550=EDGE_CURVE('',#3614,#3615,#539,.T.);
#4552=EDGE_CURVE('',#3618,#3614,#505,.T.);
#4555=EDGE_CURVE('',#3619,#3615,#2080,.T.);
#4565=EDGE_CURVE('',#3546,#3547,#509,.T.);
#4567=EDGE_CURVE('',#3789,#3547,#514,.T.);
#4569=EDGE_CURVE('',#3652,#3789,#518,.T.);
#4571=EDGE_CURVE('',#3652,#3653,#522,.T.);
#4573=EDGE_CURVE('',#3627,#3653,#526,.T.);
#4575=EDGE_CURVE('',#3627,#3623,#530,.T.);
#4577=EDGE_CURVE('',#3623,#3614,#535,.T.);
#4580=EDGE_CURVE('',#3615,#3605,#543,.T.);
#4582=EDGE_CURVE('',#3604,#3605,#547,.T.);
#4584=EDGE_CURVE('',#3607,#3604,#552,.T.);
#4586=EDGE_CURVE('',#3611,#3607,#556,.T.);
#4588=EDGE_CURVE('',#3611,#3574,#560,.T.);
#4590=EDGE_CURVE('',#3574,#3575,#564,.T.);
#4592=EDGE_CURVE('',#3575,#3767,#568,.T.);
#4594=EDGE_CURVE('',#3546,#3767,#573,.T.);
#4605=EDGE_CURVE('',#3546,#3550,#578,.T.);
#4607=EDGE_CURVE('',#3550,#3551,#1024,.T.);
#4609=EDGE_CURVE('',#3551,#3547,#1691,.T.);
#4620=EDGE_CURVE('',#3765,#3767,#583,.T.);
#4622=EDGE_CURVE('',#3550,#3765,#588,.T.);
#4633=EDGE_CURVE('',#3577,#3765,#619,.T.);
#4637=EDGE_CURVE('',#3577,#3575,#603,.T.);
#4647=EDGE_CURVE('',#3577,#3562,#607,.T.);
#4649=EDGE_CURVE('',#3562,#3785,#611,.T.);
#4651=EDGE_CURVE('',#3765,#3785,#615,.T.);
#4662=EDGE_CURVE('',#3562,#3563,#623,.T.);
#4665=EDGE_CURVE('',#3569,#3577,#627,.T.);
#4667=EDGE_CURVE('',#3563,#3569,#631,.T.);
#4677=EDGE_CURVE('',#3648,#3649,#635,.T.);
#4679=EDGE_CURVE('',#3663,#3648,#1725,.T.);
#4681=EDGE_CURVE('',#3659,#3663,#639,.T.);
#4683=EDGE_CURVE('',#3649,#3659,#643,.T.);
#4693=EDGE_CURVE('',#3688,#3689,#647,.T.);
#4695=EDGE_CURVE('',#3703,#3688,#1239,.T.);
#4697=EDGE_CURVE('',#3695,#3703,#651,.T.);
#4699=EDGE_CURVE('',#3689,#3695,#655,.T.);
#4709=EDGE_CURVE('',#3714,#3715,#659,.T.);
#4711=EDGE_CURVE('',#3729,#3714,#3191,.T.);
#4713=EDGE_CURVE('',#3723,#3729,#663,.T.);
#4715=EDGE_CURVE('',#3715,#3723,#667,.T.);
#4726=EDGE_CURVE('',#3563,#3567,#697,.T.);
#4728=EDGE_CURVE('',#3566,#3567,#918,.T.);
#4730=EDGE_CURVE('',#3562,#3566,#682,.T.);
#4741=EDGE_CURVE('',#3569,#3571,#702,.T.);
#4743=EDGE_CURVE('',#3567,#3571,#716,.T.);
#4755=EDGE_CURVE('',#3574,#3569,#707,.T.);
#4757=EDGE_CURVE('',#3571,#3574,#712,.T.);
#4779=EDGE_CURVE('',#3597,#3571,#720,.T.);
#4783=EDGE_CURVE('',#3611,#3597,#3233,.T.);
#4795=EDGE_CURVE('',#3597,#3593,#724,.T.);
#4797=EDGE_CURVE('',#3567,#3593,#922,.T.);
#4807=EDGE_CURVE('',#3595,#3591,#747,.T.);
#4809=EDGE_CURVE('',#3593,#3591,#739,.T.);
#4812=EDGE_CURVE('',#3597,#3595,#3243,.T.);
#4822=EDGE_CURVE('',#3591,#3587,#743,.T.);
#4825=EDGE_CURVE('',#3595,#3609,#751,.T.);
#4827=EDGE_CURVE('',#3587,#3609,#755,.T.);
#4837=EDGE_CURVE('',#3625,#3621,#759,.T.);
#4839=EDGE_CURVE('',#3629,#3625,#763,.T.);
#4841=EDGE_CURVE('',#3629,#3645,#767,.T.);
#4843=EDGE_CURVE('',#3621,#3645,#771,.T.);
#4853=EDGE_CURVE('',#3677,#3673,#775,.T.);
#4855=EDGE_CURVE('',#3681,#3677,#779,.T.);
#4857=EDGE_CURVE('',#3739,#3681,#783,.T.);
#4859=EDGE_CURVE('',#3673,#3739,#787,.T.);
#4869=EDGE_CURVE('',#3710,#3711,#791,.T.);
#4871=EDGE_CURVE('',#3710,#3825,#795,.T.);
#4873=EDGE_CURVE('',#3831,#3825,#799,.T.);
#4875=EDGE_CURVE('',#3711,#3831,#803,.T.);
#4886=EDGE_CURVE('',#3587,#3589,#808,.T.);
#4888=EDGE_CURVE('',#3593,#3589,#926,.T.);
#4899=EDGE_CURVE('',#3587,#3584,#813,.T.);
#4901=EDGE_CURVE('',#3584,#3580,#899,.T.);
#4903=EDGE_CURVE('',#3589,#3580,#931,.T.);
#4916=EDGE_CURVE('',#3609,#3600,#818,.T.);
#4918=EDGE_CURVE('',#3584,#3600,#836,.T.);
#4929=EDGE_CURVE('',#3604,#3600,#828,.T.);
#4932=EDGE_CURVE('',#3607,#3609,#823,.T.);
#4942=EDGE_CURVE('',#3600,#3601,#840,.T.);
#4946=EDGE_CURVE('',#3605,#3601,#2060,.T.);
#4956=EDGE_CURVE('',#3584,#3585,#832,.T.);
#4960=EDGE_CURVE('',#3601,#3769,#844,.T.);
#4962=EDGE_CURVE('',#3470,#3769,#2028,.T.);
#4964=EDGE_CURVE('',#3470,#3471,#848,.T.);
#4966=EDGE_CURVE('',#3758,#3471,#1927,.T.);
#4968=EDGE_CURVE('',#3758,#3759,#852,.T.);
#4970=EDGE_CURVE('',#3835,#3759,#856,.T.);
#4972=EDGE_CURVE('',#3835,#3829,#860,.T.);
#4974=EDGE_CURVE('',#3829,#3816,#864,.T.);
#4976=EDGE_CURVE('',#3816,#3817,#868,.T.);
#4978=EDGE_CURVE('',#3813,#3817,#873,.T.);
#4980=EDGE_CURVE('',#3762,#3813,#877,.T.);
#4982=EDGE_CURVE('',#3762,#3763,#881,.T.);
#4984=EDGE_CURVE('',#3763,#3805,#885,.T.);
#4986=EDGE_CURVE('',#3781,#3805,#890,.T.);
#4988=EDGE_CURVE('',#3781,#3585,#894,.T.);
#4998=EDGE_CURVE('',#3580,#3581,#935,.T.);
#5002=EDGE_CURVE('',#3581,#3585,#914,.T.);
#5017=EDGE_CURVE('',#3581,#3733,#1044,.T.);
#5019=EDGE_CURVE('',#3733,#3783,#940,.T.);
#5021=EDGE_CURVE('',#3566,#3783,#944,.T.);
#5031=EDGE_CURVE('',#3851,#3731,#956,.T.);
#5033=EDGE_CURVE('',#3667,#3731,#960,.T.);
#5035=EDGE_CURVE('',#3514,#3667,#964,.T.);
#5037=EDGE_CURVE('',#3514,#3515,#968,.T.);
#5039=EDGE_CURVE('',#3819,#3515,#972,.T.);
#5041=EDGE_CURVE('',#3819,#3863,#976,.T.);
#5043=EDGE_CURVE('',#3863,#3861,#988,.T.);
#5045=EDGE_CURVE('',#3861,#3559,#992,.T.);
#5047=EDGE_CURVE('',#3558,#3559,#996,.T.);
#5049=EDGE_CURVE('',#3558,#3851,#1000,.T.);
#5059=EDGE_CURVE('',#3641,#3735,#1004,.T.);
#5061=EDGE_CURVE('',#3735,#3793,#1016,.T.);
#5063=EDGE_CURVE('',#3793,#3551,#1020,.T.);
#5066=EDGE_CURVE('',#3550,#3787,#1028,.T.);
#5068=EDGE_CURVE('',#3787,#3733,#1040,.T.);
#5071=EDGE_CURVE('',#3522,#3581,#1048,.T.);
#5073=EDGE_CURVE('',#3522,#3523,#1052,.T.);
#5075=EDGE_CURVE('',#3641,#3523,#1056,.T.);
#5085=EDGE_CURVE('',#3731,#3847,#1075,.T.);
#5088=EDGE_CURVE('',#3849,#3851,#1061,.T.);
#5090=EDGE_CURVE('',#3847,#3849,#1066,.T.);
#5100=EDGE_CURVE('',#3666,#3667,#1070,.T.);
#5104=EDGE_CURVE('',#3692,#3847,#1079,.T.);
#5106=EDGE_CURVE('',#3692,#3693,#1083,.T.);
#5108=EDGE_CURVE('',#3679,#3693,#1087,.T.);
#5110=EDGE_CURVE('',#3679,#3675,#1091,.T.);
#5112=EDGE_CURVE('',#3675,#3666,#1096,.T.);
#5123=EDGE_CURVE('',#3670,#3666,#1101,.T.);
#5126=EDGE_CURVE('',#3667,#3671,#1116,.T.);
#5136=EDGE_CURVE('',#3673,#3670,#1126,.T.);
#5140=EDGE_CURVE('',#3673,#3675,#1121,.T.);
#5152=EDGE_CURVE('',#3737,#3739,#1131,.T.);
#5164=EDGE_CURVE('',#3739,#3843,#1141,.T.);
#5166=EDGE_CURVE('',#3845,#3843,#1188,.T.);
#5168=EDGE_CURVE('',#3737,#3845,#1136,.T.);
#5178=EDGE_CURVE('',#3843,#3684,#1192,.T.);
#5182=EDGE_CURVE('',#3681,#3684,#1327,.T.);
#5192=EDGE_CURVE('',#3554,#3555,#1145,.T.);
#5194=EDGE_CURVE('',#3853,#3555,#1150,.T.);
#5196=EDGE_CURVE('',#3718,#3853,#1154,.T.);
#5198=EDGE_CURVE('',#3718,#3719,#1158,.T.);
#5200=EDGE_CURVE('',#3719,#3707,#1162,.T.);
#5202=EDGE_CURVE('',#3707,#3833,#1166,.T.);
#5204=EDGE_CURVE('',#3833,#3837,#1171,.T.);
#5206=EDGE_CURVE('',#3837,#3839,#1175,.T.);
#5208=EDGE_CURVE('',#3839,#3841,#1179,.T.);
#5210=EDGE_CURVE('',#3841,#3845,#1183,.T.);
#5214=EDGE_CURVE('',#3699,#3684,#1312,.T.);
#5216=EDGE_CURVE('',#3699,#3701,#1196,.T.);
#5218=EDGE_CURVE('',#3701,#3743,#1200,.T.);
#5220=EDGE_CURVE('',#3554,#3743,#1205,.T.);
#5231=EDGE_CURVE('',#3554,#3558,#1210,.T.);
#5234=EDGE_CURVE('',#3559,#3555,#1347,.T.);
#5245=EDGE_CURVE('',#3741,#3743,#1215,.T.);
#5247=EDGE_CURVE('',#3558,#3741,#1220,.T.);
#5258=EDGE_CURVE('',#3703,#3741,#1251,.T.);
#5262=EDGE_CURVE('',#3703,#3701,#1235,.T.);
#5273=EDGE_CURVE('',#3688,#3849,#1243,.T.);
#5275=EDGE_CURVE('',#3741,#3849,#1247,.T.);
#5289=EDGE_CURVE('',#3688,#3692,#1266,.T.);
#5300=EDGE_CURVE('',#3689,#3693,#1271,.T.);
#5313=EDGE_CURVE('',#3698,#3689,#1276,.T.);
#5315=EDGE_CURVE('',#3693,#3698,#1281,.T.);
#5326=EDGE_CURVE('',#3699,#3695,#1296,.T.);
#5328=EDGE_CURVE('',#3698,#3699,#1308,.T.);
#5351=EDGE_CURVE('',#3684,#3685,#1300,.T.);
#5353=EDGE_CURVE('',#3685,#3698,#1304,.T.);
#5366=EDGE_CURVE('',#3677,#3685,#1337,.T.);
#5378=EDGE_CURVE('',#3685,#3679,#1332,.T.);
#5381=EDGE_CURVE('',#3679,#3677,#1342,.T.);
#5429=EDGE_CURVE('',#3855,#3559,#1352,.T.);
#5431=EDGE_CURVE('',#3853,#3855,#3187,.T.);
#5442=EDGE_CURVE('',#3861,#3857,#1362,.T.);
#5444=EDGE_CURVE('',#3857,#3855,#3199,.T.);
#5455=EDGE_CURVE('',#3859,#3863,#1375,.T.);
#5457=EDGE_CURVE('',#3857,#3859,#1357,.T.);
#5469=EDGE_CURVE('',#3726,#3727,#1366,.T.);
#5471=EDGE_CURVE('',#3727,#3859,#1370,.T.);
#5475=EDGE_CURVE('',#3827,#3819,#1379,.T.);
#5477=EDGE_CURVE('',#3823,#3827,#1384,.T.);
#5479=EDGE_CURVE('',#3822,#3823,#1388,.T.);
#5481=EDGE_CURVE('',#3822,#3726,#1392,.T.);
#5492=EDGE_CURVE('',#3726,#3723,#1397,.T.);
#5495=EDGE_CURVE('',#3729,#3727,#3218,.T.);
#5506=EDGE_CURVE('',#3721,#3726,#1402,.T.);
#5508=EDGE_CURVE('',#3723,#3721,#1407,.T.);
#5518=EDGE_CURVE('',#3706,#3721,#1419,.T.);
#5522=EDGE_CURVE('',#3822,#3706,#1444,.T.);
#5532=EDGE_CURVE('',#3706,#3707,#1411,.T.);
#5535=EDGE_CURVE('',#3719,#3721,#1415,.T.);
#5547=EDGE_CURVE('',#3706,#3710,#1439,.T.);
#5550=EDGE_CURVE('',#3707,#3711,#1434,.T.);
#5562=EDGE_CURVE('',#3710,#3822,#1449,.T.);
#5573=EDGE_CURVE('',#3823,#3825,#1454,.T.);
#5586=EDGE_CURVE('',#3827,#3829,#1459,.T.);
#5588=EDGE_CURVE('',#3825,#3829,#1860,.T.);
#5602=EDGE_CURVE('',#3819,#3816,#1474,.T.);
#5615=EDGE_CURVE('',#3515,#3817,#1479,.T.);
#5627=EDGE_CURVE('',#3519,#3515,#1484,.T.);
#5629=EDGE_CURVE('',#3813,#3519,#1829,.T.);
#5640=EDGE_CURVE('',#3514,#3518,#1494,.T.);
#5642=EDGE_CURVE('',#3518,#3519,#1498,.T.);
#5654=EDGE_CURVE('',#3518,#3811,#1489,.T.);
#5657=EDGE_CURVE('',#3809,#3514,#1855,.T.);
#5667=EDGE_CURVE('',#3538,#3518,#1502,.T.);
#5671=EDGE_CURVE('',#3807,#3538,#1520,.T.);
#5683=EDGE_CURVE('',#3538,#3539,#1506,.T.);
#5685=EDGE_CURVE('',#3539,#3519,#1510,.T.);
#5696=EDGE_CURVE('',#3538,#3542,#1515,.T.);
#5698=EDGE_CURVE('',#3542,#3543,#1841,.T.);
#5700=EDGE_CURVE('',#3543,#3539,#1819,.T.);
#5712=EDGE_CURVE('',#3542,#3807,#1525,.T.);
#5723=EDGE_CURVE('',#3802,#3535,#1530,.T.);
#5725=EDGE_CURVE('',#3535,#3542,#1845,.T.);
#5737=EDGE_CURVE('',#3531,#3802,#1535,.T.);
#5739=EDGE_CURVE('',#3535,#3531,#1540,.T.);
#5750=EDGE_CURVE('',#3803,#3527,#1545,.T.);
#5752=EDGE_CURVE('',#3531,#3527,#1794,.T.);
#5764=EDGE_CURVE('',#3523,#3799,#1550,.T.);
#5766=EDGE_CURVE('',#3527,#3523,#1555,.T.);
#5778=EDGE_CURVE('',#3641,#3637,#1570,.T.);
#5791=EDGE_CURVE('',#3640,#3636,#1575,.T.);
#5793=EDGE_CURVE('',#3640,#3641,#1584,.T.);
#5804=EDGE_CURVE('',#3643,#3640,#1589,.T.);
#5807=EDGE_CURVE('',#3645,#3636,#1651,.T.);
#5809=EDGE_CURVE('',#3643,#3645,#1580,.T.);
#5821=EDGE_CURVE('',#3632,#3643,#1593,.T.);
#5823=EDGE_CURVE('',#3657,#3632,#1768,.T.);
#5825=EDGE_CURVE('',#3657,#3661,#1597,.T.);
#5827=EDGE_CURVE('',#3661,#3797,#1601,.T.);
#5829=EDGE_CURVE('',#3797,#3735,#1606,.T.);
#5843=EDGE_CURVE('',#3629,#3632,#1621,.T.);
#5854=EDGE_CURVE('',#3625,#3633,#1626,.T.);
#5856=EDGE_CURVE('',#3632,#3633,#1756,.T.);
#5868=EDGE_CURVE('',#3627,#3625,#1631,.T.);
#5870=EDGE_CURVE('',#3633,#3627,#1636,.T.);
#5881=EDGE_CURVE('',#3621,#3623,#1641,.T.);
#5893=EDGE_CURVE('',#3621,#3618,#1646,.T.);
#5919=EDGE_CURVE('',#3653,#3656,#1656,.T.);
#5921=EDGE_CURVE('',#3633,#3656,#1760,.T.);
#5933=EDGE_CURVE('',#3649,#3653,#1661,.T.);
#5935=EDGE_CURVE('',#3656,#3649,#1666,.T.);
#5948=EDGE_CURVE('',#3648,#3652,#1681,.T.);
#5959=EDGE_CURVE('',#3789,#3791,#1686,.T.);
#5961=EDGE_CURVE('',#3648,#3791,#1729,.T.);
#5974=EDGE_CURVE('',#3791,#3551,#1696,.T.);
#5986=EDGE_CURVE('',#3793,#3795,#1706,.T.);
#5988=EDGE_CURVE('',#3795,#3791,#1733,.T.);
#6000=EDGE_CURVE('',#3795,#3797,#1701,.T.);
#6012=EDGE_CURVE('',#3663,#3795,#1737,.T.);
#6016=EDGE_CURVE('',#3663,#3661,#1721,.T.);
#6039=EDGE_CURVE('',#3657,#3659,#1752,.T.);
#6051=EDGE_CURVE('',#3656,#3657,#1764,.T.);
#6077=EDGE_CURVE('',#3522,#3526,#1778,.T.);
#6079=EDGE_CURVE('',#3526,#3527,#1782,.T.);
#6091=EDGE_CURVE('',#3526,#3805,#1773,.T.);
#6094=EDGE_CURVE('',#3781,#3522,#1850,.T.);
#6104=EDGE_CURVE('',#3530,#3526,#1786,.T.);
#6108=EDGE_CURVE('',#3763,#3530,#1804,.T.);
#6120=EDGE_CURVE('',#3530,#3531,#1790,.T.);
#6132=EDGE_CURVE('',#3530,#3534,#1799,.T.);
#6134=EDGE_CURVE('',#3534,#3535,#1833,.T.);
#6147=EDGE_CURVE('',#3534,#3763,#1809,.T.);
#6158=EDGE_CURVE('',#3762,#3543,#1824,.T.);
#6160=EDGE_CURVE('',#3543,#3534,#1837,.T.);
#6171=EDGE_CURVE('',#3539,#3762,#1814,.T.);
#6233=EDGE_CURVE('',#3831,#3835,#1865,.T.);
#6245=EDGE_CURVE('',#3835,#3837,#1875,.T.);
#6248=EDGE_CURVE('',#3831,#3833,#1870,.T.);
#6261=EDGE_CURVE('',#3759,#3839,#1885,.T.);
#6271=EDGE_CURVE('',#3839,#3755,#1880,.T.);
#6274=EDGE_CURVE('',#3755,#3759,#1890,.T.);
#6285=EDGE_CURVE('',#3750,#3841,#1900,.T.);
#6297=EDGE_CURVE('',#3841,#3746,#1895,.T.);
#6324=EDGE_CURVE('',#3758,#3867,#1918,.T.);
#6326=EDGE_CURVE('',#3867,#3754,#1923,.T.);
#6336=EDGE_CURVE('',#3867,#3433,#1940,.T.);
#6340=EDGE_CURVE('',#3471,#3433,#1932,.T.);
#6353=EDGE_CURVE('',#3433,#3434,#1944,.T.);
#6355=EDGE_CURVE('',#3511,#3434,#1948,.T.);
#6366=EDGE_CURVE('',#3433,#3437,#1986,.T.);
#6369=EDGE_CURVE('',#3438,#3463,#2752,.T.);
#6371=EDGE_CURVE('',#3463,#3434,#2741,.T.);
#6458=EDGE_CURVE('',#3437,#3471,#1967,.T.);
#6470=EDGE_CURVE('',#3470,#3441,#2024,.T.);
#6558=EDGE_CURVE('',#3445,#3470,#2037,.T.);
#6560=EDGE_CURVE('',#3441,#3445,#2005,.T.);
#6572=EDGE_CURVE('',#3866,#3769,#2055,.T.);
#6574=EDGE_CURVE('',#3866,#3445,#2032,.T.);
#6586=EDGE_CURVE('',#3601,#3772,#2070,.T.);
#6589=EDGE_CURVE('',#3773,#3866,#2042,.T.);
#6601=EDGE_CURVE('',#3772,#3605,#2065,.T.);
#6613=EDGE_CURVE('',#3615,#3777,#2075,.T.);
#6627=EDGE_CURVE('',#3777,#3619,#2085,.T.);
#6640=EDGE_CURVE('',#3779,#3864,#2098,.T.);
#6654=EDGE_CURVE('',#3467,#3402,#2112,.T.);
#6741=EDGE_CURVE('',#3406,#3467,#2131,.T.);
#6753=EDGE_CURVE('',#3466,#3410,#2188,.T.);
#6841=EDGE_CURVE('',#3414,#3466,#2201,.T.);
#6843=EDGE_CURVE('',#3410,#3414,#2169,.T.);
#6856=EDGE_CURVE('',#3869,#3414,#2196,.T.);
#6870=EDGE_CURVE('',#3415,#3505,#2209,.T.);
#6872=EDGE_CURVE('',#3414,#3415,#2213,.T.);
#6883=EDGE_CURVE('',#3499,#3416,#2227,.T.);
#6885=EDGE_CURVE('',#3416,#3417,#2448,.T.);
#6887=EDGE_CURVE('',#3417,#3418,#2414,.T.);
#6889=EDGE_CURVE('',#3418,#3419,#2401,.T.);
#6891=EDGE_CURVE('',#3421,#3419,#2345,.T.);
#6893=EDGE_CURVE('',#3421,#3415,#3152,.T.);
#6905=EDGE_CURVE('',#3383,#3491,#2243,.T.);
#6907=EDGE_CURVE('',#3383,#3416,#2453,.T.);
#6919=EDGE_CURVE('',#3382,#3490,#2235,.T.);
#6921=EDGE_CURVE('',#3382,#3383,#2239,.T.);
#6933=EDGE_CURVE('',#3397,#3501,#2252,.T.);
#6935=EDGE_CURVE('',#3397,#3382,#2483,.T.);
#6948=EDGE_CURVE('',#3403,#3399,#2273,.T.);
#6950=EDGE_CURVE('',#3394,#3399,#2555,.T.);
#6952=EDGE_CURVE('',#3394,#3395,#2546,.T.);
#6954=EDGE_CURVE('',#3395,#3396,#2495,.T.);
#6956=EDGE_CURVE('',#3396,#3397,#2467,.T.);
#7011=EDGE_CURVE('',#3399,#3461,#2262,.T.);
#7063=EDGE_CURVE('',#3424,#3407,#2300,.T.);
#7065=EDGE_CURVE('',#3424,#3399,#2566,.T.);
#7079=EDGE_CURVE('',#3326,#3330,#2305,.T.);
#7081=EDGE_CURVE('',#3424,#3330,#2570,.T.);
#7092=EDGE_CURVE('',#3327,#3331,#2310,.T.);
#7094=EDGE_CURVE('',#3330,#3331,#2583,.T.);
#7106=EDGE_CURVE('',#3333,#3335,#2315,.T.);
#7108=EDGE_CURVE('',#3331,#3335,#2592,.T.);
#7120=EDGE_CURVE('',#3337,#3339,#2325,.T.);
#7122=EDGE_CURVE('',#3335,#3339,#2609,.T.);
#7133=EDGE_CURVE('',#3422,#3411,#2320,.T.);
#7135=EDGE_CURVE('',#3339,#3422,#2357,.T.);
#7187=EDGE_CURVE('',#3421,#3422,#2368,.T.);
#7190=EDGE_CURVE('',#3457,#3411,#2336,.T.);
#7192=EDGE_CURVE('',#3421,#3457,#2341,.T.);
#7203=EDGE_CURVE('',#3419,#3377,#2349,.T.);
#7205=EDGE_CURVE('',#3339,#3377,#2353,.T.);
#7218=EDGE_CURVE('',#3418,#3379,#2439,.T.);
#7220=EDGE_CURVE('',#3379,#3375,#2667,.T.);
#7222=EDGE_CURVE('',#3375,#3377,#2619,.T.);
#7286=EDGE_CURVE('',#3417,#3393,#2420,.T.);
#7288=EDGE_CURVE('',#3379,#3393,#2434,.T.);
#7301=EDGE_CURVE('',#3393,#3383,#2458,.T.);
#7313=EDGE_CURVE('',#3382,#3392,#2478,.T.);
#7315=EDGE_CURVE('',#3392,#3363,#2513,.T.);
#7317=EDGE_CURVE('',#3363,#3379,#2671,.T.);
#7330=EDGE_CURVE('',#3396,#3392,#2473,.T.);
#7391=EDGE_CURVE('',#3363,#3395,#2500,.T.);
#7404=EDGE_CURVE('',#3369,#3394,#2578,.T.);
#7406=EDGE_CURVE('',#3362,#3369,#2551,.T.);
#7408=EDGE_CURVE('',#3362,#3363,#2649,.T.);
#7422=EDGE_CURVE('',#3330,#3369,#2574,.T.);
#7434=EDGE_CURVE('',#3331,#3368,#2604,.T.);
#7436=EDGE_CURVE('',#3368,#3369,#2588,.T.);
#7448=EDGE_CURVE('',#3335,#3373,#2596,.T.);
#7450=EDGE_CURVE('',#3373,#3368,#2600,.T.);
#7463=EDGE_CURVE('',#3377,#3373,#2614,.T.);
#7474=EDGE_CURVE('',#3375,#3371,#2663,.T.);
#7476=EDGE_CURVE('',#3371,#3373,#3130,.T.);
#7488=EDGE_CURVE('',#3342,#3343,#2623,.T.);
#7490=EDGE_CURVE('',#3345,#3342,#2628,.T.);
#7492=EDGE_CURVE('',#3351,#3345,#2632,.T.);
#7494=EDGE_CURVE('',#3355,#3351,#2637,.T.);
#7496=EDGE_CURVE('',#3359,#3355,#2641,.T.);
#7498=EDGE_CURVE('',#3343,#3359,#2645,.T.);
#7509=EDGE_CURVE('',#3365,#3362,#2654,.T.);
#7511=EDGE_CURVE('',#3371,#3365,#2658,.T.);
#7524=EDGE_CURVE('',#3425,#3426,#2704,.T.);
#7526=EDGE_CURVE('',#3349,#3425,#3086,.T.);
#7528=EDGE_CURVE('',#3342,#3349,#2709,.T.);
#7531=EDGE_CURVE('',#3343,#3426,#2906,.T.);
#7543=EDGE_CURVE('',#3434,#3430,#2730,.T.);
#7545=EDGE_CURVE('',#3425,#3430,#3063,.T.);
#7548=EDGE_CURVE('',#3426,#3427,#2901,.T.);
#7550=EDGE_CURVE('',#3427,#3428,#2873,.T.);
#7552=EDGE_CURVE('',#3428,#3497,#2864,.T.);
#7606=EDGE_CURVE('',#3430,#3463,#2719,.T.);
#7658=EDGE_CURVE('',#3455,#3438,#2757,.T.);
#7660=EDGE_CURVE('',#3455,#3430,#3074,.T.);
#7674=EDGE_CURVE('',#3310,#3314,#2762,.T.);
#7676=EDGE_CURVE('',#3455,#3314,#3078,.T.);
#7687=EDGE_CURVE('',#3311,#3315,#2767,.T.);
#7689=EDGE_CURVE('',#3314,#3315,#3028,.T.);
#7701=EDGE_CURVE('',#3317,#3319,#2772,.T.);
#7703=EDGE_CURVE('',#3315,#3319,#3037,.T.);
#7715=EDGE_CURVE('',#3321,#3323,#2782,.T.);
#7717=EDGE_CURVE('',#3319,#3323,#3054,.T.);
#7728=EDGE_CURVE('',#3453,#3442,#2777,.T.);
#7730=EDGE_CURVE('',#3323,#3453,#2814,.T.);
#7782=EDGE_CURVE('',#3452,#3453,#2825,.T.);
#7785=EDGE_CURVE('',#3459,#3442,#2793,.T.);
#7787=EDGE_CURVE('',#3452,#3459,#2798,.T.);
#7797=EDGE_CURVE('',#3452,#3450,#2802,.T.);
#7799=EDGE_CURVE('',#3450,#3357,#2806,.T.);
#7801=EDGE_CURVE('',#3323,#3357,#2810,.T.);
#7814=EDGE_CURVE('',#3503,#3447,#2839,.T.);
#7816=EDGE_CURVE('',#3447,#3448,#2965,.T.);
#7818=EDGE_CURVE('',#3448,#3449,#2931,.T.);
#7820=EDGE_CURVE('',#3449,#3450,#3008,.T.);
#7823=EDGE_CURVE('',#3452,#3446,#3108,.T.);
#7825=EDGE_CURVE('',#3446,#3509,#3116,.T.);
#7836=EDGE_CURVE('',#3387,#3495,#2855,.T.);
#7838=EDGE_CURVE('',#3387,#3447,#2970,.T.);
#7850=EDGE_CURVE('',#3386,#3494,#2847,.T.);
#7852=EDGE_CURVE('',#3386,#3387,#2851,.T.);
#7865=EDGE_CURVE('',#3428,#3386,#2889,.T.);
#7877=EDGE_CURVE('',#3427,#3389,#2879,.T.);
#7879=EDGE_CURVE('',#3386,#3389,#2884,.T.);
#7940=EDGE_CURVE('',#3389,#3343,#2919,.T.);
#7955=EDGE_CURVE('',#3359,#3390,#2951,.T.);
#7957=EDGE_CURVE('',#3390,#3387,#2975,.T.);
#8020=EDGE_CURVE('',#3448,#3390,#2937,.T.);
#8023=EDGE_CURVE('',#3449,#3359,#2956,.T.);
#8048=EDGE_CURVE('',#3355,#3357,#3013,.T.);
#8060=EDGE_CURVE('',#3351,#3353,#3018,.T.);
#8062=EDGE_CURVE('',#3357,#3353,#3059,.T.);
#8074=EDGE_CURVE('',#3345,#3348,#3023,.T.);
#8076=EDGE_CURVE('',#3353,#3348,#3045,.T.);
#8089=EDGE_CURVE('',#3348,#3349,#3033,.T.);
#8101=EDGE_CURVE('',#3315,#3348,#3049,.T.);
#8104=EDGE_CURVE('',#3314,#3349,#3082,.T.);
#8115=EDGE_CURVE('',#3319,#3353,#3041,.T.);
#8197=EDGE_CURVE('',#3446,#3459,#3097,.T.);
#8210=EDGE_CURVE('',#3445,#3446,#3120,.T.);
#8238=EDGE_CURVE('',#3365,#3368,#3125,.T.);
#8263=EDGE_CURVE('',#3415,#3457,#3141,.T.);
#8342=EDGE_CURVE('',#3715,#3719,#3167,.T.);
#8357=EDGE_CURVE('',#3714,#3718,#3182,.T.);
#8369=EDGE_CURVE('',#3714,#3855,#3195,.T.);
#8383=EDGE_CURVE('',#3729,#3857,#3203,.T.);
#8408=EDGE_CURVE('',#3785,#3787,#3223,.T.);
#8421=EDGE_CURVE('',#3783,#3785,#3228,.T.);
#8446=EDGE_CURVE('',#3595,#3611,#3238,.T.);
#8462=CLOSED_SHELL('',(#3893,#3917,#3934,#3951,#4016,#4031,#4045,#4071,#4085,
#4099,#4113,#4139,#4152,#4178,#4192,#4217,#4231,#4245,#4259,#4273,#4287,#4312,
#4326,#4351,#4365,#4379,#4393,#4407,#4420,#4433,#4446,#4459,#4472,#4484,#4501,
#4544,#4559,#4598,#4613,#4627,#4641,#4656,#4671,#4687,#4703,#4719,#4734,#4748,
#4761,#4773,#4787,#4801,#4816,#4831,#4847,#4863,#4879,#4893,#4908,#4922,#4936,
#4950,#4992,#5006,#5025,#5053,#5079,#5094,#5116,#5130,#5144,#5157,#5172,#5186,
#5224,#5238,#5252,#5266,#5280,#5293,#5306,#5319,#5333,#5345,#5359,#5372,#5385,
#5397,#5409,#5421,#5435,#5449,#5463,#5485,#5499,#5512,#5526,#5540,#5554,#5566,
#5579,#5593,#5606,#5619,#5633,#5647,#5661,#5675,#5689,#5704,#5716,#5730,#5743,
#5757,#5771,#5784,#5798,#5813,#5834,#5847,#5861,#5874,#5887,#5900,#5912,#5926,
#5939,#5952,#5966,#5979,#5993,#6006,#6020,#6032,#6045,#6058,#6070,#6084,#6098,
#6112,#6125,#6139,#6151,#6165,#6177,#6189,#6201,#6213,#6225,#6238,#6252,#6265,
#6278,#6291,#6303,#6315,#6330,#6344,#6359,#6375,#6463,#6476,#6565,#6579,#6594,
#6606,#6619,#6631,#6645,#6658,#6746,#6759,#6848,#6861,#6876,#6898,#6912,#6926,
#6940,#6961,#7017,#7071,#7085,#7099,#7113,#7127,#7141,#7196,#7211,#7227,#7293,
#7306,#7323,#7336,#7397,#7413,#7427,#7441,#7455,#7468,#7482,#7502,#7518,#7535,
#7556,#7612,#7666,#7680,#7694,#7708,#7722,#7736,#7791,#7807,#7829,#7843,#7857,
#7870,#7884,#7945,#7961,#8027,#8039,#8053,#8067,#8081,#8094,#8108,#8121,#8133,
#8146,#8202,#8216,#8229,#8242,#8254,#8268,#8323,#8335,#8348,#8361,#8374,#8387,
#8399,#8412,#8425,#8437,#8450,#8461));
#8463=MANIFOLD_SOLID_BREP('',#8462);
#8464=(LENGTH_UNIT()NAMED_UNIT(*)SI_UNIT(.MILLI.,.METRE.));
#8466=(NAMED_UNIT(*)PLANE_ANGLE_UNIT()SI_UNIT($,.RADIAN.));
#8469=(NAMED_UNIT(*)SI_UNIT($,.STERADIAN.)SOLID_ANGLE_UNIT());
#8472=ADVANCED_BREP_SHAPE_REPRESENTATION('',(#8463),#8471);
#8479=PRODUCT_DEFINITION('design','',#8478,#8475);
#8480=PRODUCT_DEFINITION_SHAPE('','SHAPE FOR BACKPACKATTACHMENT.',#8479);
#8481=SHAPE_DEFINITION_REPRESENTATION(#8480,#8472);
ENDSEC;
END-ISO-10303-21;
